

===========================================================
Processing         : m45.dat
Random seed        : 42
Stars read         : 6956
Data dimensions    : 3
Masked outliers    : 99
 N_std             : 5.0
Coordinates scaled : [0, 1]
Outer loop runs    : 25
Apply PCA          : True
 PCA N_dims        : 2
Apply GUMM         : True
 GUMM percentile   : auto
Obtain KDE probs   : True
Inner loop runs    : 25
Stars per cluster  : 25
Maximum clusters   : 1000
Clustering method  : MiniBatchKMeans


--------------------------------------------------------
OL run 1
Standard scale: removed mean and scaled to unit variance
 Selected N=2 PCA features
 Variance ratio:  0.51, 0.27

 IL iteration 1
  Performing clustering on array of shape (6857, 2)
  Identified 274 clusters
   Cluster 0 survived (C_s=0.27), N=108
   Cluster 1 survived (C_s=0.04), N=50
   Cluster 5 survived (C_s=0.21), N=37
   Cluster 10 survived (C_s=0.05), N=37
   Cluster 13 survived (C_s=0.11), N=32
   Cluster 14 survived (C_s=0.23), N=43
   Cluster 21 survived (C_s=0.05), N=46
   Cluster 27 survived (C_s=0.20), N=43
   Cluster 35 survived (C_s=0.13), N=25
   Cluster 36 survived (C_s=0.27), N=88
   Cluster 46 survived (C_s=0.18), N=24
   Cluster 48 survived (C_s=0.15), N=18
   Cluster 52 survived (C_s=0.12), N=17
   Cluster 53 survived (C_s=0.10), N=34
   Cluster 67 survived (C_s=0.11), N=44
   Cluster 72 survived (C_s=0.07), N=30
   Cluster 73 survived (C_s=0.06), N=29
   Cluster 75 survived (C_s=0.29), N=124
   Cluster 77 survived (C_s=0.24), N=73
   Cluster 84 survived (C_s=0.20), N=46
   Cluster 86 survived (C_s=0.07), N=33
   Cluster 88 survived (C_s=0.09), N=20
   Cluster 100 survived (C_s=0.11), N=17
   Cluster 114 survived (C_s=0.08), N=26
   Cluster 123 survived (C_s=0.21), N=25
   Cluster 126 survived (C_s=0.06), N=41
   Cluster 127 survived (C_s=0.16), N=12
   Cluster 141 survived (C_s=0.10), N=18
   Cluster 145 survived (C_s=0.11), N=15
   Cluster 148 survived (C_s=0.06), N=31
   Cluster 157 survived (C_s=0.04), N=48
   Cluster 158 survived (C_s=0.05), N=46
   Cluster 165 survived (C_s=0.06), N=31
   Cluster 175 survived (C_s=0.23), N=58
   Cluster 192 survived (C_s=0.07), N=26
   Cluster 197 survived (C_s=0.28), N=130
   Cluster 205 survived (C_s=0.30), N=113
   Cluster 207 survived (C_s=0.05), N=36
   Cluster 211 survived (C_s=0.23), N=71
   Cluster 218 survived (C_s=0.05), N=40
   Cluster 220 survived (C_s=0.29), N=67
   Cluster 221 survived (C_s=0.13), N=23
   Cluster 227 survived (C_s=0.27), N=61
   Cluster 228 survived (C_s=0.04), N=44
   Cluster 235 survived (C_s=0.04), N=43
   Cluster 237 survived (C_s=0.05), N=43
   Cluster 238 survived (C_s=0.26), N=44
   Cluster 247 survived (C_s=0.05), N=47
   Cluster 249 survived (C_s=0.06), N=37
   Cluster 250 survived (C_s=0.17), N=10
   Cluster 254 survived (C_s=0.06), N=46
   Cluster 258 survived (C_s=0.07), N=24
   Cluster 268 survived (C_s=0.08), N=38
   Cluster 269 survived (C_s=0.15), N=49
 A total of 2361 stars survived in 54 clusters
 Performing GUMM analysis...
 Rejected 75 stars as non-members

 IL iteration 2
  Performing clustering on array of shape (2286, 2)
  Identified 91 clusters
   Cluster 0 survived (C_s=0.29), N=86
   Cluster 3 survived (C_s=0.22), N=8
   Cluster 7 survived (C_s=0.12), N=15
   Cluster 9 survived (C_s=0.20), N=39
   Cluster 13 survived (C_s=0.22), N=27
   Cluster 14 survived (C_s=0.10), N=33
   Cluster 15 survived (C_s=0.13), N=23
   Cluster 16 survived (C_s=0.07), N=31
   Cluster 17 survived (C_s=0.22), N=10
   Cluster 20 survived (C_s=0.07), N=28
   Cluster 21 survived (C_s=0.18), N=47
   Cluster 25 survived (C_s=0.26), N=90
   Cluster 26 survived (C_s=0.13), N=17
   Cluster 29 survived (C_s=0.30), N=63
   Cluster 31 survived (C_s=0.35), N=7
   Cluster 33 survived (C_s=0.29), N=56
   Cluster 39 survived (C_s=0.11), N=29
   Cluster 40 survived (C_s=0.10), N=21
   Cluster 41 survived (C_s=0.24), N=82
   Cluster 43 survived (C_s=0.19), N=37
   Cluster 44 survived (C_s=0.24), N=61
   Cluster 47 survived (C_s=0.25), N=37
   Cluster 49 survived (C_s=0.08), N=22
   Cluster 53 survived (C_s=0.30), N=49
   Cluster 59 survived (C_s=0.19), N=53
   Cluster 60 survived (C_s=0.09), N=21
   Cluster 61 survived (C_s=0.13), N=13
   Cluster 62 survived (C_s=0.28), N=100
   Cluster 63 survived (C_s=0.27), N=60
   Cluster 64 survived (C_s=0.06), N=31
   Cluster 65 survived (C_s=0.27), N=77
   Cluster 67 survived (C_s=0.10), N=20
   Cluster 69 survived (C_s=0.17), N=47
   Cluster 70 survived (C_s=0.25), N=56
   Cluster 72 survived (C_s=0.09), N=28
   Cluster 75 survived (C_s=0.10), N=20
   Cluster 76 survived (C_s=0.27), N=47
   Cluster 77 survived (C_s=0.16), N=15
   Cluster 79 survived (C_s=0.24), N=57
   Cluster 82 survived (C_s=0.29), N=71
   Cluster 84 survived (C_s=0.09), N=37
   Cluster 85 survived (C_s=0.08), N=21
 A total of 1692 stars survived in 42 clusters
 Performing GUMM analysis...
 Rejected 38 stars as non-members

 IL iteration 3
  Performing clustering on array of shape (1654, 2)
  Identified 66 clusters
   Cluster 1 survived (C_s=0.28), N=68
   Cluster 7 survived (C_s=0.21), N=16
   Cluster 8 survived (C_s=0.19), N=56
   Cluster 9 survived (C_s=0.18), N=37
   Cluster 13 survived (C_s=0.15), N=13
   Cluster 14 survived (C_s=0.30), N=89
   Cluster 16 survived (C_s=0.17), N=17
   Cluster 17 survived (C_s=0.28), N=64
   Cluster 18 survived (C_s=0.30), N=61
   Cluster 20 survived (C_s=0.25), N=8
   Cluster 22 survived (C_s=0.28), N=96
   Cluster 23 survived (C_s=0.11), N=19
   Cluster 24 survived (C_s=0.19), N=30
   Cluster 26 survived (C_s=0.27), N=40
   Cluster 27 survived (C_s=0.15), N=17
   Cluster 28 survived (C_s=0.20), N=13
   Cluster 29 survived (C_s=0.16), N=13
   Cluster 30 survived (C_s=0.34), N=5
   Cluster 31 survived (C_s=0.28), N=98
   Cluster 32 survived (C_s=0.20), N=47
   Cluster 34 survived (C_s=0.23), N=36
   Cluster 35 survived (C_s=0.14), N=16
   Cluster 36 survived (C_s=0.16), N=20
   Cluster 40 survived (C_s=0.25), N=47
   Cluster 41 survived (C_s=0.29), N=71
   Cluster 43 survived (C_s=0.29), N=79
   Cluster 45 survived (C_s=0.14), N=28
   Cluster 48 survived (C_s=0.23), N=10
   Cluster 49 survived (C_s=0.25), N=35
   Cluster 53 survived (C_s=0.24), N=13
   Cluster 54 survived (C_s=0.15), N=17
   Cluster 55 survived (C_s=0.24), N=54
   Cluster 58 survived (C_s=0.22), N=47
   Cluster 59 survived (C_s=0.26), N=35
   Cluster 60 survived (C_s=0.13), N=20
   Cluster 62 survived (C_s=0.28), N=63
 A total of 1398 stars survived in 36 clusters
 Performing GUMM analysis...
 Rejected 28 stars as non-members

 IL iteration 4
  Performing clustering on array of shape (1370, 2)
  Identified 54 clusters
   Cluster 0 survived (C_s=0.29), N=76
   Cluster 4 survived (C_s=0.20), N=13
   Cluster 5 survived (C_s=0.15), N=26
   Cluster 6 survived (C_s=0.20), N=9
   Cluster 7 survived (C_s=0.19), N=16
   Cluster 10 survived (C_s=0.28), N=35
   Cluster 11 survived (C_s=0.30), N=25
   Cluster 12 survived (C_s=0.29), N=40
   Cluster 13 survived (C_s=0.16), N=13
   Cluster 14 survived (C_s=0.22), N=11
   Cluster 15 survived (C_s=0.28), N=40
   Cluster 16 survived (C_s=0.22), N=24
   Cluster 17 survived (C_s=0.27), N=52
   Cluster 18 survived (C_s=0.27), N=62
   Cluster 20 survived (C_s=0.30), N=60
   Cluster 21 survived (C_s=0.30), N=66
   Cluster 22 survived (C_s=0.27), N=9
   Cluster 23 survived (C_s=0.23), N=20
   Cluster 25 survived (C_s=0.28), N=71
   Cluster 26 survived (C_s=0.24), N=7
   Cluster 27 survived (C_s=0.28), N=46
   Cluster 28 survived (C_s=0.26), N=16
   Cluster 29 survived (C_s=0.20), N=21
   Cluster 30 survived (C_s=0.25), N=29
   Cluster 31 survived (C_s=0.30), N=75
   Cluster 32 survived (C_s=0.21), N=14
   Cluster 34 survived (C_s=0.25), N=17
   Cluster 35 survived (C_s=0.17), N=26
   Cluster 36 survived (C_s=0.18), N=14
   Cluster 38 survived (C_s=0.29), N=31
   Cluster 39 survived (C_s=0.25), N=11
   Cluster 41 survived (C_s=0.22), N=35
   Cluster 42 survived (C_s=0.29), N=43
   Cluster 45 survived (C_s=0.29), N=66
   Cluster 46 survived (C_s=0.19), N=30
   Cluster 47 survived (C_s=0.28), N=42
   Cluster 49 survived (C_s=0.16), N=15
   Cluster 50 survived (C_s=0.17), N=33
   Cluster 51 survived (C_s=0.29), N=26
   Cluster 52 survived (C_s=0.14), N=15
   Cluster 53 survived (C_s=0.24), N=16
 A total of 1296 stars survived in 41 clusters
 Performing GUMM analysis...

 IL iteration 5
  Performing clustering on array of shape (1296, 2)
  Identified 51 clusters
   Cluster 0 survived (C_s=0.28), N=41
   Cluster 3 survived (C_s=0.23), N=11
   Cluster 4 survived (C_s=0.19), N=18
   Cluster 5 survived (C_s=0.20), N=9
   Cluster 6 survived (C_s=0.19), N=32
   Cluster 7 survived (C_s=0.28), N=58
   Cluster 8 survived (C_s=0.27), N=46
   Cluster 9 survived (C_s=0.27), N=37
   Cluster 10 survived (C_s=0.27), N=20
   Cluster 11 survived (C_s=0.33), N=14
   Cluster 12 survived (C_s=0.13), N=23
   Cluster 13 survived (C_s=0.23), N=20
   Cluster 14 survived (C_s=0.30), N=39
   Cluster 15 survived (C_s=0.28), N=10
   Cluster 16 survived (C_s=0.19), N=14
   Cluster 17 survived (C_s=0.22), N=34
   Cluster 18 survived (C_s=0.31), N=41
   Cluster 19 survived (C_s=0.21), N=21
   Cluster 20 survived (C_s=0.33), N=39
   Cluster 21 survived (C_s=0.30), N=41
   Cluster 23 survived (C_s=0.17), N=10
   Cluster 24 survived (C_s=0.28), N=32
   Cluster 25 survived (C_s=0.21), N=12
   Cluster 26 survived (C_s=0.29), N=8
   Cluster 27 survived (C_s=0.24), N=26
   Cluster 28 survived (C_s=0.27), N=34
   Cluster 29 survived (C_s=0.28), N=27
   Cluster 30 survived (C_s=0.30), N=45
   Cluster 31 survived (C_s=0.18), N=22
   Cluster 32 survived (C_s=0.20), N=13
   Cluster 33 survived (C_s=0.30), N=61
   Cluster 34 survived (C_s=0.28), N=38
   Cluster 35 survived (C_s=0.24), N=7
   Cluster 36 survived (C_s=0.26), N=19
   Cluster 37 survived (C_s=0.26), N=48
   Cluster 38 survived (C_s=0.18), N=15
   Cluster 39 survived (C_s=0.27), N=23
   Cluster 40 survived (C_s=0.28), N=31
   Cluster 41 survived (C_s=0.29), N=38
   Cluster 42 survived (C_s=0.25), N=12
   Cluster 43 survived (C_s=0.27), N=31
   Cluster 44 survived (C_s=0.24), N=12
   Cluster 45 survived (C_s=0.27), N=45
   Cluster 46 survived (C_s=0.30), N=30
   Cluster 47 survived (C_s=0.17), N=15
   Cluster 48 survived (C_s=0.29), N=31
   Cluster 49 survived (C_s=0.17), N=21
 A total of 1274 stars survived in 47 clusters
 Performing GUMM analysis...

 IL iteration 6
  Performing clustering on array of shape (1274, 2)
  Identified 50 clusters
   Cluster 0 survived (C_s=0.16), N=12
   Cluster 1 survived (C_s=0.28), N=56
   Cluster 2 survived (C_s=0.29), N=8
   Cluster 3 survived (C_s=0.17), N=33
   Cluster 5 survived (C_s=0.18), N=21
   Cluster 6 survived (C_s=0.31), N=30
   Cluster 7 survived (C_s=0.28), N=46
   Cluster 8 survived (C_s=0.15), N=19
   Cluster 9 survived (C_s=0.26), N=22
   Cluster 10 survived (C_s=0.28), N=13
   Cluster 11 survived (C_s=0.24), N=32
   Cluster 12 survived (C_s=0.31), N=49
   Cluster 13 survived (C_s=0.27), N=37
   Cluster 14 survived (C_s=0.23), N=32
   Cluster 15 survived (C_s=0.29), N=27
   Cluster 16 survived (C_s=0.17), N=10
   Cluster 17 survived (C_s=0.23), N=10
   Cluster 18 survived (C_s=0.26), N=30
   Cluster 19 survived (C_s=0.28), N=41
   Cluster 20 survived (C_s=0.23), N=15
   Cluster 21 survived (C_s=0.23), N=19
   Cluster 22 survived (C_s=0.29), N=43
   Cluster 23 survived (C_s=0.26), N=37
   Cluster 24 survived (C_s=0.28), N=10
   Cluster 25 survived (C_s=0.22), N=13
   Cluster 26 survived (C_s=0.21), N=10
   Cluster 27 survived (C_s=0.31), N=49
   Cluster 28 survived (C_s=0.29), N=34
   Cluster 29 survived (C_s=0.18), N=22
   Cluster 30 survived (C_s=0.32), N=10
   Cluster 31 survived (C_s=0.37), N=8
   Cluster 32 survived (C_s=0.18), N=22
   Cluster 33 survived (C_s=0.28), N=28
   Cluster 34 survived (C_s=0.25), N=30
   Cluster 35 survived (C_s=0.30), N=24
   Cluster 36 survived (C_s=0.29), N=34
   Cluster 37 survived (C_s=0.18), N=12
   Cluster 38 survived (C_s=0.19), N=11
   Cluster 39 survived (C_s=0.31), N=44
   Cluster 40 survived (C_s=0.28), N=43
   Cluster 42 survived (C_s=0.25), N=20
   Cluster 43 survived (C_s=0.29), N=31
   Cluster 44 survived (C_s=0.17), N=14
   Cluster 45 survived (C_s=0.24), N=7
   Cluster 46 survived (C_s=0.21), N=19
   Cluster 47 survived (C_s=0.29), N=46
   Cluster 48 survived (C_s=0.29), N=43
   Cluster 49 survived (C_s=0.30), N=39
 A total of 1265 stars survived in 48 clusters
 Performing GUMM analysis...

 IL iteration 7
  Performing clustering on array of shape (1265, 2)
  Identified 50 clusters
   Cluster 0 survived (C_s=0.27), N=21
   Cluster 1 survived (C_s=0.29), N=8
   Cluster 2 survived (C_s=0.28), N=31
   Cluster 3 survived (C_s=0.26), N=20
   Cluster 4 survived (C_s=0.17), N=20
   Cluster 5 survived (C_s=0.14), N=21
   Cluster 6 survived (C_s=0.33), N=47
   Cluster 7 survived (C_s=0.17), N=29
   Cluster 8 survived (C_s=0.31), N=39
   Cluster 9 survived (C_s=0.22), N=26
   Cluster 10 survived (C_s=0.28), N=47
   Cluster 11 survived (C_s=0.28), N=33
   Cluster 12 survived (C_s=0.22), N=10
   Cluster 13 survived (C_s=0.28), N=32
   Cluster 14 survived (C_s=0.26), N=20
   Cluster 15 survived (C_s=0.30), N=38
   Cluster 16 survived (C_s=0.28), N=10
   Cluster 17 survived (C_s=0.24), N=27
   Cluster 18 survived (C_s=0.23), N=18
   Cluster 19 survived (C_s=0.29), N=37
   Cluster 20 survived (C_s=0.22), N=35
   Cluster 21 survived (C_s=0.28), N=23
   Cluster 22 survived (C_s=0.28), N=52
   Cluster 23 survived (C_s=0.21), N=9
   Cluster 25 survived (C_s=0.28), N=56
   Cluster 26 survived (C_s=0.22), N=22
   Cluster 27 survived (C_s=0.17), N=10
   Cluster 28 survived (C_s=0.24), N=21
   Cluster 29 survived (C_s=0.30), N=39
   Cluster 30 survived (C_s=0.21), N=12
   Cluster 31 survived (C_s=0.28), N=22
   Cluster 32 survived (C_s=0.24), N=13
   Cluster 33 survived (C_s=0.33), N=13
   Cluster 34 survived (C_s=0.26), N=15
   Cluster 35 survived (C_s=0.22), N=13
   Cluster 36 survived (C_s=0.30), N=42
   Cluster 37 survived (C_s=0.30), N=33
   Cluster 38 survived (C_s=0.20), N=14
   Cluster 39 survived (C_s=0.29), N=41
   Cluster 40 survived (C_s=0.30), N=39
   Cluster 41 survived (C_s=0.25), N=41
   Cluster 42 survived (C_s=0.24), N=7
   Cluster 43 survived (C_s=0.18), N=21
   Cluster 44 survived (C_s=0.25), N=12
   Cluster 45 survived (C_s=0.18), N=21
   Cluster 47 survived (C_s=0.30), N=32
   Cluster 48 survived (C_s=0.27), N=32
   Cluster 49 survived (C_s=0.30), N=36
 A total of 1260 stars survived in 48 clusters
 Performing GUMM analysis...

 IL iteration 8
  Performing clustering on array of shape (1260, 2)
  Identified 50 clusters
   Cluster 0 survived (C_s=0.25), N=13
   Cluster 1 survived (C_s=0.26), N=37
   Cluster 2 survived (C_s=0.29), N=8
   Cluster 3 survived (C_s=0.21), N=10
   Cluster 4 survived (C_s=0.26), N=35
   Cluster 5 survived (C_s=0.23), N=25
   Cluster 6 survived (C_s=0.30), N=34
   Cluster 7 survived (C_s=0.24), N=10
   Cluster 8 survived (C_s=0.21), N=10
   Cluster 9 survived (C_s=0.30), N=36
   Cluster 10 survived (C_s=0.27), N=26
   Cluster 11 survived (C_s=0.30), N=33
   Cluster 12 survived (C_s=0.28), N=31
   Cluster 13 survived (C_s=0.24), N=22
   Cluster 14 survived (C_s=0.18), N=24
   Cluster 15 survived (C_s=0.29), N=36
   Cluster 16 survived (C_s=0.28), N=28
   Cluster 17 survived (C_s=0.18), N=14
   Cluster 18 survived (C_s=0.26), N=42
   Cluster 19 survived (C_s=0.32), N=42
   Cluster 20 survived (C_s=0.33), N=13
   Cluster 21 survived (C_s=0.30), N=56
   Cluster 22 survived (C_s=0.14), N=14
   Cluster 23 survived (C_s=0.18), N=17
   Cluster 24 survived (C_s=0.25), N=35
   Cluster 25 survived (C_s=0.20), N=14
   Cluster 26 survived (C_s=0.11), N=18
   Cluster 27 survived (C_s=0.26), N=20
   Cluster 28 survived (C_s=0.30), N=36
   Cluster 29 survived (C_s=0.23), N=12
   Cluster 30 survived (C_s=0.23), N=11
   Cluster 31 survived (C_s=0.28), N=10
   Cluster 32 survived (C_s=0.29), N=46
   Cluster 33 survived (C_s=0.30), N=33
   Cluster 34 survived (C_s=0.28), N=61
   Cluster 35 survived (C_s=0.18), N=23
   Cluster 36 survived (C_s=0.32), N=46
   Cluster 37 survived (C_s=0.28), N=29
   Cluster 38 survived (C_s=0.29), N=38
   Cluster 39 survived (C_s=0.28), N=14
   Cluster 40 survived (C_s=0.16), N=22
   Cluster 41 survived (C_s=0.22), N=12
   Cluster 42 survived (C_s=0.21), N=13
   Cluster 43 survived (C_s=0.29), N=15
   Cluster 44 survived (C_s=0.29), N=34
   Cluster 45 survived (C_s=0.27), N=12
   Cluster 46 survived (C_s=0.23), N=21
   Cluster 47 survived (C_s=0.25), N=26
   Cluster 49 survived (C_s=0.31), N=35
 A total of 1252 stars survived in 49 clusters
 Performing GUMM analysis...

 IL iteration 9
  Performing clustering on array of shape (1252, 2)
  Identified 50 clusters
   Cluster 0 survived (C_s=0.20), N=20
   Cluster 1 survived (C_s=0.29), N=8
   Cluster 2 survived (C_s=0.30), N=48
   Cluster 3 survived (C_s=0.27), N=12
   Cluster 4 survived (C_s=0.23), N=23
   Cluster 5 survived (C_s=0.32), N=39
   Cluster 6 survived (C_s=0.23), N=22
   Cluster 7 survived (C_s=0.30), N=46
   Cluster 8 survived (C_s=0.25), N=41
   Cluster 9 survived (C_s=0.15), N=18
   Cluster 10 survived (C_s=0.20), N=23
   Cluster 11 survived (C_s=0.26), N=8
   Cluster 12 survived (C_s=0.31), N=24
   Cluster 13 survived (C_s=0.30), N=34
   Cluster 14 survived (C_s=0.32), N=47
   Cluster 16 survived (C_s=0.28), N=22
   Cluster 17 survived (C_s=0.32), N=31
   Cluster 18 survived (C_s=0.27), N=41
   Cluster 19 survived (C_s=0.17), N=13
   Cluster 20 survived (C_s=0.16), N=16
   Cluster 21 survived (C_s=0.18), N=32
   Cluster 22 survived (C_s=0.18), N=20
   Cluster 23 survived (C_s=0.31), N=45
   Cluster 24 survived (C_s=0.30), N=24
   Cluster 25 survived (C_s=0.21), N=10
   Cluster 26 survived (C_s=0.29), N=15
   Cluster 27 survived (C_s=0.28), N=25
   Cluster 29 survived (C_s=0.29), N=36
   Cluster 30 survived (C_s=0.28), N=24
   Cluster 31 survived (C_s=0.27), N=9
   Cluster 32 survived (C_s=0.28), N=16
   Cluster 33 survived (C_s=0.24), N=7
   Cluster 34 survived (C_s=0.17), N=19
   Cluster 35 survived (C_s=0.25), N=46
   Cluster 36 survived (C_s=0.23), N=8
   Cluster 38 survived (C_s=0.29), N=29
   Cluster 39 survived (C_s=0.30), N=38
   Cluster 40 survived (C_s=0.24), N=16
   Cluster 41 survived (C_s=0.29), N=43
   Cluster 42 survived (C_s=0.27), N=29
   Cluster 43 survived (C_s=0.29), N=35
   Cluster 44 survived (C_s=0.25), N=31
   Cluster 45 survived (C_s=0.29), N=38
   Cluster 46 survived (C_s=0.18), N=11
   Cluster 47 survived (C_s=0.29), N=38
   Cluster 48 survived (C_s=0.25), N=34
   Cluster 49 survived (C_s=0.19), N=17
 A total of 1231 stars survived in 47 clusters
 Performing GUMM analysis...

 IL iteration 10
  Performing clustering on array of shape (1231, 2)
  Identified 49 clusters
   Cluster 0 survived (C_s=0.29), N=43
   Cluster 1 survived (C_s=0.29), N=8
   Cluster 3 survived (C_s=0.16), N=14
   Cluster 4 survived (C_s=0.28), N=63
   Cluster 5 survived (C_s=0.25), N=30
   Cluster 6 survived (C_s=0.18), N=10
   Cluster 7 survived (C_s=0.27), N=12
   Cluster 8 survived (C_s=0.20), N=20
   Cluster 9 survived (C_s=0.30), N=36
   Cluster 10 survived (C_s=0.27), N=29
   Cluster 11 survived (C_s=0.26), N=25
   Cluster 12 survived (C_s=0.24), N=40
   Cluster 13 survived (C_s=0.31), N=43
   Cluster 14 survived (C_s=0.13), N=14
   Cluster 15 survived (C_s=0.22), N=23
   Cluster 16 survived (C_s=0.25), N=28
   Cluster 17 survived (C_s=0.27), N=38
   Cluster 18 survived (C_s=0.30), N=40
   Cluster 19 survived (C_s=0.30), N=45
   Cluster 20 survived (C_s=0.23), N=11
   Cluster 21 survived (C_s=0.26), N=8
   Cluster 22 survived (C_s=0.27), N=19
   Cluster 23 survived (C_s=0.29), N=40
   Cluster 24 survived (C_s=0.29), N=34
   Cluster 25 survived (C_s=0.25), N=16
   Cluster 26 survived (C_s=0.26), N=19
   Cluster 27 survived (C_s=0.21), N=12
   Cluster 28 survived (C_s=0.19), N=19
   Cluster 30 survived (C_s=0.30), N=49
   Cluster 31 survived (C_s=0.33), N=50
   Cluster 32 survived (C_s=0.26), N=26
   Cluster 33 survived (C_s=0.27), N=9
   Cluster 34 survived (C_s=0.29), N=49
   Cluster 35 survived (C_s=0.29), N=40
   Cluster 36 survived (C_s=0.21), N=10
   Cluster 37 survived (C_s=0.31), N=26
   Cluster 38 survived (C_s=0.20), N=20
   Cluster 39 survived (C_s=0.18), N=23
   Cluster 40 survived (C_s=0.23), N=20
   Cluster 41 survived (C_s=0.28), N=27
   Cluster 42 survived (C_s=0.30), N=23
   Cluster 43 survived (C_s=0.21), N=8
   Cluster 44 survived (C_s=0.19), N=17
   Cluster 45 survived (C_s=0.25), N=19
   Cluster 46 survived (C_s=0.33), N=6
   Cluster 47 survived (C_s=0.29), N=24
   Cluster 48 survived (C_s=0.31), N=26
 A total of 1211 stars survived in 47 clusters
 Performing GUMM analysis...

 IL iteration 11
  Performing clustering on array of shape (1211, 2)
  Identified 48 clusters
   Cluster 0 survived (C_s=0.17), N=19
   Cluster 1 survived (C_s=0.31), N=27
   Cluster 2 survived (C_s=0.29), N=8
   Cluster 3 survived (C_s=0.25), N=38
   Cluster 4 survived (C_s=0.27), N=9
   Cluster 5 survived (C_s=0.31), N=41
   Cluster 6 survived (C_s=0.23), N=22
   Cluster 7 survived (C_s=0.30), N=40
   Cluster 8 survived (C_s=0.26), N=36
   Cluster 9 survived (C_s=0.28), N=24
   Cluster 10 survived (C_s=0.26), N=16
   Cluster 11 survived (C_s=0.25), N=33
   Cluster 12 survived (C_s=0.26), N=8
   Cluster 13 survived (C_s=0.30), N=55
   Cluster 15 survived (C_s=0.30), N=33
   Cluster 16 survived (C_s=0.24), N=17
   Cluster 17 survived (C_s=0.18), N=18
   Cluster 18 survived (C_s=0.21), N=8
   Cluster 19 survived (C_s=0.25), N=37
   Cluster 20 survived (C_s=0.28), N=13
   Cluster 21 survived (C_s=0.24), N=31
   Cluster 22 survived (C_s=0.29), N=54
   Cluster 23 survived (C_s=0.31), N=22
   Cluster 24 survived (C_s=0.32), N=52
   Cluster 25 survived (C_s=0.23), N=11
   Cluster 26 survived (C_s=0.31), N=44
   Cluster 27 survived (C_s=0.28), N=28
   Cluster 28 survived (C_s=0.33), N=13
   Cluster 29 survived (C_s=0.25), N=28
   Cluster 30 survived (C_s=0.21), N=12
   Cluster 31 survived (C_s=0.28), N=42
   Cluster 32 survived (C_s=0.30), N=35
   Cluster 33 survived (C_s=0.18), N=12
   Cluster 34 survived (C_s=0.30), N=35
   Cluster 35 survived (C_s=0.17), N=19
   Cluster 36 survived (C_s=0.21), N=22
   Cluster 37 survived (C_s=0.27), N=12
   Cluster 38 survived (C_s=0.26), N=33
   Cluster 39 survived (C_s=0.21), N=10
   Cluster 40 survived (C_s=0.29), N=20
   Cluster 41 survived (C_s=0.23), N=18
   Cluster 42 survived (C_s=0.18), N=16
   Cluster 43 survived (C_s=0.26), N=15
   Cluster 44 survived (C_s=0.30), N=19
   Cluster 45 survived (C_s=0.29), N=40
   Cluster 46 survived (C_s=0.21), N=10
   Cluster 47 survived (C_s=0.29), N=43
 A total of 1198 stars survived in 47 clusters
 Performing GUMM analysis...

 IL iteration 12
  Performing clustering on array of shape (1198, 2)
  Identified 47 clusters
   Cluster 0 survived (C_s=0.27), N=48
   Cluster 1 survived (C_s=0.29), N=8
   Cluster 2 survived (C_s=0.27), N=22
   Cluster 3 survived (C_s=0.18), N=23
   Cluster 4 survived (C_s=0.26), N=45
   Cluster 5 survived (C_s=0.30), N=35
   Cluster 6 survived (C_s=0.27), N=9
   Cluster 8 survived (C_s=0.30), N=37
   Cluster 9 survived (C_s=0.24), N=7
   Cluster 10 survived (C_s=0.24), N=28
   Cluster 11 survived (C_s=0.20), N=17
   Cluster 12 survived (C_s=0.28), N=34
   Cluster 13 survived (C_s=0.32), N=29
   Cluster 14 survived (C_s=0.26), N=33
   Cluster 15 survived (C_s=0.30), N=40
   Cluster 16 survived (C_s=0.22), N=34
   Cluster 17 survived (C_s=0.22), N=10
   Cluster 18 survived (C_s=0.28), N=38
   Cluster 19 survived (C_s=0.27), N=28
   Cluster 20 survived (C_s=0.28), N=33
   Cluster 21 survived (C_s=0.24), N=12
   Cluster 22 survived (C_s=0.27), N=12
   Cluster 23 survived (C_s=0.23), N=8
   Cluster 24 survived (C_s=0.30), N=29
   Cluster 25 survived (C_s=0.19), N=13
   Cluster 26 survived (C_s=0.30), N=50
   Cluster 27 survived (C_s=0.33), N=55
   Cluster 28 survived (C_s=0.21), N=34
   Cluster 29 survived (C_s=0.33), N=14
   Cluster 30 survived (C_s=0.28), N=38
   Cluster 31 survived (C_s=0.26), N=8
   Cluster 32 survived (C_s=0.30), N=35
   Cluster 33 survived (C_s=0.25), N=25
   Cluster 34 survived (C_s=0.22), N=13
   Cluster 35 survived (C_s=0.26), N=17
   Cluster 36 survived (C_s=0.23), N=22
   Cluster 37 survived (C_s=0.31), N=33
   Cluster 38 survived (C_s=0.28), N=26
   Cluster 39 survived (C_s=0.30), N=28
   Cluster 40 survived (C_s=0.17), N=20
   Cluster 41 survived (C_s=0.22), N=20
   Cluster 42 survived (C_s=0.28), N=45
   Cluster 43 survived (C_s=0.26), N=21
   Cluster 44 survived (C_s=0.28), N=22
   Cluster 45 survived (C_s=0.21), N=8
   Cluster 46 survived (C_s=0.28), N=24
 A total of 1190 stars survived in 46 clusters
 Performing GUMM analysis...
 Rejected 102 stars as non-members

 IL iteration 13
  Performing clustering on array of shape (1088, 2)
  Identified 43 clusters
   Cluster 0 survived (C_s=0.33), N=40
   Cluster 1 survived (C_s=0.34), N=6
   Cluster 2 survived (C_s=0.31), N=31
   Cluster 3 survived (C_s=0.23), N=17
   Cluster 4 survived (C_s=0.26), N=25
   Cluster 5 survived (C_s=0.30), N=34
   Cluster 6 survived (C_s=0.35), N=23
   Cluster 7 survived (C_s=0.26), N=8
   Cluster 8 survived (C_s=0.31), N=27
   Cluster 9 survived (C_s=0.29), N=36
   Cluster 10 survived (C_s=0.33), N=31
   Cluster 11 survived (C_s=0.33), N=7
   Cluster 12 survived (C_s=0.29), N=16
   Cluster 13 survived (C_s=0.25), N=8
   Cluster 14 survived (C_s=0.30), N=60
   Cluster 15 survived (C_s=0.36), N=10
   Cluster 16 survived (C_s=0.30), N=13
   Cluster 17 survived (C_s=0.33), N=22
   Cluster 18 survived (C_s=0.30), N=62
   Cluster 19 survived (C_s=0.28), N=19
   Cluster 20 survived (C_s=0.32), N=34
   Cluster 21 survived (C_s=0.29), N=15
   Cluster 22 survived (C_s=0.28), N=8
   Cluster 23 survived (C_s=0.31), N=38
   Cluster 24 survived (C_s=0.25), N=14
   Cluster 25 survived (C_s=0.27), N=31
   Cluster 26 survived (C_s=0.27), N=23
   Cluster 27 survived (C_s=0.31), N=24
   Cluster 28 survived (C_s=0.32), N=26
   Cluster 29 survived (C_s=0.27), N=27
   Cluster 30 survived (C_s=0.34), N=46
   Cluster 31 survived (C_s=0.33), N=41
   Cluster 32 survived (C_s=0.32), N=22
   Cluster 33 survived (C_s=0.28), N=36
   Cluster 34 survived (C_s=0.28), N=35
   Cluster 35 survived (C_s=0.37), N=21
   Cluster 36 survived (C_s=0.28), N=14
   Cluster 37 survived (C_s=0.31), N=10
   Cluster 38 survived (C_s=0.22), N=12
   Cluster 39 survived (C_s=0.29), N=14
   Cluster 40 survived (C_s=0.32), N=35
   Cluster 41 survived (C_s=0.29), N=37
   Cluster 42 survived (C_s=0.33), N=30
 All clusters survived, N=1088
Performing final GUMM analysis...
Performing KDE analysis...

P>(.5, .75, .9, .95, .99): 1328, 1318, 1293, 1276, 1224

--------------------------------------------------------
OL run 2
Standard scale: removed mean and scaled to unit variance
 Selected N=2 PCA features
 Variance ratio:  0.51, 0.27

 IL iteration 1
  Performing clustering on array of shape (6857, 2)
  Identified 274 clusters
   Cluster 5 survived (C_s=0.22), N=86
   Cluster 14 survived (C_s=0.28), N=6
   Cluster 15 survived (C_s=0.04), N=58
   Cluster 31 survived (C_s=0.06), N=47
   Cluster 38 survived (C_s=0.24), N=127
   Cluster 41 survived (C_s=0.06), N=50
   Cluster 45 survived (C_s=0.14), N=15
   Cluster 48 survived (C_s=0.12), N=25
   Cluster 53 survived (C_s=0.20), N=70
   Cluster 70 survived (C_s=0.06), N=37
   Cluster 73 survived (C_s=0.11), N=15
   Cluster 74 survived (C_s=0.08), N=42
   Cluster 80 survived (C_s=0.12), N=20
   Cluster 90 survived (C_s=0.04), N=54
   Cluster 92 survived (C_s=0.08), N=23
   Cluster 94 survived (C_s=0.22), N=8
   Cluster 96 survived (C_s=0.05), N=43
   Cluster 104 survived (C_s=0.05), N=44
   Cluster 112 survived (C_s=0.04), N=41
   Cluster 113 survived (C_s=0.28), N=165
   Cluster 118 survived (C_s=0.13), N=15
   Cluster 127 survived (C_s=0.06), N=30
   Cluster 130 survived (C_s=0.06), N=35
   Cluster 136 survived (C_s=0.10), N=21
   Cluster 140 survived (C_s=0.07), N=41
   Cluster 150 survived (C_s=0.10), N=41
   Cluster 157 survived (C_s=0.28), N=158
   Cluster 163 survived (C_s=0.05), N=40
   Cluster 171 survived (C_s=0.06), N=37
   Cluster 175 survived (C_s=0.09), N=47
   Cluster 178 survived (C_s=0.05), N=33
   Cluster 179 survived (C_s=0.04), N=45
   Cluster 185 survived (C_s=0.15), N=27
   Cluster 186 survived (C_s=0.05), N=39
   Cluster 194 survived (C_s=0.26), N=155
   Cluster 207 survived (C_s=0.14), N=80
   Cluster 214 survived (C_s=0.04), N=62
   Cluster 225 survived (C_s=0.09), N=19
   Cluster 235 survived (C_s=0.27), N=169
   Cluster 236 survived (C_s=0.12), N=39
   Cluster 246 survived (C_s=0.04), N=42
   Cluster 248 survived (C_s=0.16), N=31
   Cluster 259 survived (C_s=0.07), N=24
   Cluster 260 survived (C_s=0.09), N=22
   Cluster 267 survived (C_s=0.27), N=172
 A total of 2400 stars survived in 45 clusters
 Performing GUMM analysis...

 IL iteration 2
  Performing clustering on array of shape (2400, 2)
  Identified 96 clusters
   Cluster 0 survived (C_s=0.25), N=77
   Cluster 2 survived (C_s=0.28), N=45
   Cluster 7 survived (C_s=0.28), N=70
   Cluster 10 survived (C_s=0.22), N=8
   Cluster 11 survived (C_s=0.30), N=106
   Cluster 13 survived (C_s=0.12), N=17
   Cluster 19 survived (C_s=0.13), N=51
   Cluster 21 survived (C_s=0.29), N=82
   Cluster 22 survived (C_s=0.10), N=53
   Cluster 23 survived (C_s=0.09), N=22
   Cluster 24 survived (C_s=0.08), N=23
   Cluster 30 survived (C_s=0.08), N=28
   Cluster 31 survived (C_s=0.10), N=21
   Cluster 32 survived (C_s=0.16), N=18
   Cluster 34 survived (C_s=0.27), N=53
   Cluster 37 survived (C_s=0.07), N=32
   Cluster 38 survived (C_s=0.13), N=61
   Cluster 40 survived (C_s=0.20), N=28
   Cluster 41 survived (C_s=0.28), N=6
   Cluster 43 survived (C_s=0.26), N=76
   Cluster 46 survived (C_s=0.27), N=49
   Cluster 47 survived (C_s=0.27), N=43
   Cluster 49 survived (C_s=0.18), N=11
   Cluster 51 survived (C_s=0.16), N=66
   Cluster 52 survived (C_s=0.29), N=67
   Cluster 57 survived (C_s=0.09), N=21
   Cluster 61 survived (C_s=0.22), N=10
   Cluster 68 survived (C_s=0.14), N=15
   Cluster 69 survived (C_s=0.21), N=61
   Cluster 71 survived (C_s=0.30), N=93
   Cluster 72 survived (C_s=0.24), N=52
   Cluster 73 survived (C_s=0.15), N=15
   Cluster 82 survived (C_s=0.06), N=27
   Cluster 84 survived (C_s=0.23), N=10
   Cluster 87 survived (C_s=0.19), N=43
   Cluster 88 survived (C_s=0.29), N=84
   Cluster 90 survived (C_s=0.19), N=15
   Cluster 92 survived (C_s=0.21), N=48
   Cluster 94 survived (C_s=0.12), N=15
 A total of 1622 stars survived in 39 clusters
 Performing GUMM analysis...

 IL iteration 3
  Performing clustering on array of shape (1622, 2)
  Identified 64 clusters
   Cluster 0 survived (C_s=0.29), N=84
   Cluster 4 survived (C_s=0.23), N=10
   Cluster 9 survived (C_s=0.13), N=21
   Cluster 10 survived (C_s=0.17), N=48
   Cluster 11 survived (C_s=0.32), N=8
   Cluster 13 survived (C_s=0.23), N=17
   Cluster 16 survived (C_s=0.28), N=6
   Cluster 18 survived (C_s=0.27), N=83
   Cluster 20 survived (C_s=0.25), N=24
   Cluster 21 survived (C_s=0.09), N=20
   Cluster 22 survived (C_s=0.33), N=47
   Cluster 23 survived (C_s=0.27), N=57
   Cluster 24 survived (C_s=0.28), N=103
   Cluster 27 survived (C_s=0.30), N=53
   Cluster 28 survived (C_s=0.18), N=17
   Cluster 29 survived (C_s=0.12), N=15
   Cluster 30 survived (C_s=0.24), N=40
   Cluster 31 survived (C_s=0.16), N=15
   Cluster 32 survived (C_s=0.29), N=67
   Cluster 34 survived (C_s=0.19), N=29
   Cluster 36 survived (C_s=0.29), N=60
   Cluster 38 survived (C_s=0.21), N=22
   Cluster 39 survived (C_s=0.21), N=46
   Cluster 40 survived (C_s=0.10), N=26
   Cluster 41 survived (C_s=0.12), N=15
   Cluster 42 survived (C_s=0.25), N=62
   Cluster 48 survived (C_s=0.26), N=27
   Cluster 49 survived (C_s=0.12), N=32
   Cluster 50 survived (C_s=0.23), N=60
   Cluster 51 survived (C_s=0.19), N=24
   Cluster 54 survived (C_s=0.28), N=61
   Cluster 55 survived (C_s=0.27), N=57
   Cluster 57 survived (C_s=0.13), N=22
   Cluster 58 survived (C_s=0.17), N=18
   Cluster 61 survived (C_s=0.29), N=58
   Cluster 62 survived (C_s=0.22), N=24
 A total of 1378 stars survived in 36 clusters
 Performing GUMM analysis...
 Rejected 59 stars as non-members

 IL iteration 4
  Performing clustering on array of shape (1319, 2)
  Identified 52 clusters
   Cluster 0 survived (C_s=0.29), N=66
   Cluster 3 survived (C_s=0.26), N=18
   Cluster 4 survived (C_s=0.20), N=13
   Cluster 7 survived (C_s=0.33), N=56
   Cluster 8 survived (C_s=0.28), N=40
   Cluster 9 survived (C_s=0.20), N=15
   Cluster 10 survived (C_s=0.36), N=15
   Cluster 11 survived (C_s=0.23), N=20
   Cluster 12 survived (C_s=0.21), N=21
   Cluster 13 survived (C_s=0.28), N=45
   Cluster 15 survived (C_s=0.27), N=72
   Cluster 17 survived (C_s=0.31), N=44
   Cluster 18 survived (C_s=0.29), N=38
   Cluster 20 survived (C_s=0.17), N=19
   Cluster 21 survived (C_s=0.28), N=74
   Cluster 22 survived (C_s=0.16), N=13
   Cluster 23 survived (C_s=0.24), N=18
   Cluster 24 survived (C_s=0.30), N=71
   Cluster 25 survived (C_s=0.25), N=16
   Cluster 26 survived (C_s=0.29), N=51
   Cluster 27 survived (C_s=0.10), N=24
   Cluster 28 survived (C_s=0.21), N=36
   Cluster 29 survived (C_s=0.17), N=11
   Cluster 31 survived (C_s=0.22), N=24
   Cluster 32 survived (C_s=0.17), N=13
   Cluster 33 survived (C_s=0.12), N=18
   Cluster 34 survived (C_s=0.25), N=16
   Cluster 35 survived (C_s=0.21), N=15
   Cluster 36 survived (C_s=0.32), N=55
   Cluster 37 survived (C_s=0.29), N=34
   Cluster 38 survived (C_s=0.17), N=19
   Cluster 39 survived (C_s=0.26), N=53
   Cluster 40 survived (C_s=0.16), N=25
   Cluster 41 survived (C_s=0.26), N=39
   Cluster 43 survived (C_s=0.29), N=39
   Cluster 44 survived (C_s=0.32), N=38
   Cluster 45 survived (C_s=0.19), N=15
   Cluster 46 survived (C_s=0.20), N=12
   Cluster 48 survived (C_s=0.23), N=26
   Cluster 50 survived (C_s=0.21), N=12
   Cluster 51 survived (C_s=0.21), N=22
 A total of 1271 stars survived in 41 clusters
 Performing GUMM analysis...

 IL iteration 5
  Performing clustering on array of shape (1271, 2)
  Identified 50 clusters
   Cluster 0 survived (C_s=0.31), N=27
   Cluster 1 survived (C_s=0.21), N=10
   Cluster 2 survived (C_s=0.33), N=53
   Cluster 3 survived (C_s=0.19), N=24
   Cluster 5 survived (C_s=0.21), N=12
   Cluster 6 survived (C_s=0.27), N=55
   Cluster 7 survived (C_s=0.31), N=40
   Cluster 8 survived (C_s=0.29), N=10
   Cluster 9 survived (C_s=0.20), N=23
   Cluster 10 survived (C_s=0.30), N=58
   Cluster 11 survived (C_s=0.15), N=13
   Cluster 12 survived (C_s=0.26), N=36
   Cluster 13 survived (C_s=0.31), N=33
   Cluster 14 survived (C_s=0.28), N=10
   Cluster 15 survived (C_s=0.13), N=15
   Cluster 16 survived (C_s=0.30), N=49
   Cluster 17 survived (C_s=0.23), N=16
   Cluster 18 survived (C_s=0.27), N=38
   Cluster 19 survived (C_s=0.11), N=17
   Cluster 20 survived (C_s=0.25), N=23
   Cluster 21 survived (C_s=0.15), N=19
   Cluster 22 survived (C_s=0.32), N=42
   Cluster 23 survived (C_s=0.26), N=34
   Cluster 24 survived (C_s=0.27), N=42
   Cluster 26 survived (C_s=0.29), N=26
   Cluster 27 survived (C_s=0.28), N=44
   Cluster 28 survived (C_s=0.32), N=9
   Cluster 29 survived (C_s=0.29), N=36
   Cluster 30 survived (C_s=0.20), N=14
   Cluster 31 survived (C_s=0.17), N=22
   Cluster 32 survived (C_s=0.26), N=15
   Cluster 33 survived (C_s=0.21), N=30
   Cluster 35 survived (C_s=0.31), N=35
   Cluster 36 survived (C_s=0.23), N=23
   Cluster 38 survived (C_s=0.27), N=11
   Cluster 39 survived (C_s=0.20), N=27
   Cluster 40 survived (C_s=0.25), N=9
   Cluster 41 survived (C_s=0.31), N=49
   Cluster 42 survived (C_s=0.23), N=21
   Cluster 43 survived (C_s=0.26), N=17
   Cluster 45 survived (C_s=0.25), N=7
   Cluster 46 survived (C_s=0.27), N=37
   Cluster 47 survived (C_s=0.32), N=28
   Cluster 48 survived (C_s=0.27), N=65
   Cluster 49 survived (C_s=0.18), N=19
 A total of 1243 stars survived in 45 clusters
 Performing GUMM analysis...

 IL iteration 6
  Performing clustering on array of shape (1243, 2)
  Identified 49 clusters
   Cluster 0 survived (C_s=0.32), N=38
   Cluster 1 survived (C_s=0.30), N=26
   Cluster 3 survived (C_s=0.15), N=21
   Cluster 4 survived (C_s=0.32), N=30
   Cluster 5 survived (C_s=0.22), N=40
   Cluster 6 survived (C_s=0.22), N=23
   Cluster 7 survived (C_s=0.30), N=40
   Cluster 8 survived (C_s=0.30), N=31
   Cluster 9 survived (C_s=0.26), N=37
   Cluster 10 survived (C_s=0.23), N=18
   Cluster 11 survived (C_s=0.30), N=46
   Cluster 12 survived (C_s=0.26), N=40
   Cluster 13 survived (C_s=0.18), N=23
   Cluster 14 survived (C_s=0.27), N=51
   Cluster 15 survived (C_s=0.23), N=22
   Cluster 16 survived (C_s=0.15), N=11
   Cluster 17 survived (C_s=0.14), N=22
   Cluster 18 survived (C_s=0.27), N=9
   Cluster 19 survived (C_s=0.24), N=17
   Cluster 20 survived (C_s=0.30), N=36
   Cluster 21 survived (C_s=0.18), N=24
   Cluster 22 survived (C_s=0.33), N=12
   Cluster 23 survived (C_s=0.30), N=20
   Cluster 25 survived (C_s=0.31), N=35
   Cluster 27 survived (C_s=0.27), N=31
   Cluster 29 survived (C_s=0.27), N=10
   Cluster 30 survived (C_s=0.27), N=53
   Cluster 31 survived (C_s=0.18), N=22
   Cluster 32 survived (C_s=0.28), N=37
   Cluster 33 survived (C_s=0.30), N=40
   Cluster 34 survived (C_s=0.32), N=58
   Cluster 35 survived (C_s=0.24), N=29
   Cluster 37 survived (C_s=0.29), N=8
   Cluster 38 survived (C_s=0.27), N=13
   Cluster 40 survived (C_s=0.30), N=22
   Cluster 41 survived (C_s=0.21), N=10
   Cluster 42 survived (C_s=0.25), N=25
   Cluster 43 survived (C_s=0.24), N=20
   Cluster 44 survived (C_s=0.33), N=34
   Cluster 45 survived (C_s=0.27), N=8
   Cluster 46 survived (C_s=0.27), N=34
   Cluster 47 survived (C_s=0.31), N=33
   Cluster 48 survived (C_s=0.31), N=34
 A total of 1193 stars survived in 43 clusters
 Performing GUMM analysis...

 IL iteration 7
  Performing clustering on array of shape (1193, 2)
  Identified 47 clusters
   Cluster 0 survived (C_s=0.24), N=28
   Cluster 1 survived (C_s=0.33), N=48
   Cluster 2 survived (C_s=0.19), N=13
   Cluster 3 survived (C_s=0.25), N=9
   Cluster 4 survived (C_s=0.31), N=30
   Cluster 5 survived (C_s=0.28), N=21
   Cluster 6 survived (C_s=0.19), N=20
   Cluster 7 survived (C_s=0.32), N=31
   Cluster 8 survived (C_s=0.22), N=16
   Cluster 9 survived (C_s=0.25), N=14
   Cluster 10 survived (C_s=0.28), N=33
   Cluster 11 survived (C_s=0.22), N=28
   Cluster 12 survived (C_s=0.33), N=13
   Cluster 13 survived (C_s=0.29), N=26
   Cluster 14 survived (C_s=0.26), N=36
   Cluster 15 survived (C_s=0.31), N=32
   Cluster 16 survived (C_s=0.20), N=17
   Cluster 17 survived (C_s=0.28), N=9
   Cluster 18 survived (C_s=0.29), N=55
   Cluster 19 survived (C_s=0.20), N=10
   Cluster 20 survived (C_s=0.28), N=16
   Cluster 21 survived (C_s=0.28), N=34
   Cluster 22 survived (C_s=0.31), N=38
   Cluster 23 survived (C_s=0.29), N=47
   Cluster 24 survived (C_s=0.16), N=16
   Cluster 25 survived (C_s=0.27), N=9
   Cluster 26 survived (C_s=0.12), N=17
   Cluster 27 survived (C_s=0.32), N=37
   Cluster 28 survived (C_s=0.18), N=15
   Cluster 29 survived (C_s=0.26), N=14
   Cluster 30 survived (C_s=0.28), N=40
   Cluster 31 survived (C_s=0.33), N=23
   Cluster 32 survived (C_s=0.29), N=7
   Cluster 33 survived (C_s=0.24), N=11
   Cluster 34 survived (C_s=0.27), N=51
   Cluster 35 survived (C_s=0.31), N=15
   Cluster 36 survived (C_s=0.21), N=30
   Cluster 37 survived (C_s=0.31), N=21
   Cluster 38 survived (C_s=0.15), N=13
   Cluster 39 survived (C_s=0.31), N=30
   Cluster 40 survived (C_s=0.29), N=44
   Cluster 41 survived (C_s=0.17), N=22
   Cluster 42 survived (C_s=0.31), N=49
   Cluster 43 survived (C_s=0.23), N=22
   Cluster 44 survived (C_s=0.32), N=9
   Cluster 45 survived (C_s=0.23), N=25
   Cluster 46 survived (C_s=0.27), N=49
 All clusters survived, N=1193
Performing final GUMM analysis...
Performing KDE analysis...

P>(.5, .75, .9, .95, .99): 1320, 1296, 1278, 1265, 1216

--------------------------------------------------------
OL run 3
Standard scale: removed mean and scaled to unit variance
 Selected N=2 PCA features
 Variance ratio:  0.51, 0.27

 IL iteration 1
  Performing clustering on array of shape (6857, 2)
  Identified 274 clusters
   Cluster 5 survived (C_s=0.22), N=82
   Cluster 7 survived (C_s=0.08), N=31
   Cluster 12 survived (C_s=0.07), N=32
   Cluster 15 survived (C_s=0.07), N=33
   Cluster 17 survived (C_s=0.05), N=39
   Cluster 24 survived (C_s=0.07), N=37
   Cluster 32 survived (C_s=0.05), N=42
   Cluster 35 survived (C_s=0.04), N=58
   Cluster 37 survived (C_s=0.05), N=36
   Cluster 39 survived (C_s=0.14), N=55
   Cluster 40 survived (C_s=0.27), N=96
   Cluster 47 survived (C_s=0.04), N=51
   Cluster 50 survived (C_s=0.27), N=150
   Cluster 52 survived (C_s=0.15), N=18
   Cluster 55 survived (C_s=0.07), N=25
   Cluster 64 survived (C_s=0.06), N=31
   Cluster 65 survived (C_s=0.04), N=56
   Cluster 70 survived (C_s=0.11), N=22
   Cluster 83 survived (C_s=0.05), N=39
   Cluster 94 survived (C_s=0.04), N=46
   Cluster 95 survived (C_s=0.27), N=96
   Cluster 96 survived (C_s=0.07), N=33
   Cluster 103 survived (C_s=0.04), N=47
   Cluster 109 survived (C_s=0.06), N=28
   Cluster 110 survived (C_s=0.27), N=98
   Cluster 112 survived (C_s=0.08), N=25
   Cluster 135 survived (C_s=0.08), N=44
   Cluster 147 survived (C_s=0.12), N=67
   Cluster 152 survived (C_s=0.06), N=37
   Cluster 153 survived (C_s=0.03), N=57
   Cluster 160 survived (C_s=0.17), N=39
   Cluster 167 survived (C_s=0.08), N=24
   Cluster 172 survived (C_s=0.06), N=32
   Cluster 174 survived (C_s=0.23), N=74
   Cluster 179 survived (C_s=0.04), N=51
   Cluster 185 survived (C_s=0.07), N=27
   Cluster 187 survived (C_s=0.08), N=29
   Cluster 189 survived (C_s=0.07), N=33
   Cluster 191 survived (C_s=0.07), N=41
   Cluster 195 survived (C_s=0.29), N=110
   Cluster 196 survived (C_s=0.07), N=48
   Cluster 197 survived (C_s=0.14), N=13
   Cluster 204 survived (C_s=0.09), N=21
   Cluster 215 survived (C_s=0.22), N=39
   Cluster 221 survived (C_s=0.11), N=17
   Cluster 229 survived (C_s=0.06), N=48
   Cluster 235 survived (C_s=0.22), N=67
   Cluster 237 survived (C_s=0.08), N=25
   Cluster 240 survived (C_s=0.30), N=130
   Cluster 242 survived (C_s=0.28), N=122
   Cluster 244 survived (C_s=0.16), N=37
   Cluster 250 survived (C_s=0.05), N=44
   Cluster 251 survived (C_s=0.11), N=38
   Cluster 253 survived (C_s=0.07), N=28
   Cluster 261 survived (C_s=0.06), N=33
   Cluster 266 survived (C_s=0.04), N=41
 A total of 2722 stars survived in 56 clusters
 Performing GUMM analysis...

 IL iteration 2
  Performing clustering on array of shape (2722, 2)
  Identified 108 clusters
   Cluster 0 survived (C_s=0.25), N=112
   Cluster 2 survived (C_s=0.10), N=21
   Cluster 5 survived (C_s=0.36), N=6
   Cluster 8 survived (C_s=0.23), N=99
   Cluster 9 survived (C_s=0.10), N=24
   Cluster 10 survived (C_s=0.12), N=18
   Cluster 12 survived (C_s=0.10), N=17
   Cluster 20 survived (C_s=0.11), N=33
   Cluster 22 survived (C_s=0.13), N=56
   Cluster 26 survived (C_s=0.16), N=17
   Cluster 34 survived (C_s=0.24), N=74
   Cluster 35 survived (C_s=0.11), N=53
   Cluster 36 survived (C_s=0.27), N=132
   Cluster 39 survived (C_s=0.30), N=137
   Cluster 40 survived (C_s=0.17), N=77
   Cluster 47 survived (C_s=0.07), N=31
   Cluster 51 survived (C_s=0.29), N=92
   Cluster 52 survived (C_s=0.14), N=30
   Cluster 56 survived (C_s=0.14), N=39
   Cluster 61 survived (C_s=0.14), N=30
   Cluster 64 survived (C_s=0.29), N=123
   Cluster 71 survived (C_s=0.19), N=23
   Cluster 82 survived (C_s=0.14), N=13
   Cluster 85 survived (C_s=0.10), N=21
   Cluster 92 survived (C_s=0.27), N=98
   Cluster 94 survived (C_s=0.28), N=78
   Cluster 96 survived (C_s=0.21), N=86
 A total of 1540 stars survived in 27 clusters
 Performing GUMM analysis...
 Rejected 63 stars as non-members

 IL iteration 3
  Performing clustering on array of shape (1477, 2)
  Identified 59 clusters
   Cluster 0 survived (C_s=0.30), N=74
   Cluster 4 survived (C_s=0.18), N=17
   Cluster 5 survived (C_s=0.20), N=15
   Cluster 8 survived (C_s=0.17), N=11
   Cluster 9 survived (C_s=0.15), N=14
   Cluster 10 survived (C_s=0.28), N=93
   Cluster 12 survived (C_s=0.20), N=32
   Cluster 13 survived (C_s=0.17), N=18
   Cluster 14 survived (C_s=0.25), N=48
   Cluster 15 survived (C_s=0.29), N=49
   Cluster 16 survived (C_s=0.29), N=49
   Cluster 17 survived (C_s=0.14), N=17
   Cluster 18 survived (C_s=0.20), N=11
   Cluster 19 survived (C_s=0.20), N=15
   Cluster 20 survived (C_s=0.29), N=71
   Cluster 21 survived (C_s=0.29), N=41
   Cluster 22 survived (C_s=0.20), N=34
   Cluster 24 survived (C_s=0.18), N=10
   Cluster 25 survived (C_s=0.21), N=21
   Cluster 26 survived (C_s=0.29), N=77
   Cluster 27 survived (C_s=0.25), N=53
   Cluster 29 survived (C_s=0.29), N=95
   Cluster 30 survived (C_s=0.29), N=71
   Cluster 31 survived (C_s=0.15), N=21
   Cluster 33 survived (C_s=0.24), N=16
   Cluster 34 survived (C_s=0.24), N=13
   Cluster 35 survived (C_s=0.27), N=10
   Cluster 36 survived (C_s=0.16), N=15
   Cluster 37 survived (C_s=0.23), N=30
   Cluster 40 survived (C_s=0.15), N=19
   Cluster 41 survived (C_s=0.20), N=20
   Cluster 43 survived (C_s=0.27), N=47
   Cluster 44 survived (C_s=0.30), N=30
   Cluster 45 survived (C_s=0.19), N=23
   Cluster 46 survived (C_s=0.21), N=34
   Cluster 47 survived (C_s=0.15), N=18
   Cluster 48 survived (C_s=0.26), N=32
   Cluster 51 survived (C_s=0.29), N=44
   Cluster 57 survived (C_s=0.17), N=27
   Cluster 58 survived (C_s=0.20), N=23
 A total of 1358 stars survived in 40 clusters
 Performing GUMM analysis...

 IL iteration 4
  Performing clustering on array of shape (1358, 2)
  Identified 54 clusters
   Cluster 0 survived (C_s=0.21), N=37
   Cluster 1 survived (C_s=0.18), N=10
   Cluster 2 survived (C_s=0.21), N=19
   Cluster 3 survived (C_s=0.27), N=61
   Cluster 5 survived (C_s=0.24), N=12
   Cluster 6 survived (C_s=0.23), N=8
   Cluster 7 survived (C_s=0.29), N=61
   Cluster 8 survived (C_s=0.26), N=19
   Cluster 9 survived (C_s=0.28), N=60
   Cluster 10 survived (C_s=0.19), N=10
   Cluster 12 survived (C_s=0.18), N=23
   Cluster 13 survived (C_s=0.31), N=34
   Cluster 14 survived (C_s=0.22), N=28
   Cluster 15 survived (C_s=0.14), N=27
   Cluster 17 survived (C_s=0.29), N=34
   Cluster 18 survived (C_s=0.26), N=56
   Cluster 19 survived (C_s=0.16), N=20
   Cluster 20 survived (C_s=0.19), N=19
   Cluster 21 survived (C_s=0.29), N=49
   Cluster 22 survived (C_s=0.21), N=22
   Cluster 23 survived (C_s=0.30), N=80
   Cluster 24 survived (C_s=0.15), N=15
   Cluster 25 survived (C_s=0.21), N=20
   Cluster 26 survived (C_s=0.21), N=9
   Cluster 27 survived (C_s=0.28), N=12
   Cluster 28 survived (C_s=0.18), N=12
   Cluster 30 survived (C_s=0.24), N=37
   Cluster 31 survived (C_s=0.29), N=22
   Cluster 32 survived (C_s=0.21), N=11
   Cluster 33 survived (C_s=0.28), N=39
   Cluster 34 survived (C_s=0.29), N=47
   Cluster 35 survived (C_s=0.32), N=23
   Cluster 36 survived (C_s=0.22), N=35
   Cluster 39 survived (C_s=0.30), N=43
   Cluster 40 survived (C_s=0.23), N=12
   Cluster 43 survived (C_s=0.29), N=31
   Cluster 44 survived (C_s=0.15), N=19
   Cluster 46 survived (C_s=0.30), N=47
   Cluster 47 survived (C_s=0.23), N=24
   Cluster 48 survived (C_s=0.25), N=19
   Cluster 49 survived (C_s=0.25), N=12
   Cluster 50 survived (C_s=0.26), N=39
   Cluster 51 survived (C_s=0.32), N=30
   Cluster 53 survived (C_s=0.29), N=51
 A total of 1298 stars survived in 44 clusters
 Performing GUMM analysis...
 Rejected 99 stars as non-members

 IL iteration 5
  Performing clustering on array of shape (1199, 2)
  Identified 47 clusters
   Cluster 0 survived (C_s=0.33), N=25
   Cluster 1 survived (C_s=0.25), N=8
   Cluster 2 survived (C_s=0.27), N=15
   Cluster 3 survived (C_s=0.31), N=48
   Cluster 5 survived (C_s=0.25), N=15
   Cluster 6 survived (C_s=0.22), N=8
   Cluster 7 survived (C_s=0.22), N=33
   Cluster 8 survived (C_s=0.27), N=43
   Cluster 9 survived (C_s=0.19), N=17
   Cluster 10 survived (C_s=0.32), N=44
   Cluster 11 survived (C_s=0.33), N=43
   Cluster 12 survived (C_s=0.20), N=11
   Cluster 13 survived (C_s=0.22), N=13
   Cluster 14 survived (C_s=0.24), N=25
   Cluster 15 survived (C_s=0.31), N=22
   Cluster 16 survived (C_s=0.29), N=50
   Cluster 17 survived (C_s=0.28), N=33
   Cluster 18 survived (C_s=0.23), N=20
   Cluster 19 survived (C_s=0.26), N=11
   Cluster 20 survived (C_s=0.32), N=35
   Cluster 21 survived (C_s=0.25), N=12
   Cluster 22 survived (C_s=0.27), N=15
   Cluster 23 survived (C_s=0.29), N=45
   Cluster 24 survived (C_s=0.29), N=26
   Cluster 25 survived (C_s=0.30), N=39
   Cluster 26 survived (C_s=0.32), N=36
   Cluster 27 survived (C_s=0.28), N=47
   Cluster 28 survived (C_s=0.28), N=8
   Cluster 29 survived (C_s=0.20), N=15
   Cluster 30 survived (C_s=0.31), N=40
   Cluster 31 survived (C_s=0.19), N=21
   Cluster 32 survived (C_s=0.27), N=42
   Cluster 33 survived (C_s=0.24), N=8
   Cluster 34 survived (C_s=0.26), N=7
   Cluster 35 survived (C_s=0.27), N=25
   Cluster 36 survived (C_s=0.33), N=40
   Cluster 37 survived (C_s=0.28), N=29
   Cluster 38 survived (C_s=0.33), N=24
   Cluster 39 survived (C_s=0.37), N=12
   Cluster 40 survived (C_s=0.33), N=32
   Cluster 41 survived (C_s=0.34), N=7
   Cluster 42 survived (C_s=0.32), N=39
   Cluster 43 survived (C_s=0.26), N=20
   Cluster 44 survived (C_s=0.27), N=7
   Cluster 45 survived (C_s=0.32), N=39
   Cluster 46 survived (C_s=0.31), N=42
 A total of 1196 stars survived in 46 clusters
 Performing GUMM analysis...

 IL iteration 6
  Performing clustering on array of shape (1196, 2)
  Identified 47 clusters
   Cluster 0 survived (C_s=0.31), N=43
   Cluster 1 survived (C_s=0.25), N=8
   Cluster 2 survived (C_s=0.32), N=38
   Cluster 3 survived (C_s=0.25), N=9
   Cluster 4 survived (C_s=0.29), N=15
   Cluster 5 survived (C_s=0.31), N=45
   Cluster 6 survived (C_s=0.22), N=8
   Cluster 7 survived (C_s=0.27), N=10
   Cluster 8 survived (C_s=0.31), N=56
   Cluster 9 survived (C_s=0.29), N=17
   Cluster 10 survived (C_s=0.35), N=36
   Cluster 11 survived (C_s=0.28), N=15
   Cluster 12 survived (C_s=0.26), N=10
   Cluster 13 survived (C_s=0.33), N=35
   Cluster 14 survived (C_s=0.30), N=39
   Cluster 15 survived (C_s=0.19), N=20
   Cluster 16 survived (C_s=0.33), N=49
   Cluster 17 survived (C_s=0.24), N=16
   Cluster 18 survived (C_s=0.24), N=11
   Cluster 19 survived (C_s=0.32), N=11
   Cluster 20 survived (C_s=0.26), N=34
   Cluster 21 survived (C_s=0.26), N=21
   Cluster 22 survived (C_s=0.21), N=23
   Cluster 23 survived (C_s=0.26), N=38
   Cluster 24 survived (C_s=0.24), N=23
   Cluster 25 survived (C_s=0.29), N=60
   Cluster 26 survived (C_s=0.32), N=38
   Cluster 27 survived (C_s=0.30), N=42
   Cluster 28 survived (C_s=0.19), N=10
   Cluster 29 survived (C_s=0.28), N=13
   Cluster 30 survived (C_s=0.32), N=19
   Cluster 31 survived (C_s=0.22), N=15
   Cluster 32 survived (C_s=0.20), N=9
   Cluster 33 survived (C_s=0.35), N=33
   Cluster 34 survived (C_s=0.35), N=16
   Cluster 35 survived (C_s=0.28), N=35
   Cluster 36 survived (C_s=0.30), N=51
   Cluster 37 survived (C_s=0.25), N=15
   Cluster 38 survived (C_s=0.32), N=42
   Cluster 39 survived (C_s=0.35), N=15
   Cluster 40 survived (C_s=0.29), N=52
   Cluster 41 survived (C_s=0.26), N=26
   Cluster 42 survived (C_s=0.20), N=15
   Cluster 43 survived (C_s=0.29), N=28
   Cluster 45 survived (C_s=0.22), N=19
   Cluster 46 survived (C_s=0.26), N=7
 A total of 1190 stars survived in 46 clusters
 Performing GUMM analysis...

 IL iteration 7
  Performing clustering on array of shape (1190, 2)
  Identified 47 clusters
   Cluster 0 survived (C_s=0.33), N=29
   Cluster 1 survived (C_s=0.25), N=8
   Cluster 2 survived (C_s=0.27), N=40
   Cluster 3 survived (C_s=0.25), N=11
   Cluster 4 survived (C_s=0.31), N=55
   Cluster 5 survived (C_s=0.22), N=8
   Cluster 6 survived (C_s=0.18), N=18
   Cluster 7 survived (C_s=0.32), N=68
   Cluster 8 survived (C_s=0.29), N=9
   Cluster 9 survived (C_s=0.26), N=19
   Cluster 10 survived (C_s=0.28), N=32
   Cluster 11 survived (C_s=0.32), N=40
   Cluster 12 survived (C_s=0.30), N=38
   Cluster 13 survived (C_s=0.27), N=33
   Cluster 14 survived (C_s=0.33), N=25
   Cluster 15 survived (C_s=0.20), N=19
   Cluster 16 survived (C_s=0.23), N=12
   Cluster 17 survived (C_s=0.19), N=10
   Cluster 18 survived (C_s=0.29), N=56
   Cluster 19 survived (C_s=0.22), N=10
   Cluster 20 survived (C_s=0.26), N=10
   Cluster 21 survived (C_s=0.26), N=30
   Cluster 22 survived (C_s=0.24), N=19
   Cluster 23 survived (C_s=0.32), N=42
   Cluster 24 survived (C_s=0.32), N=42
   Cluster 25 survived (C_s=0.24), N=16
   Cluster 27 survived (C_s=0.25), N=29
   Cluster 28 survived (C_s=0.32), N=56
   Cluster 29 survived (C_s=0.34), N=19
   Cluster 30 survived (C_s=0.30), N=46
   Cluster 31 survived (C_s=0.27), N=14
   Cluster 32 survived (C_s=0.28), N=16
   Cluster 33 survived (C_s=0.27), N=9
   Cluster 34 survived (C_s=0.26), N=7
   Cluster 36 survived (C_s=0.28), N=20
   Cluster 37 survived (C_s=0.32), N=57
   Cluster 38 survived (C_s=0.37), N=11
   Cluster 40 survived (C_s=0.31), N=27
   Cluster 41 survived (C_s=0.31), N=39
   Cluster 42 survived (C_s=0.28), N=16
   Cluster 43 survived (C_s=0.27), N=49
   Cluster 44 survived (C_s=0.31), N=6
   Cluster 45 survived (C_s=0.24), N=23
   Cluster 46 survived (C_s=0.31), N=31
 A total of 1174 stars survived in 44 clusters
 Performing GUMM analysis...

 IL iteration 8
  Performing clustering on array of shape (1174, 2)
  Identified 46 clusters
   Cluster 0 survived (C_s=0.33), N=50
   Cluster 1 survived (C_s=0.25), N=8
   Cluster 2 survived (C_s=0.24), N=11
   Cluster 3 survived (C_s=0.37), N=12
   Cluster 4 survived (C_s=0.28), N=35
   Cluster 5 survived (C_s=0.29), N=30
   Cluster 6 survived (C_s=0.17), N=15
   Cluster 7 survived (C_s=0.32), N=42
   Cluster 8 survived (C_s=0.28), N=13
   Cluster 9 survived (C_s=0.35), N=19
   Cluster 10 survived (C_s=0.26), N=10
   Cluster 11 survived (C_s=0.25), N=13
   Cluster 12 survived (C_s=0.30), N=52
   Cluster 13 survived (C_s=0.31), N=36
   Cluster 14 survived (C_s=0.27), N=33
   Cluster 15 survived (C_s=0.30), N=14
   Cluster 16 survived (C_s=0.31), N=6
   Cluster 17 survived (C_s=0.32), N=29
   Cluster 18 survived (C_s=0.32), N=40
   Cluster 19 survived (C_s=0.26), N=29
   Cluster 20 survived (C_s=0.29), N=60
   Cluster 21 survived (C_s=0.21), N=15
   Cluster 22 survived (C_s=0.30), N=57
   Cluster 23 survived (C_s=0.32), N=35
   Cluster 24 survived (C_s=0.19), N=10
   Cluster 25 survived (C_s=0.35), N=7
   Cluster 26 survived (C_s=0.29), N=43
   Cluster 27 survived (C_s=0.27), N=32
   Cluster 28 survived (C_s=0.21), N=10
   Cluster 29 survived (C_s=0.32), N=43
   Cluster 30 survived (C_s=0.29), N=12
   Cluster 31 survived (C_s=0.24), N=13
   Cluster 32 survived (C_s=0.19), N=13
   Cluster 33 survived (C_s=0.23), N=12
   Cluster 34 survived (C_s=0.30), N=27
   Cluster 35 survived (C_s=0.30), N=53
   Cluster 36 survived (C_s=0.34), N=22
   Cluster 37 survived (C_s=0.33), N=36
   Cluster 38 survived (C_s=0.23), N=11
   Cluster 39 survived (C_s=0.26), N=22
   Cluster 40 survived (C_s=0.32), N=40
   Cluster 41 survived (C_s=0.26), N=20
   Cluster 42 survived (C_s=0.20), N=9
   Cluster 43 survived (C_s=0.25), N=21
   Cluster 44 survived (C_s=0.24), N=22
   Cluster 45 survived (C_s=0.32), N=32
 All clusters survived, N=1174
Performing final GUMM analysis...
Performing KDE analysis...

P>(.5, .75, .9, .95, .99): 1331, 1302, 1284, 1267, 1220

--------------------------------------------------------
OL run 4
Standard scale: removed mean and scaled to unit variance
 Selected N=2 PCA features
 Variance ratio:  0.51, 0.27

 IL iteration 1
  Performing clustering on array of shape (6857, 2)
  Identified 274 clusters
   Cluster 0 survived (C_s=0.09), N=38
   Cluster 1 survived (C_s=0.07), N=37
   Cluster 7 survived (C_s=0.04), N=42
   Cluster 9 survived (C_s=0.10), N=38
   Cluster 10 survived (C_s=0.22), N=60
   Cluster 18 survived (C_s=0.04), N=58
   Cluster 21 survived (C_s=0.29), N=76
   Cluster 29 survived (C_s=0.07), N=24
   Cluster 36 survived (C_s=0.26), N=89
   Cluster 41 survived (C_s=0.06), N=40
   Cluster 49 survived (C_s=0.08), N=22
   Cluster 53 survived (C_s=0.11), N=32
   Cluster 56 survived (C_s=0.07), N=26
   Cluster 60 survived (C_s=0.27), N=78
   Cluster 77 survived (C_s=0.25), N=57
   Cluster 87 survived (C_s=0.11), N=61
   Cluster 89 survived (C_s=0.06), N=51
   Cluster 91 survived (C_s=0.05), N=45
   Cluster 92 survived (C_s=0.23), N=107
   Cluster 93 survived (C_s=0.06), N=48
   Cluster 99 survived (C_s=0.29), N=90
   Cluster 108 survived (C_s=0.11), N=20
   Cluster 114 survived (C_s=0.06), N=36
   Cluster 115 survived (C_s=0.06), N=33
   Cluster 118 survived (C_s=0.29), N=94
   Cluster 120 survived (C_s=0.07), N=33
   Cluster 121 survived (C_s=0.10), N=26
   Cluster 122 survived (C_s=0.16), N=11
   Cluster 139 survived (C_s=0.20), N=35
   Cluster 144 survived (C_s=0.04), N=44
   Cluster 147 survived (C_s=0.16), N=41
   Cluster 159 survived (C_s=0.07), N=29
   Cluster 162 survived (C_s=0.03), N=55
   Cluster 164 survived (C_s=0.18), N=30
   Cluster 167 survived (C_s=0.14), N=14
   Cluster 171 survived (C_s=0.16), N=47
   Cluster 172 survived (C_s=0.06), N=34
   Cluster 175 survived (C_s=0.27), N=86
   Cluster 176 survived (C_s=0.06), N=35
   Cluster 179 survived (C_s=0.08), N=45
   Cluster 189 survived (C_s=0.08), N=34
   Cluster 196 survived (C_s=0.05), N=37
   Cluster 197 survived (C_s=0.29), N=95
   Cluster 201 survived (C_s=0.04), N=43
   Cluster 203 survived (C_s=0.15), N=13
   Cluster 205 survived (C_s=0.32), N=63
   Cluster 207 survived (C_s=0.04), N=45
   Cluster 208 survived (C_s=0.09), N=21
   Cluster 212 survived (C_s=0.25), N=45
   Cluster 229 survived (C_s=0.07), N=28
   Cluster 236 survived (C_s=0.19), N=85
   Cluster 244 survived (C_s=0.21), N=31
   Cluster 260 survived (C_s=0.10), N=24
   Cluster 266 survived (C_s=0.12), N=35
   Cluster 267 survived (C_s=0.08), N=23
   Cluster 273 survived (C_s=0.19), N=11
 A total of 2500 stars survived in 56 clusters
 Performing GUMM analysis...
 Rejected 75 stars as non-members

 IL iteration 2
  Performing clustering on array of shape (2425, 2)
  Identified 97 clusters
   Cluster 0 survived (C_s=0.29), N=82
   Cluster 1 survived (C_s=0.06), N=34
   Cluster 2 survived (C_s=0.08), N=22
   Cluster 10 survived (C_s=0.06), N=27
   Cluster 12 survived (C_s=0.09), N=33
   Cluster 14 survived (C_s=0.25), N=80
   Cluster 15 survived (C_s=0.17), N=12
   Cluster 18 survived (C_s=0.09), N=33
   Cluster 20 survived (C_s=0.36), N=6
   Cluster 26 survived (C_s=0.12), N=28
   Cluster 27 survived (C_s=0.25), N=72
   Cluster 31 survived (C_s=0.28), N=165
   Cluster 33 survived (C_s=0.10), N=21
   Cluster 36 survived (C_s=0.17), N=12
   Cluster 40 survived (C_s=0.15), N=42
   Cluster 41 survived (C_s=0.27), N=145
   Cluster 42 survived (C_s=0.13), N=17
   Cluster 46 survived (C_s=0.27), N=134
   Cluster 50 survived (C_s=0.13), N=21
   Cluster 51 survived (C_s=0.21), N=67
   Cluster 52 survived (C_s=0.07), N=28
   Cluster 58 survived (C_s=0.13), N=21
   Cluster 66 survived (C_s=0.26), N=83
   Cluster 67 survived (C_s=0.14), N=13
   Cluster 68 survived (C_s=0.13), N=14
   Cluster 69 survived (C_s=0.13), N=34
   Cluster 72 survived (C_s=0.16), N=37
   Cluster 77 survived (C_s=0.24), N=97
   Cluster 78 survived (C_s=0.14), N=47
   Cluster 79 survived (C_s=0.29), N=128
   Cluster 83 survived (C_s=0.18), N=55
   Cluster 93 survived (C_s=0.14), N=22
   Cluster 94 survived (C_s=0.11), N=28
 A total of 1660 stars survived in 33 clusters
 Performing GUMM analysis...
 Rejected 40 stars as non-members

 IL iteration 3
  Performing clustering on array of shape (1620, 2)
  Identified 64 clusters
   Cluster 0 survived (C_s=0.28), N=91
   Cluster 9 survived (C_s=0.20), N=39
   Cluster 10 survived (C_s=0.29), N=7
   Cluster 11 survived (C_s=0.40), N=5
   Cluster 13 survived (C_s=0.22), N=41
   Cluster 14 survived (C_s=0.17), N=12
   Cluster 15 survived (C_s=0.26), N=46
   Cluster 17 survived (C_s=0.29), N=72
   Cluster 19 survived (C_s=0.22), N=29
   Cluster 21 survived (C_s=0.27), N=49
   Cluster 22 survived (C_s=0.26), N=75
   Cluster 23 survived (C_s=0.16), N=18
   Cluster 24 survived (C_s=0.17), N=20
   Cluster 26 survived (C_s=0.20), N=10
   Cluster 27 survived (C_s=0.24), N=51
   Cluster 28 survived (C_s=0.27), N=43
   Cluster 30 survived (C_s=0.11), N=22
   Cluster 32 survived (C_s=0.29), N=54
   Cluster 33 survived (C_s=0.17), N=10
   Cluster 35 survived (C_s=0.29), N=7
   Cluster 36 survived (C_s=0.21), N=23
   Cluster 37 survived (C_s=0.17), N=45
   Cluster 38 survived (C_s=0.17), N=14
   Cluster 40 survived (C_s=0.13), N=16
   Cluster 41 survived (C_s=0.19), N=16
   Cluster 42 survived (C_s=0.25), N=12
   Cluster 43 survived (C_s=0.16), N=33
   Cluster 44 survived (C_s=0.11), N=16
   Cluster 45 survived (C_s=0.30), N=77
   Cluster 46 survived (C_s=0.15), N=20
   Cluster 47 survived (C_s=0.28), N=71
   Cluster 48 survived (C_s=0.17), N=34
   Cluster 52 survived (C_s=0.24), N=36
   Cluster 56 survived (C_s=0.27), N=60
   Cluster 57 survived (C_s=0.28), N=83
   Cluster 59 survived (C_s=0.19), N=14
   Cluster 60 survived (C_s=0.32), N=58
   Cluster 63 survived (C_s=0.28), N=70
 A total of 1399 stars survived in 38 clusters
 Performing GUMM analysis...
 Rejected 26 stars as non-members

 IL iteration 4
  Performing clustering on array of shape (1373, 2)
  Identified 54 clusters
   Cluster 0 survived (C_s=0.28), N=59
   Cluster 2 survived (C_s=0.31), N=45
   Cluster 3 survived (C_s=0.19), N=14
   Cluster 4 survived (C_s=0.22), N=31
   Cluster 5 survived (C_s=0.19), N=9
   Cluster 6 survived (C_s=0.22), N=9
   Cluster 8 survived (C_s=0.20), N=33
   Cluster 9 survived (C_s=0.22), N=15
   Cluster 10 survived (C_s=0.31), N=48
   Cluster 11 survived (C_s=0.30), N=34
   Cluster 12 survived (C_s=0.26), N=33
   Cluster 14 survived (C_s=0.22), N=38
   Cluster 15 survived (C_s=0.31), N=55
   Cluster 16 survived (C_s=0.26), N=40
   Cluster 17 survived (C_s=0.27), N=29
   Cluster 18 survived (C_s=0.29), N=25
   Cluster 19 survived (C_s=0.15), N=19
   Cluster 20 survived (C_s=0.15), N=18
   Cluster 21 survived (C_s=0.22), N=18
   Cluster 22 survived (C_s=0.19), N=16
   Cluster 23 survived (C_s=0.29), N=59
   Cluster 24 survived (C_s=0.21), N=10
   Cluster 25 survived (C_s=0.31), N=42
   Cluster 26 survived (C_s=0.25), N=14
   Cluster 27 survived (C_s=0.25), N=18
   Cluster 29 survived (C_s=0.29), N=29
   Cluster 30 survived (C_s=0.22), N=41
   Cluster 31 survived (C_s=0.23), N=20
   Cluster 33 survived (C_s=0.29), N=7
   Cluster 34 survived (C_s=0.22), N=11
   Cluster 35 survived (C_s=0.16), N=25
   Cluster 36 survived (C_s=0.30), N=68
   Cluster 37 survived (C_s=0.25), N=48
   Cluster 39 survived (C_s=0.30), N=59
   Cluster 41 survived (C_s=0.30), N=21
   Cluster 42 survived (C_s=0.27), N=21
   Cluster 43 survived (C_s=0.29), N=59
   Cluster 44 survived (C_s=0.15), N=24
   Cluster 46 survived (C_s=0.28), N=13
   Cluster 47 survived (C_s=0.28), N=55
   Cluster 48 survived (C_s=0.25), N=44
   Cluster 50 survived (C_s=0.21), N=12
   Cluster 51 survived (C_s=0.19), N=15
   Cluster 52 survived (C_s=0.15), N=12
 A total of 1315 stars survived in 44 clusters
 Performing GUMM analysis...

 IL iteration 5
  Performing clustering on array of shape (1315, 2)
  Identified 52 clusters
   Cluster 0 survived (C_s=0.30), N=27
   Cluster 1 survived (C_s=0.24), N=29
   Cluster 2 survived (C_s=0.22), N=13
   Cluster 3 survived (C_s=0.26), N=8
   Cluster 4 survived (C_s=0.30), N=58
   Cluster 6 survived (C_s=0.15), N=12
   Cluster 7 survived (C_s=0.29), N=8
   Cluster 8 survived (C_s=0.30), N=39
   Cluster 9 survived (C_s=0.29), N=47
   Cluster 10 survived (C_s=0.16), N=18
   Cluster 11 survived (C_s=0.27), N=28
   Cluster 12 survived (C_s=0.18), N=22
   Cluster 13 survived (C_s=0.18), N=31
   Cluster 14 survived (C_s=0.19), N=14
   Cluster 16 survived (C_s=0.27), N=33
   Cluster 17 survived (C_s=0.26), N=8
   Cluster 18 survived (C_s=0.27), N=48
   Cluster 19 survived (C_s=0.27), N=64
   Cluster 20 survived (C_s=0.16), N=24
   Cluster 21 survived (C_s=0.22), N=15
   Cluster 22 survived (C_s=0.26), N=58
   Cluster 23 survived (C_s=0.21), N=19
   Cluster 24 survived (C_s=0.30), N=6
   Cluster 25 survived (C_s=0.23), N=11
   Cluster 26 survived (C_s=0.21), N=17
   Cluster 27 survived (C_s=0.22), N=24
   Cluster 28 survived (C_s=0.24), N=30
   Cluster 29 survived (C_s=0.34), N=43
   Cluster 30 survived (C_s=0.30), N=10
   Cluster 32 survived (C_s=0.21), N=10
   Cluster 33 survived (C_s=0.28), N=46
   Cluster 35 survived (C_s=0.19), N=20
   Cluster 36 survived (C_s=0.33), N=47
   Cluster 37 survived (C_s=0.28), N=39
   Cluster 38 survived (C_s=0.23), N=42
   Cluster 39 survived (C_s=0.21), N=12
   Cluster 40 survived (C_s=0.23), N=13
   Cluster 41 survived (C_s=0.26), N=21
   Cluster 42 survived (C_s=0.29), N=28
   Cluster 43 survived (C_s=0.28), N=48
   Cluster 44 survived (C_s=0.21), N=25
   Cluster 45 survived (C_s=0.29), N=48
   Cluster 46 survived (C_s=0.29), N=24
   Cluster 47 survived (C_s=0.31), N=32
   Cluster 49 survived (C_s=0.27), N=35
   Cluster 51 survived (C_s=0.29), N=33
 A total of 1287 stars survived in 46 clusters
 Performing GUMM analysis...

 IL iteration 6
  Performing clustering on array of shape (1287, 2)
  Identified 51 clusters
   Cluster 0 survived (C_s=0.22), N=37
   Cluster 1 survived (C_s=0.26), N=28
   Cluster 2 survived (C_s=0.23), N=18
   Cluster 3 survived (C_s=0.15), N=12
   Cluster 4 survived (C_s=0.26), N=8
   Cluster 5 survived (C_s=0.29), N=61
   Cluster 6 survived (C_s=0.15), N=13
   Cluster 7 survived (C_s=0.21), N=14
   Cluster 8 survived (C_s=0.29), N=48
   Cluster 9 survived (C_s=0.25), N=19
   Cluster 10 survived (C_s=0.22), N=8
   Cluster 11 survived (C_s=0.29), N=18
   Cluster 12 survived (C_s=0.32), N=36
   Cluster 13 survived (C_s=0.23), N=34
   Cluster 14 survived (C_s=0.28), N=45
   Cluster 15 survived (C_s=0.22), N=8
   Cluster 16 survived (C_s=0.29), N=35
   Cluster 17 survived (C_s=0.23), N=14
   Cluster 18 survived (C_s=0.27), N=33
   Cluster 19 survived (C_s=0.24), N=28
   Cluster 21 survived (C_s=0.29), N=53
   Cluster 22 survived (C_s=0.31), N=44
   Cluster 23 survived (C_s=0.28), N=26
   Cluster 24 survived (C_s=0.22), N=15
   Cluster 25 survived (C_s=0.18), N=39
   Cluster 26 survived (C_s=0.31), N=65
   Cluster 27 survived (C_s=0.30), N=6
   Cluster 28 survived (C_s=0.31), N=44
   Cluster 29 survived (C_s=0.29), N=47
   Cluster 30 survived (C_s=0.18), N=18
   Cluster 31 survived (C_s=0.24), N=18
   Cluster 32 survived (C_s=0.20), N=15
   Cluster 33 survived (C_s=0.28), N=10
   Cluster 34 survived (C_s=0.21), N=10
   Cluster 35 survived (C_s=0.16), N=12
   Cluster 36 survived (C_s=0.24), N=20
   Cluster 37 survived (C_s=0.27), N=28
   Cluster 38 survived (C_s=0.33), N=39
   Cluster 39 survived (C_s=0.28), N=39
   Cluster 40 survived (C_s=0.28), N=33
   Cluster 41 survived (C_s=0.25), N=28
   Cluster 42 survived (C_s=0.29), N=47
   Cluster 44 survived (C_s=0.20), N=18
   Cluster 45 survived (C_s=0.22), N=11
   Cluster 46 survived (C_s=0.17), N=14
   Cluster 49 survived (C_s=0.27), N=9
   Cluster 50 survived (C_s=0.27), N=27
 A total of 1252 stars survived in 47 clusters
 Performing GUMM analysis...

 IL iteration 7
  Performing clustering on array of shape (1252, 2)
  Identified 50 clusters
   Cluster 0 survived (C_s=0.30), N=39
   Cluster 1 survived (C_s=0.27), N=20
   Cluster 2 survived (C_s=0.25), N=42
   Cluster 4 survived (C_s=0.20), N=28
   Cluster 6 survived (C_s=0.27), N=52
   Cluster 7 survived (C_s=0.22), N=31
   Cluster 8 survived (C_s=0.20), N=13
   Cluster 9 survived (C_s=0.35), N=20
   Cluster 10 survived (C_s=0.33), N=7
   Cluster 11 survived (C_s=0.22), N=25
   Cluster 12 survived (C_s=0.30), N=31
   Cluster 13 survived (C_s=0.29), N=31
   Cluster 14 survived (C_s=0.21), N=21
   Cluster 15 survived (C_s=0.23), N=26
   Cluster 16 survived (C_s=0.22), N=19
   Cluster 17 survived (C_s=0.28), N=45
   Cluster 18 survived (C_s=0.28), N=37
   Cluster 19 survived (C_s=0.27), N=25
   Cluster 20 survived (C_s=0.15), N=13
   Cluster 21 survived (C_s=0.27), N=46
   Cluster 22 survived (C_s=0.23), N=17
   Cluster 23 survived (C_s=0.32), N=55
   Cluster 24 survived (C_s=0.29), N=20
   Cluster 27 survived (C_s=0.42), N=4
   Cluster 28 survived (C_s=0.26), N=9
   Cluster 29 survived (C_s=0.30), N=34
   Cluster 30 survived (C_s=0.21), N=35
   Cluster 31 survived (C_s=0.31), N=52
   Cluster 32 survived (C_s=0.28), N=17
   Cluster 33 survived (C_s=0.27), N=17
   Cluster 34 survived (C_s=0.27), N=28
   Cluster 36 survived (C_s=0.29), N=54
   Cluster 37 survived (C_s=0.37), N=6
   Cluster 38 survived (C_s=0.23), N=34
   Cluster 39 survived (C_s=0.26), N=29
   Cluster 40 survived (C_s=0.28), N=36
   Cluster 41 survived (C_s=0.23), N=12
   Cluster 42 survived (C_s=0.21), N=14
   Cluster 43 survived (C_s=0.26), N=37
   Cluster 45 survived (C_s=0.25), N=10
   Cluster 46 survived (C_s=0.27), N=29
   Cluster 47 survived (C_s=0.13), N=17
   Cluster 48 survived (C_s=0.32), N=52
   Cluster 49 survived (C_s=0.34), N=42
 A total of 1231 stars survived in 44 clusters
 Performing GUMM analysis...
 Rejected 57 stars as non-members

 IL iteration 8
  Performing clustering on array of shape (1174, 2)
  Identified 46 clusters
   Cluster 0 survived (C_s=0.24), N=23
   Cluster 1 survived (C_s=0.31), N=69
   Cluster 2 survived (C_s=0.21), N=10
   Cluster 3 survived (C_s=0.25), N=33
   Cluster 4 survived (C_s=0.29), N=51
   Cluster 5 survived (C_s=0.30), N=8
   Cluster 6 survived (C_s=0.29), N=16
   Cluster 7 survived (C_s=0.30), N=28
   Cluster 8 survived (C_s=0.29), N=36
   Cluster 9 survived (C_s=0.27), N=8
   Cluster 10 survived (C_s=0.28), N=56
   Cluster 11 survived (C_s=0.28), N=13
   Cluster 12 survived (C_s=0.29), N=33
   Cluster 13 survived (C_s=0.22), N=14
   Cluster 14 survived (C_s=0.32), N=58
   Cluster 15 survived (C_s=0.17), N=14
   Cluster 17 survived (C_s=0.32), N=19
   Cluster 18 survived (C_s=0.27), N=17
   Cluster 19 survived (C_s=0.28), N=29
   Cluster 20 survived (C_s=0.35), N=39
   Cluster 21 survived (C_s=0.31), N=7
   Cluster 22 survived (C_s=0.30), N=44
   Cluster 23 survived (C_s=0.24), N=21
   Cluster 24 survived (C_s=0.28), N=8
   Cluster 25 survived (C_s=0.27), N=27
   Cluster 26 survived (C_s=0.31), N=60
   Cluster 27 survived (C_s=0.25), N=29
   Cluster 28 survived (C_s=0.14), N=16
   Cluster 29 survived (C_s=0.33), N=24
   Cluster 30 survived (C_s=0.26), N=13
   Cluster 31 survived (C_s=0.25), N=22
   Cluster 33 survived (C_s=0.30), N=53
   Cluster 34 survived (C_s=0.31), N=21
   Cluster 36 survived (C_s=0.32), N=37
   Cluster 37 survived (C_s=0.27), N=43
   Cluster 39 survived (C_s=0.27), N=27
   Cluster 40 survived (C_s=0.31), N=17
   Cluster 41 survived (C_s=0.25), N=20
   Cluster 42 survived (C_s=0.27), N=34
   Cluster 43 survived (C_s=0.30), N=36
   Cluster 44 survived (C_s=0.30), N=11
   Cluster 45 survived (C_s=0.32), N=7
 A total of 1151 stars survived in 42 clusters
 Performing GUMM analysis...

 IL iteration 9
  Performing clustering on array of shape (1151, 2)
  Identified 46 clusters
   Cluster 0 survived (C_s=0.29), N=33
   Cluster 1 survived (C_s=0.29), N=41
   Cluster 2 survived (C_s=0.23), N=26
   Cluster 3 survived (C_s=0.29), N=10
   Cluster 4 survived (C_s=0.29), N=41
   Cluster 5 survived (C_s=0.24), N=17
   Cluster 6 survived (C_s=0.29), N=9
   Cluster 7 survived (C_s=0.23), N=17
   Cluster 8 survived (C_s=0.29), N=49
   Cluster 9 survived (C_s=0.32), N=33
   Cluster 10 survived (C_s=0.32), N=30
   Cluster 11 survived (C_s=0.31), N=38
   Cluster 12 survived (C_s=0.22), N=27
   Cluster 14 survived (C_s=0.33), N=21
   Cluster 15 survived (C_s=0.33), N=26
   Cluster 16 survived (C_s=0.29), N=16
   Cluster 17 survived (C_s=0.29), N=34
   Cluster 18 survived (C_s=0.32), N=56
   Cluster 19 survived (C_s=0.30), N=8
   Cluster 21 survived (C_s=0.29), N=33
   Cluster 22 survived (C_s=0.27), N=35
   Cluster 23 survived (C_s=0.21), N=10
   Cluster 24 survived (C_s=0.25), N=21
   Cluster 25 survived (C_s=0.29), N=40
   Cluster 26 survived (C_s=0.32), N=19
   Cluster 27 survived (C_s=0.15), N=17
   Cluster 28 survived (C_s=0.32), N=6
   Cluster 29 survived (C_s=0.27), N=29
   Cluster 30 survived (C_s=0.25), N=12
   Cluster 31 survived (C_s=0.28), N=32
   Cluster 32 survived (C_s=0.25), N=22
   Cluster 33 survived (C_s=0.24), N=35
   Cluster 34 survived (C_s=0.28), N=13
   Cluster 35 survived (C_s=0.28), N=10
   Cluster 36 survived (C_s=0.31), N=36
   Cluster 37 survived (C_s=0.32), N=42
   Cluster 38 survived (C_s=0.40), N=6
   Cluster 39 survived (C_s=0.32), N=29
   Cluster 40 survived (C_s=0.31), N=39
   Cluster 41 survived (C_s=0.28), N=11
   Cluster 42 survived (C_s=0.31), N=33
   Cluster 43 survived (C_s=0.31), N=27
   Cluster 44 survived (C_s=0.30), N=42
   Cluster 45 survived (C_s=0.19), N=10
 A total of 1141 stars survived in 44 clusters
 Performing GUMM analysis...

 IL iteration 10
  Performing clustering on array of shape (1141, 2)
  Identified 45 clusters
   Cluster 0 survived (C_s=0.24), N=18
   Cluster 1 survived (C_s=0.32), N=43
   Cluster 2 survived (C_s=0.24), N=18
   Cluster 3 survived (C_s=0.26), N=26
   Cluster 4 survived (C_s=0.29), N=30
   Cluster 5 survived (C_s=0.25), N=32
   Cluster 6 survived (C_s=0.31), N=39
   Cluster 7 survived (C_s=0.29), N=47
   Cluster 8 survived (C_s=0.31), N=31
   Cluster 9 survived (C_s=0.40), N=6
   Cluster 11 survived (C_s=0.22), N=16
   Cluster 12 survived (C_s=0.26), N=24
   Cluster 13 survived (C_s=0.28), N=38
   Cluster 14 survived (C_s=0.21), N=10
   Cluster 15 survived (C_s=0.29), N=33
   Cluster 16 survived (C_s=0.29), N=37
   Cluster 17 survived (C_s=0.30), N=8
   Cluster 18 survived (C_s=0.25), N=31
   Cluster 19 survived (C_s=0.26), N=21
   Cluster 20 survived (C_s=0.30), N=49
   Cluster 21 survived (C_s=0.27), N=13
   Cluster 22 survived (C_s=0.28), N=9
   Cluster 23 survived (C_s=0.32), N=47
   Cluster 24 survived (C_s=0.28), N=13
   Cluster 25 survived (C_s=0.28), N=37
   Cluster 26 survived (C_s=0.24), N=17
   Cluster 27 survived (C_s=0.34), N=31
   Cluster 28 survived (C_s=0.29), N=18
   Cluster 29 survived (C_s=0.19), N=12
   Cluster 30 survived (C_s=0.31), N=25
   Cluster 31 survived (C_s=0.28), N=35
   Cluster 32 survived (C_s=0.35), N=18
   Cluster 33 survived (C_s=0.30), N=33
   Cluster 34 survived (C_s=0.29), N=17
   Cluster 35 survived (C_s=0.29), N=9
   Cluster 36 survived (C_s=0.25), N=22
   Cluster 37 survived (C_s=0.30), N=49
   Cluster 38 survived (C_s=0.30), N=33
   Cluster 39 survived (C_s=0.33), N=41
   Cluster 40 survived (C_s=0.33), N=15
   Cluster 41 survived (C_s=0.28), N=8
   Cluster 42 survived (C_s=0.28), N=26
   Cluster 43 survived (C_s=0.30), N=44
   Cluster 44 survived (C_s=0.20), N=10
 A total of 1139 stars survived in 44 clusters
 Performing GUMM analysis...

 IL iteration 11
  Performing clustering on array of shape (1139, 2)
  Identified 45 clusters
   Cluster 0 survived (C_s=0.25), N=20
   Cluster 1 survived (C_s=0.31), N=48
   Cluster 2 survived (C_s=0.27), N=15
   Cluster 3 survived (C_s=0.29), N=26
   Cluster 4 survived (C_s=0.30), N=60
   Cluster 5 survived (C_s=0.27), N=17
   Cluster 6 survived (C_s=0.28), N=10
   Cluster 7 survived (C_s=0.28), N=8
   Cluster 8 survived (C_s=0.32), N=35
   Cluster 9 survived (C_s=0.21), N=17
   Cluster 10 survived (C_s=0.31), N=36
   Cluster 11 survived (C_s=0.25), N=32
   Cluster 12 survived (C_s=0.30), N=45
   Cluster 13 survived (C_s=0.30), N=8
   Cluster 14 survived (C_s=0.28), N=19
   Cluster 15 survived (C_s=0.28), N=33
   Cluster 16 survived (C_s=0.30), N=44
   Cluster 17 survived (C_s=0.26), N=14
   Cluster 18 survived (C_s=0.32), N=25
   Cluster 19 survived (C_s=0.21), N=10
   Cluster 20 survived (C_s=0.31), N=24
   Cluster 21 survived (C_s=0.29), N=47
   Cluster 22 survived (C_s=0.23), N=20
   Cluster 23 survived (C_s=0.25), N=30
   Cluster 24 survived (C_s=0.34), N=15
   Cluster 25 survived (C_s=0.27), N=36
   Cluster 26 survived (C_s=0.31), N=9
   Cluster 27 survived (C_s=0.31), N=7
   Cluster 28 survived (C_s=0.21), N=16
   Cluster 29 survived (C_s=0.30), N=22
   Cluster 30 survived (C_s=0.32), N=35
   Cluster 31 survived (C_s=0.28), N=40
   Cluster 33 survived (C_s=0.28), N=36
   Cluster 34 survived (C_s=0.26), N=12
   Cluster 35 survived (C_s=0.32), N=40
   Cluster 36 survived (C_s=0.30), N=32
   Cluster 37 survived (C_s=0.32), N=25
   Cluster 38 survived (C_s=0.14), N=15
   Cluster 39 survived (C_s=0.22), N=12
   Cluster 40 survived (C_s=0.29), N=40
   Cluster 41 survived (C_s=0.31), N=33
   Cluster 42 survived (C_s=0.32), N=34
   Cluster 43 survived (C_s=0.32), N=19
   Cluster 44 survived (C_s=0.22), N=14
 A total of 1135 stars survived in 44 clusters
 Performing GUMM analysis...

 IL iteration 12
  Performing clustering on array of shape (1135, 2)
  Identified 45 clusters
   Cluster 0 survived (C_s=0.32), N=29
   Cluster 1 survived (C_s=0.30), N=36
   Cluster 2 survived (C_s=0.23), N=22
   Cluster 3 survived (C_s=0.24), N=29
   Cluster 4 survived (C_s=0.29), N=25
   Cluster 5 survived (C_s=0.29), N=17
   Cluster 6 survived (C_s=0.30), N=8
   Cluster 7 survived (C_s=0.27), N=33
   Cluster 8 survived (C_s=0.29), N=9
   Cluster 9 survived (C_s=0.33), N=43
   Cluster 10 survived (C_s=0.30), N=39
   Cluster 11 survived (C_s=0.31), N=44
   Cluster 12 survived (C_s=0.30), N=34
   Cluster 13 survived (C_s=0.29), N=15
   Cluster 14 survived (C_s=0.28), N=8
   Cluster 15 survived (C_s=0.29), N=30
   Cluster 16 survived (C_s=0.33), N=24
   Cluster 17 survived (C_s=0.33), N=17
   Cluster 18 survived (C_s=0.24), N=18
   Cluster 19 survived (C_s=0.34), N=26
   Cluster 20 survived (C_s=0.21), N=13
   Cluster 21 survived (C_s=0.33), N=30
   Cluster 22 survived (C_s=0.21), N=10
   Cluster 23 survived (C_s=0.30), N=32
   Cluster 24 survived (C_s=0.29), N=38
   Cluster 25 survived (C_s=0.12), N=15
   Cluster 26 survived (C_s=0.30), N=36
   Cluster 27 survived (C_s=0.24), N=37
   Cluster 28 survived (C_s=0.23), N=16
   Cluster 29 survived (C_s=0.28), N=27
   Cluster 30 survived (C_s=0.27), N=33
   Cluster 31 survived (C_s=0.30), N=26
   Cluster 32 survived (C_s=0.31), N=10
   Cluster 33 survived (C_s=0.28), N=10
   Cluster 34 survived (C_s=0.29), N=16
   Cluster 35 survived (C_s=0.33), N=32
   Cluster 36 survived (C_s=0.40), N=6
   Cluster 37 survived (C_s=0.29), N=40
   Cluster 38 survived (C_s=0.30), N=43
   Cluster 39 survived (C_s=0.32), N=19
   Cluster 40 survived (C_s=0.22), N=16
   Cluster 41 survived (C_s=0.30), N=39
   Cluster 42 survived (C_s=0.31), N=29
   Cluster 43 survived (C_s=0.30), N=16
   Cluster 44 survived (C_s=0.29), N=40
 All clusters survived, N=1135
Performing final GUMM analysis...
Performing KDE analysis...

P>(.5, .75, .9, .95, .99): 1323, 1301, 1276, 1263, 1215

--------------------------------------------------------
OL run 5
Standard scale: removed mean and scaled to unit variance
 Selected N=2 PCA features
 Variance ratio:  0.51, 0.27

 IL iteration 1
  Performing clustering on array of shape (6857, 2)
  Identified 274 clusters
   Cluster 2 survived (C_s=0.04), N=46
   Cluster 3 survived (C_s=0.18), N=47
   Cluster 4 survived (C_s=0.07), N=44
   Cluster 8 survived (C_s=0.15), N=21
   Cluster 10 survived (C_s=0.22), N=52
   Cluster 16 survived (C_s=0.05), N=37
   Cluster 27 survived (C_s=0.04), N=72
   Cluster 29 survived (C_s=0.31), N=70
   Cluster 30 survived (C_s=0.09), N=39
   Cluster 32 survived (C_s=0.16), N=12
   Cluster 37 survived (C_s=0.25), N=46
   Cluster 39 survived (C_s=0.29), N=60
   Cluster 43 survived (C_s=0.11), N=52
   Cluster 48 survived (C_s=0.06), N=32
   Cluster 56 survived (C_s=0.26), N=40
   Cluster 65 survived (C_s=0.24), N=77
   Cluster 68 survived (C_s=0.08), N=34
   Cluster 76 survived (C_s=0.06), N=33
   Cluster 83 survived (C_s=0.06), N=37
   Cluster 87 survived (C_s=0.04), N=54
   Cluster 91 survived (C_s=0.06), N=47
   Cluster 92 survived (C_s=0.05), N=40
   Cluster 94 survived (C_s=0.21), N=33
   Cluster 95 survived (C_s=0.28), N=53
   Cluster 99 survived (C_s=0.17), N=58
   Cluster 100 survived (C_s=0.05), N=44
   Cluster 106 survived (C_s=0.12), N=19
   Cluster 109 survived (C_s=0.23), N=64
   Cluster 119 survived (C_s=0.07), N=28
   Cluster 125 survived (C_s=0.15), N=12
   Cluster 133 survived (C_s=0.10), N=20
   Cluster 141 survived (C_s=0.04), N=72
   Cluster 148 survived (C_s=0.04), N=48
   Cluster 149 survived (C_s=0.06), N=39
   Cluster 150 survived (C_s=0.11), N=17
   Cluster 153 survived (C_s=0.15), N=13
   Cluster 161 survived (C_s=0.17), N=38
   Cluster 166 survived (C_s=0.18), N=18
   Cluster 167 survived (C_s=0.11), N=15
   Cluster 168 survived (C_s=0.12), N=48
   Cluster 170 survived (C_s=0.15), N=41
   Cluster 173 survived (C_s=0.22), N=17
   Cluster 176 survived (C_s=0.13), N=17
   Cluster 178 survived (C_s=0.04), N=45
   Cluster 189 survived (C_s=0.30), N=96
   Cluster 192 survived (C_s=0.29), N=86
   Cluster 194 survived (C_s=0.10), N=21
   Cluster 208 survived (C_s=0.03), N=66
   Cluster 211 survived (C_s=0.05), N=43
   Cluster 214 survived (C_s=0.06), N=38
   Cluster 217 survived (C_s=0.07), N=30
   Cluster 219 survived (C_s=0.05), N=51
   Cluster 221 survived (C_s=0.27), N=52
   Cluster 227 survived (C_s=0.06), N=31
   Cluster 231 survived (C_s=0.07), N=25
   Cluster 233 survived (C_s=0.08), N=31
   Cluster 235 survived (C_s=0.29), N=81
   Cluster 254 survived (C_s=0.28), N=87
   Cluster 259 survived (C_s=0.30), N=76
   Cluster 261 survived (C_s=0.06), N=32
   Cluster 264 survived (C_s=0.09), N=36
   Cluster 269 survived (C_s=0.11), N=32
 A total of 2665 stars survived in 62 clusters
 Performing GUMM analysis...
 Rejected 77 stars as non-members

 IL iteration 2
  Performing clustering on array of shape (2588, 2)
  Identified 103 clusters
   Cluster 1 survived (C_s=0.20), N=18
   Cluster 2 survived (C_s=0.25), N=70
   Cluster 5 survived (C_s=0.11), N=32
   Cluster 8 survived (C_s=0.22), N=8
   Cluster 10 survived (C_s=0.06), N=38
   Cluster 14 survived (C_s=0.12), N=29
   Cluster 15 survived (C_s=0.16), N=15
   Cluster 19 survived (C_s=0.15), N=31
   Cluster 21 survived (C_s=0.07), N=29
   Cluster 23 survived (C_s=0.14), N=48
   Cluster 24 survived (C_s=0.27), N=59
   Cluster 26 survived (C_s=0.29), N=66
   Cluster 27 survived (C_s=0.08), N=29
   Cluster 28 survived (C_s=0.07), N=30
   Cluster 29 survived (C_s=0.28), N=92
   Cluster 33 survived (C_s=0.12), N=25
   Cluster 35 survived (C_s=0.27), N=95
   Cluster 37 survived (C_s=0.06), N=32
   Cluster 40 survived (C_s=0.27), N=55
   Cluster 42 survived (C_s=0.19), N=26
   Cluster 45 survived (C_s=0.09), N=35
   Cluster 48 survived (C_s=0.23), N=52
   Cluster 50 survived (C_s=0.10), N=18
   Cluster 51 survived (C_s=0.19), N=54
   Cluster 52 survived (C_s=0.10), N=26
   Cluster 54 survived (C_s=0.31), N=91
   Cluster 55 survived (C_s=0.08), N=44
   Cluster 60 survived (C_s=0.23), N=50
   Cluster 62 survived (C_s=0.30), N=91
   Cluster 65 survived (C_s=0.29), N=50
   Cluster 67 survived (C_s=0.16), N=79
   Cluster 72 survived (C_s=0.27), N=48
   Cluster 73 survived (C_s=0.13), N=21
   Cluster 76 survived (C_s=0.27), N=81
   Cluster 81 survived (C_s=0.07), N=25
   Cluster 90 survived (C_s=0.17), N=13
   Cluster 91 survived (C_s=0.07), N=26
   Cluster 93 survived (C_s=0.25), N=67
   Cluster 97 survived (C_s=0.18), N=56
   Cluster 99 survived (C_s=0.12), N=16
 A total of 1770 stars survived in 40 clusters
 Performing GUMM analysis...

 IL iteration 3
  Performing clustering on array of shape (1770, 2)
  Identified 70 clusters
   Cluster 0 survived (C_s=0.18), N=10
   Cluster 2 survived (C_s=0.27), N=80
   Cluster 3 survived (C_s=0.12), N=17
   Cluster 4 survived (C_s=0.36), N=6
   Cluster 5 survived (C_s=0.16), N=12
   Cluster 8 survived (C_s=0.17), N=18
   Cluster 10 survived (C_s=0.23), N=33
   Cluster 11 survived (C_s=0.12), N=15
   Cluster 14 survived (C_s=0.13), N=14
   Cluster 15 survived (C_s=0.27), N=63
   Cluster 16 survived (C_s=0.21), N=46
   Cluster 17 survived (C_s=0.29), N=66
   Cluster 19 survived (C_s=0.11), N=17
   Cluster 20 survived (C_s=0.30), N=63
   Cluster 21 survived (C_s=0.09), N=37
   Cluster 25 survived (C_s=0.19), N=11
   Cluster 27 survived (C_s=0.13), N=16
   Cluster 28 survived (C_s=0.19), N=12
   Cluster 29 survived (C_s=0.10), N=22
   Cluster 30 survived (C_s=0.19), N=23
   Cluster 31 survived (C_s=0.24), N=29
   Cluster 33 survived (C_s=0.12), N=16
   Cluster 35 survived (C_s=0.15), N=37
   Cluster 37 survived (C_s=0.28), N=112
   Cluster 40 survived (C_s=0.22), N=30
   Cluster 42 survived (C_s=0.22), N=40
   Cluster 43 survived (C_s=0.14), N=17
   Cluster 45 survived (C_s=0.30), N=82
   Cluster 46 survived (C_s=0.28), N=65
   Cluster 50 survived (C_s=0.23), N=14
   Cluster 52 survived (C_s=0.19), N=47
   Cluster 53 survived (C_s=0.28), N=40
   Cluster 55 survived (C_s=0.21), N=15
   Cluster 56 survived (C_s=0.29), N=70
   Cluster 57 survived (C_s=0.30), N=71
   Cluster 60 survived (C_s=0.23), N=19
   Cluster 63 survived (C_s=0.21), N=43
   Cluster 64 survived (C_s=0.27), N=61
   Cluster 65 survived (C_s=0.23), N=62
 A total of 1451 stars survived in 39 clusters
 Performing GUMM analysis...

 IL iteration 4
  Performing clustering on array of shape (1451, 2)
  Identified 58 clusters
   Cluster 0 survived (C_s=0.27), N=57
   Cluster 4 survived (C_s=0.23), N=12
   Cluster 5 survived (C_s=0.21), N=9
   Cluster 6 survived (C_s=0.18), N=25
   Cluster 8 survived (C_s=0.19), N=12
   Cluster 9 survived (C_s=0.12), N=16
   Cluster 10 survived (C_s=0.26), N=59
   Cluster 11 survived (C_s=0.21), N=51
   Cluster 12 survived (C_s=0.09), N=31
   Cluster 14 survived (C_s=0.28), N=43
   Cluster 15 survived (C_s=0.23), N=23
   Cluster 18 survived (C_s=0.30), N=67
   Cluster 19 survived (C_s=0.28), N=63
   Cluster 20 survived (C_s=0.28), N=15
   Cluster 21 survived (C_s=0.18), N=18
   Cluster 22 survived (C_s=0.28), N=50
   Cluster 24 survived (C_s=0.24), N=17
   Cluster 25 survived (C_s=0.25), N=44
   Cluster 26 survived (C_s=0.17), N=32
   Cluster 28 survived (C_s=0.27), N=52
   Cluster 29 survived (C_s=0.30), N=66
   Cluster 31 survived (C_s=0.23), N=16
   Cluster 33 survived (C_s=0.17), N=11
   Cluster 36 survived (C_s=0.26), N=39
   Cluster 38 survived (C_s=0.20), N=28
   Cluster 39 survived (C_s=0.16), N=24
   Cluster 40 survived (C_s=0.28), N=42
   Cluster 41 survived (C_s=0.30), N=32
   Cluster 42 survived (C_s=0.25), N=37
   Cluster 44 survived (C_s=0.16), N=17
   Cluster 45 survived (C_s=0.26), N=38
   Cluster 46 survived (C_s=0.23), N=36
   Cluster 49 survived (C_s=0.30), N=73
   Cluster 50 survived (C_s=0.36), N=6
   Cluster 54 survived (C_s=0.26), N=29
   Cluster 55 survived (C_s=0.23), N=14
   Cluster 56 survived (C_s=0.31), N=64
   Cluster 57 survived (C_s=0.29), N=30
 A total of 1298 stars survived in 38 clusters
 Performing GUMM analysis...
 Rejected 39 stars as non-members

 IL iteration 5
  Performing clustering on array of shape (1259, 2)
  Identified 50 clusters
   Cluster 0 survived (C_s=0.32), N=40
   Cluster 4 survived (C_s=0.30), N=29
   Cluster 5 survived (C_s=0.14), N=17
   Cluster 6 survived (C_s=0.24), N=13
   Cluster 7 survived (C_s=0.28), N=47
   Cluster 8 survived (C_s=0.23), N=17
   Cluster 9 survived (C_s=0.29), N=50
   Cluster 10 survived (C_s=0.25), N=21
   Cluster 11 survived (C_s=0.14), N=22
   Cluster 12 survived (C_s=0.31), N=51
   Cluster 13 survived (C_s=0.16), N=13
   Cluster 14 survived (C_s=0.26), N=37
   Cluster 15 survived (C_s=0.26), N=24
   Cluster 16 survived (C_s=0.25), N=9
   Cluster 17 survived (C_s=0.20), N=17
   Cluster 18 survived (C_s=0.32), N=23
   Cluster 19 survived (C_s=0.23), N=32
   Cluster 20 survived (C_s=0.17), N=34
   Cluster 21 survived (C_s=0.27), N=29
   Cluster 22 survived (C_s=0.31), N=50
   Cluster 23 survived (C_s=0.29), N=28
   Cluster 24 survived (C_s=0.19), N=16
   Cluster 25 survived (C_s=0.23), N=12
   Cluster 26 survived (C_s=0.30), N=43
   Cluster 27 survived (C_s=0.27), N=40
   Cluster 28 survived (C_s=0.12), N=15
   Cluster 29 survived (C_s=0.28), N=39
   Cluster 30 survived (C_s=0.31), N=44
   Cluster 31 survived (C_s=0.16), N=16
   Cluster 32 survived (C_s=0.26), N=22
   Cluster 34 survived (C_s=0.32), N=18
   Cluster 35 survived (C_s=0.22), N=26
   Cluster 37 survived (C_s=0.27), N=36
   Cluster 38 survived (C_s=0.24), N=39
   Cluster 39 survived (C_s=0.26), N=23
   Cluster 40 survived (C_s=0.20), N=31
   Cluster 41 survived (C_s=0.30), N=48
   Cluster 44 survived (C_s=0.33), N=34
   Cluster 45 survived (C_s=0.28), N=30
   Cluster 46 survived (C_s=0.23), N=24
   Cluster 47 survived (C_s=0.30), N=10
   Cluster 48 survived (C_s=0.30), N=43
   Cluster 49 survived (C_s=0.20), N=16
 A total of 1228 stars survived in 43 clusters
 Performing GUMM analysis...

 IL iteration 6
  Performing clustering on array of shape (1228, 2)
  Identified 49 clusters
   Cluster 0 survived (C_s=0.28), N=29
   Cluster 1 survived (C_s=0.25), N=25
   Cluster 2 survived (C_s=0.17), N=11
   Cluster 3 survived (C_s=0.31), N=13
   Cluster 4 survived (C_s=0.27), N=38
   Cluster 5 survived (C_s=0.18), N=18
   Cluster 6 survived (C_s=0.23), N=12
   Cluster 8 survived (C_s=0.31), N=30
   Cluster 9 survived (C_s=0.21), N=20
   Cluster 10 survived (C_s=0.13), N=16
   Cluster 11 survived (C_s=0.32), N=40
   Cluster 12 survived (C_s=0.30), N=46
   Cluster 13 survived (C_s=0.28), N=15
   Cluster 14 survived (C_s=0.31), N=18
   Cluster 15 survived (C_s=0.29), N=35
   Cluster 16 survived (C_s=0.24), N=23
   Cluster 17 survived (C_s=0.32), N=58
   Cluster 19 survived (C_s=0.25), N=33
   Cluster 20 survived (C_s=0.26), N=38
   Cluster 21 survived (C_s=0.22), N=34
   Cluster 22 survived (C_s=0.17), N=15
   Cluster 23 survived (C_s=0.18), N=31
   Cluster 24 survived (C_s=0.27), N=10
   Cluster 25 survived (C_s=0.29), N=43
   Cluster 26 survived (C_s=0.30), N=50
   Cluster 27 survived (C_s=0.17), N=15
   Cluster 28 survived (C_s=0.32), N=24
   Cluster 29 survived (C_s=0.24), N=15
   Cluster 30 survived (C_s=0.18), N=11
   Cluster 31 survived (C_s=0.23), N=20
   Cluster 32 survived (C_s=0.32), N=55
   Cluster 33 survived (C_s=0.25), N=42
   Cluster 34 survived (C_s=0.29), N=30
   Cluster 35 survived (C_s=0.29), N=35
   Cluster 36 survived (C_s=0.20), N=13
   Cluster 37 survived (C_s=0.26), N=21
   Cluster 38 survived (C_s=0.24), N=21
   Cluster 39 survived (C_s=0.28), N=37
   Cluster 41 survived (C_s=0.26), N=28
   Cluster 42 survived (C_s=0.31), N=12
   Cluster 44 survived (C_s=0.30), N=34
   Cluster 45 survived (C_s=0.18), N=13
   Cluster 46 survived (C_s=0.29), N=24
   Cluster 47 survived (C_s=0.31), N=22
   Cluster 48 survived (C_s=0.19), N=22
 A total of 1195 stars survived in 45 clusters
 Performing GUMM analysis...

 IL iteration 7
  Performing clustering on array of shape (1195, 2)
  Identified 47 clusters
   Cluster 0 survived (C_s=0.29), N=38
   Cluster 1 survived (C_s=0.25), N=33
   Cluster 2 survived (C_s=0.17), N=11
   Cluster 3 survived (C_s=0.33), N=27
   Cluster 4 survived (C_s=0.25), N=9
   Cluster 5 survived (C_s=0.21), N=24
   Cluster 6 survived (C_s=0.17), N=15
   Cluster 7 survived (C_s=0.32), N=35
   Cluster 8 survived (C_s=0.30), N=20
   Cluster 9 survived (C_s=0.29), N=30
   Cluster 10 survived (C_s=0.28), N=19
   Cluster 11 survived (C_s=0.13), N=16
   Cluster 12 survived (C_s=0.22), N=9
   Cluster 13 survived (C_s=0.26), N=34
   Cluster 14 survived (C_s=0.19), N=19
   Cluster 15 survived (C_s=0.21), N=14
   Cluster 16 survived (C_s=0.27), N=37
   Cluster 17 survived (C_s=0.22), N=15
   Cluster 18 survived (C_s=0.20), N=38
   Cluster 19 survived (C_s=0.27), N=37
   Cluster 20 survived (C_s=0.27), N=29
   Cluster 21 survived (C_s=0.25), N=37
   Cluster 22 survived (C_s=0.23), N=35
   Cluster 23 survived (C_s=0.24), N=14
   Cluster 24 survived (C_s=0.46), N=4
   Cluster 25 survived (C_s=0.29), N=53
   Cluster 26 survived (C_s=0.31), N=17
   Cluster 27 survived (C_s=0.27), N=13
   Cluster 28 survived (C_s=0.23), N=11
   Cluster 29 survived (C_s=0.31), N=39
   Cluster 30 survived (C_s=0.32), N=19
   Cluster 31 survived (C_s=0.28), N=20
   Cluster 32 survived (C_s=0.24), N=31
   Cluster 33 survived (C_s=0.31), N=33
   Cluster 34 survived (C_s=0.28), N=37
   Cluster 35 survived (C_s=0.30), N=42
   Cluster 36 survived (C_s=0.39), N=7
   Cluster 37 survived (C_s=0.20), N=24
   Cluster 38 survived (C_s=0.26), N=14
   Cluster 39 survived (C_s=0.30), N=46
   Cluster 40 survived (C_s=0.28), N=45
   Cluster 41 survived (C_s=0.28), N=30
   Cluster 42 survived (C_s=0.21), N=17
   Cluster 43 survived (C_s=0.30), N=27
   Cluster 44 survived (C_s=0.18), N=11
   Cluster 45 survived (C_s=0.30), N=35
   Cluster 46 survived (C_s=0.23), N=25
 All clusters survived, N=1195
Performing final GUMM analysis...
Performing KDE analysis...

P>(.5, .75, .9, .95, .99): 1330, 1301, 1275, 1261, 1221

--------------------------------------------------------
OL run 6
Standard scale: removed mean and scaled to unit variance
 Selected N=2 PCA features
 Variance ratio:  0.51, 0.27

 IL iteration 1
  Performing clustering on array of shape (6857, 2)
  Identified 274 clusters
   Cluster 2 survived (C_s=0.06), N=31
   Cluster 4 survived (C_s=0.30), N=49
   Cluster 7 survived (C_s=0.04), N=48
   Cluster 11 survived (C_s=0.04), N=41
   Cluster 15 survived (C_s=0.10), N=23
   Cluster 17 survived (C_s=0.04), N=45
   Cluster 28 survived (C_s=0.05), N=37
   Cluster 32 survived (C_s=0.29), N=122
   Cluster 36 survived (C_s=0.18), N=10
   Cluster 37 survived (C_s=0.06), N=48
   Cluster 44 survived (C_s=0.05), N=40
   Cluster 52 survived (C_s=0.22), N=8
   Cluster 54 survived (C_s=0.08), N=26
   Cluster 60 survived (C_s=0.05), N=42
   Cluster 61 survived (C_s=0.07), N=26
   Cluster 63 survived (C_s=0.11), N=26
   Cluster 64 survived (C_s=0.12), N=54
   Cluster 66 survived (C_s=0.04), N=70
   Cluster 89 survived (C_s=0.22), N=108
   Cluster 90 survived (C_s=0.08), N=27
   Cluster 95 survived (C_s=0.08), N=23
   Cluster 97 survived (C_s=0.29), N=51
   Cluster 99 survived (C_s=0.07), N=34
   Cluster 101 survived (C_s=0.08), N=24
   Cluster 103 survived (C_s=0.04), N=39
   Cluster 107 survived (C_s=0.26), N=66
   Cluster 111 survived (C_s=0.26), N=85
   Cluster 112 survived (C_s=0.17), N=40
   Cluster 119 survived (C_s=0.06), N=46
   Cluster 128 survived (C_s=0.23), N=50
   Cluster 132 survived (C_s=0.06), N=33
   Cluster 136 survived (C_s=0.19), N=58
   Cluster 140 survived (C_s=0.05), N=58
   Cluster 142 survived (C_s=0.09), N=33
   Cluster 145 survived (C_s=0.26), N=67
   Cluster 152 survived (C_s=0.07), N=27
   Cluster 154 survived (C_s=0.06), N=47
   Cluster 156 survived (C_s=0.07), N=33
   Cluster 157 survived (C_s=0.17), N=16
   Cluster 166 survived (C_s=0.25), N=65
   Cluster 167 survived (C_s=0.05), N=44
   Cluster 185 survived (C_s=0.07), N=54
   Cluster 188 survived (C_s=0.28), N=97
   Cluster 190 survived (C_s=0.18), N=26
   Cluster 198 survived (C_s=0.17), N=54
   Cluster 201 survived (C_s=0.06), N=38
   Cluster 205 survived (C_s=0.06), N=33
   Cluster 214 survived (C_s=0.05), N=58
   Cluster 216 survived (C_s=0.04), N=40
   Cluster 224 survived (C_s=0.15), N=46
   Cluster 225 survived (C_s=0.07), N=38
   Cluster 231 survived (C_s=0.16), N=20
   Cluster 235 survived (C_s=0.29), N=99
   Cluster 240 survived (C_s=0.06), N=30
   Cluster 242 survived (C_s=0.11), N=26
   Cluster 244 survived (C_s=0.29), N=117
   Cluster 246 survived (C_s=0.09), N=23
   Cluster 262 survived (C_s=0.06), N=34
 A total of 2653 stars survived in 58 clusters
 Performing GUMM analysis...
 Rejected 82 stars as non-members

 IL iteration 2
  Performing clustering on array of shape (2571, 2)
  Identified 102 clusters
   Cluster 1 survived (C_s=0.19), N=81
   Cluster 6 survived (C_s=0.36), N=6
   Cluster 7 survived (C_s=0.26), N=65
   Cluster 8 survived (C_s=0.09), N=27
   Cluster 9 survived (C_s=0.13), N=16
   Cluster 12 survived (C_s=0.09), N=27
   Cluster 13 survived (C_s=0.22), N=8
   Cluster 16 survived (C_s=0.15), N=12
   Cluster 17 survived (C_s=0.13), N=32
   Cluster 21 survived (C_s=0.29), N=145
   Cluster 24 survived (C_s=0.23), N=9
   Cluster 27 survived (C_s=0.21), N=8
   Cluster 28 survived (C_s=0.09), N=26
   Cluster 29 survived (C_s=0.18), N=10
   Cluster 30 survived (C_s=0.18), N=41
   Cluster 31 survived (C_s=0.11), N=35
   Cluster 32 survived (C_s=0.17), N=17
   Cluster 33 survived (C_s=0.30), N=109
   Cluster 42 survived (C_s=0.06), N=33
   Cluster 43 survived (C_s=0.08), N=22
   Cluster 44 survived (C_s=0.09), N=24
   Cluster 45 survived (C_s=0.23), N=68
   Cluster 46 survived (C_s=0.28), N=123
   Cluster 49 survived (C_s=0.27), N=71
   Cluster 59 survived (C_s=0.21), N=31
   Cluster 63 survived (C_s=0.19), N=86
   Cluster 66 survived (C_s=0.09), N=19
   Cluster 69 survived (C_s=0.12), N=26
   Cluster 72 survived (C_s=0.28), N=84
   Cluster 73 survived (C_s=0.12), N=39
   Cluster 75 survived (C_s=0.08), N=22
   Cluster 76 survived (C_s=0.11), N=17
   Cluster 81 survived (C_s=0.29), N=134
   Cluster 83 survived (C_s=0.13), N=20
   Cluster 84 survived (C_s=0.28), N=57
   Cluster 87 survived (C_s=0.21), N=21
   Cluster 92 survived (C_s=0.17), N=32
   Cluster 96 survived (C_s=0.24), N=65
   Cluster 99 survived (C_s=0.12), N=24
   Cluster 101 survived (C_s=0.18), N=25
 A total of 1717 stars survived in 40 clusters
 Performing GUMM analysis...
 Rejected 45 stars as non-members

 IL iteration 3
  Performing clustering on array of shape (1672, 2)
  Identified 66 clusters
   Cluster 0 survived (C_s=0.14), N=22
   Cluster 2 survived (C_s=0.13), N=21
   Cluster 3 survived (C_s=0.37), N=5
   Cluster 4 survived (C_s=0.27), N=52
   Cluster 5 survived (C_s=0.13), N=14
   Cluster 8 survived (C_s=0.28), N=28
   Cluster 12 survived (C_s=0.16), N=14
   Cluster 13 survived (C_s=0.22), N=8
   Cluster 14 survived (C_s=0.22), N=38
   Cluster 15 survived (C_s=0.18), N=16
   Cluster 16 survived (C_s=0.29), N=56
   Cluster 19 survived (C_s=0.09), N=22
   Cluster 20 survived (C_s=0.25), N=73
   Cluster 21 survived (C_s=0.23), N=65
   Cluster 22 survived (C_s=0.40), N=5
   Cluster 23 survived (C_s=0.14), N=17
   Cluster 24 survived (C_s=0.14), N=21
   Cluster 25 survived (C_s=0.32), N=31
   Cluster 26 survived (C_s=0.25), N=7
   Cluster 27 survived (C_s=0.20), N=38
   Cluster 29 survived (C_s=0.26), N=54
   Cluster 32 survived (C_s=0.21), N=30
   Cluster 33 survived (C_s=0.28), N=77
   Cluster 34 survived (C_s=0.19), N=48
   Cluster 37 survived (C_s=0.20), N=22
   Cluster 39 survived (C_s=0.17), N=23
   Cluster 41 survived (C_s=0.26), N=45
   Cluster 42 survived (C_s=0.22), N=44
   Cluster 43 survived (C_s=0.22), N=14
   Cluster 46 survived (C_s=0.16), N=32
   Cluster 49 survived (C_s=0.23), N=21
   Cluster 50 survived (C_s=0.29), N=72
   Cluster 52 survived (C_s=0.32), N=83
   Cluster 55 survived (C_s=0.27), N=39
   Cluster 56 survived (C_s=0.20), N=29
   Cluster 59 survived (C_s=0.26), N=44
   Cluster 60 survived (C_s=0.31), N=60
   Cluster 63 survived (C_s=0.26), N=49
   Cluster 65 survived (C_s=0.29), N=84
 A total of 1423 stars survived in 39 clusters
 Performing GUMM analysis...
 Rejected 32 stars as non-members

 IL iteration 4
  Performing clustering on array of shape (1391, 2)
  Identified 55 clusters
   Cluster 0 survived (C_s=0.23), N=55
   Cluster 2 survived (C_s=0.30), N=60
   Cluster 3 survived (C_s=0.20), N=10
   Cluster 4 survived (C_s=0.16), N=14
   Cluster 5 survived (C_s=0.31), N=66
   Cluster 7 survived (C_s=0.18), N=12
   Cluster 9 survived (C_s=0.18), N=10
   Cluster 10 survived (C_s=0.25), N=7
   Cluster 12 survived (C_s=0.21), N=25
   Cluster 13 survived (C_s=0.31), N=59
   Cluster 14 survived (C_s=0.19), N=15
   Cluster 15 survived (C_s=0.22), N=33
   Cluster 16 survived (C_s=0.31), N=32
   Cluster 17 survived (C_s=0.21), N=11
   Cluster 18 survived (C_s=0.29), N=19
   Cluster 19 survived (C_s=0.28), N=48
   Cluster 20 survived (C_s=0.17), N=19
   Cluster 21 survived (C_s=0.29), N=73
   Cluster 22 survived (C_s=0.27), N=17
   Cluster 23 survived (C_s=0.26), N=25
   Cluster 24 survived (C_s=0.24), N=33
   Cluster 25 survived (C_s=0.23), N=19
   Cluster 26 survived (C_s=0.28), N=47
   Cluster 29 survived (C_s=0.24), N=25
   Cluster 31 survived (C_s=0.16), N=16
   Cluster 32 survived (C_s=0.30), N=76
   Cluster 34 survived (C_s=0.26), N=55
   Cluster 35 survived (C_s=0.28), N=52
   Cluster 36 survived (C_s=0.18), N=26
   Cluster 37 survived (C_s=0.25), N=37
   Cluster 38 survived (C_s=0.17), N=12
   Cluster 39 survived (C_s=0.19), N=25
   Cluster 40 survived (C_s=0.14), N=15
   Cluster 41 survived (C_s=0.16), N=28
   Cluster 42 survived (C_s=0.20), N=12
   Cluster 44 survived (C_s=0.27), N=38
   Cluster 45 survived (C_s=0.19), N=13
   Cluster 46 survived (C_s=0.28), N=35
   Cluster 48 survived (C_s=0.17), N=10
   Cluster 49 survived (C_s=0.26), N=11
   Cluster 50 survived (C_s=0.28), N=38
   Cluster 51 survived (C_s=0.29), N=53
   Cluster 52 survived (C_s=0.25), N=17
   Cluster 53 survived (C_s=0.28), N=26
 A total of 1329 stars survived in 44 clusters
 Performing GUMM analysis...

 IL iteration 5
  Performing clustering on array of shape (1329, 2)
  Identified 53 clusters
   Cluster 0 survived (C_s=0.26), N=21
   Cluster 2 survived (C_s=0.20), N=10
   Cluster 3 survived (C_s=0.16), N=27
   Cluster 4 survived (C_s=0.17), N=26
   Cluster 7 survived (C_s=0.24), N=48
   Cluster 8 survived (C_s=0.31), N=35
   Cluster 9 survived (C_s=0.28), N=36
   Cluster 10 survived (C_s=0.24), N=31
   Cluster 11 survived (C_s=0.19), N=28
   Cluster 12 survived (C_s=0.30), N=54
   Cluster 13 survived (C_s=0.19), N=12
   Cluster 14 survived (C_s=0.33), N=37
   Cluster 15 survived (C_s=0.32), N=47
   Cluster 16 survived (C_s=0.18), N=15
   Cluster 17 survived (C_s=0.18), N=18
   Cluster 18 survived (C_s=0.29), N=33
   Cluster 19 survived (C_s=0.27), N=34
   Cluster 21 survived (C_s=0.28), N=33
   Cluster 22 survived (C_s=0.21), N=37
   Cluster 23 survived (C_s=0.28), N=38
   Cluster 24 survived (C_s=0.32), N=13
   Cluster 26 survived (C_s=0.30), N=61
   Cluster 27 survived (C_s=0.27), N=31
   Cluster 29 survived (C_s=0.18), N=22
   Cluster 30 survived (C_s=0.25), N=7
   Cluster 31 survived (C_s=0.16), N=15
   Cluster 32 survived (C_s=0.31), N=62
   Cluster 33 survived (C_s=0.16), N=12
   Cluster 34 survived (C_s=0.17), N=19
   Cluster 35 survived (C_s=0.29), N=6
   Cluster 36 survived (C_s=0.28), N=11
   Cluster 37 survived (C_s=0.23), N=32
   Cluster 39 survived (C_s=0.26), N=35
   Cluster 41 survived (C_s=0.18), N=13
   Cluster 42 survived (C_s=0.31), N=35
   Cluster 43 survived (C_s=0.26), N=21
   Cluster 44 survived (C_s=0.31), N=33
   Cluster 45 survived (C_s=0.24), N=47
   Cluster 47 survived (C_s=0.21), N=30
   Cluster 48 survived (C_s=0.24), N=10
   Cluster 49 survived (C_s=0.29), N=56
   Cluster 51 survived (C_s=0.28), N=29
   Cluster 52 survived (C_s=0.30), N=49
 A total of 1269 stars survived in 43 clusters
 Performing GUMM analysis...

 IL iteration 6
  Performing clustering on array of shape (1269, 2)
  Identified 50 clusters
   Cluster 1 survived (C_s=0.28), N=41
   Cluster 5 survived (C_s=0.24), N=10
   Cluster 6 survived (C_s=0.31), N=51
   Cluster 8 survived (C_s=0.20), N=19
   Cluster 9 survived (C_s=0.24), N=32
   Cluster 10 survived (C_s=0.27), N=48
   Cluster 11 survived (C_s=0.29), N=43
   Cluster 12 survived (C_s=0.28), N=29
   Cluster 13 survived (C_s=0.19), N=10
   Cluster 14 survived (C_s=0.32), N=48
   Cluster 15 survived (C_s=0.27), N=35
   Cluster 16 survived (C_s=0.18), N=24
   Cluster 17 survived (C_s=0.26), N=18
   Cluster 18 survived (C_s=0.16), N=15
   Cluster 19 survived (C_s=0.24), N=15
   Cluster 20 survived (C_s=0.29), N=35
   Cluster 21 survived (C_s=0.20), N=32
   Cluster 22 survived (C_s=0.21), N=23
   Cluster 23 survived (C_s=0.31), N=20
   Cluster 24 survived (C_s=0.33), N=40
   Cluster 25 survived (C_s=0.28), N=11
   Cluster 26 survived (C_s=0.20), N=38
   Cluster 27 survived (C_s=0.24), N=9
   Cluster 28 survived (C_s=0.28), N=60
   Cluster 29 survived (C_s=0.29), N=47
   Cluster 30 survived (C_s=0.30), N=42
   Cluster 31 survived (C_s=0.30), N=25
   Cluster 33 survived (C_s=0.17), N=13
   Cluster 35 survived (C_s=0.25), N=42
   Cluster 36 survived (C_s=0.18), N=12
   Cluster 37 survived (C_s=0.30), N=56
   Cluster 38 survived (C_s=0.24), N=36
   Cluster 39 survived (C_s=0.24), N=12
   Cluster 40 survived (C_s=0.19), N=28
   Cluster 41 survived (C_s=0.30), N=61
   Cluster 42 survived (C_s=0.28), N=28
   Cluster 43 survived (C_s=0.29), N=8
   Cluster 45 survived (C_s=0.25), N=20
   Cluster 47 survived (C_s=0.22), N=28
   Cluster 48 survived (C_s=0.15), N=13
   Cluster 49 survived (C_s=0.30), N=44
 A total of 1221 stars survived in 41 clusters
 Performing GUMM analysis...

 IL iteration 7
  Performing clustering on array of shape (1221, 2)
  Identified 48 clusters
   Cluster 0 survived (C_s=0.27), N=40
   Cluster 1 survived (C_s=0.20), N=28
   Cluster 2 survived (C_s=0.28), N=21
   Cluster 3 survived (C_s=0.22), N=19
   Cluster 4 survived (C_s=0.25), N=11
   Cluster 5 survived (C_s=0.30), N=25
   Cluster 6 survived (C_s=0.28), N=46
   Cluster 7 survived (C_s=0.31), N=59
   Cluster 8 survived (C_s=0.29), N=39
   Cluster 9 survived (C_s=0.29), N=36
   Cluster 11 survived (C_s=0.18), N=12
   Cluster 12 survived (C_s=0.34), N=23
   Cluster 13 survived (C_s=0.15), N=15
   Cluster 14 survived (C_s=0.31), N=9
   Cluster 15 survived (C_s=0.25), N=27
   Cluster 16 survived (C_s=0.26), N=41
   Cluster 17 survived (C_s=0.29), N=68
   Cluster 18 survived (C_s=0.25), N=15
   Cluster 19 survived (C_s=0.24), N=10
   Cluster 20 survived (C_s=0.31), N=42
   Cluster 21 survived (C_s=0.31), N=10
   Cluster 22 survived (C_s=0.21), N=27
   Cluster 23 survived (C_s=0.31), N=26
   Cluster 24 survived (C_s=0.29), N=39
   Cluster 25 survived (C_s=0.28), N=13
   Cluster 27 survived (C_s=0.15), N=13
   Cluster 28 survived (C_s=0.21), N=22
   Cluster 29 survived (C_s=0.34), N=31
   Cluster 30 survived (C_s=0.25), N=14
   Cluster 31 survived (C_s=0.17), N=22
   Cluster 32 survived (C_s=0.20), N=23
   Cluster 33 survived (C_s=0.24), N=45
   Cluster 35 survived (C_s=0.30), N=17
   Cluster 36 survived (C_s=0.27), N=42
   Cluster 37 survived (C_s=0.30), N=6
   Cluster 38 survived (C_s=0.31), N=43
   Cluster 39 survived (C_s=0.21), N=18
   Cluster 40 survived (C_s=0.20), N=29
   Cluster 41 survived (C_s=0.31), N=52
   Cluster 42 survived (C_s=0.25), N=27
   Cluster 43 survived (C_s=0.29), N=27
   Cluster 44 survived (C_s=0.26), N=22
   Cluster 45 survived (C_s=0.28), N=25
   Cluster 46 survived (C_s=0.29), N=6
   Cluster 47 survived (C_s=0.19), N=11
 A total of 1196 stars survived in 45 clusters
 Performing GUMM analysis...

 IL iteration 8
  Performing clustering on array of shape (1196, 2)
  Identified 47 clusters
   Cluster 0 survived (C_s=0.20), N=31
   Cluster 1 survived (C_s=0.25), N=31
   Cluster 2 survived (C_s=0.27), N=47
   Cluster 3 survived (C_s=0.26), N=12
   Cluster 4 survived (C_s=0.34), N=23
   Cluster 5 survived (C_s=0.18), N=13
   Cluster 6 survived (C_s=0.17), N=12
   Cluster 7 survived (C_s=0.32), N=34
   Cluster 8 survived (C_s=0.19), N=24
   Cluster 9 survived (C_s=0.28), N=27
   Cluster 10 survived (C_s=0.23), N=42
   Cluster 11 survived (C_s=0.31), N=37
   Cluster 12 survived (C_s=0.22), N=9
   Cluster 13 survived (C_s=0.35), N=29
   Cluster 14 survived (C_s=0.20), N=10
   Cluster 15 survived (C_s=0.15), N=15
   Cluster 16 survived (C_s=0.20), N=19
   Cluster 17 survived (C_s=0.31), N=21
   Cluster 18 survived (C_s=0.26), N=31
   Cluster 19 survived (C_s=0.25), N=27
   Cluster 20 survived (C_s=0.31), N=46
   Cluster 21 survived (C_s=0.21), N=19
   Cluster 22 survived (C_s=0.31), N=47
   Cluster 23 survived (C_s=0.31), N=40
   Cluster 24 survived (C_s=0.28), N=7
   Cluster 25 survived (C_s=0.31), N=41
   Cluster 26 survived (C_s=0.25), N=20
   Cluster 27 survived (C_s=0.29), N=41
   Cluster 28 survived (C_s=0.29), N=6
   Cluster 29 survived (C_s=0.27), N=22
   Cluster 30 survived (C_s=0.31), N=27
   Cluster 31 survived (C_s=0.26), N=18
   Cluster 32 survived (C_s=0.26), N=15
   Cluster 33 survived (C_s=0.30), N=34
   Cluster 35 survived (C_s=0.20), N=13
   Cluster 36 survived (C_s=0.20), N=21
   Cluster 37 survived (C_s=0.27), N=36
   Cluster 38 survived (C_s=0.23), N=23
   Cluster 39 survived (C_s=0.30), N=13
   Cluster 40 survived (C_s=0.27), N=34
   Cluster 41 survived (C_s=0.23), N=14
   Cluster 42 survived (C_s=0.27), N=28
   Cluster 43 survived (C_s=0.30), N=22
   Cluster 44 survived (C_s=0.21), N=10
   Cluster 45 survived (C_s=0.29), N=64
   Cluster 46 survived (C_s=0.20), N=31
 A total of 1186 stars survived in 46 clusters
 Performing GUMM analysis...

 IL iteration 9
  Performing clustering on array of shape (1186, 2)
  Identified 47 clusters
   Cluster 0 survived (C_s=0.19), N=21
   Cluster 1 survived (C_s=0.30), N=34
   Cluster 2 survived (C_s=0.33), N=40
   Cluster 3 survived (C_s=0.17), N=14
   Cluster 4 survived (C_s=0.17), N=11
   Cluster 5 survived (C_s=0.31), N=63
   Cluster 6 survived (C_s=0.26), N=14
   Cluster 7 survived (C_s=0.23), N=21
   Cluster 8 survived (C_s=0.19), N=11
   Cluster 9 survived (C_s=0.32), N=39
   Cluster 10 survived (C_s=0.21), N=29
   Cluster 11 survived (C_s=0.16), N=19
   Cluster 12 survived (C_s=0.28), N=27
   Cluster 13 survived (C_s=0.28), N=15
   Cluster 14 survived (C_s=0.24), N=10
   Cluster 15 survived (C_s=0.27), N=38
   Cluster 16 survived (C_s=0.25), N=16
   Cluster 17 survived (C_s=0.27), N=35
   Cluster 18 survived (C_s=0.20), N=30
   Cluster 19 survived (C_s=0.29), N=56
   Cluster 20 survived (C_s=0.29), N=11
   Cluster 21 survived (C_s=0.28), N=11
   Cluster 22 survived (C_s=0.26), N=54
   Cluster 23 survived (C_s=0.30), N=8
   Cluster 24 survived (C_s=0.23), N=33
   Cluster 25 survived (C_s=0.21), N=10
   Cluster 26 survived (C_s=0.28), N=8
   Cluster 27 survived (C_s=0.20), N=20
   Cluster 28 survived (C_s=0.25), N=14
   Cluster 29 survived (C_s=0.30), N=16
   Cluster 30 survived (C_s=0.27), N=17
   Cluster 31 survived (C_s=0.28), N=40
   Cluster 32 survived (C_s=0.29), N=35
   Cluster 33 survived (C_s=0.23), N=22
   Cluster 34 survived (C_s=0.33), N=40
   Cluster 35 survived (C_s=0.32), N=45
   Cluster 36 survived (C_s=0.18), N=17
   Cluster 37 survived (C_s=0.24), N=30
   Cluster 38 survived (C_s=0.32), N=23
   Cluster 39 survived (C_s=0.30), N=32
   Cluster 40 survived (C_s=0.30), N=11
   Cluster 41 survived (C_s=0.34), N=12
   Cluster 42 survived (C_s=0.23), N=13
   Cluster 43 survived (C_s=0.35), N=31
   Cluster 44 survived (C_s=0.21), N=16
   Cluster 45 survived (C_s=0.29), N=47
   Cluster 46 survived (C_s=0.29), N=27
 All clusters survived, N=1186
Performing final GUMM analysis...
Performing KDE analysis...

P>(.5, .75, .9, .95, .99): 1328, 1302, 1274, 1261, 1224

--------------------------------------------------------
OL run 7
Standard scale: removed mean and scaled to unit variance
 Selected N=2 PCA features
 Variance ratio:  0.51, 0.27

 IL iteration 1
  Performing clustering on array of shape (6857, 2)
  Identified 274 clusters
   Cluster 1 survived (C_s=0.20), N=48
   Cluster 6 survived (C_s=0.07), N=25
   Cluster 12 survived (C_s=0.07), N=44
   Cluster 24 survived (C_s=0.24), N=144
   Cluster 25 survived (C_s=0.10), N=33
   Cluster 40 survived (C_s=0.27), N=139
   Cluster 41 survived (C_s=0.09), N=25
   Cluster 47 survived (C_s=0.25), N=96
   Cluster 49 survived (C_s=0.06), N=41
   Cluster 60 survived (C_s=0.12), N=25
   Cluster 61 survived (C_s=0.09), N=19
   Cluster 68 survived (C_s=0.10), N=23
   Cluster 79 survived (C_s=0.06), N=39
   Cluster 92 survived (C_s=0.04), N=52
   Cluster 93 survived (C_s=0.05), N=38
   Cluster 95 survived (C_s=0.08), N=49
   Cluster 98 survived (C_s=0.05), N=51
   Cluster 118 survived (C_s=0.29), N=104
   Cluster 133 survived (C_s=0.11), N=37
   Cluster 137 survived (C_s=0.26), N=97
   Cluster 138 survived (C_s=0.20), N=84
   Cluster 143 survived (C_s=0.12), N=101
   Cluster 144 survived (C_s=0.29), N=118
   Cluster 150 survived (C_s=0.07), N=23
   Cluster 153 survived (C_s=0.10), N=23
   Cluster 158 survived (C_s=0.06), N=40
   Cluster 160 survived (C_s=0.12), N=21
   Cluster 165 survived (C_s=0.05), N=40
   Cluster 166 survived (C_s=0.04), N=48
   Cluster 173 survived (C_s=0.06), N=31
   Cluster 175 survived (C_s=0.07), N=34
   Cluster 182 survived (C_s=0.11), N=54
   Cluster 186 survived (C_s=0.05), N=41
   Cluster 191 survived (C_s=0.22), N=126
   Cluster 195 survived (C_s=0.30), N=67
   Cluster 200 survived (C_s=0.29), N=108
   Cluster 220 survived (C_s=0.34), N=6
   Cluster 221 survived (C_s=0.04), N=42
   Cluster 224 survived (C_s=0.04), N=42
   Cluster 225 survived (C_s=0.03), N=57
   Cluster 226 survived (C_s=0.07), N=31
   Cluster 230 survived (C_s=0.12), N=17
   Cluster 231 survived (C_s=0.07), N=25
   Cluster 235 survived (C_s=0.07), N=26
   Cluster 237 survived (C_s=0.11), N=15
   Cluster 243 survived (C_s=0.05), N=43
   Cluster 266 survived (C_s=0.05), N=36
   Cluster 267 survived (C_s=0.08), N=28
 A total of 2456 stars survived in 48 clusters
 Performing GUMM analysis...

 IL iteration 2
  Performing clustering on array of shape (2456, 2)
  Identified 98 clusters
   Cluster 0 survived (C_s=0.31), N=74
   Cluster 7 survived (C_s=0.07), N=29
   Cluster 9 survived (C_s=0.10), N=23
   Cluster 11 survived (C_s=0.10), N=22
   Cluster 14 survived (C_s=0.26), N=77
   Cluster 16 survived (C_s=0.25), N=89
   Cluster 19 survived (C_s=0.17), N=57
   Cluster 22 survived (C_s=0.28), N=55
   Cluster 23 survived (C_s=0.07), N=30
   Cluster 26 survived (C_s=0.26), N=71
   Cluster 29 survived (C_s=0.27), N=93
   Cluster 31 survived (C_s=0.06), N=30
   Cluster 33 survived (C_s=0.21), N=17
   Cluster 36 survived (C_s=0.29), N=60
   Cluster 37 survived (C_s=0.11), N=32
   Cluster 39 survived (C_s=0.30), N=120
   Cluster 41 survived (C_s=0.14), N=21
   Cluster 48 survived (C_s=0.12), N=24
   Cluster 51 survived (C_s=0.19), N=60
   Cluster 52 survived (C_s=0.11), N=17
   Cluster 53 survived (C_s=0.10), N=46
   Cluster 56 survived (C_s=0.13), N=15
   Cluster 60 survived (C_s=0.21), N=60
   Cluster 61 survived (C_s=0.27), N=46
   Cluster 63 survived (C_s=0.07), N=32
   Cluster 67 survived (C_s=0.29), N=118
   Cluster 72 survived (C_s=0.16), N=18
   Cluster 73 survived (C_s=0.15), N=24
   Cluster 75 survived (C_s=0.23), N=71
   Cluster 76 survived (C_s=0.25), N=17
   Cluster 79 survived (C_s=0.34), N=6
   Cluster 83 survived (C_s=0.15), N=48
   Cluster 87 survived (C_s=0.24), N=55
   Cluster 90 survived (C_s=0.19), N=24
 A total of 1581 stars survived in 34 clusters
 Performing GUMM analysis...

 IL iteration 3
  Performing clustering on array of shape (1581, 2)
  Identified 63 clusters
   Cluster 0 survived (C_s=0.16), N=46
   Cluster 3 survived (C_s=0.25), N=13
   Cluster 8 survived (C_s=0.32), N=63
   Cluster 9 survived (C_s=0.24), N=24
   Cluster 11 survived (C_s=0.28), N=45
   Cluster 12 survived (C_s=0.13), N=15
   Cluster 13 survived (C_s=0.19), N=14
   Cluster 15 survived (C_s=0.11), N=17
   Cluster 16 survived (C_s=0.30), N=79
   Cluster 17 survived (C_s=0.17), N=10
   Cluster 18 survived (C_s=0.20), N=29
   Cluster 19 survived (C_s=0.27), N=57
   Cluster 21 survived (C_s=0.30), N=79
   Cluster 24 survived (C_s=0.27), N=44
   Cluster 25 survived (C_s=0.17), N=40
   Cluster 28 survived (C_s=0.12), N=14
   Cluster 29 survived (C_s=0.20), N=23
   Cluster 30 survived (C_s=0.23), N=33
   Cluster 31 survived (C_s=0.18), N=13
   Cluster 34 survived (C_s=0.19), N=17
   Cluster 35 survived (C_s=0.26), N=64
   Cluster 36 survived (C_s=0.21), N=12
   Cluster 37 survived (C_s=0.28), N=52
   Cluster 41 survived (C_s=0.28), N=57
   Cluster 42 survived (C_s=0.29), N=98
   Cluster 43 survived (C_s=0.12), N=17
   Cluster 45 survived (C_s=0.19), N=17
   Cluster 46 survived (C_s=0.14), N=15
   Cluster 48 survived (C_s=0.28), N=48
   Cluster 51 survived (C_s=0.34), N=6
   Cluster 52 survived (C_s=0.29), N=53
   Cluster 53 survived (C_s=0.24), N=16
   Cluster 54 survived (C_s=0.25), N=58
   Cluster 55 survived (C_s=0.18), N=19
   Cluster 56 survived (C_s=0.28), N=37
   Cluster 58 survived (C_s=0.19), N=17
   Cluster 59 survived (C_s=0.26), N=42
   Cluster 61 survived (C_s=0.17), N=17
   Cluster 62 survived (C_s=0.21), N=23
 A total of 1343 stars survived in 39 clusters
 Performing GUMM analysis...
 Rejected 44 stars as non-members

 IL iteration 4
  Performing clustering on array of shape (1299, 2)
  Identified 51 clusters
   Cluster 0 survived (C_s=0.30), N=41
   Cluster 1 survived (C_s=0.24), N=31
   Cluster 3 survived (C_s=0.16), N=14
   Cluster 4 survived (C_s=0.23), N=13
   Cluster 5 survived (C_s=0.27), N=50
   Cluster 7 survived (C_s=0.16), N=14
   Cluster 8 survived (C_s=0.18), N=44
   Cluster 9 survived (C_s=0.30), N=42
   Cluster 11 survived (C_s=0.18), N=25
   Cluster 12 survived (C_s=0.34), N=6
   Cluster 13 survived (C_s=0.28), N=34
   Cluster 14 survived (C_s=0.26), N=29
   Cluster 15 survived (C_s=0.25), N=28
   Cluster 16 survived (C_s=0.17), N=20
   Cluster 17 survived (C_s=0.29), N=76
   Cluster 18 survived (C_s=0.27), N=30
   Cluster 19 survived (C_s=0.27), N=22
   Cluster 20 survived (C_s=0.21), N=15
   Cluster 21 survived (C_s=0.16), N=26
   Cluster 22 survived (C_s=0.28), N=44
   Cluster 23 survived (C_s=0.15), N=18
   Cluster 24 survived (C_s=0.33), N=55
   Cluster 25 survived (C_s=0.32), N=57
   Cluster 26 survived (C_s=0.23), N=9
   Cluster 27 survived (C_s=0.38), N=21
   Cluster 28 survived (C_s=0.20), N=22
   Cluster 29 survived (C_s=0.30), N=37
   Cluster 30 survived (C_s=0.19), N=9
   Cluster 31 survived (C_s=0.29), N=40
   Cluster 32 survived (C_s=0.29), N=8
   Cluster 34 survived (C_s=0.30), N=14
   Cluster 35 survived (C_s=0.26), N=29
   Cluster 36 survived (C_s=0.19), N=16
   Cluster 37 survived (C_s=0.25), N=18
   Cluster 39 survived (C_s=0.21), N=20
   Cluster 40 survived (C_s=0.27), N=58
   Cluster 41 survived (C_s=0.28), N=12
   Cluster 42 survived (C_s=0.30), N=32
   Cluster 43 survived (C_s=0.21), N=21
   Cluster 44 survived (C_s=0.26), N=10
   Cluster 45 survived (C_s=0.29), N=41
   Cluster 46 survived (C_s=0.17), N=18
   Cluster 47 survived (C_s=0.28), N=25
   Cluster 49 survived (C_s=0.25), N=30
   Cluster 50 survived (C_s=0.26), N=42
 A total of 1266 stars survived in 45 clusters
 Performing GUMM analysis...

 IL iteration 5
  Performing clustering on array of shape (1266, 2)
  Identified 50 clusters
   Cluster 0 survived (C_s=0.26), N=35
   Cluster 2 survived (C_s=0.30), N=38
   Cluster 3 survived (C_s=0.19), N=9
   Cluster 4 survived (C_s=0.23), N=11
   Cluster 5 survived (C_s=0.29), N=44
   Cluster 7 survived (C_s=0.15), N=14
   Cluster 8 survived (C_s=0.28), N=39
   Cluster 9 survived (C_s=0.22), N=28
   Cluster 10 survived (C_s=0.29), N=26
   Cluster 12 survived (C_s=0.23), N=44
   Cluster 13 survived (C_s=0.30), N=42
   Cluster 14 survived (C_s=0.28), N=49
   Cluster 15 survived (C_s=0.28), N=15
   Cluster 16 survived (C_s=0.22), N=37
   Cluster 17 survived (C_s=0.27), N=8
   Cluster 18 survived (C_s=0.23), N=17
   Cluster 19 survived (C_s=0.21), N=21
   Cluster 20 survived (C_s=0.23), N=31
   Cluster 21 survived (C_s=0.35), N=19
   Cluster 22 survived (C_s=0.29), N=46
   Cluster 23 survived (C_s=0.23), N=13
   Cluster 24 survived (C_s=0.21), N=28
   Cluster 25 survived (C_s=0.29), N=67
   Cluster 26 survived (C_s=0.29), N=64
   Cluster 27 survived (C_s=0.28), N=32
   Cluster 28 survived (C_s=0.24), N=30
   Cluster 29 survived (C_s=0.23), N=14
   Cluster 30 survived (C_s=0.24), N=29
   Cluster 31 survived (C_s=0.27), N=28
   Cluster 32 survived (C_s=0.23), N=14
   Cluster 34 survived (C_s=0.13), N=24
   Cluster 35 survived (C_s=0.21), N=23
   Cluster 36 survived (C_s=0.27), N=44
   Cluster 37 survived (C_s=0.20), N=14
   Cluster 38 survived (C_s=0.26), N=22
   Cluster 39 survived (C_s=0.25), N=9
   Cluster 40 survived (C_s=0.30), N=12
   Cluster 41 survived (C_s=0.17), N=16
   Cluster 43 survived (C_s=0.31), N=33
   Cluster 44 survived (C_s=0.28), N=26
   Cluster 45 survived (C_s=0.30), N=14
   Cluster 46 survived (C_s=0.29), N=46
   Cluster 48 survived (C_s=0.33), N=61
   Cluster 49 survived (C_s=0.21), N=17
 A total of 1253 stars survived in 44 clusters
 Performing GUMM analysis...

 IL iteration 6
  Performing clustering on array of shape (1253, 2)
  Identified 50 clusters
   Cluster 0 survived (C_s=0.29), N=40
   Cluster 1 survived (C_s=0.23), N=19
   Cluster 2 survived (C_s=0.30), N=38
   Cluster 3 survived (C_s=0.23), N=11
   Cluster 4 survived (C_s=0.21), N=15
   Cluster 5 survived (C_s=0.26), N=41
   Cluster 7 survived (C_s=0.26), N=14
   Cluster 8 survived (C_s=0.30), N=56
   Cluster 9 survived (C_s=0.26), N=30
   Cluster 10 survived (C_s=0.22), N=26
   Cluster 11 survived (C_s=0.26), N=26
   Cluster 12 survived (C_s=0.13), N=20
   Cluster 13 survived (C_s=0.33), N=48
   Cluster 15 survived (C_s=0.28), N=44
   Cluster 16 survived (C_s=0.36), N=26
   Cluster 17 survived (C_s=0.27), N=53
   Cluster 18 survived (C_s=0.28), N=31
   Cluster 19 survived (C_s=0.17), N=26
   Cluster 20 survived (C_s=0.24), N=19
   Cluster 21 survived (C_s=0.14), N=13
   Cluster 22 survived (C_s=0.29), N=41
   Cluster 23 survived (C_s=0.28), N=14
   Cluster 24 survived (C_s=0.22), N=12
   Cluster 25 survived (C_s=0.28), N=30
   Cluster 26 survived (C_s=0.31), N=50
   Cluster 27 survived (C_s=0.25), N=18
   Cluster 28 survived (C_s=0.32), N=30
   Cluster 29 survived (C_s=0.20), N=21
   Cluster 30 survived (C_s=0.38), N=6
   Cluster 31 survived (C_s=0.30), N=42
   Cluster 32 survived (C_s=0.30), N=31
   Cluster 33 survived (C_s=0.29), N=33
   Cluster 34 survived (C_s=0.20), N=13
   Cluster 35 survived (C_s=0.21), N=13
   Cluster 36 survived (C_s=0.25), N=51
   Cluster 37 survived (C_s=0.20), N=14
   Cluster 38 survived (C_s=0.23), N=38
   Cluster 39 survived (C_s=0.31), N=19
   Cluster 40 survived (C_s=0.14), N=26
   Cluster 42 survived (C_s=0.23), N=31
   Cluster 43 survived (C_s=0.25), N=11
   Cluster 44 survived (C_s=0.23), N=17
   Cluster 45 survived (C_s=0.30), N=58
   Cluster 46 survived (C_s=0.30), N=6
   Cluster 49 survived (C_s=0.40), N=6
 A total of 1227 stars survived in 45 clusters
 Performing GUMM analysis...

 IL iteration 7
  Performing clustering on array of shape (1227, 2)
  Identified 49 clusters
   Cluster 0 survived (C_s=0.36), N=16
   Cluster 1 survived (C_s=0.27), N=41
   Cluster 2 survived (C_s=0.25), N=14
   Cluster 3 survived (C_s=0.29), N=44
   Cluster 4 survived (C_s=0.18), N=20
   Cluster 5 survived (C_s=0.28), N=19
   Cluster 6 survived (C_s=0.26), N=7
   Cluster 7 survived (C_s=0.28), N=57
   Cluster 8 survived (C_s=0.23), N=16
   Cluster 9 survived (C_s=0.30), N=44
   Cluster 10 survived (C_s=0.24), N=44
   Cluster 11 survived (C_s=0.23), N=10
   Cluster 12 survived (C_s=0.33), N=37
   Cluster 13 survived (C_s=0.22), N=12
   Cluster 14 survived (C_s=0.21), N=24
   Cluster 15 survived (C_s=0.21), N=21
   Cluster 16 survived (C_s=0.19), N=16
   Cluster 17 survived (C_s=0.30), N=50
   Cluster 18 survived (C_s=0.34), N=14
   Cluster 19 survived (C_s=0.25), N=19
   Cluster 20 survived (C_s=0.21), N=15
   Cluster 21 survived (C_s=0.15), N=12
   Cluster 22 survived (C_s=0.24), N=29
   Cluster 23 survived (C_s=0.27), N=28
   Cluster 24 survived (C_s=0.27), N=39
   Cluster 26 survived (C_s=0.22), N=31
   Cluster 27 survived (C_s=0.31), N=53
   Cluster 28 survived (C_s=0.31), N=29
   Cluster 29 survived (C_s=0.26), N=18
   Cluster 30 survived (C_s=0.19), N=23
   Cluster 31 survived (C_s=0.28), N=58
   Cluster 32 survived (C_s=0.23), N=20
   Cluster 33 survived (C_s=0.32), N=33
   Cluster 34 survived (C_s=0.17), N=10
   Cluster 35 survived (C_s=0.28), N=11
   Cluster 36 survived (C_s=0.31), N=32
   Cluster 37 survived (C_s=0.23), N=40
   Cluster 38 survived (C_s=0.21), N=15
   Cluster 40 survived (C_s=0.27), N=25
   Cluster 42 survived (C_s=0.31), N=7
   Cluster 43 survived (C_s=0.20), N=20
   Cluster 44 survived (C_s=0.38), N=18
   Cluster 45 survived (C_s=0.25), N=38
   Cluster 46 survived (C_s=0.29), N=32
   Cluster 47 survived (C_s=0.29), N=29
   Cluster 48 survived (C_s=0.25), N=20
 A total of 1210 stars survived in 46 clusters
 Performing GUMM analysis...
 Rejected 66 stars as non-members

 IL iteration 8
  Performing clustering on array of shape (1144, 2)
  Identified 45 clusters
   Cluster 0 survived (C_s=0.28), N=24
   Cluster 1 survived (C_s=0.28), N=38
   Cluster 2 survived (C_s=0.25), N=17
   Cluster 3 survived (C_s=0.25), N=11
   Cluster 4 survived (C_s=0.32), N=54
   Cluster 5 survived (C_s=0.25), N=20
   Cluster 6 survived (C_s=0.32), N=47
   Cluster 7 survived (C_s=0.29), N=23
   Cluster 8 survived (C_s=0.18), N=11
   Cluster 9 survived (C_s=0.31), N=57
   Cluster 10 survived (C_s=0.28), N=23
   Cluster 11 survived (C_s=0.23), N=25
   Cluster 12 survived (C_s=0.30), N=20
   Cluster 13 survived (C_s=0.28), N=9
   Cluster 14 survived (C_s=0.27), N=23
   Cluster 15 survived (C_s=0.17), N=14
   Cluster 16 survived (C_s=0.30), N=21
   Cluster 17 survived (C_s=0.31), N=34
   Cluster 18 survived (C_s=0.36), N=6
   Cluster 19 survived (C_s=0.29), N=30
   Cluster 20 survived (C_s=0.24), N=15
   Cluster 21 survived (C_s=0.31), N=47
   Cluster 22 survived (C_s=0.27), N=39
   Cluster 23 survived (C_s=0.29), N=8
   Cluster 24 survived (C_s=0.32), N=22
   Cluster 25 survived (C_s=0.32), N=37
   Cluster 26 survived (C_s=0.22), N=18
   Cluster 27 survived (C_s=0.33), N=27
   Cluster 28 survived (C_s=0.32), N=17
   Cluster 29 survived (C_s=0.27), N=12
   Cluster 30 survived (C_s=0.28), N=52
   Cluster 31 survived (C_s=0.22), N=20
   Cluster 32 survived (C_s=0.24), N=29
   Cluster 33 survived (C_s=0.30), N=35
   Cluster 34 survived (C_s=0.28), N=36
   Cluster 35 survived (C_s=0.28), N=35
   Cluster 36 survived (C_s=0.33), N=53
   Cluster 37 survived (C_s=0.41), N=15
   Cluster 38 survived (C_s=0.31), N=8
   Cluster 39 survived (C_s=0.26), N=9
   Cluster 40 survived (C_s=0.32), N=27
   Cluster 41 survived (C_s=0.29), N=8
   Cluster 42 survived (C_s=0.29), N=31
   Cluster 43 survived (C_s=0.30), N=15
   Cluster 44 survived (C_s=0.26), N=22
 All clusters survived, N=1144
Performing final GUMM analysis...
Performing KDE analysis...

P>(.5, .75, .9, .95, .99): 1327, 1300, 1274, 1260, 1224

--------------------------------------------------------
OL run 8
Standard scale: removed mean and scaled to unit variance
 Selected N=2 PCA features
 Variance ratio:  0.51, 0.27

 IL iteration 1
  Performing clustering on array of shape (6857, 2)
  Identified 274 clusters
   Cluster 0 survived (C_s=0.23), N=115
   Cluster 1 survived (C_s=0.05), N=33
   Cluster 7 survived (C_s=0.05), N=32
   Cluster 14 survived (C_s=0.06), N=28
   Cluster 16 survived (C_s=0.04), N=42
   Cluster 23 survived (C_s=0.07), N=30
   Cluster 26 survived (C_s=0.06), N=39
   Cluster 28 survived (C_s=0.06), N=55
   Cluster 30 survived (C_s=0.08), N=21
   Cluster 37 survived (C_s=0.29), N=81
   Cluster 40 survived (C_s=0.04), N=51
   Cluster 45 survived (C_s=0.23), N=35
   Cluster 46 survived (C_s=0.08), N=30
   Cluster 48 survived (C_s=0.30), N=96
   Cluster 55 survived (C_s=0.15), N=51
   Cluster 57 survived (C_s=0.06), N=45
   Cluster 61 survived (C_s=0.05), N=35
   Cluster 62 survived (C_s=0.04), N=45
   Cluster 63 survived (C_s=0.13), N=14
   Cluster 82 survived (C_s=0.31), N=75
   Cluster 83 survived (C_s=0.08), N=26
   Cluster 89 survived (C_s=0.05), N=35
   Cluster 97 survived (C_s=0.10), N=21
   Cluster 104 survived (C_s=0.05), N=36
   Cluster 109 survived (C_s=0.08), N=21
   Cluster 110 survived (C_s=0.23), N=77
   Cluster 117 survived (C_s=0.06), N=46
   Cluster 124 survived (C_s=0.26), N=56
   Cluster 135 survived (C_s=0.28), N=139
   Cluster 139 survived (C_s=0.05), N=53
   Cluster 142 survived (C_s=0.06), N=32
   Cluster 151 survived (C_s=0.05), N=37
   Cluster 156 survived (C_s=0.12), N=58
   Cluster 159 survived (C_s=0.04), N=42
   Cluster 161 survived (C_s=0.16), N=75
   Cluster 164 survived (C_s=0.25), N=25
   Cluster 169 survived (C_s=0.26), N=59
   Cluster 173 survived (C_s=0.27), N=94
   Cluster 182 survived (C_s=0.13), N=19
   Cluster 189 survived (C_s=0.06), N=35
   Cluster 190 survived (C_s=0.05), N=45
   Cluster 191 survived (C_s=0.07), N=32
   Cluster 195 survived (C_s=0.28), N=77
   Cluster 209 survived (C_s=0.06), N=31
   Cluster 210 survived (C_s=0.04), N=39
   Cluster 211 survived (C_s=0.20), N=11
   Cluster 216 survived (C_s=0.06), N=41
   Cluster 220 survived (C_s=0.14), N=41
   Cluster 221 survived (C_s=0.13), N=30
   Cluster 229 survived (C_s=0.19), N=12
   Cluster 240 survived (C_s=0.06), N=30
   Cluster 245 survived (C_s=0.08), N=22
   Cluster 254 survived (C_s=0.06), N=31
   Cluster 256 survived (C_s=0.28), N=57
   Cluster 258 survived (C_s=0.24), N=31
   Cluster 262 survived (C_s=0.19), N=54
   Cluster 268 survived (C_s=0.08), N=21
   Cluster 272 survived (C_s=0.13), N=13
 A total of 2557 stars survived in 58 clusters
 Performing GUMM analysis...

 IL iteration 2
  Performing clustering on array of shape (2557, 2)
  Identified 102 clusters
   Cluster 1 survived (C_s=0.29), N=138
   Cluster 6 survived (C_s=0.16), N=13
   Cluster 8 survived (C_s=0.20), N=20
   Cluster 9 survived (C_s=0.06), N=34
   Cluster 11 survived (C_s=0.10), N=21
   Cluster 12 survived (C_s=0.16), N=23
   Cluster 13 survived (C_s=0.12), N=35
   Cluster 14 survived (C_s=0.16), N=14
   Cluster 17 survived (C_s=0.36), N=6
   Cluster 21 survived (C_s=0.14), N=33
   Cluster 23 survived (C_s=0.29), N=146
   Cluster 30 survived (C_s=0.23), N=86
   Cluster 34 survived (C_s=0.22), N=72
   Cluster 41 survived (C_s=0.06), N=30
   Cluster 42 survived (C_s=0.25), N=85
   Cluster 45 survived (C_s=0.28), N=140
   Cluster 46 survived (C_s=0.06), N=26
   Cluster 55 survived (C_s=0.13), N=13
   Cluster 57 survived (C_s=0.15), N=29
   Cluster 60 survived (C_s=0.07), N=30
   Cluster 62 survived (C_s=0.28), N=69
   Cluster 63 survived (C_s=0.16), N=56
   Cluster 73 survived (C_s=0.18), N=52
   Cluster 78 survived (C_s=0.23), N=79
   Cluster 79 survived (C_s=0.12), N=16
   Cluster 82 survived (C_s=0.28), N=87
   Cluster 86 survived (C_s=0.11), N=26
   Cluster 89 survived (C_s=0.16), N=59
   Cluster 93 survived (C_s=0.27), N=120
   Cluster 101 survived (C_s=0.08), N=30
 A total of 1588 stars survived in 30 clusters
 Performing GUMM analysis...
 Rejected 96 stars as non-members

 IL iteration 3
  Performing clustering on array of shape (1492, 2)
  Identified 59 clusters
   Cluster 0 survived (C_s=0.28), N=70
   Cluster 1 survived (C_s=0.13), N=16
   Cluster 3 survived (C_s=0.17), N=24
   Cluster 4 survived (C_s=0.29), N=63
   Cluster 6 survived (C_s=0.18), N=24
   Cluster 9 survived (C_s=0.21), N=12
   Cluster 12 survived (C_s=0.27), N=56
   Cluster 14 survived (C_s=0.22), N=32
   Cluster 16 survived (C_s=0.32), N=65
   Cluster 17 survived (C_s=0.31), N=65
   Cluster 18 survived (C_s=0.23), N=20
   Cluster 19 survived (C_s=0.29), N=22
   Cluster 20 survived (C_s=0.22), N=24
   Cluster 21 survived (C_s=0.29), N=67
   Cluster 22 survived (C_s=0.17), N=12
   Cluster 23 survived (C_s=0.20), N=38
   Cluster 24 survived (C_s=0.28), N=28
   Cluster 26 survived (C_s=0.26), N=51
   Cluster 29 survived (C_s=0.13), N=20
   Cluster 32 survived (C_s=0.30), N=6
   Cluster 34 survived (C_s=0.28), N=50
   Cluster 35 survived (C_s=0.20), N=44
   Cluster 38 survived (C_s=0.29), N=70
   Cluster 39 survived (C_s=0.25), N=22
   Cluster 40 survived (C_s=0.16), N=11
   Cluster 41 survived (C_s=0.31), N=60
   Cluster 42 survived (C_s=0.22), N=26
   Cluster 43 survived (C_s=0.16), N=18
   Cluster 45 survived (C_s=0.22), N=21
   Cluster 47 survived (C_s=0.15), N=18
   Cluster 49 survived (C_s=0.29), N=60
   Cluster 50 survived (C_s=0.30), N=54
   Cluster 51 survived (C_s=0.21), N=34
   Cluster 53 survived (C_s=0.26), N=47
   Cluster 55 survived (C_s=0.23), N=42
   Cluster 58 survived (C_s=0.22), N=28
 A total of 1320 stars survived in 36 clusters
 Performing GUMM analysis...

 IL iteration 4
  Performing clustering on array of shape (1320, 2)
  Identified 52 clusters
   Cluster 0 survived (C_s=0.25), N=28
   Cluster 1 survived (C_s=0.13), N=16
   Cluster 2 survived (C_s=0.21), N=22
   Cluster 3 survived (C_s=0.18), N=10
   Cluster 4 survived (C_s=0.23), N=8
   Cluster 5 survived (C_s=0.28), N=70
   Cluster 6 survived (C_s=0.27), N=49
   Cluster 7 survived (C_s=0.28), N=69
   Cluster 8 survived (C_s=0.13), N=18
   Cluster 9 survived (C_s=0.17), N=12
   Cluster 10 survived (C_s=0.14), N=12
   Cluster 11 survived (C_s=0.29), N=46
   Cluster 13 survived (C_s=0.27), N=14
   Cluster 14 survived (C_s=0.23), N=12
   Cluster 15 survived (C_s=0.28), N=51
   Cluster 16 survived (C_s=0.32), N=18
   Cluster 17 survived (C_s=0.31), N=42
   Cluster 18 survived (C_s=0.24), N=14
   Cluster 19 survived (C_s=0.32), N=21
   Cluster 20 survived (C_s=0.24), N=21
   Cluster 21 survived (C_s=0.12), N=16
   Cluster 22 survived (C_s=0.22), N=24
   Cluster 23 survived (C_s=0.30), N=50
   Cluster 24 survived (C_s=0.30), N=23
   Cluster 25 survived (C_s=0.19), N=42
   Cluster 28 survived (C_s=0.34), N=12
   Cluster 29 survived (C_s=0.24), N=24
   Cluster 30 survived (C_s=0.22), N=40
   Cluster 31 survived (C_s=0.27), N=31
   Cluster 33 survived (C_s=0.30), N=62
   Cluster 34 survived (C_s=0.29), N=56
   Cluster 36 survived (C_s=0.16), N=26
   Cluster 39 survived (C_s=0.23), N=19
   Cluster 40 survived (C_s=0.29), N=34
   Cluster 41 survived (C_s=0.23), N=18
   Cluster 43 survived (C_s=0.20), N=22
   Cluster 45 survived (C_s=0.30), N=46
   Cluster 46 survived (C_s=0.22), N=15
   Cluster 47 survived (C_s=0.24), N=32
   Cluster 48 survived (C_s=0.27), N=55
   Cluster 49 survived (C_s=0.31), N=49
   Cluster 50 survived (C_s=0.29), N=12
   Cluster 51 survived (C_s=0.17), N=13
 A total of 1274 stars survived in 43 clusters
 Performing GUMM analysis...

 IL iteration 5
  Performing clustering on array of shape (1274, 2)
  Identified 50 clusters
   Cluster 0 survived (C_s=0.30), N=41
   Cluster 2 survived (C_s=0.29), N=30
   Cluster 3 survived (C_s=0.23), N=8
   Cluster 4 survived (C_s=0.32), N=12
   Cluster 5 survived (C_s=0.19), N=16
   Cluster 6 survived (C_s=0.20), N=29
   Cluster 7 survived (C_s=0.28), N=31
   Cluster 8 survived (C_s=0.30), N=49
   Cluster 9 survived (C_s=0.29), N=27
   Cluster 10 survived (C_s=0.27), N=53
   Cluster 12 survived (C_s=0.30), N=11
   Cluster 13 survived (C_s=0.19), N=27
   Cluster 14 survived (C_s=0.28), N=33
   Cluster 15 survived (C_s=0.33), N=14
   Cluster 16 survived (C_s=0.26), N=22
   Cluster 17 survived (C_s=0.29), N=11
   Cluster 18 survived (C_s=0.22), N=17
   Cluster 19 survived (C_s=0.27), N=57
   Cluster 20 survived (C_s=0.17), N=18
   Cluster 21 survived (C_s=0.30), N=35
   Cluster 22 survived (C_s=0.22), N=37
   Cluster 23 survived (C_s=0.15), N=20
   Cluster 24 survived (C_s=0.21), N=21
   Cluster 25 survived (C_s=0.32), N=45
   Cluster 26 survived (C_s=0.30), N=46
   Cluster 27 survived (C_s=0.28), N=20
   Cluster 29 survived (C_s=0.30), N=38
   Cluster 31 survived (C_s=0.25), N=16
   Cluster 32 survived (C_s=0.32), N=39
   Cluster 33 survived (C_s=0.16), N=13
   Cluster 34 survived (C_s=0.25), N=42
   Cluster 35 survived (C_s=0.24), N=37
   Cluster 36 survived (C_s=0.16), N=16
   Cluster 37 survived (C_s=0.32), N=34
   Cluster 38 survived (C_s=0.29), N=29
   Cluster 39 survived (C_s=0.21), N=36
   Cluster 40 survived (C_s=0.27), N=32
   Cluster 41 survived (C_s=0.30), N=44
   Cluster 42 survived (C_s=0.31), N=7
   Cluster 43 survived (C_s=0.31), N=48
   Cluster 44 survived (C_s=0.34), N=19
   Cluster 45 survived (C_s=0.23), N=9
   Cluster 46 survived (C_s=0.20), N=24
   Cluster 47 survived (C_s=0.25), N=12
   Cluster 49 survived (C_s=0.19), N=19
 A total of 1244 stars survived in 45 clusters
 Performing GUMM analysis...

 IL iteration 6
  Performing clustering on array of shape (1244, 2)
  Identified 49 clusters
   Cluster 0 survived (C_s=0.29), N=27
   Cluster 1 survived (C_s=0.23), N=8
   Cluster 2 survived (C_s=0.31), N=43
   Cluster 3 survived (C_s=0.21), N=32
   Cluster 4 survived (C_s=0.19), N=29
   Cluster 5 survived (C_s=0.29), N=51
   Cluster 6 survived (C_s=0.19), N=16
   Cluster 7 survived (C_s=0.27), N=43
   Cluster 8 survived (C_s=0.31), N=41
   Cluster 9 survived (C_s=0.32), N=12
   Cluster 10 survived (C_s=0.18), N=15
   Cluster 11 survived (C_s=0.28), N=27
   Cluster 12 survived (C_s=0.23), N=29
   Cluster 13 survived (C_s=0.25), N=9
   Cluster 14 survived (C_s=0.27), N=44
   Cluster 15 survived (C_s=0.14), N=15
   Cluster 16 survived (C_s=0.29), N=13
   Cluster 17 survived (C_s=0.17), N=31
   Cluster 18 survived (C_s=0.31), N=38
   Cluster 19 survived (C_s=0.22), N=22
   Cluster 20 survived (C_s=0.23), N=14
   Cluster 21 survived (C_s=0.25), N=19
   Cluster 22 survived (C_s=0.31), N=41
   Cluster 23 survived (C_s=0.32), N=43
   Cluster 24 survived (C_s=0.29), N=54
   Cluster 25 survived (C_s=0.26), N=18
   Cluster 26 survived (C_s=0.31), N=7
   Cluster 27 survived (C_s=0.28), N=47
   Cluster 28 survived (C_s=0.24), N=11
   Cluster 29 survived (C_s=0.26), N=42
   Cluster 30 survived (C_s=0.26), N=20
   Cluster 32 survived (C_s=0.27), N=31
   Cluster 33 survived (C_s=0.22), N=20
   Cluster 34 survived (C_s=0.20), N=16
   Cluster 35 survived (C_s=0.23), N=26
   Cluster 36 survived (C_s=0.27), N=28
   Cluster 37 survived (C_s=0.32), N=31
   Cluster 38 survived (C_s=0.31), N=28
   Cluster 39 survived (C_s=0.15), N=13
   Cluster 41 survived (C_s=0.27), N=25
   Cluster 42 survived (C_s=0.29), N=31
   Cluster 43 survived (C_s=0.33), N=43
   Cluster 44 survived (C_s=0.35), N=8
   Cluster 45 survived (C_s=0.23), N=9
   Cluster 46 survived (C_s=0.30), N=23
   Cluster 48 survived (C_s=0.24), N=20
 A total of 1213 stars survived in 46 clusters
 Performing GUMM analysis...

 IL iteration 7
  Performing clustering on array of shape (1213, 2)
  Identified 48 clusters
   Cluster 0 survived (C_s=0.20), N=12
   Cluster 1 survived (C_s=0.30), N=24
   Cluster 2 survived (C_s=0.23), N=8
   Cluster 3 survived (C_s=0.28), N=28
   Cluster 4 survived (C_s=0.30), N=45
   Cluster 5 survived (C_s=0.17), N=14
   Cluster 6 survived (C_s=0.25), N=13
   Cluster 7 survived (C_s=0.28), N=28
   Cluster 8 survived (C_s=0.25), N=37
   Cluster 9 survived (C_s=0.31), N=29
   Cluster 10 survived (C_s=0.18), N=27
   Cluster 11 survived (C_s=0.23), N=15
   Cluster 12 survived (C_s=0.31), N=41
   Cluster 13 survived (C_s=0.25), N=8
   Cluster 14 survived (C_s=0.30), N=27
   Cluster 15 survived (C_s=0.28), N=21
   Cluster 16 survived (C_s=0.32), N=12
   Cluster 17 survived (C_s=0.31), N=53
   Cluster 18 survived (C_s=0.30), N=37
   Cluster 19 survived (C_s=0.20), N=32
   Cluster 20 survived (C_s=0.34), N=10
   Cluster 21 survived (C_s=0.27), N=10
   Cluster 22 survived (C_s=0.18), N=10
   Cluster 23 survived (C_s=0.23), N=30
   Cluster 24 survived (C_s=0.25), N=25
   Cluster 26 survived (C_s=0.32), N=32
   Cluster 27 survived (C_s=0.29), N=23
   Cluster 28 survived (C_s=0.28), N=32
   Cluster 29 survived (C_s=0.29), N=46
   Cluster 30 survived (C_s=0.24), N=24
   Cluster 31 survived (C_s=0.23), N=21
   Cluster 32 survived (C_s=0.22), N=10
   Cluster 33 survived (C_s=0.27), N=40
   Cluster 34 survived (C_s=0.22), N=14
   Cluster 35 survived (C_s=0.35), N=10
   Cluster 36 survived (C_s=0.31), N=38
   Cluster 37 survived (C_s=0.32), N=31
   Cluster 38 survived (C_s=0.29), N=40
   Cluster 39 survived (C_s=0.22), N=29
   Cluster 40 survived (C_s=0.20), N=13
   Cluster 41 survived (C_s=0.25), N=32
   Cluster 42 survived (C_s=0.25), N=23
   Cluster 43 survived (C_s=0.30), N=47
   Cluster 44 survived (C_s=0.30), N=44
   Cluster 45 survived (C_s=0.20), N=14
   Cluster 46 survived (C_s=0.24), N=22
   Cluster 47 survived (C_s=0.21), N=18
 A total of 1199 stars survived in 47 clusters
 Performing GUMM analysis...

 IL iteration 8
  Performing clustering on array of shape (1199, 2)
  Identified 47 clusters
   Cluster 0 survived (C_s=0.27), N=58
   Cluster 2 survived (C_s=0.32), N=20
   Cluster 3 survived (C_s=0.29), N=12
   Cluster 4 survived (C_s=0.31), N=53
   Cluster 5 survived (C_s=0.19), N=16
   Cluster 6 survived (C_s=0.24), N=8
   Cluster 7 survived (C_s=0.21), N=28
   Cluster 8 survived (C_s=0.34), N=20
   Cluster 9 survived (C_s=0.27), N=39
   Cluster 10 survived (C_s=0.22), N=29
   Cluster 11 survived (C_s=0.27), N=49
   Cluster 12 survived (C_s=0.30), N=22
   Cluster 13 survived (C_s=0.24), N=19
   Cluster 14 survived (C_s=0.29), N=21
   Cluster 15 survived (C_s=0.30), N=51
   Cluster 16 survived (C_s=0.22), N=19
   Cluster 17 survived (C_s=0.22), N=10
   Cluster 18 survived (C_s=0.30), N=21
   Cluster 19 survived (C_s=0.24), N=25
   Cluster 20 survived (C_s=0.24), N=22
   Cluster 21 survived (C_s=0.19), N=9
   Cluster 22 survived (C_s=0.32), N=12
   Cluster 23 survived (C_s=0.30), N=37
   Cluster 24 survived (C_s=0.30), N=39
   Cluster 25 survived (C_s=0.21), N=19
   Cluster 26 survived (C_s=0.33), N=9
   Cluster 27 survived (C_s=0.30), N=56
   Cluster 28 survived (C_s=0.27), N=41
   Cluster 29 survived (C_s=0.15), N=13
   Cluster 30 survived (C_s=0.32), N=42
   Cluster 31 survived (C_s=0.26), N=32
   Cluster 32 survived (C_s=0.29), N=46
   Cluster 33 survived (C_s=0.30), N=46
   Cluster 34 survived (C_s=0.22), N=11
   Cluster 35 survived (C_s=0.34), N=19
   Cluster 36 survived (C_s=0.28), N=33
   Cluster 37 survived (C_s=0.18), N=17
   Cluster 38 survived (C_s=0.18), N=24
   Cluster 39 survived (C_s=0.23), N=10
   Cluster 40 survived (C_s=0.31), N=36
   Cluster 41 survived (C_s=0.27), N=18
   Cluster 42 survived (C_s=0.23), N=25
   Cluster 43 survived (C_s=0.18), N=15
   Cluster 44 survived (C_s=0.26), N=24
   Cluster 46 survived (C_s=0.21), N=16
 A total of 1191 stars survived in 45 clusters
 Performing GUMM analysis...

 IL iteration 9
  Performing clustering on array of shape (1191, 2)
  Identified 47 clusters
   Cluster 0 survived (C_s=0.28), N=47
   Cluster 1 survived (C_s=0.16), N=29
   Cluster 2 survived (C_s=0.18), N=15
   Cluster 3 survived (C_s=0.20), N=21
   Cluster 4 survived (C_s=0.28), N=47
   Cluster 5 survived (C_s=0.29), N=31
   Cluster 6 survived (C_s=0.25), N=28
   Cluster 7 survived (C_s=0.32), N=12
   Cluster 8 survived (C_s=0.19), N=16
   Cluster 9 survived (C_s=0.32), N=28
   Cluster 10 survived (C_s=0.29), N=11
   Cluster 11 survived (C_s=0.29), N=55
   Cluster 12 survived (C_s=0.39), N=11
   Cluster 13 survived (C_s=0.24), N=24
   Cluster 14 survived (C_s=0.23), N=17
   Cluster 15 survived (C_s=0.28), N=53
   Cluster 16 survived (C_s=0.21), N=23
   Cluster 17 survived (C_s=0.32), N=8
   Cluster 18 survived (C_s=0.30), N=22
   Cluster 19 survived (C_s=0.30), N=51
   Cluster 20 survived (C_s=0.34), N=11
   Cluster 21 survived (C_s=0.23), N=10
   Cluster 22 survived (C_s=0.26), N=22
   Cluster 24 survived (C_s=0.25), N=42
   Cluster 25 survived (C_s=0.27), N=64
   Cluster 26 survived (C_s=0.26), N=26
   Cluster 27 survived (C_s=0.20), N=15
   Cluster 28 survived (C_s=0.32), N=21
   Cluster 29 survived (C_s=0.31), N=34
   Cluster 30 survived (C_s=0.23), N=15
   Cluster 31 survived (C_s=0.29), N=43
   Cluster 32 survived (C_s=0.24), N=8
   Cluster 33 survived (C_s=0.23), N=11
   Cluster 34 survived (C_s=0.32), N=47
   Cluster 35 survived (C_s=0.31), N=35
   Cluster 36 survived (C_s=0.30), N=25
   Cluster 37 survived (C_s=0.22), N=15
   Cluster 38 survived (C_s=0.24), N=31
   Cluster 39 survived (C_s=0.45), N=4
   Cluster 40 survived (C_s=0.30), N=37
   Cluster 42 survived (C_s=0.31), N=31
   Cluster 43 survived (C_s=0.17), N=11
   Cluster 44 survived (C_s=0.19), N=15
   Cluster 45 survived (C_s=0.27), N=17
   Cluster 46 survived (C_s=0.26), N=38
 A total of 1177 stars survived in 45 clusters
 Performing GUMM analysis...
 Rejected 34 stars as non-members

 IL iteration 10
  Performing clustering on array of shape (1143, 2)
  Identified 45 clusters
   Cluster 0 survived (C_s=0.26), N=38
   Cluster 1 survived (C_s=0.29), N=33
   Cluster 2 survived (C_s=0.24), N=40
   Cluster 3 survived (C_s=0.22), N=16
   Cluster 4 survived (C_s=0.20), N=12
   Cluster 5 survived (C_s=0.24), N=31
   Cluster 6 survived (C_s=0.30), N=41
   Cluster 7 survived (C_s=0.30), N=49
   Cluster 8 survived (C_s=0.24), N=11
   Cluster 9 survived (C_s=0.28), N=47
   Cluster 10 survived (C_s=0.45), N=4
   Cluster 11 survived (C_s=0.32), N=42
   Cluster 12 survived (C_s=0.28), N=20
   Cluster 13 survived (C_s=0.33), N=9
   Cluster 14 survived (C_s=0.28), N=35
   Cluster 15 survived (C_s=0.22), N=25
   Cluster 16 survived (C_s=0.30), N=35
   Cluster 17 survived (C_s=0.21), N=13
   Cluster 18 survived (C_s=0.34), N=29
   Cluster 19 survived (C_s=0.32), N=31
   Cluster 20 survived (C_s=0.34), N=23
   Cluster 21 survived (C_s=0.22), N=9
   Cluster 22 survived (C_s=0.30), N=33
   Cluster 23 survived (C_s=0.22), N=25
   Cluster 24 survived (C_s=0.32), N=42
   Cluster 25 survived (C_s=0.27), N=20
   Cluster 26 survived (C_s=0.20), N=27
   Cluster 27 survived (C_s=0.34), N=11
   Cluster 28 survived (C_s=0.32), N=8
   Cluster 29 survived (C_s=0.24), N=17
   Cluster 30 survived (C_s=0.33), N=12
   Cluster 31 survived (C_s=0.30), N=53
   Cluster 32 survived (C_s=0.34), N=18
   Cluster 33 survived (C_s=0.27), N=20
   Cluster 34 survived (C_s=0.31), N=7
   Cluster 35 survived (C_s=0.29), N=31
   Cluster 36 survived (C_s=0.31), N=48
   Cluster 37 survived (C_s=0.31), N=40
   Cluster 39 survived (C_s=0.28), N=47
   Cluster 40 survived (C_s=0.20), N=9
   Cluster 41 survived (C_s=0.32), N=10
   Cluster 42 survived (C_s=0.30), N=38
   Cluster 44 survived (C_s=0.28), N=21
 A total of 1130 stars survived in 43 clusters
 Performing GUMM analysis...

 IL iteration 11
  Performing clustering on array of shape (1130, 2)
  Identified 45 clusters
   Cluster 0 survived (C_s=0.29), N=30
   Cluster 1 survived (C_s=0.24), N=25
   Cluster 3 survived (C_s=0.20), N=12
   Cluster 4 survived (C_s=0.30), N=37
   Cluster 5 survived (C_s=0.32), N=26
   Cluster 6 survived (C_s=0.28), N=31
   Cluster 7 survived (C_s=0.20), N=17
   Cluster 8 survived (C_s=0.29), N=43
   Cluster 9 survived (C_s=0.33), N=26
   Cluster 10 survived (C_s=0.32), N=40
   Cluster 11 survived (C_s=0.34), N=29
   Cluster 12 survived (C_s=0.45), N=4
   Cluster 13 survived (C_s=0.30), N=45
   Cluster 14 survived (C_s=0.30), N=31
   Cluster 15 survived (C_s=0.23), N=26
   Cluster 16 survived (C_s=0.31), N=51
   Cluster 18 survived (C_s=0.29), N=44
   Cluster 19 survived (C_s=0.31), N=35
   Cluster 20 survived (C_s=0.30), N=38
   Cluster 21 survived (C_s=0.27), N=19
   Cluster 22 survived (C_s=0.24), N=35
   Cluster 23 survived (C_s=0.32), N=10
   Cluster 24 survived (C_s=0.31), N=33
   Cluster 25 survived (C_s=0.32), N=8
   Cluster 27 survived (C_s=0.22), N=33
   Cluster 28 survived (C_s=0.29), N=17
   Cluster 29 survived (C_s=0.29), N=50
   Cluster 30 survived (C_s=0.27), N=14
   Cluster 31 survived (C_s=0.30), N=49
   Cluster 32 survived (C_s=0.31), N=7
   Cluster 33 survived (C_s=0.25), N=12
   Cluster 34 survived (C_s=0.24), N=17
   Cluster 35 survived (C_s=0.29), N=43
   Cluster 36 survived (C_s=0.22), N=28
   Cluster 37 survived (C_s=0.23), N=18
   Cluster 38 survived (C_s=0.34), N=11
   Cluster 39 survived (C_s=0.23), N=10
   Cluster 40 survived (C_s=0.30), N=38
   Cluster 41 survived (C_s=0.36), N=14
   Cluster 42 survived (C_s=0.35), N=6
   Cluster 43 survived (C_s=0.36), N=31
   Cluster 44 survived (C_s=0.26), N=17
 A total of 1110 stars survived in 42 clusters
 Performing GUMM analysis...

 IL iteration 12
  Performing clustering on array of shape (1110, 2)
  Identified 44 clusters
   Cluster 0 survived (C_s=0.30), N=34
   Cluster 1 survived (C_s=0.29), N=33
   Cluster 2 survived (C_s=0.33), N=34
   Cluster 3 survived (C_s=0.26), N=13
   Cluster 4 survived (C_s=0.20), N=17
   Cluster 5 survived (C_s=0.30), N=50
   Cluster 6 survived (C_s=0.25), N=24
   Cluster 7 survived (C_s=0.32), N=12
   Cluster 8 survived (C_s=0.29), N=33
   Cluster 9 survived (C_s=0.30), N=37
   Cluster 10 survived (C_s=0.32), N=27
   Cluster 11 survived (C_s=0.18), N=23
   Cluster 12 survived (C_s=0.37), N=10
   Cluster 13 survived (C_s=0.24), N=26
   Cluster 14 survived (C_s=0.32), N=22
   Cluster 15 survived (C_s=0.25), N=30
   Cluster 16 survived (C_s=0.33), N=21
   Cluster 17 survived (C_s=0.27), N=29
   Cluster 18 survived (C_s=0.27), N=40
   Cluster 19 survived (C_s=0.23), N=14
   Cluster 20 survived (C_s=0.32), N=8
   Cluster 21 survived (C_s=0.33), N=37
   Cluster 22 survived (C_s=0.32), N=28
   Cluster 23 survived (C_s=0.30), N=57
   Cluster 24 survived (C_s=0.30), N=47
   Cluster 25 survived (C_s=0.27), N=17
   Cluster 26 survived (C_s=0.35), N=7
   Cluster 27 survived (C_s=0.35), N=10
   Cluster 28 survived (C_s=0.25), N=12
   Cluster 29 survived (C_s=0.32), N=44
   Cluster 30 survived (C_s=0.28), N=15
   Cluster 31 survived (C_s=0.26), N=12
   Cluster 32 survived (C_s=0.27), N=21
   Cluster 33 survived (C_s=0.29), N=42
   Cluster 34 survived (C_s=0.32), N=21
   Cluster 35 survived (C_s=0.33), N=14
   Cluster 36 survived (C_s=0.28), N=38
   Cluster 37 survived (C_s=0.25), N=12
   Cluster 38 survived (C_s=0.26), N=26
   Cluster 39 survived (C_s=0.32), N=25
   Cluster 40 survived (C_s=0.22), N=12
   Cluster 41 survived (C_s=0.25), N=20
   Cluster 42 survived (C_s=0.27), N=37
   Cluster 43 survived (C_s=0.29), N=19
 All clusters survived, N=1110
Performing final GUMM analysis...
Performing KDE analysis...

P>(.5, .75, .9, .95, .99): 1323, 1297, 1271, 1256, 1219

--------------------------------------------------------
OL run 9
Standard scale: removed mean and scaled to unit variance
 Selected N=2 PCA features
 Variance ratio:  0.51, 0.27

 IL iteration 1
  Performing clustering on array of shape (6857, 2)
  Identified 274 clusters
   Cluster 0 survived (C_s=0.05), N=45
   Cluster 4 survived (C_s=0.05), N=45
   Cluster 6 survived (C_s=0.20), N=41
   Cluster 10 survived (C_s=0.16), N=56
   Cluster 24 survived (C_s=0.19), N=58
   Cluster 28 survived (C_s=0.05), N=49
   Cluster 30 survived (C_s=0.29), N=70
   Cluster 31 survived (C_s=0.25), N=62
   Cluster 43 survived (C_s=0.21), N=62
   Cluster 52 survived (C_s=0.26), N=49
   Cluster 55 survived (C_s=0.07), N=33
   Cluster 57 survived (C_s=0.05), N=35
   Cluster 59 survived (C_s=0.27), N=70
   Cluster 62 survived (C_s=0.05), N=37
   Cluster 63 survived (C_s=0.25), N=101
   Cluster 64 survived (C_s=0.09), N=22
   Cluster 67 survived (C_s=0.09), N=23
   Cluster 68 survived (C_s=0.13), N=22
   Cluster 69 survived (C_s=0.04), N=43
   Cluster 70 survived (C_s=0.06), N=43
   Cluster 74 survived (C_s=0.30), N=72
   Cluster 80 survived (C_s=0.05), N=42
   Cluster 81 survived (C_s=0.04), N=43
   Cluster 90 survived (C_s=0.06), N=51
   Cluster 91 survived (C_s=0.07), N=26
   Cluster 96 survived (C_s=0.13), N=27
   Cluster 98 survived (C_s=0.22), N=60
   Cluster 100 survived (C_s=0.27), N=78
   Cluster 101 survived (C_s=0.11), N=31
   Cluster 117 survived (C_s=0.24), N=59
   Cluster 121 survived (C_s=0.17), N=17
   Cluster 134 survived (C_s=0.13), N=43
   Cluster 137 survived (C_s=0.11), N=36
   Cluster 141 survived (C_s=0.14), N=34
   Cluster 145 survived (C_s=0.09), N=23
   Cluster 149 survived (C_s=0.19), N=10
   Cluster 150 survived (C_s=0.09), N=41
   Cluster 159 survived (C_s=0.07), N=34
   Cluster 162 survived (C_s=0.03), N=51
   Cluster 163 survived (C_s=0.05), N=36
   Cluster 164 survived (C_s=0.07), N=41
   Cluster 166 survived (C_s=0.30), N=83
   Cluster 191 survived (C_s=0.04), N=52
   Cluster 199 survived (C_s=0.24), N=51
   Cluster 200 survived (C_s=0.30), N=109
   Cluster 205 survived (C_s=0.06), N=35
   Cluster 220 survived (C_s=0.28), N=90
   Cluster 226 survived (C_s=0.07), N=27
   Cluster 240 survived (C_s=0.03), N=56
   Cluster 243 survived (C_s=0.04), N=42
   Cluster 245 survived (C_s=0.14), N=14
   Cluster 261 survived (C_s=0.06), N=47
   Cluster 267 survived (C_s=0.05), N=44
 A total of 2471 stars survived in 53 clusters
 Performing GUMM analysis...
 Rejected 92 stars as non-members

 IL iteration 2
  Performing clustering on array of shape (2379, 2)
  Identified 95 clusters
   Cluster 0 survived (C_s=0.29), N=85
   Cluster 2 survived (C_s=0.25), N=38
   Cluster 6 survived (C_s=0.13), N=16
   Cluster 7 survived (C_s=0.21), N=50
   Cluster 11 survived (C_s=0.13), N=59
   Cluster 12 survived (C_s=0.13), N=36
   Cluster 13 survived (C_s=0.10), N=28
   Cluster 14 survived (C_s=0.09), N=20
   Cluster 15 survived (C_s=0.19), N=20
   Cluster 17 survived (C_s=0.25), N=45
   Cluster 18 survived (C_s=0.14), N=15
   Cluster 21 survived (C_s=0.11), N=19
   Cluster 22 survived (C_s=0.11), N=22
   Cluster 25 survived (C_s=0.08), N=27
   Cluster 27 survived (C_s=0.12), N=44
   Cluster 30 survived (C_s=0.07), N=27
   Cluster 32 survived (C_s=0.30), N=122
   Cluster 38 survived (C_s=0.23), N=35
   Cluster 40 survived (C_s=0.08), N=28
   Cluster 41 survived (C_s=0.21), N=45
   Cluster 42 survived (C_s=0.06), N=31
   Cluster 44 survived (C_s=0.28), N=81
   Cluster 46 survived (C_s=0.10), N=22
   Cluster 50 survived (C_s=0.14), N=13
   Cluster 52 survived (C_s=0.11), N=18
   Cluster 54 survived (C_s=0.22), N=84
   Cluster 55 survived (C_s=0.17), N=42
   Cluster 57 survived (C_s=0.26), N=69
   Cluster 58 survived (C_s=0.07), N=26
   Cluster 60 survived (C_s=0.29), N=44
   Cluster 61 survived (C_s=0.21), N=66
   Cluster 66 survived (C_s=0.12), N=23
   Cluster 78 survived (C_s=0.30), N=70
   Cluster 87 survived (C_s=0.27), N=105
   Cluster 93 survived (C_s=0.30), N=108
   Cluster 94 survived (C_s=0.22), N=76
 A total of 1659 stars survived in 36 clusters
 Performing GUMM analysis...
 Rejected 27 stars as non-members

 IL iteration 3
  Performing clustering on array of shape (1632, 2)
  Identified 65 clusters
   Cluster 0 survived (C_s=0.13), N=32
   Cluster 1 survived (C_s=0.13), N=14
   Cluster 2 survived (C_s=0.31), N=56
   Cluster 6 survived (C_s=0.13), N=22
   Cluster 7 survived (C_s=0.22), N=52
   Cluster 11 survived (C_s=0.19), N=34
   Cluster 13 survived (C_s=0.31), N=81
   Cluster 14 survived (C_s=0.31), N=51
   Cluster 16 survived (C_s=0.28), N=84
   Cluster 18 survived (C_s=0.30), N=40
   Cluster 19 survived (C_s=0.18), N=23
   Cluster 22 survived (C_s=0.17), N=12
   Cluster 24 survived (C_s=0.27), N=46
   Cluster 26 survived (C_s=0.14), N=19
   Cluster 27 survived (C_s=0.23), N=11
   Cluster 28 survived (C_s=0.30), N=71
   Cluster 29 survived (C_s=0.18), N=14
   Cluster 30 survived (C_s=0.17), N=20
   Cluster 33 survived (C_s=0.14), N=33
   Cluster 34 survived (C_s=0.19), N=21
   Cluster 35 survived (C_s=0.25), N=54
   Cluster 36 survived (C_s=0.23), N=50
   Cluster 38 survived (C_s=0.30), N=72
   Cluster 39 survived (C_s=0.31), N=30
   Cluster 42 survived (C_s=0.25), N=56
   Cluster 44 survived (C_s=0.26), N=57
   Cluster 47 survived (C_s=0.27), N=43
   Cluster 48 survived (C_s=0.17), N=24
   Cluster 50 survived (C_s=0.26), N=66
   Cluster 55 survived (C_s=0.25), N=10
   Cluster 57 survived (C_s=0.22), N=16
   Cluster 58 survived (C_s=0.17), N=29
   Cluster 60 survived (C_s=0.21), N=44
   Cluster 61 survived (C_s=0.28), N=60
   Cluster 63 survived (C_s=0.21), N=30
 A total of 1377 stars survived in 35 clusters
 Performing GUMM analysis...
 Rejected 27 stars as non-members

 IL iteration 4
  Performing clustering on array of shape (1350, 2)
  Identified 54 clusters
   Cluster 0 survived (C_s=0.29), N=52
   Cluster 2 survived (C_s=0.24), N=18
   Cluster 5 survived (C_s=0.25), N=38
   Cluster 7 survived (C_s=0.34), N=34
   Cluster 8 survived (C_s=0.18), N=16
   Cluster 10 survived (C_s=0.19), N=47
   Cluster 11 survived (C_s=0.24), N=25
   Cluster 12 survived (C_s=0.27), N=40
   Cluster 13 survived (C_s=0.31), N=50
   Cluster 14 survived (C_s=0.18), N=12
   Cluster 15 survived (C_s=0.29), N=77
   Cluster 17 survived (C_s=0.26), N=42
   Cluster 18 survived (C_s=0.29), N=48
   Cluster 19 survived (C_s=0.26), N=41
   Cluster 21 survived (C_s=0.20), N=22
   Cluster 22 survived (C_s=0.30), N=72
   Cluster 24 survived (C_s=0.18), N=24
   Cluster 25 survived (C_s=0.23), N=15
   Cluster 27 survived (C_s=0.28), N=66
   Cluster 29 survived (C_s=0.30), N=67
   Cluster 30 survived (C_s=0.26), N=22
   Cluster 31 survived (C_s=0.24), N=16
   Cluster 32 survived (C_s=0.26), N=35
   Cluster 33 survived (C_s=0.26), N=24
   Cluster 34 survived (C_s=0.15), N=12
   Cluster 35 survived (C_s=0.21), N=9
   Cluster 36 survived (C_s=0.29), N=32
   Cluster 37 survived (C_s=0.17), N=13
   Cluster 38 survived (C_s=0.21), N=24
   Cluster 40 survived (C_s=0.21), N=25
   Cluster 41 survived (C_s=0.23), N=15
   Cluster 43 survived (C_s=0.31), N=60
   Cluster 44 survived (C_s=0.28), N=10
   Cluster 46 survived (C_s=0.19), N=12
   Cluster 47 survived (C_s=0.18), N=10
   Cluster 48 survived (C_s=0.24), N=12
   Cluster 49 survived (C_s=0.14), N=18
   Cluster 50 survived (C_s=0.28), N=33
   Cluster 51 survived (C_s=0.23), N=30
   Cluster 53 survived (C_s=0.28), N=43
 A total of 1261 stars survived in 40 clusters
 Performing GUMM analysis...

 IL iteration 5
  Performing clustering on array of shape (1261, 2)
  Identified 50 clusters
   Cluster 0 survived (C_s=0.20), N=26
   Cluster 1 survived (C_s=0.27), N=50
   Cluster 2 survived (C_s=0.24), N=21
   Cluster 3 survived (C_s=0.30), N=39
   Cluster 4 survived (C_s=0.15), N=12
   Cluster 5 survived (C_s=0.25), N=30
   Cluster 6 survived (C_s=0.24), N=10
   Cluster 7 survived (C_s=0.28), N=48
   Cluster 9 survived (C_s=0.28), N=23
   Cluster 10 survived (C_s=0.28), N=37
   Cluster 11 survived (C_s=0.25), N=25
   Cluster 12 survived (C_s=0.28), N=10
   Cluster 14 survived (C_s=0.27), N=39
   Cluster 15 survived (C_s=0.21), N=24
   Cluster 16 survived (C_s=0.28), N=52
   Cluster 17 survived (C_s=0.28), N=30
   Cluster 18 survived (C_s=0.29), N=36
   Cluster 19 survived (C_s=0.30), N=36
   Cluster 20 survived (C_s=0.18), N=11
   Cluster 21 survived (C_s=0.21), N=9
   Cluster 22 survived (C_s=0.15), N=16
   Cluster 23 survived (C_s=0.22), N=17
   Cluster 24 survived (C_s=0.27), N=65
   Cluster 25 survived (C_s=0.24), N=21
   Cluster 26 survived (C_s=0.29), N=50
   Cluster 27 survived (C_s=0.25), N=10
   Cluster 29 survived (C_s=0.24), N=16
   Cluster 30 survived (C_s=0.21), N=25
   Cluster 32 survived (C_s=0.34), N=49
   Cluster 34 survived (C_s=0.22), N=21
   Cluster 35 survived (C_s=0.24), N=25
   Cluster 36 survived (C_s=0.32), N=42
   Cluster 38 survived (C_s=0.23), N=26
   Cluster 39 survived (C_s=0.31), N=50
   Cluster 40 survived (C_s=0.23), N=14
   Cluster 41 survived (C_s=0.24), N=36
   Cluster 42 survived (C_s=0.32), N=11
   Cluster 43 survived (C_s=0.30), N=36
   Cluster 45 survived (C_s=0.37), N=21
   Cluster 46 survived (C_s=0.22), N=16
   Cluster 47 survived (C_s=0.30), N=55
   Cluster 48 survived (C_s=0.21), N=16
 A total of 1206 stars survived in 42 clusters
 Performing GUMM analysis...

 IL iteration 6
  Performing clustering on array of shape (1206, 2)
  Identified 48 clusters
   Cluster 0 survived (C_s=0.20), N=20
   Cluster 1 survived (C_s=0.20), N=27
   Cluster 2 survived (C_s=0.31), N=43
   Cluster 3 survived (C_s=0.15), N=12
   Cluster 4 survived (C_s=0.27), N=23
   Cluster 5 survived (C_s=0.24), N=23
   Cluster 6 survived (C_s=0.24), N=10
   Cluster 7 survived (C_s=0.32), N=34
   Cluster 8 survived (C_s=0.26), N=21
   Cluster 9 survived (C_s=0.31), N=27
   Cluster 10 survived (C_s=0.31), N=30
   Cluster 11 survived (C_s=0.21), N=9
   Cluster 12 survived (C_s=0.25), N=21
   Cluster 13 survived (C_s=0.22), N=18
   Cluster 14 survived (C_s=0.28), N=10
   Cluster 15 survived (C_s=0.21), N=24
   Cluster 16 survived (C_s=0.31), N=60
   Cluster 17 survived (C_s=0.28), N=37
   Cluster 18 survived (C_s=0.33), N=28
   Cluster 19 survived (C_s=0.29), N=30
   Cluster 20 survived (C_s=0.23), N=15
   Cluster 21 survived (C_s=0.22), N=16
   Cluster 22 survived (C_s=0.29), N=22
   Cluster 23 survived (C_s=0.27), N=52
   Cluster 24 survived (C_s=0.24), N=25
   Cluster 25 survived (C_s=0.28), N=20
   Cluster 26 survived (C_s=0.22), N=9
   Cluster 27 survived (C_s=0.27), N=27
   Cluster 28 survived (C_s=0.29), N=42
   Cluster 29 survived (C_s=0.16), N=14
   Cluster 30 survived (C_s=0.27), N=34
   Cluster 31 survived (C_s=0.19), N=13
   Cluster 32 survived (C_s=0.21), N=18
   Cluster 33 survived (C_s=0.25), N=10
   Cluster 34 survived (C_s=0.30), N=22
   Cluster 35 survived (C_s=0.27), N=43
   Cluster 36 survived (C_s=0.23), N=17
   Cluster 37 survived (C_s=0.25), N=22
   Cluster 38 survived (C_s=0.32), N=50
   Cluster 39 survived (C_s=0.22), N=26
   Cluster 40 survived (C_s=0.23), N=12
   Cluster 41 survived (C_s=0.23), N=24
   Cluster 42 survived (C_s=0.31), N=29
   Cluster 43 survived (C_s=0.30), N=48
   Cluster 44 survived (C_s=0.21), N=20
   Cluster 45 survived (C_s=0.28), N=24
   Cluster 46 survived (C_s=0.17), N=15
   Cluster 47 survived (C_s=0.33), N=30
 All clusters survived, N=1206
Performing final GUMM analysis...
Performing KDE analysis...

P>(.5, .75, .9, .95, .99): 1326, 1297, 1273, 1257, 1214

--------------------------------------------------------
OL run 10
Standard scale: removed mean and scaled to unit variance
 Selected N=2 PCA features
 Variance ratio:  0.51, 0.27

 IL iteration 1
  Performing clustering on array of shape (6857, 2)
  Identified 274 clusters
   Cluster 1 survived (C_s=0.21), N=78
   Cluster 9 survived (C_s=0.06), N=31
   Cluster 11 survived (C_s=0.24), N=55
   Cluster 14 survived (C_s=0.07), N=31
   Cluster 26 survived (C_s=0.25), N=75
   Cluster 36 survived (C_s=0.07), N=45
   Cluster 60 survived (C_s=0.05), N=44
   Cluster 71 survived (C_s=0.27), N=95
   Cluster 88 survived (C_s=0.06), N=29
   Cluster 91 survived (C_s=0.04), N=42
   Cluster 104 survived (C_s=0.05), N=34
   Cluster 108 survived (C_s=0.08), N=20
   Cluster 112 survived (C_s=0.07), N=27
   Cluster 128 survived (C_s=0.11), N=19
   Cluster 130 survived (C_s=0.06), N=43
   Cluster 133 survived (C_s=0.24), N=78
   Cluster 134 survived (C_s=0.07), N=33
   Cluster 137 survived (C_s=0.07), N=27
   Cluster 138 survived (C_s=0.05), N=38
   Cluster 141 survived (C_s=0.05), N=48
   Cluster 145 survived (C_s=0.31), N=90
   Cluster 152 survived (C_s=0.12), N=73
   Cluster 154 survived (C_s=0.04), N=47
   Cluster 158 survived (C_s=0.10), N=26
   Cluster 165 survived (C_s=0.04), N=46
   Cluster 168 survived (C_s=0.04), N=40
   Cluster 170 survived (C_s=0.10), N=35
   Cluster 176 survived (C_s=0.26), N=89
   Cluster 177 survived (C_s=0.17), N=12
   Cluster 179 survived (C_s=0.28), N=96
   Cluster 193 survived (C_s=0.08), N=24
   Cluster 194 survived (C_s=0.16), N=13
   Cluster 196 survived (C_s=0.04), N=51
   Cluster 197 survived (C_s=0.09), N=19
   Cluster 198 survived (C_s=0.11), N=16
   Cluster 199 survived (C_s=0.06), N=31
   Cluster 205 survived (C_s=0.06), N=30
   Cluster 206 survived (C_s=0.12), N=19
   Cluster 217 survived (C_s=0.29), N=81
   Cluster 222 survived (C_s=0.31), N=114
   Cluster 224 survived (C_s=0.12), N=17
   Cluster 225 survived (C_s=0.27), N=47
   Cluster 226 survived (C_s=0.04), N=46
   Cluster 231 survived (C_s=0.15), N=24
   Cluster 233 survived (C_s=0.07), N=44
   Cluster 235 survived (C_s=0.12), N=31
   Cluster 238 survived (C_s=0.07), N=35
   Cluster 239 survived (C_s=0.07), N=26
   Cluster 243 survived (C_s=0.07), N=28
   Cluster 245 survived (C_s=0.09), N=57
   Cluster 249 survived (C_s=0.24), N=92
   Cluster 251 survived (C_s=0.15), N=16
   Cluster 252 survived (C_s=0.15), N=27
   Cluster 257 survived (C_s=0.08), N=39
   Cluster 263 survived (C_s=0.30), N=55
   Cluster 267 survived (C_s=0.21), N=80
   Cluster 271 survived (C_s=0.07), N=25
 A total of 2533 stars survived in 57 clusters
 Performing GUMM analysis...

 IL iteration 2
  Performing clustering on array of shape (2533, 2)
  Identified 101 clusters
   Cluster 1 survived (C_s=0.27), N=113
   Cluster 2 survived (C_s=0.05), N=34
   Cluster 8 survived (C_s=0.35), N=7
   Cluster 11 survived (C_s=0.12), N=32
   Cluster 12 survived (C_s=0.09), N=26
   Cluster 14 survived (C_s=0.07), N=28
   Cluster 15 survived (C_s=0.05), N=38
   Cluster 17 survived (C_s=0.08), N=21
   Cluster 21 survived (C_s=0.22), N=70
   Cluster 26 survived (C_s=0.20), N=57
   Cluster 29 survived (C_s=0.29), N=44
   Cluster 30 survived (C_s=0.08), N=23
   Cluster 41 survived (C_s=0.25), N=98
   Cluster 43 survived (C_s=0.10), N=38
   Cluster 48 survived (C_s=0.14), N=19
   Cluster 50 survived (C_s=0.13), N=20
   Cluster 55 survived (C_s=0.24), N=56
   Cluster 56 survived (C_s=0.07), N=26
   Cluster 61 survived (C_s=0.17), N=49
   Cluster 63 survived (C_s=0.29), N=81
   Cluster 65 survived (C_s=0.08), N=25
   Cluster 68 survived (C_s=0.24), N=27
   Cluster 69 survived (C_s=0.26), N=74
   Cluster 70 survived (C_s=0.31), N=98
   Cluster 71 survived (C_s=0.27), N=114
   Cluster 73 survived (C_s=0.27), N=109
   Cluster 81 survived (C_s=0.16), N=60
   Cluster 85 survived (C_s=0.14), N=45
   Cluster 86 survived (C_s=0.05), N=37
   Cluster 92 survived (C_s=0.11), N=20
   Cluster 93 survived (C_s=0.32), N=75
   Cluster 94 survived (C_s=0.25), N=48
   Cluster 95 survived (C_s=0.13), N=15
   Cluster 96 survived (C_s=0.11), N=18
   Cluster 100 survived (C_s=0.09), N=21
 A total of 1666 stars survived in 35 clusters
 Performing GUMM analysis...
 Rejected 104 stars as non-members

 IL iteration 3
  Performing clustering on array of shape (1562, 2)
  Identified 62 clusters
   Cluster 0 survived (C_s=0.29), N=19
   Cluster 2 survived (C_s=0.24), N=44
   Cluster 4 survived (C_s=0.30), N=45
   Cluster 7 survived (C_s=0.15), N=11
   Cluster 8 survived (C_s=0.23), N=18
   Cluster 10 survived (C_s=0.14), N=16
   Cluster 11 survived (C_s=0.25), N=70
   Cluster 15 survived (C_s=0.16), N=17
   Cluster 16 survived (C_s=0.18), N=29
   Cluster 19 survived (C_s=0.26), N=43
   Cluster 20 survived (C_s=0.31), N=43
   Cluster 21 survived (C_s=0.11), N=16
   Cluster 22 survived (C_s=0.29), N=67
   Cluster 23 survived (C_s=0.15), N=33
   Cluster 24 survived (C_s=0.28), N=27
   Cluster 25 survived (C_s=0.28), N=75
   Cluster 26 survived (C_s=0.18), N=15
   Cluster 28 survived (C_s=0.30), N=69
   Cluster 29 survived (C_s=0.17), N=17
   Cluster 30 survived (C_s=0.28), N=76
   Cluster 31 survived (C_s=0.27), N=36
   Cluster 32 survived (C_s=0.28), N=48
   Cluster 35 survived (C_s=0.21), N=26
   Cluster 36 survived (C_s=0.29), N=26
   Cluster 38 survived (C_s=0.17), N=23
   Cluster 39 survived (C_s=0.30), N=35
   Cluster 40 survived (C_s=0.23), N=46
   Cluster 41 survived (C_s=0.29), N=41
   Cluster 42 survived (C_s=0.31), N=64
   Cluster 44 survived (C_s=0.25), N=20
   Cluster 48 survived (C_s=0.11), N=19
   Cluster 49 survived (C_s=0.17), N=17
   Cluster 51 survived (C_s=0.25), N=11
   Cluster 54 survived (C_s=0.30), N=74
   Cluster 55 survived (C_s=0.18), N=26
   Cluster 57 survived (C_s=0.25), N=16
   Cluster 59 survived (C_s=0.22), N=26
   Cluster 60 survived (C_s=0.16), N=23
 A total of 1327 stars survived in 38 clusters
 Performing GUMM analysis...

 IL iteration 4
  Performing clustering on array of shape (1327, 2)
  Identified 53 clusters
   Cluster 1 survived (C_s=0.25), N=46
   Cluster 4 survived (C_s=0.19), N=25
   Cluster 5 survived (C_s=0.17), N=27
   Cluster 6 survived (C_s=0.31), N=64
   Cluster 7 survived (C_s=0.27), N=41
   Cluster 8 survived (C_s=0.16), N=11
   Cluster 9 survived (C_s=0.24), N=37
   Cluster 10 survived (C_s=0.29), N=17
   Cluster 11 survived (C_s=0.29), N=56
   Cluster 12 survived (C_s=0.21), N=8
   Cluster 13 survived (C_s=0.27), N=45
   Cluster 14 survived (C_s=0.28), N=66
   Cluster 15 survived (C_s=0.27), N=43
   Cluster 16 survived (C_s=0.22), N=8
   Cluster 17 survived (C_s=0.20), N=34
   Cluster 18 survived (C_s=0.24), N=18
   Cluster 19 survived (C_s=0.24), N=31
   Cluster 20 survived (C_s=0.21), N=26
   Cluster 21 survived (C_s=0.15), N=25
   Cluster 23 survived (C_s=0.30), N=37
   Cluster 24 survived (C_s=0.16), N=12
   Cluster 25 survived (C_s=0.29), N=33
   Cluster 26 survived (C_s=0.23), N=11
   Cluster 27 survived (C_s=0.27), N=21
   Cluster 29 survived (C_s=0.35), N=14
   Cluster 30 survived (C_s=0.28), N=64
   Cluster 33 survived (C_s=0.22), N=27
   Cluster 34 survived (C_s=0.30), N=46
   Cluster 35 survived (C_s=0.25), N=14
   Cluster 37 survived (C_s=0.30), N=55
   Cluster 38 survived (C_s=0.23), N=14
   Cluster 39 survived (C_s=0.29), N=67
   Cluster 41 survived (C_s=0.19), N=12
   Cluster 44 survived (C_s=0.23), N=30
   Cluster 45 survived (C_s=0.30), N=30
   Cluster 46 survived (C_s=0.15), N=16
   Cluster 47 survived (C_s=0.32), N=41
   Cluster 49 survived (C_s=0.24), N=8
   Cluster 50 survived (C_s=0.27), N=37
   Cluster 51 survived (C_s=0.30), N=27
   Cluster 52 survived (C_s=0.22), N=11
 A total of 1255 stars survived in 41 clusters
 Performing GUMM analysis...

 IL iteration 5
  Performing clustering on array of shape (1255, 2)
  Identified 50 clusters
   Cluster 0 survived (C_s=0.29), N=9
   Cluster 1 survived (C_s=0.29), N=46
   Cluster 2 survived (C_s=0.26), N=31
   Cluster 3 survived (C_s=0.22), N=48
   Cluster 4 survived (C_s=0.28), N=29
   Cluster 5 survived (C_s=0.30), N=35
   Cluster 8 survived (C_s=0.23), N=20
   Cluster 9 survived (C_s=0.26), N=40
   Cluster 10 survived (C_s=0.33), N=61
   Cluster 11 survived (C_s=0.18), N=11
   Cluster 12 survived (C_s=0.27), N=19
   Cluster 13 survived (C_s=0.30), N=39
   Cluster 14 survived (C_s=0.24), N=34
   Cluster 15 survived (C_s=0.30), N=19
   Cluster 16 survived (C_s=0.14), N=14
   Cluster 17 survived (C_s=0.30), N=47
   Cluster 18 survived (C_s=0.21), N=23
   Cluster 19 survived (C_s=0.25), N=31
   Cluster 20 survived (C_s=0.29), N=38
   Cluster 21 survived (C_s=0.20), N=18
   Cluster 22 survived (C_s=0.25), N=14
   Cluster 23 survived (C_s=0.23), N=11
   Cluster 25 survived (C_s=0.18), N=15
   Cluster 26 survived (C_s=0.23), N=19
   Cluster 27 survived (C_s=0.29), N=54
   Cluster 28 survived (C_s=0.22), N=14
   Cluster 29 survived (C_s=0.27), N=10
   Cluster 30 survived (C_s=0.26), N=14
   Cluster 31 survived (C_s=0.26), N=39
   Cluster 32 survived (C_s=0.26), N=46
   Cluster 33 survived (C_s=0.27), N=30
   Cluster 34 survived (C_s=0.16), N=20
   Cluster 35 survived (C_s=0.28), N=50
   Cluster 36 survived (C_s=0.17), N=28
   Cluster 38 survived (C_s=0.32), N=30
   Cluster 39 survived (C_s=0.31), N=37
   Cluster 43 survived (C_s=0.30), N=38
   Cluster 44 survived (C_s=0.27), N=49
   Cluster 45 survived (C_s=0.28), N=32
   Cluster 47 survived (C_s=0.21), N=15
   Cluster 49 survived (C_s=0.29), N=36
 A total of 1213 stars survived in 41 clusters
 Performing GUMM analysis...

 IL iteration 6
  Performing clustering on array of shape (1213, 2)
  Identified 48 clusters
   Cluster 0 survived (C_s=0.28), N=25
   Cluster 1 survived (C_s=0.29), N=45
   Cluster 2 survived (C_s=0.32), N=32
   Cluster 4 survived (C_s=0.19), N=21
   Cluster 5 survived (C_s=0.21), N=20
   Cluster 6 survived (C_s=0.28), N=37
   Cluster 7 survived (C_s=0.30), N=39
   Cluster 8 survived (C_s=0.28), N=21
   Cluster 9 survived (C_s=0.23), N=29
   Cluster 10 survived (C_s=0.22), N=27
   Cluster 11 survived (C_s=0.27), N=11
   Cluster 12 survived (C_s=0.33), N=44
   Cluster 13 survived (C_s=0.18), N=17
   Cluster 14 survived (C_s=0.18), N=20
   Cluster 15 survived (C_s=0.25), N=27
   Cluster 16 survived (C_s=0.28), N=32
   Cluster 17 survived (C_s=0.30), N=20
   Cluster 18 survived (C_s=0.30), N=40
   Cluster 19 survived (C_s=0.23), N=11
   Cluster 20 survived (C_s=0.26), N=28
   Cluster 21 survived (C_s=0.31), N=18
   Cluster 22 survived (C_s=0.25), N=13
   Cluster 23 survived (C_s=0.18), N=11
   Cluster 24 survived (C_s=0.28), N=12
   Cluster 25 survived (C_s=0.24), N=27
   Cluster 26 survived (C_s=0.31), N=9
   Cluster 27 survived (C_s=0.31), N=38
   Cluster 28 survived (C_s=0.22), N=15
   Cluster 30 survived (C_s=0.29), N=32
   Cluster 31 survived (C_s=0.25), N=41
   Cluster 32 survived (C_s=0.31), N=38
   Cluster 33 survived (C_s=0.16), N=16
   Cluster 34 survived (C_s=0.25), N=26
   Cluster 35 survived (C_s=0.27), N=40
   Cluster 36 survived (C_s=0.22), N=25
   Cluster 37 survived (C_s=0.29), N=40
   Cluster 38 survived (C_s=0.36), N=6
   Cluster 39 survived (C_s=0.28), N=18
   Cluster 40 survived (C_s=0.20), N=10
   Cluster 41 survived (C_s=0.27), N=33
   Cluster 42 survived (C_s=0.27), N=35
   Cluster 43 survived (C_s=0.27), N=27
   Cluster 44 survived (C_s=0.32), N=44
   Cluster 45 survived (C_s=0.30), N=26
   Cluster 46 survived (C_s=0.14), N=17
   Cluster 47 survived (C_s=0.28), N=37
 A total of 1200 stars survived in 46 clusters
 Performing GUMM analysis...
 Rejected 62 stars as non-members

 IL iteration 7
  Performing clustering on array of shape (1138, 2)
  Identified 45 clusters
   Cluster 0 survived (C_s=0.32), N=9
   Cluster 1 survived (C_s=0.29), N=33
   Cluster 2 survived (C_s=0.21), N=20
   Cluster 3 survived (C_s=0.30), N=28
   Cluster 4 survived (C_s=0.26), N=12
   Cluster 5 survived (C_s=0.32), N=26
   Cluster 6 survived (C_s=0.28), N=24
   Cluster 7 survived (C_s=0.30), N=41
   Cluster 8 survived (C_s=0.25), N=7
   Cluster 9 survived (C_s=0.28), N=43
   Cluster 10 survived (C_s=0.34), N=7
   Cluster 11 survived (C_s=0.26), N=29
   Cluster 12 survived (C_s=0.28), N=33
   Cluster 13 survived (C_s=0.28), N=25
   Cluster 14 survived (C_s=0.28), N=17
   Cluster 15 survived (C_s=0.33), N=37
   Cluster 16 survived (C_s=0.18), N=25
   Cluster 17 survived (C_s=0.29), N=42
   Cluster 18 survived (C_s=0.31), N=26
   Cluster 19 survived (C_s=0.26), N=30
   Cluster 20 survived (C_s=0.26), N=29
   Cluster 21 survived (C_s=0.25), N=31
   Cluster 22 survived (C_s=0.33), N=39
   Cluster 23 survived (C_s=0.28), N=27
   Cluster 24 survived (C_s=0.28), N=49
   Cluster 25 survived (C_s=0.33), N=33
   Cluster 26 survived (C_s=0.28), N=13
   Cluster 27 survived (C_s=0.19), N=10
   Cluster 28 survived (C_s=0.31), N=35
   Cluster 29 survived (C_s=0.31), N=9
   Cluster 30 survived (C_s=0.36), N=6
   Cluster 31 survived (C_s=0.22), N=16
   Cluster 32 survived (C_s=0.28), N=18
   Cluster 33 survived (C_s=0.28), N=16
   Cluster 34 survived (C_s=0.34), N=16
   Cluster 35 survived (C_s=0.30), N=20
   Cluster 36 survived (C_s=0.24), N=16
   Cluster 37 survived (C_s=0.25), N=25
   Cluster 38 survived (C_s=0.28), N=22
   Cluster 39 survived (C_s=0.33), N=29
   Cluster 40 survived (C_s=0.31), N=29
   Cluster 41 survived (C_s=0.30), N=36
   Cluster 42 survived (C_s=0.34), N=42
   Cluster 43 survived (C_s=0.34), N=28
   Cluster 44 survived (C_s=0.31), N=30
 All clusters survived, N=1138
Performing final GUMM analysis...
Performing KDE analysis...

P>(.5, .75, .9, .95, .99): 1321, 1298, 1271, 1256, 1212

--------------------------------------------------------
OL run 11
Standard scale: removed mean and scaled to unit variance
 Selected N=2 PCA features
 Variance ratio:  0.51, 0.27

 IL iteration 1
  Performing clustering on array of shape (6857, 2)
  Identified 274 clusters
   Cluster 0 survived (C_s=0.06), N=55
   Cluster 1 survived (C_s=0.30), N=92
   Cluster 13 survived (C_s=0.24), N=98
   Cluster 22 survived (C_s=0.10), N=23
   Cluster 23 survived (C_s=0.04), N=48
   Cluster 25 survived (C_s=0.15), N=14
   Cluster 28 survived (C_s=0.03), N=68
   Cluster 31 survived (C_s=0.07), N=68
   Cluster 35 survived (C_s=0.08), N=26
   Cluster 42 survived (C_s=0.16), N=19
   Cluster 46 survived (C_s=0.10), N=59
   Cluster 47 survived (C_s=0.04), N=64
   Cluster 53 survived (C_s=0.11), N=16
   Cluster 54 survived (C_s=0.19), N=22
   Cluster 57 survived (C_s=0.06), N=36
   Cluster 61 survived (C_s=0.06), N=34
   Cluster 62 survived (C_s=0.05), N=40
   Cluster 64 survived (C_s=0.31), N=87
   Cluster 81 survived (C_s=0.05), N=56
   Cluster 90 survived (C_s=0.25), N=40
   Cluster 91 survived (C_s=0.27), N=87
   Cluster 93 survived (C_s=0.10), N=31
   Cluster 107 survived (C_s=0.04), N=47
   Cluster 115 survived (C_s=0.03), N=58
   Cluster 118 survived (C_s=0.29), N=87
   Cluster 124 survived (C_s=0.17), N=55
   Cluster 126 survived (C_s=0.09), N=20
   Cluster 128 survived (C_s=0.04), N=44
   Cluster 132 survived (C_s=0.05), N=52
   Cluster 133 survived (C_s=0.05), N=48
   Cluster 139 survived (C_s=0.25), N=77
   Cluster 141 survived (C_s=0.04), N=48
   Cluster 153 survived (C_s=0.09), N=37
   Cluster 156 survived (C_s=0.29), N=105
   Cluster 159 survived (C_s=0.21), N=116
   Cluster 164 survived (C_s=0.24), N=34
   Cluster 167 survived (C_s=0.09), N=22
   Cluster 172 survived (C_s=0.14), N=12
   Cluster 177 survived (C_s=0.20), N=10
   Cluster 179 survived (C_s=0.28), N=134
   Cluster 198 survived (C_s=0.05), N=38
   Cluster 199 survived (C_s=0.13), N=78
   Cluster 211 survived (C_s=0.06), N=31
   Cluster 213 survived (C_s=0.15), N=12
   Cluster 221 survived (C_s=0.18), N=59
   Cluster 224 survived (C_s=0.04), N=43
   Cluster 230 survived (C_s=0.18), N=12
   Cluster 236 survived (C_s=0.06), N=37
   Cluster 242 survived (C_s=0.05), N=57
   Cluster 246 survived (C_s=0.24), N=61
   Cluster 249 survived (C_s=0.08), N=41
   Cluster 253 survived (C_s=0.05), N=41
   Cluster 260 survived (C_s=0.08), N=30
   Cluster 271 survived (C_s=0.05), N=39
 A total of 2668 stars survived in 54 clusters
 Performing GUMM analysis...
 Rejected 147 stars as non-members

 IL iteration 2
  Performing clustering on array of shape (2521, 2)
  Identified 100 clusters
   Cluster 0 survived (C_s=0.23), N=45
   Cluster 1 survived (C_s=0.09), N=20
   Cluster 3 survived (C_s=0.13), N=13
   Cluster 4 survived (C_s=0.06), N=29
   Cluster 5 survived (C_s=0.26), N=79
   Cluster 6 survived (C_s=0.22), N=11
   Cluster 8 survived (C_s=0.14), N=31
   Cluster 11 survived (C_s=0.10), N=21
   Cluster 12 survived (C_s=0.29), N=102
   Cluster 14 survived (C_s=0.14), N=24
   Cluster 23 survived (C_s=0.09), N=19
   Cluster 24 survived (C_s=0.11), N=29
   Cluster 25 survived (C_s=0.10), N=17
   Cluster 26 survived (C_s=0.11), N=17
   Cluster 28 survived (C_s=0.19), N=46
   Cluster 30 survived (C_s=0.30), N=80
   Cluster 31 survived (C_s=0.13), N=22
   Cluster 32 survived (C_s=0.21), N=46
   Cluster 33 survived (C_s=0.18), N=10
   Cluster 34 survived (C_s=0.30), N=119
   Cluster 36 survived (C_s=0.13), N=37
   Cluster 37 survived (C_s=0.15), N=12
   Cluster 39 survived (C_s=0.14), N=15
   Cluster 44 survived (C_s=0.18), N=21
   Cluster 47 survived (C_s=0.08), N=22
   Cluster 49 survived (C_s=0.17), N=22
   Cluster 51 survived (C_s=0.11), N=18
   Cluster 54 survived (C_s=0.16), N=24
   Cluster 64 survived (C_s=0.21), N=51
   Cluster 66 survived (C_s=0.27), N=146
   Cluster 67 survived (C_s=0.22), N=49
   Cluster 68 survived (C_s=0.08), N=26
   Cluster 69 survived (C_s=0.21), N=10
   Cluster 71 survived (C_s=0.30), N=57
   Cluster 73 survived (C_s=0.10), N=17
   Cluster 75 survived (C_s=0.05), N=34
   Cluster 76 survived (C_s=0.12), N=16
   Cluster 77 survived (C_s=0.31), N=89
   Cluster 78 survived (C_s=0.26), N=80
   Cluster 81 survived (C_s=0.27), N=49
   Cluster 84 survived (C_s=0.12), N=35
   Cluster 85 survived (C_s=0.11), N=18
   Cluster 87 survived (C_s=0.21), N=47
   Cluster 88 survived (C_s=0.20), N=52
   Cluster 90 survived (C_s=0.25), N=31
   Cluster 91 survived (C_s=0.13), N=17
   Cluster 97 survived (C_s=0.25), N=7
 A total of 1782 stars survived in 47 clusters
 Performing GUMM analysis...
 Rejected 40 stars as non-members

 IL iteration 3
  Performing clustering on array of shape (1742, 2)
  Identified 69 clusters
   Cluster 0 survived (C_s=0.17), N=51
   Cluster 1 survived (C_s=0.09), N=22
   Cluster 3 survived (C_s=0.27), N=59
   Cluster 4 survived (C_s=0.27), N=31
   Cluster 5 survived (C_s=0.21), N=9
   Cluster 7 survived (C_s=0.14), N=15
   Cluster 10 survived (C_s=0.13), N=15
   Cluster 11 survived (C_s=0.17), N=15
   Cluster 12 survived (C_s=0.30), N=133
   Cluster 13 survived (C_s=0.16), N=13
   Cluster 14 survived (C_s=0.25), N=7
   Cluster 16 survived (C_s=0.18), N=12
   Cluster 18 survived (C_s=0.16), N=15
   Cluster 19 survived (C_s=0.19), N=21
   Cluster 20 survived (C_s=0.22), N=8
   Cluster 21 survived (C_s=0.26), N=7
   Cluster 22 survived (C_s=0.14), N=12
   Cluster 24 survived (C_s=0.20), N=42
   Cluster 25 survived (C_s=0.19), N=9
   Cluster 27 survived (C_s=0.32), N=76
   Cluster 28 survived (C_s=0.13), N=18
   Cluster 29 survived (C_s=0.30), N=90
   Cluster 30 survived (C_s=0.23), N=100
   Cluster 31 survived (C_s=0.12), N=16
   Cluster 32 survived (C_s=0.30), N=84
   Cluster 33 survived (C_s=0.22), N=65
   Cluster 34 survived (C_s=0.17), N=26
   Cluster 35 survived (C_s=0.15), N=22
   Cluster 37 survived (C_s=0.24), N=47
   Cluster 38 survived (C_s=0.26), N=7
   Cluster 42 survived (C_s=0.22), N=43
   Cluster 44 survived (C_s=0.11), N=23
   Cluster 45 survived (C_s=0.28), N=128
   Cluster 58 survived (C_s=0.27), N=18
   Cluster 59 survived (C_s=0.21), N=29
   Cluster 60 survived (C_s=0.20), N=34
   Cluster 63 survived (C_s=0.30), N=72
   Cluster 65 survived (C_s=0.23), N=55
   Cluster 67 survived (C_s=0.23), N=28
   Cluster 68 survived (C_s=0.18), N=12
 A total of 1489 stars survived in 40 clusters
 Performing GUMM analysis...

 IL iteration 4
  Performing clustering on array of shape (1489, 2)
  Identified 59 clusters
   Cluster 0 survived (C_s=0.26), N=23
   Cluster 2 survived (C_s=0.32), N=38
   Cluster 4 survived (C_s=0.16), N=13
   Cluster 5 survived (C_s=0.28), N=66
   Cluster 6 survived (C_s=0.26), N=43
   Cluster 7 survived (C_s=0.14), N=12
   Cluster 9 survived (C_s=0.26), N=7
   Cluster 10 survived (C_s=0.19), N=9
   Cluster 11 survived (C_s=0.21), N=9
   Cluster 13 survived (C_s=0.25), N=7
   Cluster 14 survived (C_s=0.32), N=59
   Cluster 15 survived (C_s=0.26), N=39
   Cluster 16 survived (C_s=0.24), N=16
   Cluster 17 survived (C_s=0.19), N=9
   Cluster 19 survived (C_s=0.22), N=8
   Cluster 20 survived (C_s=0.25), N=40
   Cluster 21 survived (C_s=0.29), N=54
   Cluster 22 survived (C_s=0.29), N=49
   Cluster 23 survived (C_s=0.12), N=16
   Cluster 25 survived (C_s=0.20), N=11
   Cluster 26 survived (C_s=0.28), N=61
   Cluster 27 survived (C_s=0.16), N=42
   Cluster 28 survived (C_s=0.29), N=6
   Cluster 29 survived (C_s=0.19), N=39
   Cluster 32 survived (C_s=0.24), N=18
   Cluster 34 survived (C_s=0.23), N=8
   Cluster 35 survived (C_s=0.14), N=29
   Cluster 36 survived (C_s=0.19), N=29
   Cluster 37 survived (C_s=0.27), N=44
   Cluster 38 survived (C_s=0.21), N=45
   Cluster 39 survived (C_s=0.29), N=79
   Cluster 40 survived (C_s=0.23), N=48
   Cluster 41 survived (C_s=0.31), N=69
   Cluster 42 survived (C_s=0.14), N=19
   Cluster 43 survived (C_s=0.44), N=4
   Cluster 44 survived (C_s=0.27), N=84
   Cluster 46 survived (C_s=0.22), N=33
   Cluster 47 survived (C_s=0.25), N=59
   Cluster 48 survived (C_s=0.33), N=37
   Cluster 49 survived (C_s=0.20), N=17
   Cluster 50 survived (C_s=0.16), N=11
   Cluster 52 survived (C_s=0.13), N=20
   Cluster 53 survived (C_s=0.30), N=55
   Cluster 56 survived (C_s=0.32), N=11
 A total of 1395 stars survived in 44 clusters
 Performing GUMM analysis...
 Rejected 44 stars as non-members

 IL iteration 5
  Performing clustering on array of shape (1351, 2)
  Identified 54 clusters
   Cluster 0 survived (C_s=0.28), N=39
   Cluster 1 survived (C_s=0.19), N=9
   Cluster 3 survived (C_s=0.19), N=11
   Cluster 4 survived (C_s=0.26), N=7
   Cluster 5 survived (C_s=0.29), N=45
   Cluster 6 survived (C_s=0.26), N=34
   Cluster 7 survived (C_s=0.17), N=11
   Cluster 8 survived (C_s=0.21), N=9
   Cluster 10 survived (C_s=0.29), N=42
   Cluster 11 survived (C_s=0.34), N=6
   Cluster 12 survived (C_s=0.26), N=22
   Cluster 13 survived (C_s=0.31), N=69
   Cluster 14 survived (C_s=0.22), N=11
   Cluster 15 survived (C_s=0.23), N=8
   Cluster 17 survived (C_s=0.28), N=12
   Cluster 18 survived (C_s=0.22), N=8
   Cluster 19 survived (C_s=0.28), N=47
   Cluster 20 survived (C_s=0.25), N=20
   Cluster 21 survived (C_s=0.30), N=64
   Cluster 22 survived (C_s=0.25), N=12
   Cluster 23 survived (C_s=0.13), N=18
   Cluster 24 survived (C_s=0.31), N=31
   Cluster 25 survived (C_s=0.33), N=53
   Cluster 26 survived (C_s=0.26), N=31
   Cluster 27 survived (C_s=0.22), N=40
   Cluster 28 survived (C_s=0.22), N=35
   Cluster 29 survived (C_s=0.28), N=50
   Cluster 30 survived (C_s=0.28), N=43
   Cluster 31 survived (C_s=0.18), N=27
   Cluster 32 survived (C_s=0.30), N=24
   Cluster 33 survived (C_s=0.20), N=27
   Cluster 36 survived (C_s=0.33), N=35
   Cluster 37 survived (C_s=0.20), N=20
   Cluster 38 survived (C_s=0.29), N=61
   Cluster 39 survived (C_s=0.22), N=36
   Cluster 40 survived (C_s=0.26), N=51
   Cluster 41 survived (C_s=0.29), N=37
   Cluster 42 survived (C_s=0.25), N=38
   Cluster 43 survived (C_s=0.22), N=9
   Cluster 44 survived (C_s=0.18), N=12
   Cluster 45 survived (C_s=0.23), N=23
   Cluster 46 survived (C_s=0.27), N=24
   Cluster 47 survived (C_s=0.24), N=10
   Cluster 48 survived (C_s=0.23), N=10
   Cluster 50 survived (C_s=0.23), N=22
   Cluster 52 survived (C_s=0.30), N=61
 A total of 1314 stars survived in 46 clusters
 Performing GUMM analysis...

 IL iteration 6
  Performing clustering on array of shape (1314, 2)
  Identified 52 clusters
   Cluster 0 survived (C_s=0.26), N=36
   Cluster 1 survived (C_s=0.23), N=8
   Cluster 2 survived (C_s=0.21), N=9
   Cluster 3 survived (C_s=0.29), N=13
   Cluster 4 survived (C_s=0.24), N=14
   Cluster 5 survived (C_s=0.17), N=11
   Cluster 6 survived (C_s=0.26), N=7
   Cluster 7 survived (C_s=0.34), N=6
   Cluster 8 survived (C_s=0.27), N=45
   Cluster 9 survived (C_s=0.26), N=33
   Cluster 10 survived (C_s=0.25), N=34
   Cluster 12 survived (C_s=0.29), N=60
   Cluster 14 survived (C_s=0.22), N=8
   Cluster 15 survived (C_s=0.19), N=11
   Cluster 16 survived (C_s=0.18), N=16
   Cluster 17 survived (C_s=0.31), N=30
   Cluster 18 survived (C_s=0.28), N=35
   Cluster 19 survived (C_s=0.30), N=61
   Cluster 20 survived (C_s=0.18), N=27
   Cluster 21 survived (C_s=0.13), N=19
   Cluster 22 survived (C_s=0.33), N=50
   Cluster 23 survived (C_s=0.23), N=20
   Cluster 24 survived (C_s=0.27), N=57
   Cluster 25 survived (C_s=0.25), N=15
   Cluster 26 survived (C_s=0.25), N=9
   Cluster 27 survived (C_s=0.28), N=58
   Cluster 28 survived (C_s=0.24), N=9
   Cluster 29 survived (C_s=0.22), N=11
   Cluster 30 survived (C_s=0.28), N=26
   Cluster 31 survived (C_s=0.26), N=27
   Cluster 32 survived (C_s=0.23), N=31
   Cluster 33 survived (C_s=0.19), N=14
   Cluster 34 survived (C_s=0.24), N=11
   Cluster 35 survived (C_s=0.30), N=41
   Cluster 36 survived (C_s=0.30), N=31
   Cluster 37 survived (C_s=0.18), N=12
   Cluster 39 survived (C_s=0.26), N=21
   Cluster 40 survived (C_s=0.31), N=14
   Cluster 41 survived (C_s=0.29), N=59
   Cluster 42 survived (C_s=0.32), N=17
   Cluster 43 survived (C_s=0.22), N=30
   Cluster 44 survived (C_s=0.29), N=49
   Cluster 45 survived (C_s=0.22), N=23
   Cluster 46 survived (C_s=0.30), N=65
   Cluster 48 survived (C_s=0.22), N=9
   Cluster 49 survived (C_s=0.19), N=21
   Cluster 50 survived (C_s=0.32), N=56
   Cluster 51 survived (C_s=0.28), N=26
 A total of 1295 stars survived in 48 clusters
 Performing GUMM analysis...

 IL iteration 7
  Performing clustering on array of shape (1295, 2)
  Identified 51 clusters
   Cluster 0 survived (C_s=0.29), N=36
   Cluster 1 survived (C_s=0.21), N=9
   Cluster 2 survived (C_s=0.22), N=8
   Cluster 3 survived (C_s=0.27), N=37
   Cluster 4 survived (C_s=0.28), N=44
   Cluster 6 survived (C_s=0.23), N=8
   Cluster 7 survived (C_s=0.26), N=7
   Cluster 9 survived (C_s=0.17), N=15
   Cluster 10 survived (C_s=0.28), N=62
   Cluster 11 survived (C_s=0.23), N=8
   Cluster 14 survived (C_s=0.31), N=50
   Cluster 15 survived (C_s=0.21), N=44
   Cluster 16 survived (C_s=0.30), N=28
   Cluster 17 survived (C_s=0.27), N=30
   Cluster 19 survived (C_s=0.21), N=18
   Cluster 20 survived (C_s=0.17), N=27
   Cluster 21 survived (C_s=0.24), N=27
   Cluster 22 survived (C_s=0.29), N=39
   Cluster 23 survived (C_s=0.24), N=25
   Cluster 24 survived (C_s=0.23), N=35
   Cluster 25 survived (C_s=0.26), N=10
   Cluster 26 survived (C_s=0.26), N=40
   Cluster 27 survived (C_s=0.32), N=37
   Cluster 28 survived (C_s=0.24), N=36
   Cluster 29 survived (C_s=0.31), N=35
   Cluster 30 survived (C_s=0.31), N=7
   Cluster 31 survived (C_s=0.27), N=62
   Cluster 32 survived (C_s=0.35), N=12
   Cluster 33 survived (C_s=0.24), N=27
   Cluster 34 survived (C_s=0.29), N=40
   Cluster 35 survived (C_s=0.25), N=44
   Cluster 37 survived (C_s=0.29), N=42
   Cluster 38 survived (C_s=0.31), N=48
   Cluster 39 survived (C_s=0.30), N=43
   Cluster 40 survived (C_s=0.31), N=59
   Cluster 42 survived (C_s=0.19), N=28
   Cluster 44 survived (C_s=0.23), N=11
   Cluster 45 survived (C_s=0.26), N=32
   Cluster 46 survived (C_s=0.33), N=42
   Cluster 47 survived (C_s=0.18), N=13
   Cluster 48 survived (C_s=0.26), N=11
   Cluster 50 survived (C_s=0.41), N=11
 A total of 1247 stars survived in 42 clusters
 Performing GUMM analysis...

 IL iteration 8
  Performing clustering on array of shape (1247, 2)
  Identified 49 clusters
   Cluster 0 survived (C_s=0.33), N=41
   Cluster 2 survived (C_s=0.17), N=29
   Cluster 3 survived (C_s=0.26), N=7
   Cluster 4 survived (C_s=0.22), N=8
   Cluster 5 survived (C_s=0.26), N=30
   Cluster 6 survived (C_s=0.21), N=9
   Cluster 7 survived (C_s=0.26), N=49
   Cluster 8 survived (C_s=0.23), N=8
   Cluster 9 survived (C_s=0.20), N=14
   Cluster 10 survived (C_s=0.34), N=47
   Cluster 11 survived (C_s=0.24), N=28
   Cluster 12 survived (C_s=0.27), N=47
   Cluster 13 survived (C_s=0.32), N=49
   Cluster 14 survived (C_s=0.23), N=11
   Cluster 15 survived (C_s=0.26), N=10
   Cluster 16 survived (C_s=0.23), N=21
   Cluster 17 survived (C_s=0.25), N=35
   Cluster 18 survived (C_s=0.23), N=29
   Cluster 19 survived (C_s=0.30), N=31
   Cluster 20 survived (C_s=0.29), N=44
   Cluster 21 survived (C_s=0.29), N=34
   Cluster 22 survived (C_s=0.23), N=19
   Cluster 23 survived (C_s=0.31), N=56
   Cluster 24 survived (C_s=0.28), N=47
   Cluster 25 survived (C_s=0.33), N=13
   Cluster 26 survived (C_s=0.25), N=20
   Cluster 27 survived (C_s=0.25), N=12
   Cluster 28 survived (C_s=0.35), N=22
   Cluster 29 survived (C_s=0.25), N=15
   Cluster 30 survived (C_s=0.25), N=28
   Cluster 31 survived (C_s=0.21), N=18
   Cluster 33 survived (C_s=0.28), N=37
   Cluster 34 survived (C_s=0.24), N=22
   Cluster 35 survived (C_s=0.28), N=14
   Cluster 36 survived (C_s=0.27), N=44
   Cluster 37 survived (C_s=0.18), N=29
   Cluster 38 survived (C_s=0.31), N=53
   Cluster 39 survived (C_s=0.24), N=15
   Cluster 40 survived (C_s=0.29), N=21
   Cluster 41 survived (C_s=0.32), N=20
   Cluster 42 survived (C_s=0.29), N=35
   Cluster 43 survived (C_s=0.17), N=13
   Cluster 44 survived (C_s=0.31), N=7
   Cluster 45 survived (C_s=0.30), N=34
   Cluster 46 survived (C_s=0.25), N=23
   Cluster 47 survived (C_s=0.34), N=22
   Cluster 48 survived (C_s=0.28), N=19
 A total of 1239 stars survived in 47 clusters
 Performing GUMM analysis...

 IL iteration 9
  Performing clustering on array of shape (1239, 2)
  Identified 49 clusters
   Cluster 0 survived (C_s=0.27), N=42
   Cluster 1 survived (C_s=0.21), N=9
   Cluster 2 survived (C_s=0.23), N=8
   Cluster 3 survived (C_s=0.26), N=7
   Cluster 4 survived (C_s=0.25), N=33
   Cluster 5 survived (C_s=0.28), N=25
   Cluster 6 survived (C_s=0.22), N=8
   Cluster 7 survived (C_s=0.19), N=21
   Cluster 8 survived (C_s=0.28), N=61
   Cluster 10 survived (C_s=0.34), N=29
   Cluster 11 survived (C_s=0.15), N=24
   Cluster 12 survived (C_s=0.15), N=16
   Cluster 13 survived (C_s=0.30), N=29
   Cluster 14 survived (C_s=0.30), N=44
   Cluster 15 survived (C_s=0.26), N=33
   Cluster 16 survived (C_s=0.29), N=48
   Cluster 17 survived (C_s=0.29), N=34
   Cluster 18 survived (C_s=0.22), N=41
   Cluster 19 survived (C_s=0.26), N=22
   Cluster 20 survived (C_s=0.20), N=16
   Cluster 21 survived (C_s=0.26), N=26
   Cluster 22 survived (C_s=0.33), N=43
   Cluster 23 survived (C_s=0.26), N=16
   Cluster 24 survived (C_s=0.31), N=38
   Cluster 25 survived (C_s=0.24), N=11
   Cluster 26 survived (C_s=0.30), N=7
   Cluster 27 survived (C_s=0.26), N=29
   Cluster 28 survived (C_s=0.38), N=7
   Cluster 29 survived (C_s=0.30), N=50
   Cluster 30 survived (C_s=0.30), N=57
   Cluster 31 survived (C_s=0.30), N=30
   Cluster 32 survived (C_s=0.25), N=15
   Cluster 33 survived (C_s=0.24), N=27
   Cluster 34 survived (C_s=0.27), N=19
   Cluster 35 survived (C_s=0.31), N=55
   Cluster 36 survived (C_s=0.30), N=34
   Cluster 37 survived (C_s=0.25), N=10
   Cluster 39 survived (C_s=0.25), N=22
   Cluster 40 survived (C_s=0.30), N=10
   Cluster 42 survived (C_s=0.28), N=38
   Cluster 43 survived (C_s=0.28), N=53
   Cluster 44 survived (C_s=0.30), N=16
   Cluster 45 survived (C_s=0.24), N=13
   Cluster 46 survived (C_s=0.24), N=16
   Cluster 47 survived (C_s=0.21), N=14
   Cluster 48 survived (C_s=0.22), N=15
 A total of 1221 stars survived in 46 clusters
 Performing GUMM analysis...

 IL iteration 10
  Performing clustering on array of shape (1221, 2)
  Identified 48 clusters
   Cluster 0 survived (C_s=0.30), N=54
   Cluster 1 survived (C_s=0.21), N=9
   Cluster 2 survived (C_s=0.21), N=10
   Cluster 3 survived (C_s=0.30), N=36
   Cluster 5 survived (C_s=0.22), N=8
   Cluster 6 survived (C_s=0.26), N=24
   Cluster 7 survived (C_s=0.32), N=45
   Cluster 8 survived (C_s=0.26), N=24
   Cluster 9 survived (C_s=0.31), N=25
   Cluster 10 survived (C_s=0.23), N=8
   Cluster 11 survived (C_s=0.26), N=24
   Cluster 12 survived (C_s=0.30), N=38
   Cluster 13 survived (C_s=0.33), N=30
   Cluster 14 survived (C_s=0.19), N=36
   Cluster 15 survived (C_s=0.25), N=29
   Cluster 16 survived (C_s=0.24), N=30
   Cluster 18 survived (C_s=0.35), N=8
   Cluster 19 survived (C_s=0.34), N=8
   Cluster 20 survived (C_s=0.20), N=17
   Cluster 21 survived (C_s=0.24), N=21
   Cluster 22 survived (C_s=0.27), N=47
   Cluster 23 survived (C_s=0.28), N=13
   Cluster 24 survived (C_s=0.28), N=44
   Cluster 25 survived (C_s=0.30), N=50
   Cluster 26 survived (C_s=0.24), N=12
   Cluster 27 survived (C_s=0.23), N=29
   Cluster 28 survived (C_s=0.25), N=28
   Cluster 29 survived (C_s=0.25), N=24
   Cluster 30 survived (C_s=0.26), N=39
   Cluster 32 survived (C_s=0.31), N=52
   Cluster 33 survived (C_s=0.29), N=57
   Cluster 34 survived (C_s=0.33), N=31
   Cluster 36 survived (C_s=0.25), N=11
   Cluster 37 survived (C_s=0.34), N=42
   Cluster 38 survived (C_s=0.26), N=40
   Cluster 39 survived (C_s=0.32), N=44
   Cluster 40 survived (C_s=0.28), N=27
   Cluster 41 survived (C_s=0.14), N=19
   Cluster 42 survived (C_s=0.27), N=51
   Cluster 43 survived (C_s=0.27), N=11
   Cluster 44 survived (C_s=0.27), N=13
   Cluster 45 survived (C_s=0.24), N=14
   Cluster 46 survived (C_s=0.24), N=17
   Cluster 47 survived (C_s=0.35), N=5
 A total of 1204 stars survived in 44 clusters
 Performing GUMM analysis...

 IL iteration 11
  Performing clustering on array of shape (1204, 2)
  Identified 48 clusters
   Cluster 0 survived (C_s=0.30), N=33
   Cluster 1 survived (C_s=0.21), N=9
   Cluster 2 survived (C_s=0.24), N=25
   Cluster 3 survived (C_s=0.22), N=8
   Cluster 4 survived (C_s=0.30), N=42
   Cluster 5 survived (C_s=0.35), N=5
   Cluster 6 survived (C_s=0.30), N=66
   Cluster 7 survived (C_s=0.21), N=10
   Cluster 9 survived (C_s=0.24), N=44
   Cluster 10 survived (C_s=0.23), N=8
   Cluster 11 survived (C_s=0.26), N=43
   Cluster 12 survived (C_s=0.28), N=39
   Cluster 13 survived (C_s=0.25), N=27
   Cluster 14 survived (C_s=0.25), N=20
   Cluster 15 survived (C_s=0.32), N=36
   Cluster 16 survived (C_s=0.14), N=15
   Cluster 17 survived (C_s=0.31), N=32
   Cluster 18 survived (C_s=0.31), N=40
   Cluster 19 survived (C_s=0.29), N=48
   Cluster 20 survived (C_s=0.21), N=24
   Cluster 21 survived (C_s=0.22), N=21
   Cluster 22 survived (C_s=0.28), N=31
   Cluster 23 survived (C_s=0.31), N=46
   Cluster 24 survived (C_s=0.25), N=35
   Cluster 26 survived (C_s=0.27), N=9
   Cluster 27 survived (C_s=0.26), N=22
   Cluster 29 survived (C_s=0.31), N=37
   Cluster 30 survived (C_s=0.28), N=33
   Cluster 31 survived (C_s=0.30), N=44
   Cluster 32 survived (C_s=0.27), N=43
   Cluster 33 survived (C_s=0.25), N=20
   Cluster 34 survived (C_s=0.26), N=29
   Cluster 35 survived (C_s=0.35), N=8
   Cluster 36 survived (C_s=0.30), N=46
   Cluster 37 survived (C_s=0.24), N=20
   Cluster 38 survived (C_s=0.28), N=13
   Cluster 39 survived (C_s=0.22), N=15
   Cluster 40 survived (C_s=0.19), N=19
   Cluster 41 survived (C_s=0.30), N=7
   Cluster 42 survived (C_s=0.29), N=22
   Cluster 43 survived (C_s=0.32), N=10
   Cluster 44 survived (C_s=0.29), N=55
   Cluster 45 survived (C_s=0.23), N=11
   Cluster 46 survived (C_s=0.24), N=14
   Cluster 47 survived (C_s=0.25), N=7
 A total of 1191 stars survived in 45 clusters
 Performing GUMM analysis...

 IL iteration 12
  Performing clustering on array of shape (1191, 2)
  Identified 47 clusters
   Cluster 0 survived (C_s=0.26), N=23
   Cluster 1 survived (C_s=0.21), N=9
   Cluster 2 survived (C_s=0.24), N=35
   Cluster 3 survived (C_s=0.22), N=8
   Cluster 4 survived (C_s=0.24), N=29
   Cluster 5 survived (C_s=0.35), N=5
   Cluster 6 survived (C_s=0.31), N=32
   Cluster 7 survived (C_s=0.21), N=10
   Cluster 8 survived (C_s=0.23), N=8
   Cluster 9 survived (C_s=0.20), N=18
   Cluster 10 survived (C_s=0.29), N=34
   Cluster 11 survived (C_s=0.25), N=17
   Cluster 12 survived (C_s=0.28), N=43
   Cluster 13 survived (C_s=0.21), N=9
   Cluster 14 survived (C_s=0.21), N=24
   Cluster 15 survived (C_s=0.29), N=33
   Cluster 16 survived (C_s=0.25), N=20
   Cluster 17 survived (C_s=0.30), N=32
   Cluster 18 survived (C_s=0.30), N=48
   Cluster 19 survived (C_s=0.22), N=22
   Cluster 20 survived (C_s=0.30), N=39
   Cluster 21 survived (C_s=0.28), N=68
   Cluster 22 survived (C_s=0.17), N=22
   Cluster 23 survived (C_s=0.29), N=20
   Cluster 24 survived (C_s=0.30), N=33
   Cluster 25 survived (C_s=0.25), N=15
   Cluster 26 survived (C_s=0.38), N=7
   Cluster 27 survived (C_s=0.29), N=46
   Cluster 28 survived (C_s=0.24), N=25
   Cluster 29 survived (C_s=0.21), N=10
   Cluster 30 survived (C_s=0.30), N=42
   Cluster 31 survived (C_s=0.25), N=17
   Cluster 32 survived (C_s=0.30), N=49
   Cluster 33 survived (C_s=0.31), N=10
   Cluster 34 survived (C_s=0.23), N=18
   Cluster 35 survived (C_s=0.34), N=32
   Cluster 36 survived (C_s=0.23), N=17
   Cluster 37 survived (C_s=0.30), N=45
   Cluster 38 survived (C_s=0.25), N=25
   Cluster 39 survived (C_s=0.32), N=31
   Cluster 40 survived (C_s=0.29), N=21
   Cluster 41 survived (C_s=0.22), N=23
   Cluster 42 survived (C_s=0.28), N=20
   Cluster 43 survived (C_s=0.31), N=46
   Cluster 44 survived (C_s=0.32), N=30
   Cluster 45 survived (C_s=0.22), N=13
   Cluster 46 survived (C_s=0.39), N=8
 All clusters survived, N=1191
Performing final GUMM analysis...
Performing KDE analysis...

P>(.5, .75, .9, .95, .99): 1327, 1299, 1274, 1258, 1213

--------------------------------------------------------
OL run 12
Standard scale: removed mean and scaled to unit variance
 Selected N=2 PCA features
 Variance ratio:  0.51, 0.27

 IL iteration 1
  Performing clustering on array of shape (6857, 2)
  Identified 274 clusters
   Cluster 0 survived (C_s=0.27), N=182
   Cluster 9 survived (C_s=0.05), N=67
   Cluster 20 survived (C_s=0.06), N=42
   Cluster 29 survived (C_s=0.07), N=30
   Cluster 36 survived (C_s=0.05), N=51
   Cluster 37 survived (C_s=0.06), N=31
   Cluster 48 survived (C_s=0.10), N=74
   Cluster 55 survived (C_s=0.21), N=88
   Cluster 57 survived (C_s=0.05), N=35
   Cluster 59 survived (C_s=0.08), N=43
   Cluster 61 survived (C_s=0.29), N=140
   Cluster 66 survived (C_s=0.12), N=14
   Cluster 71 survived (C_s=0.27), N=163
   Cluster 87 survived (C_s=0.06), N=34
   Cluster 89 survived (C_s=0.04), N=42
   Cluster 90 survived (C_s=0.09), N=28
   Cluster 94 survived (C_s=0.09), N=28
   Cluster 95 survived (C_s=0.28), N=9
   Cluster 102 survived (C_s=0.04), N=51
   Cluster 104 survived (C_s=0.17), N=40
   Cluster 116 survived (C_s=0.07), N=36
   Cluster 119 survived (C_s=0.06), N=49
   Cluster 126 survived (C_s=0.07), N=34
   Cluster 129 survived (C_s=0.11), N=16
   Cluster 131 survived (C_s=0.10), N=21
   Cluster 136 survived (C_s=0.27), N=146
   Cluster 146 survived (C_s=0.18), N=21
   Cluster 150 survived (C_s=0.19), N=74
   Cluster 155 survived (C_s=0.15), N=57
   Cluster 157 survived (C_s=0.06), N=43
   Cluster 159 survived (C_s=0.17), N=121
   Cluster 167 survived (C_s=0.11), N=18
   Cluster 192 survived (C_s=0.13), N=29
   Cluster 203 survived (C_s=0.25), N=85
   Cluster 211 survived (C_s=0.08), N=24
   Cluster 213 survived (C_s=0.06), N=29
   Cluster 234 survived (C_s=0.28), N=125
   Cluster 237 survived (C_s=0.06), N=30
   Cluster 241 survived (C_s=0.10), N=18
   Cluster 253 survived (C_s=0.06), N=28
   Cluster 256 survived (C_s=0.05), N=46
   Cluster 257 survived (C_s=0.09), N=35
 A total of 2277 stars survived in 42 clusters
 Performing GUMM analysis...
 Rejected 82 stars as non-members

 IL iteration 2
  Performing clustering on array of shape (2195, 2)
  Identified 87 clusters
   Cluster 1 survived (C_s=0.21), N=46
   Cluster 2 survived (C_s=0.11), N=18
   Cluster 8 survived (C_s=0.27), N=127
   Cluster 9 survived (C_s=0.10), N=23
   Cluster 12 survived (C_s=0.15), N=20
   Cluster 14 survived (C_s=0.16), N=18
   Cluster 17 survived (C_s=0.15), N=16
   Cluster 19 survived (C_s=0.13), N=28
   Cluster 24 survived (C_s=0.18), N=20
   Cluster 25 survived (C_s=0.27), N=79
   Cluster 28 survived (C_s=0.12), N=55
   Cluster 30 survived (C_s=0.30), N=35
   Cluster 31 survived (C_s=0.11), N=29
   Cluster 33 survived (C_s=0.21), N=56
   Cluster 38 survived (C_s=0.31), N=89
   Cluster 40 survived (C_s=0.14), N=34
   Cluster 42 survived (C_s=0.08), N=20
   Cluster 47 survived (C_s=0.29), N=56
   Cluster 48 survived (C_s=0.11), N=18
   Cluster 50 survived (C_s=0.34), N=6
   Cluster 53 survived (C_s=0.27), N=99
   Cluster 57 survived (C_s=0.28), N=51
   Cluster 60 survived (C_s=0.11), N=16
   Cluster 61 survived (C_s=0.17), N=52
   Cluster 62 survived (C_s=0.13), N=32
   Cluster 63 survived (C_s=0.18), N=11
   Cluster 64 survived (C_s=0.22), N=33
   Cluster 67 survived (C_s=0.30), N=68
   Cluster 68 survived (C_s=0.10), N=17
   Cluster 69 survived (C_s=0.29), N=67
   Cluster 72 survived (C_s=0.21), N=48
   Cluster 74 survived (C_s=0.21), N=42
   Cluster 75 survived (C_s=0.18), N=53
   Cluster 80 survived (C_s=0.17), N=17
   Cluster 81 survived (C_s=0.28), N=92
   Cluster 83 survived (C_s=0.25), N=61
   Cluster 84 survived (C_s=0.12), N=22
 A total of 1574 stars survived in 37 clusters
 Performing GUMM analysis...
 Rejected 22 stars as non-members

 IL iteration 3
  Performing clustering on array of shape (1552, 2)
  Identified 62 clusters
   Cluster 0 survived (C_s=0.24), N=50
   Cluster 4 survived (C_s=0.40), N=5
   Cluster 5 survived (C_s=0.15), N=19
   Cluster 6 survived (C_s=0.28), N=50
   Cluster 10 survived (C_s=0.15), N=29
   Cluster 11 survived (C_s=0.19), N=20
   Cluster 14 survived (C_s=0.28), N=97
   Cluster 15 survived (C_s=0.30), N=31
   Cluster 16 survived (C_s=0.19), N=39
   Cluster 18 survived (C_s=0.19), N=34
   Cluster 19 survived (C_s=0.32), N=77
   Cluster 20 survived (C_s=0.17), N=19
   Cluster 22 survived (C_s=0.27), N=33
   Cluster 23 survived (C_s=0.15), N=16
   Cluster 24 survived (C_s=0.22), N=33
   Cluster 25 survived (C_s=0.24), N=12
   Cluster 27 survived (C_s=0.22), N=40
   Cluster 29 survived (C_s=0.14), N=18
   Cluster 30 survived (C_s=0.14), N=39
   Cluster 33 survived (C_s=0.26), N=62
   Cluster 35 survived (C_s=0.30), N=30
   Cluster 36 survived (C_s=0.19), N=17
   Cluster 38 survived (C_s=0.33), N=26
   Cluster 39 survived (C_s=0.26), N=97
   Cluster 40 survived (C_s=0.27), N=58
   Cluster 42 survived (C_s=0.24), N=13
   Cluster 43 survived (C_s=0.17), N=15
   Cluster 45 survived (C_s=0.19), N=25
   Cluster 47 survived (C_s=0.21), N=8
   Cluster 51 survived (C_s=0.17), N=22
   Cluster 53 survived (C_s=0.28), N=55
   Cluster 54 survived (C_s=0.27), N=53
   Cluster 55 survived (C_s=0.18), N=30
   Cluster 57 survived (C_s=0.32), N=60
   Cluster 58 survived (C_s=0.23), N=28
   Cluster 60 survived (C_s=0.29), N=85
   Cluster 61 survived (C_s=0.24), N=37
 A total of 1382 stars survived in 37 clusters
 Performing GUMM analysis...
 Rejected 26 stars as non-members

 IL iteration 4
  Performing clustering on array of shape (1356, 2)
  Identified 54 clusters
   Cluster 0 survived (C_s=0.31), N=48
   Cluster 1 survived (C_s=0.21), N=8
   Cluster 3 survived (C_s=0.18), N=13
   Cluster 6 survived (C_s=0.22), N=22
   Cluster 7 survived (C_s=0.32), N=8
   Cluster 8 survived (C_s=0.30), N=63
   Cluster 9 survived (C_s=0.21), N=10
   Cluster 11 survived (C_s=0.25), N=30
   Cluster 12 survived (C_s=0.27), N=45
   Cluster 13 survived (C_s=0.20), N=46
   Cluster 14 survived (C_s=0.26), N=39
   Cluster 15 survived (C_s=0.15), N=24
   Cluster 16 survived (C_s=0.28), N=8
   Cluster 17 survived (C_s=0.24), N=16
   Cluster 18 survived (C_s=0.27), N=37
   Cluster 19 survived (C_s=0.18), N=16
   Cluster 20 survived (C_s=0.29), N=47
   Cluster 21 survived (C_s=0.22), N=39
   Cluster 22 survived (C_s=0.24), N=21
   Cluster 23 survived (C_s=0.30), N=70
   Cluster 24 survived (C_s=0.23), N=30
   Cluster 25 survived (C_s=0.29), N=38
   Cluster 26 survived (C_s=0.29), N=44
   Cluster 27 survived (C_s=0.28), N=52
   Cluster 29 survived (C_s=0.17), N=12
   Cluster 31 survived (C_s=0.17), N=11
   Cluster 32 survived (C_s=0.28), N=37
   Cluster 33 survived (C_s=0.24), N=29
   Cluster 34 survived (C_s=0.29), N=40
   Cluster 36 survived (C_s=0.31), N=65
   Cluster 37 survived (C_s=0.20), N=10
   Cluster 38 survived (C_s=0.23), N=8
   Cluster 39 survived (C_s=0.17), N=18
   Cluster 40 survived (C_s=0.29), N=44
   Cluster 41 survived (C_s=0.28), N=17
   Cluster 42 survived (C_s=0.28), N=47
   Cluster 43 survived (C_s=0.29), N=48
   Cluster 44 survived (C_s=0.20), N=25
   Cluster 45 survived (C_s=0.21), N=11
   Cluster 47 survived (C_s=0.24), N=36
   Cluster 49 survived (C_s=0.22), N=8
   Cluster 50 survived (C_s=0.23), N=21
   Cluster 51 survived (C_s=0.20), N=11
   Cluster 52 survived (C_s=0.29), N=12
 A total of 1284 stars survived in 44 clusters
 Performing GUMM analysis...

 IL iteration 5
  Performing clustering on array of shape (1284, 2)
  Identified 51 clusters
   Cluster 0 survived (C_s=0.27), N=45
   Cluster 1 survived (C_s=0.23), N=8
   Cluster 2 survived (C_s=0.28), N=30
   Cluster 3 survived (C_s=0.17), N=11
   Cluster 4 survived (C_s=0.21), N=8
   Cluster 5 survived (C_s=0.26), N=25
   Cluster 6 survived (C_s=0.32), N=8
   Cluster 8 survived (C_s=0.26), N=25
   Cluster 9 survived (C_s=0.21), N=10
   Cluster 10 survived (C_s=0.25), N=30
   Cluster 11 survived (C_s=0.28), N=31
   Cluster 12 survived (C_s=0.28), N=17
   Cluster 13 survived (C_s=0.32), N=36
   Cluster 14 survived (C_s=0.16), N=22
   Cluster 15 survived (C_s=0.22), N=23
   Cluster 16 survived (C_s=0.28), N=46
   Cluster 17 survived (C_s=0.29), N=21
   Cluster 18 survived (C_s=0.20), N=21
   Cluster 19 survived (C_s=0.22), N=14
   Cluster 20 survived (C_s=0.22), N=24
   Cluster 21 survived (C_s=0.23), N=27
   Cluster 22 survived (C_s=0.28), N=13
   Cluster 23 survived (C_s=0.22), N=34
   Cluster 24 survived (C_s=0.27), N=33
   Cluster 25 survived (C_s=0.29), N=34
   Cluster 26 survived (C_s=0.27), N=26
   Cluster 27 survived (C_s=0.22), N=34
   Cluster 28 survived (C_s=0.25), N=26
   Cluster 29 survived (C_s=0.26), N=46
   Cluster 30 survived (C_s=0.21), N=11
   Cluster 31 survived (C_s=0.20), N=27
   Cluster 32 survived (C_s=0.29), N=41
   Cluster 33 survived (C_s=0.31), N=48
   Cluster 34 survived (C_s=0.29), N=6
   Cluster 35 survived (C_s=0.15), N=23
   Cluster 36 survived (C_s=0.32), N=47
   Cluster 37 survived (C_s=0.30), N=41
   Cluster 38 survived (C_s=0.43), N=4
   Cluster 40 survived (C_s=0.18), N=15
   Cluster 41 survived (C_s=0.31), N=35
   Cluster 42 survived (C_s=0.27), N=42
   Cluster 44 survived (C_s=0.33), N=46
   Cluster 45 survived (C_s=0.19), N=11
   Cluster 46 survived (C_s=0.18), N=11
   Cluster 47 survived (C_s=0.27), N=38
   Cluster 48 survived (C_s=0.28), N=44
   Cluster 50 survived (C_s=0.28), N=50
 A total of 1268 stars survived in 47 clusters
 Performing GUMM analysis...

 IL iteration 6
  Performing clustering on array of shape (1268, 2)
  Identified 50 clusters
   Cluster 0 survived (C_s=0.27), N=15
   Cluster 1 survived (C_s=0.20), N=17
   Cluster 2 survived (C_s=0.21), N=8
   Cluster 3 survived (C_s=0.27), N=54
   Cluster 4 survived (C_s=0.23), N=8
   Cluster 5 survived (C_s=0.16), N=17
   Cluster 6 survived (C_s=0.29), N=18
   Cluster 7 survived (C_s=0.27), N=20
   Cluster 8 survived (C_s=0.21), N=10
   Cluster 9 survived (C_s=0.30), N=21
   Cluster 10 survived (C_s=0.17), N=11
   Cluster 11 survived (C_s=0.26), N=39
   Cluster 12 survived (C_s=0.30), N=60
   Cluster 13 survived (C_s=0.26), N=33
   Cluster 14 survived (C_s=0.31), N=37
   Cluster 15 survived (C_s=0.16), N=24
   Cluster 16 survived (C_s=0.26), N=34
   Cluster 17 survived (C_s=0.22), N=12
   Cluster 18 survived (C_s=0.18), N=17
   Cluster 20 survived (C_s=0.24), N=43
   Cluster 21 survived (C_s=0.29), N=54
   Cluster 22 survived (C_s=0.29), N=20
   Cluster 23 survived (C_s=0.22), N=14
   Cluster 24 survived (C_s=0.20), N=19
   Cluster 25 survived (C_s=0.33), N=47
   Cluster 26 survived (C_s=0.24), N=18
   Cluster 27 survived (C_s=0.29), N=11
   Cluster 28 survived (C_s=0.30), N=47
   Cluster 29 survived (C_s=0.15), N=20
   Cluster 30 survived (C_s=0.30), N=22
   Cluster 31 survived (C_s=0.30), N=38
   Cluster 32 survived (C_s=0.20), N=15
   Cluster 33 survived (C_s=0.22), N=13
   Cluster 34 survived (C_s=0.29), N=23
   Cluster 35 survived (C_s=0.29), N=6
   Cluster 36 survived (C_s=0.28), N=41
   Cluster 37 survived (C_s=0.26), N=26
   Cluster 38 survived (C_s=0.20), N=22
   Cluster 39 survived (C_s=0.34), N=34
   Cluster 40 survived (C_s=0.19), N=9
   Cluster 41 survived (C_s=0.32), N=8
   Cluster 42 survived (C_s=0.25), N=44
   Cluster 43 survived (C_s=0.24), N=26
   Cluster 44 survived (C_s=0.31), N=44
   Cluster 45 survived (C_s=0.31), N=44
   Cluster 46 survived (C_s=0.25), N=30
   Cluster 47 survived (C_s=0.20), N=18
   Cluster 48 survived (C_s=0.27), N=30
   Cluster 49 survived (C_s=0.24), N=23
 A total of 1264 stars survived in 49 clusters
 Performing GUMM analysis...

 IL iteration 7
  Performing clustering on array of shape (1264, 2)
  Identified 50 clusters
   Cluster 0 survived (C_s=0.20), N=12
   Cluster 1 survived (C_s=0.27), N=29
   Cluster 2 survived (C_s=0.21), N=8
   Cluster 3 survived (C_s=0.34), N=49
   Cluster 4 survived (C_s=0.23), N=8
   Cluster 6 survived (C_s=0.19), N=18
   Cluster 7 survived (C_s=0.26), N=35
   Cluster 8 survived (C_s=0.29), N=63
   Cluster 9 survived (C_s=0.29), N=6
   Cluster 10 survived (C_s=0.17), N=20
   Cluster 11 survived (C_s=0.28), N=48
   Cluster 12 survived (C_s=0.25), N=39
   Cluster 13 survived (C_s=0.24), N=21
   Cluster 14 survived (C_s=0.21), N=10
   Cluster 16 survived (C_s=0.29), N=32
   Cluster 17 survived (C_s=0.13), N=23
   Cluster 18 survived (C_s=0.25), N=19
   Cluster 19 survived (C_s=0.24), N=18
   Cluster 20 survived (C_s=0.27), N=24
   Cluster 21 survived (C_s=0.28), N=47
   Cluster 22 survived (C_s=0.21), N=11
   Cluster 23 survived (C_s=0.26), N=20
   Cluster 24 survived (C_s=0.32), N=21
   Cluster 25 survived (C_s=0.27), N=38
   Cluster 26 survived (C_s=0.23), N=44
   Cluster 27 survived (C_s=0.31), N=41
   Cluster 28 survived (C_s=0.17), N=10
   Cluster 29 survived (C_s=0.23), N=25
   Cluster 31 survived (C_s=0.23), N=17
   Cluster 32 survived (C_s=0.24), N=15
   Cluster 33 survived (C_s=0.29), N=41
   Cluster 34 survived (C_s=0.28), N=58
   Cluster 35 survived (C_s=0.36), N=9
   Cluster 36 survived (C_s=0.30), N=25
   Cluster 37 survived (C_s=0.30), N=47
   Cluster 38 survived (C_s=0.30), N=49
   Cluster 39 survived (C_s=0.19), N=20
   Cluster 40 survived (C_s=0.26), N=12
   Cluster 41 survived (C_s=0.27), N=38
   Cluster 42 survived (C_s=0.25), N=34
   Cluster 43 survived (C_s=0.45), N=6
   Cluster 44 survived (C_s=0.22), N=34
   Cluster 45 survived (C_s=0.24), N=12
   Cluster 47 survived (C_s=0.31), N=38
   Cluster 48 survived (C_s=0.29), N=33
   Cluster 49 survived (C_s=0.18), N=15
 A total of 1242 stars survived in 46 clusters
 Performing GUMM analysis...
 Rejected 96 stars as non-members

 IL iteration 8
  Performing clustering on array of shape (1146, 2)
  Identified 45 clusters
   Cluster 0 survived (C_s=0.25), N=16
   Cluster 1 survived (C_s=0.28), N=7
   Cluster 2 survived (C_s=0.31), N=31
   Cluster 4 survived (C_s=0.32), N=37
   Cluster 5 survived (C_s=0.26), N=21
   Cluster 6 survived (C_s=0.21), N=10
   Cluster 7 survived (C_s=0.27), N=54
   Cluster 8 survived (C_s=0.31), N=37
   Cluster 9 survived (C_s=0.30), N=51
   Cluster 10 survived (C_s=0.27), N=23
   Cluster 11 survived (C_s=0.20), N=16
   Cluster 12 survived (C_s=0.23), N=15
   Cluster 13 survived (C_s=0.31), N=48
   Cluster 14 survived (C_s=0.35), N=8
   Cluster 15 survived (C_s=0.34), N=38
   Cluster 16 survived (C_s=0.28), N=44
   Cluster 17 survived (C_s=0.31), N=31
   Cluster 18 survived (C_s=0.33), N=22
   Cluster 19 survived (C_s=0.28), N=33
   Cluster 20 survived (C_s=0.30), N=33
   Cluster 21 survived (C_s=0.30), N=67
   Cluster 22 survived (C_s=0.30), N=39
   Cluster 23 survived (C_s=0.31), N=10
   Cluster 24 survived (C_s=0.25), N=10
   Cluster 25 survived (C_s=0.28), N=9
   Cluster 26 survived (C_s=0.29), N=22
   Cluster 27 survived (C_s=0.28), N=11
   Cluster 28 survived (C_s=0.23), N=10
   Cluster 29 survived (C_s=0.26), N=26
   Cluster 30 survived (C_s=0.27), N=12
   Cluster 31 survived (C_s=0.21), N=17
   Cluster 32 survived (C_s=0.34), N=57
   Cluster 33 survived (C_s=0.27), N=14
   Cluster 34 survived (C_s=0.23), N=14
   Cluster 35 survived (C_s=0.33), N=17
   Cluster 36 survived (C_s=0.34), N=16
   Cluster 37 survived (C_s=0.30), N=21
   Cluster 38 survived (C_s=0.33), N=29
   Cluster 39 survived (C_s=0.29), N=19
   Cluster 40 survived (C_s=0.29), N=52
   Cluster 41 survived (C_s=0.28), N=24
   Cluster 42 survived (C_s=0.34), N=26
   Cluster 44 survived (C_s=0.34), N=38
 A total of 1135 stars survived in 43 clusters
 Performing GUMM analysis...

 IL iteration 9
  Performing clustering on array of shape (1135, 2)
  Identified 45 clusters
   Cluster 0 survived (C_s=0.29), N=10
   Cluster 1 survived (C_s=0.27), N=35
   Cluster 2 survived (C_s=0.28), N=7
   Cluster 3 survived (C_s=0.30), N=40
   Cluster 4 survived (C_s=0.22), N=14
   Cluster 6 survived (C_s=0.30), N=63
   Cluster 7 survived (C_s=0.29), N=37
   Cluster 8 survived (C_s=0.30), N=30
   Cluster 9 survived (C_s=0.22), N=20
   Cluster 10 survived (C_s=0.24), N=8
   Cluster 11 survived (C_s=0.31), N=48
   Cluster 12 survived (C_s=0.34), N=23
   Cluster 13 survived (C_s=0.31), N=26
   Cluster 14 survived (C_s=0.28), N=26
   Cluster 15 survived (C_s=0.33), N=15
   Cluster 16 survived (C_s=0.33), N=13
   Cluster 17 survived (C_s=0.32), N=32
   Cluster 18 survived (C_s=0.24), N=12
   Cluster 19 survived (C_s=0.33), N=30
   Cluster 20 survived (C_s=0.24), N=29
   Cluster 21 survived (C_s=0.25), N=10
   Cluster 22 survived (C_s=0.27), N=30
   Cluster 23 survived (C_s=0.22), N=16
   Cluster 24 survived (C_s=0.29), N=16
   Cluster 25 survived (C_s=0.30), N=28
   Cluster 26 survived (C_s=0.17), N=15
   Cluster 27 survived (C_s=0.31), N=45
   Cluster 28 survived (C_s=0.30), N=27
   Cluster 29 survived (C_s=0.30), N=39
   Cluster 30 survived (C_s=0.26), N=34
   Cluster 31 survived (C_s=0.29), N=44
   Cluster 32 survived (C_s=0.35), N=10
   Cluster 33 survived (C_s=0.36), N=9
   Cluster 34 survived (C_s=0.31), N=19
   Cluster 35 survived (C_s=0.35), N=45
   Cluster 36 survived (C_s=0.23), N=15
   Cluster 37 survived (C_s=0.30), N=21
   Cluster 38 survived (C_s=0.32), N=54
   Cluster 39 survived (C_s=0.32), N=31
   Cluster 40 survived (C_s=0.35), N=19
   Cluster 41 survived (C_s=0.27), N=16
   Cluster 43 survived (C_s=0.29), N=29
   Cluster 44 survived (C_s=0.30), N=35
 A total of 1125 stars survived in 43 clusters
 Performing GUMM analysis...

 IL iteration 10
  Performing clustering on array of shape (1125, 2)
  Identified 45 clusters
   Cluster 0 survived (C_s=0.29), N=28
   Cluster 1 survived (C_s=0.28), N=7
   Cluster 2 survived (C_s=0.27), N=27
   Cluster 3 survived (C_s=0.31), N=45
   Cluster 4 survived (C_s=0.33), N=70
   Cluster 5 survived (C_s=0.19), N=18
   Cluster 6 survived (C_s=0.25), N=10
   Cluster 7 survived (C_s=0.28), N=36
   Cluster 8 survived (C_s=0.27), N=45
   Cluster 9 survived (C_s=0.33), N=27
   Cluster 10 survived (C_s=0.32), N=35
   Cluster 11 survived (C_s=0.30), N=20
   Cluster 12 survived (C_s=0.28), N=25
   Cluster 13 survived (C_s=0.31), N=26
   Cluster 14 survived (C_s=0.27), N=18
   Cluster 15 survived (C_s=0.30), N=12
   Cluster 16 survived (C_s=0.34), N=39
   Cluster 17 survived (C_s=0.31), N=51
   Cluster 18 survived (C_s=0.31), N=34
   Cluster 19 survived (C_s=0.33), N=11
   Cluster 20 survived (C_s=0.30), N=47
   Cluster 21 survived (C_s=0.22), N=14
   Cluster 22 survived (C_s=0.29), N=29
   Cluster 23 survived (C_s=0.34), N=28
   Cluster 24 survived (C_s=0.29), N=30
   Cluster 25 survived (C_s=0.35), N=29
   Cluster 26 survived (C_s=0.25), N=11
   Cluster 27 survived (C_s=0.23), N=11
   Cluster 28 survived (C_s=0.28), N=18
   Cluster 29 survived (C_s=0.32), N=36
   Cluster 30 survived (C_s=0.32), N=29
   Cluster 32 survived (C_s=0.28), N=37
   Cluster 33 survived (C_s=0.32), N=15
   Cluster 34 survived (C_s=0.29), N=19
   Cluster 36 survived (C_s=0.24), N=16
   Cluster 37 survived (C_s=0.29), N=18
   Cluster 38 survived (C_s=0.31), N=15
   Cluster 39 survived (C_s=0.29), N=34
   Cluster 40 survived (C_s=0.27), N=12
   Cluster 41 survived (C_s=0.30), N=10
   Cluster 42 survived (C_s=0.31), N=31
   Cluster 43 survived (C_s=0.21), N=16
   Cluster 44 survived (C_s=0.30), N=25
 A total of 1114 stars survived in 43 clusters
 Performing GUMM analysis...

 IL iteration 11
  Performing clustering on array of shape (1114, 2)
  Identified 44 clusters
   Cluster 0 survived (C_s=0.28), N=30
   Cluster 1 survived (C_s=0.28), N=7
   Cluster 2 survived (C_s=0.28), N=43
   Cluster 3 survived (C_s=0.19), N=15
   Cluster 4 survived (C_s=0.26), N=16
   Cluster 5 survived (C_s=0.33), N=47
   Cluster 6 survived (C_s=0.33), N=19
   Cluster 7 survived (C_s=0.33), N=16
   Cluster 8 survived (C_s=0.32), N=19
   Cluster 9 survived (C_s=0.29), N=28
   Cluster 10 survived (C_s=0.26), N=23
   Cluster 11 survived (C_s=0.31), N=22
   Cluster 12 survived (C_s=0.22), N=14
   Cluster 13 survived (C_s=0.30), N=54
   Cluster 14 survived (C_s=0.33), N=33
   Cluster 15 survived (C_s=0.31), N=42
   Cluster 16 survived (C_s=0.24), N=16
   Cluster 17 survived (C_s=0.29), N=39
   Cluster 18 survived (C_s=0.32), N=35
   Cluster 19 survived (C_s=0.30), N=50
   Cluster 20 survived (C_s=0.32), N=38
   Cluster 21 survived (C_s=0.31), N=46
   Cluster 22 survived (C_s=0.31), N=13
   Cluster 23 survived (C_s=0.29), N=31
   Cluster 24 survived (C_s=0.27), N=21
   Cluster 25 survived (C_s=0.24), N=13
   Cluster 26 survived (C_s=0.25), N=10
   Cluster 27 survived (C_s=0.27), N=25
   Cluster 28 survived (C_s=0.34), N=23
   Cluster 29 survived (C_s=0.25), N=15
   Cluster 30 survived (C_s=0.29), N=27
   Cluster 31 survived (C_s=0.28), N=14
   Cluster 32 survived (C_s=0.30), N=47
   Cluster 33 survived (C_s=0.31), N=30
   Cluster 34 survived (C_s=0.29), N=18
   Cluster 35 survived (C_s=0.33), N=13
   Cluster 36 survived (C_s=0.33), N=36
   Cluster 37 survived (C_s=0.33), N=36
   Cluster 38 survived (C_s=0.25), N=12
   Cluster 39 survived (C_s=0.28), N=19
   Cluster 40 survived (C_s=0.25), N=13
   Cluster 41 survived (C_s=0.36), N=15
   Cluster 42 survived (C_s=0.28), N=14
   Cluster 43 survived (C_s=0.28), N=17
 All clusters survived, N=1114
Performing final GUMM analysis...
Performing KDE analysis...

P>(.5, .75, .9, .95, .99): 1327, 1300, 1273, 1256, 1211

--------------------------------------------------------
OL run 13
Standard scale: removed mean and scaled to unit variance
 Selected N=2 PCA features
 Variance ratio:  0.51, 0.27

 IL iteration 1
  Performing clustering on array of shape (6857, 2)
  Identified 274 clusters
   Cluster 0 survived (C_s=0.27), N=121
   Cluster 12 survived (C_s=0.27), N=118
   Cluster 18 survived (C_s=0.28), N=85
   Cluster 20 survived (C_s=0.06), N=34
   Cluster 25 survived (C_s=0.05), N=48
   Cluster 29 survived (C_s=0.26), N=7
   Cluster 32 survived (C_s=0.09), N=33
   Cluster 35 survived (C_s=0.13), N=80
   Cluster 37 survived (C_s=0.05), N=38
   Cluster 43 survived (C_s=0.28), N=56
   Cluster 59 survived (C_s=0.07), N=27
   Cluster 60 survived (C_s=0.27), N=90
   Cluster 61 survived (C_s=0.18), N=20
   Cluster 64 survived (C_s=0.19), N=44
   Cluster 68 survived (C_s=0.10), N=56
   Cluster 74 survived (C_s=0.10), N=17
   Cluster 79 survived (C_s=0.08), N=34
   Cluster 81 survived (C_s=0.27), N=129
   Cluster 90 survived (C_s=0.17), N=51
   Cluster 97 survived (C_s=0.08), N=28
   Cluster 106 survived (C_s=0.06), N=42
   Cluster 110 survived (C_s=0.22), N=92
   Cluster 112 survived (C_s=0.07), N=33
   Cluster 113 survived (C_s=0.28), N=109
   Cluster 133 survived (C_s=0.14), N=23
   Cluster 136 survived (C_s=0.13), N=56
   Cluster 155 survived (C_s=0.05), N=41
   Cluster 157 survived (C_s=0.10), N=34
   Cluster 160 survived (C_s=0.15), N=14
   Cluster 165 survived (C_s=0.06), N=30
   Cluster 169 survived (C_s=0.29), N=103
   Cluster 186 survived (C_s=0.16), N=22
   Cluster 187 survived (C_s=0.06), N=35
   Cluster 188 survived (C_s=0.07), N=30
   Cluster 205 survived (C_s=0.09), N=21
   Cluster 207 survived (C_s=0.05), N=44
   Cluster 216 survived (C_s=0.06), N=49
   Cluster 220 survived (C_s=0.10), N=19
   Cluster 221 survived (C_s=0.24), N=97
   Cluster 237 survived (C_s=0.06), N=37
   Cluster 242 survived (C_s=0.07), N=26
   Cluster 270 survived (C_s=0.13), N=19
 A total of 2092 stars survived in 42 clusters
 Performing GUMM analysis...
 Rejected 72 stars as non-members

 IL iteration 2
  Performing clustering on array of shape (2020, 2)
  Identified 80 clusters
   Cluster 0 survived (C_s=0.29), N=137
   Cluster 4 survived (C_s=0.08), N=23
   Cluster 5 survived (C_s=0.27), N=8
   Cluster 7 survived (C_s=0.19), N=20
   Cluster 8 survived (C_s=0.14), N=24
   Cluster 11 survived (C_s=0.17), N=42
   Cluster 16 survived (C_s=0.07), N=24
   Cluster 17 survived (C_s=0.08), N=26
   Cluster 19 survived (C_s=0.12), N=16
   Cluster 22 survived (C_s=0.23), N=41
   Cluster 24 survived (C_s=0.29), N=102
   Cluster 25 survived (C_s=0.18), N=10
   Cluster 27 survived (C_s=0.11), N=25
   Cluster 30 survived (C_s=0.25), N=55
   Cluster 31 survived (C_s=0.25), N=91
   Cluster 35 survived (C_s=0.26), N=63
   Cluster 40 survived (C_s=0.15), N=29
   Cluster 41 survived (C_s=0.18), N=17
   Cluster 43 survived (C_s=0.12), N=17
   Cluster 46 survived (C_s=0.29), N=82
   Cluster 47 survived (C_s=0.22), N=9
   Cluster 49 survived (C_s=0.22), N=61
   Cluster 52 survived (C_s=0.24), N=70
   Cluster 55 survived (C_s=0.15), N=60
   Cluster 59 survived (C_s=0.26), N=72
   Cluster 62 survived (C_s=0.15), N=36
   Cluster 63 survived (C_s=0.19), N=21
   Cluster 71 survived (C_s=0.28), N=119
   Cluster 73 survived (C_s=0.27), N=46
   Cluster 76 survived (C_s=0.20), N=34
   Cluster 77 survived (C_s=0.25), N=9
   Cluster 78 survived (C_s=0.27), N=93
   Cluster 79 survived (C_s=0.20), N=22
 A total of 1504 stars survived in 33 clusters
 Performing GUMM analysis...
 Rejected 24 stars as non-members

 IL iteration 3
  Performing clustering on array of shape (1480, 2)
  Identified 59 clusters
   Cluster 0 survived (C_s=0.21), N=43
   Cluster 2 survived (C_s=0.28), N=38
   Cluster 3 survived (C_s=0.25), N=68
   Cluster 6 survived (C_s=0.31), N=65
   Cluster 8 survived (C_s=0.19), N=18
   Cluster 9 survived (C_s=0.25), N=9
   Cluster 12 survived (C_s=0.27), N=63
   Cluster 13 survived (C_s=0.21), N=16
   Cluster 14 survived (C_s=0.23), N=14
   Cluster 15 survived (C_s=0.29), N=34
   Cluster 16 survived (C_s=0.29), N=63
   Cluster 17 survived (C_s=0.18), N=30
   Cluster 18 survived (C_s=0.28), N=40
   Cluster 19 survived (C_s=0.17), N=13
   Cluster 20 survived (C_s=0.24), N=38
   Cluster 22 survived (C_s=0.18), N=23
   Cluster 23 survived (C_s=0.11), N=30
   Cluster 24 survived (C_s=0.24), N=13
   Cluster 25 survived (C_s=0.24), N=30
   Cluster 26 survived (C_s=0.22), N=42
   Cluster 27 survived (C_s=0.24), N=14
   Cluster 29 survived (C_s=0.15), N=13
   Cluster 31 survived (C_s=0.23), N=34
   Cluster 32 survived (C_s=0.22), N=13
   Cluster 34 survived (C_s=0.30), N=66
   Cluster 37 survived (C_s=0.21), N=27
   Cluster 39 survived (C_s=0.13), N=14
   Cluster 41 survived (C_s=0.22), N=17
   Cluster 42 survived (C_s=0.25), N=19
   Cluster 43 survived (C_s=0.29), N=34
   Cluster 44 survived (C_s=0.22), N=27
   Cluster 45 survived (C_s=0.40), N=5
   Cluster 46 survived (C_s=0.14), N=19
   Cluster 47 survived (C_s=0.30), N=69
   Cluster 48 survived (C_s=0.29), N=35
   Cluster 49 survived (C_s=0.26), N=63
   Cluster 50 survived (C_s=0.27), N=8
   Cluster 51 survived (C_s=0.29), N=41
   Cluster 53 survived (C_s=0.29), N=29
   Cluster 54 survived (C_s=0.21), N=30
   Cluster 57 survived (C_s=0.32), N=36
   Cluster 58 survived (C_s=0.29), N=52
 A total of 1355 stars survived in 42 clusters
 Performing GUMM analysis...
 Rejected 27 stars as non-members

 IL iteration 4
  Performing clustering on array of shape (1328, 2)
  Identified 53 clusters
   Cluster 0 survived (C_s=0.28), N=45
   Cluster 1 survived (C_s=0.25), N=8
   Cluster 2 survived (C_s=0.33), N=37
   Cluster 5 survived (C_s=0.24), N=13
   Cluster 7 survived (C_s=0.20), N=17
   Cluster 8 survived (C_s=0.27), N=24
   Cluster 9 survived (C_s=0.26), N=16
   Cluster 10 survived (C_s=0.17), N=16
   Cluster 11 survived (C_s=0.24), N=31
   Cluster 12 survived (C_s=0.29), N=43
   Cluster 13 survived (C_s=0.27), N=8
   Cluster 14 survived (C_s=0.30), N=64
   Cluster 15 survived (C_s=0.19), N=12
   Cluster 16 survived (C_s=0.27), N=48
   Cluster 17 survived (C_s=0.17), N=24
   Cluster 19 survived (C_s=0.32), N=44
   Cluster 20 survived (C_s=0.26), N=40
   Cluster 21 survived (C_s=0.17), N=21
   Cluster 22 survived (C_s=0.25), N=37
   Cluster 23 survived (C_s=0.21), N=11
   Cluster 24 survived (C_s=0.25), N=47
   Cluster 25 survived (C_s=0.13), N=19
   Cluster 26 survived (C_s=0.28), N=55
   Cluster 27 survived (C_s=0.26), N=38
   Cluster 28 survived (C_s=0.27), N=26
   Cluster 29 survived (C_s=0.30), N=40
   Cluster 30 survived (C_s=0.26), N=53
   Cluster 31 survived (C_s=0.33), N=41
   Cluster 32 survived (C_s=0.22), N=17
   Cluster 33 survived (C_s=0.30), N=33
   Cluster 34 survived (C_s=0.18), N=12
   Cluster 35 survived (C_s=0.20), N=17
   Cluster 37 survived (C_s=0.24), N=47
   Cluster 38 survived (C_s=0.18), N=21
   Cluster 39 survived (C_s=0.21), N=12
   Cluster 40 survived (C_s=0.26), N=29
   Cluster 42 survived (C_s=0.23), N=11
   Cluster 43 survived (C_s=0.21), N=17
   Cluster 46 survived (C_s=0.30), N=9
   Cluster 47 survived (C_s=0.17), N=15
   Cluster 48 survived (C_s=0.24), N=23
   Cluster 49 survived (C_s=0.29), N=56
   Cluster 50 survived (C_s=0.26), N=10
   Cluster 51 survived (C_s=0.28), N=39
   Cluster 52 survived (C_s=0.31), N=41
 A total of 1287 stars survived in 45 clusters
 Performing GUMM analysis...

 IL iteration 5
  Performing clustering on array of shape (1287, 2)
  Identified 51 clusters
   Cluster 0 survived (C_s=0.17), N=21
   Cluster 1 survived (C_s=0.27), N=39
   Cluster 2 survived (C_s=0.25), N=8
   Cluster 3 survived (C_s=0.15), N=12
   Cluster 4 survived (C_s=0.27), N=37
   Cluster 5 survived (C_s=0.27), N=8
   Cluster 6 survived (C_s=0.20), N=32
   Cluster 7 survived (C_s=0.23), N=35
   Cluster 8 survived (C_s=0.29), N=29
   Cluster 10 survived (C_s=0.26), N=43
   Cluster 11 survived (C_s=0.21), N=11
   Cluster 12 survived (C_s=0.21), N=15
   Cluster 13 survived (C_s=0.29), N=29
   Cluster 14 survived (C_s=0.25), N=25
   Cluster 15 survived (C_s=0.31), N=14
   Cluster 16 survived (C_s=0.31), N=29
   Cluster 17 survived (C_s=0.22), N=31
   Cluster 18 survived (C_s=0.26), N=30
   Cluster 19 survived (C_s=0.26), N=48
   Cluster 20 survived (C_s=0.35), N=9
   Cluster 21 survived (C_s=0.28), N=71
   Cluster 22 survived (C_s=0.29), N=49
   Cluster 23 survived (C_s=0.19), N=10
   Cluster 24 survived (C_s=0.28), N=42
   Cluster 25 survived (C_s=0.28), N=39
   Cluster 26 survived (C_s=0.25), N=28
   Cluster 27 survived (C_s=0.24), N=11
   Cluster 28 survived (C_s=0.29), N=46
   Cluster 29 survived (C_s=0.29), N=34
   Cluster 30 survived (C_s=0.16), N=14
   Cluster 31 survived (C_s=0.22), N=11
   Cluster 32 survived (C_s=0.32), N=52
   Cluster 33 survived (C_s=0.24), N=14
   Cluster 34 survived (C_s=0.20), N=10
   Cluster 36 survived (C_s=0.22), N=17
   Cluster 37 survived (C_s=0.31), N=44
   Cluster 38 survived (C_s=0.23), N=46
   Cluster 39 survived (C_s=0.21), N=10
   Cluster 41 survived (C_s=0.30), N=29
   Cluster 42 survived (C_s=0.22), N=9
   Cluster 43 survived (C_s=0.25), N=14
   Cluster 44 survived (C_s=0.29), N=31
   Cluster 45 survived (C_s=0.27), N=7
   Cluster 46 survived (C_s=0.31), N=30
   Cluster 47 survived (C_s=0.24), N=8
   Cluster 48 survived (C_s=0.23), N=18
   Cluster 49 survived (C_s=0.31), N=44
   Cluster 50 survived (C_s=0.28), N=32
 A total of 1275 stars survived in 48 clusters
 Performing GUMM analysis...

 IL iteration 6
  Performing clustering on array of shape (1275, 2)
  Identified 51 clusters
   Cluster 0 survived (C_s=0.27), N=57
   Cluster 1 survived (C_s=0.25), N=8
   Cluster 2 survived (C_s=0.21), N=18
   Cluster 3 survived (C_s=0.21), N=17
   Cluster 4 survived (C_s=0.25), N=28
   Cluster 5 survived (C_s=0.31), N=31
   Cluster 6 survived (C_s=0.31), N=47
   Cluster 8 survived (C_s=0.23), N=31
   Cluster 9 survived (C_s=0.30), N=30
   Cluster 10 survived (C_s=0.27), N=38
   Cluster 11 survived (C_s=0.29), N=42
   Cluster 12 survived (C_s=0.20), N=34
   Cluster 13 survived (C_s=0.27), N=8
   Cluster 14 survived (C_s=0.28), N=23
   Cluster 15 survived (C_s=0.29), N=46
   Cluster 16 survived (C_s=0.24), N=11
   Cluster 17 survived (C_s=0.20), N=13
   Cluster 18 survived (C_s=0.19), N=10
   Cluster 19 survived (C_s=0.26), N=46
   Cluster 20 survived (C_s=0.29), N=42
   Cluster 21 survived (C_s=0.19), N=16
   Cluster 22 survived (C_s=0.31), N=75
   Cluster 23 survived (C_s=0.23), N=21
   Cluster 24 survived (C_s=0.31), N=54
   Cluster 25 survived (C_s=0.21), N=18
   Cluster 26 survived (C_s=0.32), N=12
   Cluster 27 survived (C_s=0.26), N=23
   Cluster 28 survived (C_s=0.30), N=55
   Cluster 29 survived (C_s=0.21), N=13
   Cluster 30 survived (C_s=0.23), N=23
   Cluster 31 survived (C_s=0.27), N=29
   Cluster 32 survived (C_s=0.25), N=21
   Cluster 33 survived (C_s=0.31), N=18
   Cluster 34 survived (C_s=0.26), N=38
   Cluster 35 survived (C_s=0.30), N=7
   Cluster 36 survived (C_s=0.27), N=21
   Cluster 37 survived (C_s=0.19), N=12
   Cluster 38 survived (C_s=0.19), N=18
   Cluster 39 survived (C_s=0.18), N=18
   Cluster 40 survived (C_s=0.15), N=12
   Cluster 41 survived (C_s=0.20), N=18
   Cluster 42 survived (C_s=0.32), N=28
   Cluster 43 survived (C_s=0.38), N=8
   Cluster 44 survived (C_s=0.24), N=9
   Cluster 45 survived (C_s=0.28), N=33
   Cluster 47 survived (C_s=0.22), N=12
   Cluster 48 survived (C_s=0.33), N=15
   Cluster 49 survived (C_s=0.23), N=11
   Cluster 50 survived (C_s=0.28), N=45
 A total of 1263 stars survived in 49 clusters
 Performing GUMM analysis...

 IL iteration 7
  Performing clustering on array of shape (1263, 2)
  Identified 50 clusters
   Cluster 0 survived (C_s=0.28), N=42
   Cluster 1 survived (C_s=0.25), N=8
   Cluster 2 survived (C_s=0.25), N=26
   Cluster 3 survived (C_s=0.14), N=19
   Cluster 4 survived (C_s=0.27), N=8
   Cluster 5 survived (C_s=0.19), N=31
   Cluster 6 survived (C_s=0.24), N=11
   Cluster 7 survived (C_s=0.29), N=47
   Cluster 8 survived (C_s=0.24), N=18
   Cluster 9 survived (C_s=0.30), N=35
   Cluster 10 survived (C_s=0.34), N=9
   Cluster 11 survived (C_s=0.27), N=49
   Cluster 12 survived (C_s=0.22), N=8
   Cluster 13 survived (C_s=0.15), N=16
   Cluster 14 survived (C_s=0.19), N=10
   Cluster 15 survived (C_s=0.24), N=25
   Cluster 16 survived (C_s=0.28), N=42
   Cluster 17 survived (C_s=0.23), N=16
   Cluster 18 survived (C_s=0.25), N=33
   Cluster 19 survived (C_s=0.28), N=39
   Cluster 20 survived (C_s=0.33), N=47
   Cluster 21 survived (C_s=0.23), N=29
   Cluster 22 survived (C_s=0.32), N=33
   Cluster 23 survived (C_s=0.30), N=40
   Cluster 24 survived (C_s=0.22), N=11
   Cluster 25 survived (C_s=0.22), N=12
   Cluster 26 survived (C_s=0.28), N=42
   Cluster 27 survived (C_s=0.29), N=7
   Cluster 28 survived (C_s=0.22), N=13
   Cluster 29 survived (C_s=0.20), N=31
   Cluster 30 survived (C_s=0.22), N=9
   Cluster 31 survived (C_s=0.22), N=11
   Cluster 32 survived (C_s=0.33), N=36
   Cluster 33 survived (C_s=0.23), N=16
   Cluster 34 survived (C_s=0.27), N=36
   Cluster 35 survived (C_s=0.20), N=12
   Cluster 36 survived (C_s=0.26), N=25
   Cluster 37 survived (C_s=0.28), N=43
   Cluster 38 survived (C_s=0.29), N=54
   Cluster 39 survived (C_s=0.32), N=9
   Cluster 40 survived (C_s=0.32), N=34
   Cluster 41 survived (C_s=0.26), N=35
   Cluster 42 survived (C_s=0.26), N=34
   Cluster 43 survived (C_s=0.24), N=8
   Cluster 44 survived (C_s=0.26), N=18
   Cluster 45 survived (C_s=0.23), N=8
   Cluster 46 survived (C_s=0.21), N=25
   Cluster 47 survived (C_s=0.30), N=30
   Cluster 48 survived (C_s=0.29), N=45
   Cluster 49 survived (C_s=0.30), N=18
 All clusters survived, N=1263
Performing final GUMM analysis...
Performing KDE analysis...

P>(.5, .75, .9, .95, .99): 1333, 1304, 1276, 1258, 1214

--------------------------------------------------------
OL run 14
Standard scale: removed mean and scaled to unit variance
 Selected N=2 PCA features
 Variance ratio:  0.51, 0.27

 IL iteration 1
  Performing clustering on array of shape (6857, 2)
  Identified 274 clusters
   Cluster 2 survived (C_s=0.27), N=98
   Cluster 7 survived (C_s=0.09), N=21
   Cluster 15 survived (C_s=0.17), N=57
   Cluster 41 survived (C_s=0.06), N=33
   Cluster 45 survived (C_s=0.04), N=46
   Cluster 48 survived (C_s=0.30), N=76
   Cluster 50 survived (C_s=0.09), N=25
   Cluster 53 survived (C_s=0.20), N=93
   Cluster 57 survived (C_s=0.03), N=60
   Cluster 58 survived (C_s=0.11), N=25
   Cluster 71 survived (C_s=0.07), N=28
   Cluster 73 survived (C_s=0.08), N=25
   Cluster 85 survived (C_s=0.24), N=55
   Cluster 93 survived (C_s=0.05), N=43
   Cluster 97 survived (C_s=0.05), N=50
   Cluster 105 survived (C_s=0.16), N=59
   Cluster 118 survived (C_s=0.09), N=21
   Cluster 119 survived (C_s=0.05), N=43
   Cluster 123 survived (C_s=0.04), N=43
   Cluster 125 survived (C_s=0.22), N=87
   Cluster 133 survived (C_s=0.13), N=40
   Cluster 135 survived (C_s=0.12), N=16
   Cluster 136 survived (C_s=0.28), N=120
   Cluster 138 survived (C_s=0.10), N=25
   Cluster 148 survived (C_s=0.05), N=50
   Cluster 149 survived (C_s=0.23), N=112
   Cluster 157 survived (C_s=0.18), N=11
   Cluster 165 survived (C_s=0.05), N=34
   Cluster 172 survived (C_s=0.12), N=57
   Cluster 174 survived (C_s=0.05), N=41
   Cluster 177 survived (C_s=0.29), N=130
   Cluster 180 survived (C_s=0.05), N=36
   Cluster 187 survived (C_s=0.10), N=29
   Cluster 197 survived (C_s=0.06), N=39
   Cluster 210 survived (C_s=0.04), N=57
   Cluster 220 survived (C_s=0.26), N=94
   Cluster 227 survived (C_s=0.28), N=133
   Cluster 231 survived (C_s=0.09), N=26
   Cluster 237 survived (C_s=0.07), N=37
   Cluster 243 survived (C_s=0.09), N=51
   Cluster 247 survived (C_s=0.05), N=33
   Cluster 248 survived (C_s=0.05), N=51
   Cluster 253 survived (C_s=0.07), N=24
   Cluster 262 survived (C_s=0.06), N=30
   Cluster 264 survived (C_s=0.14), N=15
   Cluster 265 survived (C_s=0.04), N=42
   Cluster 266 survived (C_s=0.17), N=13
   Cluster 268 survived (C_s=0.28), N=75
   Cluster 270 survived (C_s=0.23), N=8
 A total of 2417 stars survived in 49 clusters
 Performing GUMM analysis...

 IL iteration 2
  Performing clustering on array of shape (2417, 2)
  Identified 96 clusters
   Cluster 0 survived (C_s=0.11), N=17
   Cluster 1 survived (C_s=0.30), N=125
   Cluster 9 survived (C_s=0.29), N=7
   Cluster 11 survived (C_s=0.13), N=14
   Cluster 12 survived (C_s=0.27), N=104
   Cluster 15 survived (C_s=0.15), N=18
   Cluster 16 survived (C_s=0.15), N=17
   Cluster 17 survived (C_s=0.20), N=24
   Cluster 19 survived (C_s=0.16), N=11
   Cluster 22 survived (C_s=0.11), N=57
   Cluster 24 survived (C_s=0.08), N=25
   Cluster 30 survived (C_s=0.29), N=17
   Cluster 31 survived (C_s=0.29), N=66
   Cluster 32 survived (C_s=0.08), N=24
   Cluster 33 survived (C_s=0.23), N=114
   Cluster 34 survived (C_s=0.17), N=34
   Cluster 39 survived (C_s=0.23), N=111
   Cluster 41 survived (C_s=0.08), N=21
   Cluster 42 survived (C_s=0.28), N=64
   Cluster 46 survived (C_s=0.23), N=8
   Cluster 48 survived (C_s=0.30), N=99
   Cluster 50 survived (C_s=0.26), N=94
   Cluster 55 survived (C_s=0.19), N=68
   Cluster 57 survived (C_s=0.06), N=32
   Cluster 65 survived (C_s=0.14), N=58
   Cluster 66 survived (C_s=0.21), N=66
   Cluster 68 survived (C_s=0.15), N=14
   Cluster 69 survived (C_s=0.12), N=21
   Cluster 74 survived (C_s=0.27), N=113
   Cluster 77 survived (C_s=0.15), N=27
   Cluster 80 survived (C_s=0.23), N=15
   Cluster 81 survived (C_s=0.19), N=9
   Cluster 85 survived (C_s=0.07), N=24
   Cluster 91 survived (C_s=0.28), N=58
 A total of 1576 stars survived in 34 clusters
 Performing GUMM analysis...

 IL iteration 3
  Performing clustering on array of shape (1576, 2)
  Identified 63 clusters
   Cluster 0 survived (C_s=0.16), N=12
   Cluster 1 survived (C_s=0.28), N=76
   Cluster 2 survived (C_s=0.24), N=22
   Cluster 10 survived (C_s=0.15), N=18
   Cluster 11 survived (C_s=0.26), N=66
   Cluster 12 survived (C_s=0.12), N=30
   Cluster 13 survived (C_s=0.13), N=14
   Cluster 14 survived (C_s=0.08), N=21
   Cluster 16 survived (C_s=0.20), N=34
   Cluster 18 survived (C_s=0.30), N=56
   Cluster 20 survived (C_s=0.29), N=52
   Cluster 21 survived (C_s=0.20), N=18
   Cluster 22 survived (C_s=0.26), N=61
   Cluster 24 survived (C_s=0.20), N=15
   Cluster 25 survived (C_s=0.24), N=10
   Cluster 26 survived (C_s=0.26), N=52
   Cluster 27 survived (C_s=0.08), N=21
   Cluster 28 survived (C_s=0.28), N=79
   Cluster 30 survived (C_s=0.20), N=11
   Cluster 31 survived (C_s=0.30), N=67
   Cluster 32 survived (C_s=0.29), N=69
   Cluster 33 survived (C_s=0.22), N=9
   Cluster 34 survived (C_s=0.09), N=19
   Cluster 35 survived (C_s=0.15), N=15
   Cluster 36 survived (C_s=0.19), N=9
   Cluster 37 survived (C_s=0.18), N=15
   Cluster 38 survived (C_s=0.26), N=64
   Cluster 39 survived (C_s=0.28), N=72
   Cluster 41 survived (C_s=0.12), N=15
   Cluster 43 survived (C_s=0.28), N=49
   Cluster 44 survived (C_s=0.16), N=47
   Cluster 48 survived (C_s=0.19), N=19
   Cluster 49 survived (C_s=0.28), N=43
   Cluster 52 survived (C_s=0.19), N=36
   Cluster 53 survived (C_s=0.27), N=10
   Cluster 54 survived (C_s=0.24), N=28
   Cluster 55 survived (C_s=0.11), N=19
   Cluster 56 survived (C_s=0.16), N=16
   Cluster 59 survived (C_s=0.26), N=35
   Cluster 60 survived (C_s=0.29), N=71
   Cluster 61 survived (C_s=0.18), N=20
 A total of 1415 stars survived in 41 clusters
 Performing GUMM analysis...

 IL iteration 4
  Performing clustering on array of shape (1415, 2)
  Identified 56 clusters
   Cluster 0 survived (C_s=0.12), N=20
   Cluster 1 survived (C_s=0.25), N=44
   Cluster 3 survived (C_s=0.15), N=18
   Cluster 4 survived (C_s=0.17), N=35
   Cluster 6 survived (C_s=0.22), N=12
   Cluster 7 survived (C_s=0.30), N=60
   Cluster 8 survived (C_s=0.23), N=51
   Cluster 9 survived (C_s=0.30), N=18
   Cluster 10 survived (C_s=0.30), N=48
   Cluster 11 survived (C_s=0.25), N=21
   Cluster 12 survived (C_s=0.16), N=12
   Cluster 13 survived (C_s=0.15), N=12
   Cluster 14 survived (C_s=0.29), N=47
   Cluster 16 survived (C_s=0.20), N=18
   Cluster 17 survived (C_s=0.28), N=76
   Cluster 18 survived (C_s=0.24), N=41
   Cluster 19 survived (C_s=0.29), N=35
   Cluster 21 survived (C_s=0.24), N=23
   Cluster 22 survived (C_s=0.30), N=66
   Cluster 23 survived (C_s=0.19), N=13
   Cluster 24 survived (C_s=0.23), N=9
   Cluster 26 survived (C_s=0.30), N=60
   Cluster 27 survived (C_s=0.16), N=15
   Cluster 29 survived (C_s=0.19), N=16
   Cluster 30 survived (C_s=0.31), N=52
   Cluster 31 survived (C_s=0.28), N=43
   Cluster 32 survived (C_s=0.26), N=22
   Cluster 33 survived (C_s=0.27), N=11
   Cluster 35 survived (C_s=0.23), N=8
   Cluster 36 survived (C_s=0.26), N=35
   Cluster 38 survived (C_s=0.21), N=9
   Cluster 39 survived (C_s=0.12), N=16
   Cluster 41 survived (C_s=0.16), N=33
   Cluster 42 survived (C_s=0.29), N=32
   Cluster 43 survived (C_s=0.21), N=31
   Cluster 44 survived (C_s=0.17), N=17
   Cluster 45 survived (C_s=0.24), N=35
   Cluster 46 survived (C_s=0.31), N=40
   Cluster 48 survived (C_s=0.19), N=17
   Cluster 49 survived (C_s=0.25), N=28
   Cluster 50 survived (C_s=0.24), N=10
   Cluster 51 survived (C_s=0.28), N=38
   Cluster 53 survived (C_s=0.26), N=55
   Cluster 55 survived (C_s=0.20), N=13
 A total of 1315 stars survived in 44 clusters
 Performing GUMM analysis...

 IL iteration 5
  Performing clustering on array of shape (1315, 2)
  Identified 52 clusters
   Cluster 0 survived (C_s=0.21), N=8
   Cluster 1 survived (C_s=0.28), N=41
   Cluster 2 survived (C_s=0.16), N=12
   Cluster 3 survived (C_s=0.15), N=18
   Cluster 4 survived (C_s=0.25), N=11
   Cluster 5 survived (C_s=0.29), N=9
   Cluster 6 survived (C_s=0.30), N=34
   Cluster 7 survived (C_s=0.20), N=43
   Cluster 8 survived (C_s=0.23), N=16
   Cluster 9 survived (C_s=0.25), N=47
   Cluster 10 survived (C_s=0.17), N=10
   Cluster 11 survived (C_s=0.30), N=58
   Cluster 12 survived (C_s=0.24), N=20
   Cluster 13 survived (C_s=0.28), N=37
   Cluster 14 survived (C_s=0.19), N=29
   Cluster 16 survived (C_s=0.26), N=32
   Cluster 17 survived (C_s=0.24), N=9
   Cluster 19 survived (C_s=0.24), N=30
   Cluster 20 survived (C_s=0.17), N=11
   Cluster 21 survived (C_s=0.29), N=55
   Cluster 22 survived (C_s=0.17), N=29
   Cluster 24 survived (C_s=0.30), N=53
   Cluster 25 survived (C_s=0.14), N=18
   Cluster 29 survived (C_s=0.32), N=48
   Cluster 30 survived (C_s=0.28), N=42
   Cluster 32 survived (C_s=0.27), N=41
   Cluster 33 survived (C_s=0.30), N=51
   Cluster 34 survived (C_s=0.29), N=26
   Cluster 35 survived (C_s=0.19), N=14
   Cluster 36 survived (C_s=0.26), N=25
   Cluster 37 survived (C_s=0.31), N=19
   Cluster 38 survived (C_s=0.17), N=21
   Cluster 39 survived (C_s=0.22), N=28
   Cluster 40 survived (C_s=0.32), N=36
   Cluster 41 survived (C_s=0.28), N=9
   Cluster 42 survived (C_s=0.29), N=40
   Cluster 43 survived (C_s=0.22), N=37
   Cluster 44 survived (C_s=0.26), N=37
   Cluster 45 survived (C_s=0.17), N=14
   Cluster 46 survived (C_s=0.17), N=19
   Cluster 47 survived (C_s=0.21), N=10
   Cluster 48 survived (C_s=0.26), N=45
   Cluster 49 survived (C_s=0.18), N=10
   Cluster 50 survived (C_s=0.26), N=32
   Cluster 51 survived (C_s=0.28), N=38
 A total of 1272 stars survived in 45 clusters
 Performing GUMM analysis...

 IL iteration 6
  Performing clustering on array of shape (1272, 2)
  Identified 50 clusters
   Cluster 0 survived (C_s=0.26), N=33
   Cluster 2 survived (C_s=0.19), N=29
   Cluster 3 survived (C_s=0.17), N=16
   Cluster 4 survived (C_s=0.17), N=16
   Cluster 5 survived (C_s=0.27), N=63
   Cluster 6 survived (C_s=0.18), N=10
   Cluster 7 survived (C_s=0.27), N=28
   Cluster 8 survived (C_s=0.17), N=14
   Cluster 9 survived (C_s=0.30), N=45
   Cluster 10 survived (C_s=0.29), N=17
   Cluster 11 survived (C_s=0.29), N=31
   Cluster 12 survived (C_s=0.25), N=25
   Cluster 13 survived (C_s=0.24), N=32
   Cluster 14 survived (C_s=0.20), N=41
   Cluster 15 survived (C_s=0.24), N=26
   Cluster 16 survived (C_s=0.31), N=22
   Cluster 17 survived (C_s=0.18), N=20
   Cluster 18 survived (C_s=0.28), N=9
   Cluster 19 survived (C_s=0.25), N=27
   Cluster 20 survived (C_s=0.24), N=9
   Cluster 21 survived (C_s=0.13), N=22
   Cluster 22 survived (C_s=0.27), N=38
   Cluster 23 survived (C_s=0.20), N=18
   Cluster 24 survived (C_s=0.27), N=44
   Cluster 25 survived (C_s=0.17), N=10
   Cluster 26 survived (C_s=0.32), N=51
   Cluster 28 survived (C_s=0.29), N=9
   Cluster 29 survived (C_s=0.19), N=14
   Cluster 30 survived (C_s=0.21), N=25
   Cluster 31 survived (C_s=0.28), N=18
   Cluster 32 survived (C_s=0.19), N=22
   Cluster 33 survived (C_s=0.24), N=34
   Cluster 34 survived (C_s=0.24), N=11
   Cluster 35 survived (C_s=0.29), N=46
   Cluster 36 survived (C_s=0.27), N=21
   Cluster 37 survived (C_s=0.30), N=29
   Cluster 38 survived (C_s=0.30), N=45
   Cluster 39 survived (C_s=0.21), N=17
   Cluster 41 survived (C_s=0.30), N=44
   Cluster 42 survived (C_s=0.30), N=11
   Cluster 43 survived (C_s=0.17), N=11
   Cluster 44 survived (C_s=0.32), N=44
   Cluster 45 survived (C_s=0.30), N=28
   Cluster 46 survived (C_s=0.27), N=22
   Cluster 47 survived (C_s=0.26), N=31
   Cluster 48 survived (C_s=0.28), N=47
   Cluster 49 survived (C_s=0.30), N=33
 A total of 1258 stars survived in 47 clusters
 Performing GUMM analysis...
 Rejected 33 stars as non-members

 IL iteration 7
  Performing clustering on array of shape (1225, 2)
  Identified 49 clusters
   Cluster 0 survived (C_s=0.29), N=46
   Cluster 1 survived (C_s=0.26), N=36
   Cluster 2 survived (C_s=0.19), N=13
   Cluster 4 survived (C_s=0.30), N=33
   Cluster 5 survived (C_s=0.30), N=58
   Cluster 6 survived (C_s=0.31), N=32
   Cluster 8 survived (C_s=0.31), N=67
   Cluster 10 survived (C_s=0.22), N=18
   Cluster 11 survived (C_s=0.20), N=21
   Cluster 12 survived (C_s=0.31), N=19
   Cluster 13 survived (C_s=0.15), N=20
   Cluster 14 survived (C_s=0.19), N=9
   Cluster 15 survived (C_s=0.22), N=31
   Cluster 16 survived (C_s=0.27), N=33
   Cluster 17 survived (C_s=0.21), N=18
   Cluster 18 survived (C_s=0.29), N=34
   Cluster 19 survived (C_s=0.29), N=39
   Cluster 20 survived (C_s=0.33), N=9
   Cluster 21 survived (C_s=0.31), N=19
   Cluster 22 survived (C_s=0.18), N=21
   Cluster 23 survived (C_s=0.24), N=9
   Cluster 24 survived (C_s=0.32), N=42
   Cluster 25 survived (C_s=0.17), N=36
   Cluster 26 survived (C_s=0.23), N=22
   Cluster 27 survived (C_s=0.14), N=24
   Cluster 28 survived (C_s=0.29), N=44
   Cluster 29 survived (C_s=0.25), N=36
   Cluster 30 survived (C_s=0.28), N=42
   Cluster 31 survived (C_s=0.28), N=30
   Cluster 32 survived (C_s=0.30), N=30
   Cluster 33 survived (C_s=0.29), N=9
   Cluster 34 survived (C_s=0.26), N=11
   Cluster 35 survived (C_s=0.26), N=20
   Cluster 36 survived (C_s=0.30), N=48
   Cluster 37 survived (C_s=0.23), N=11
   Cluster 39 survived (C_s=0.30), N=29
   Cluster 40 survived (C_s=0.28), N=23
   Cluster 41 survived (C_s=0.21), N=9
   Cluster 42 survived (C_s=0.20), N=14
   Cluster 43 survived (C_s=0.30), N=32
   Cluster 44 survived (C_s=0.27), N=36
   Cluster 45 survived (C_s=0.22), N=16
   Cluster 47 survived (C_s=0.26), N=35
   Cluster 48 survived (C_s=0.20), N=14
 A total of 1198 stars survived in 44 clusters
 Performing GUMM analysis...

 IL iteration 8
  Performing clustering on array of shape (1198, 2)
  Identified 47 clusters
   Cluster 0 survived (C_s=0.21), N=27
   Cluster 1 survived (C_s=0.26), N=34
   Cluster 2 survived (C_s=0.30), N=46
   Cluster 4 survived (C_s=0.27), N=32
   Cluster 5 survived (C_s=0.19), N=9
   Cluster 6 survived (C_s=0.29), N=40
   Cluster 7 survived (C_s=0.23), N=15
   Cluster 8 survived (C_s=0.28), N=31
   Cluster 9 survived (C_s=0.30), N=40
   Cluster 10 survived (C_s=0.24), N=46
   Cluster 12 survived (C_s=0.22), N=23
   Cluster 13 survived (C_s=0.28), N=31
   Cluster 14 survived (C_s=0.22), N=10
   Cluster 15 survived (C_s=0.22), N=17
   Cluster 16 survived (C_s=0.27), N=17
   Cluster 17 survived (C_s=0.31), N=53
   Cluster 18 survived (C_s=0.31), N=35
   Cluster 19 survived (C_s=0.18), N=12
   Cluster 20 survived (C_s=0.24), N=40
   Cluster 21 survived (C_s=0.14), N=13
   Cluster 22 survived (C_s=0.29), N=43
   Cluster 23 survived (C_s=0.29), N=64
   Cluster 24 survived (C_s=0.32), N=37
   Cluster 25 survived (C_s=0.32), N=18
   Cluster 26 survived (C_s=0.26), N=24
   Cluster 27 survived (C_s=0.28), N=50
   Cluster 29 survived (C_s=0.27), N=26
   Cluster 30 survived (C_s=0.32), N=42
   Cluster 31 survived (C_s=0.30), N=24
   Cluster 32 survived (C_s=0.32), N=52
   Cluster 33 survived (C_s=0.30), N=8
   Cluster 34 survived (C_s=0.28), N=19
   Cluster 35 survived (C_s=0.21), N=20
   Cluster 36 survived (C_s=0.29), N=9
   Cluster 37 survived (C_s=0.23), N=18
   Cluster 38 survived (C_s=0.28), N=17
   Cluster 39 survived (C_s=0.19), N=15
   Cluster 40 survived (C_s=0.25), N=29
   Cluster 41 survived (C_s=0.18), N=16
   Cluster 42 survived (C_s=0.26), N=33
   Cluster 45 survived (C_s=0.20), N=24
 A total of 1159 stars survived in 41 clusters
 Performing GUMM analysis...

 IL iteration 9
  Performing clustering on array of shape (1159, 2)
  Identified 46 clusters
   Cluster 0 survived (C_s=0.26), N=36
   Cluster 1 survived (C_s=0.29), N=35
   Cluster 2 survived (C_s=0.29), N=29
   Cluster 3 survived (C_s=0.31), N=13
   Cluster 4 survived (C_s=0.30), N=51
   Cluster 5 survived (C_s=0.19), N=9
   Cluster 6 survived (C_s=0.31), N=59
   Cluster 7 survived (C_s=0.28), N=24
   Cluster 8 survived (C_s=0.30), N=38
   Cluster 10 survived (C_s=0.22), N=15
   Cluster 11 survived (C_s=0.26), N=30
   Cluster 12 survived (C_s=0.27), N=18
   Cluster 13 survived (C_s=0.24), N=33
   Cluster 14 survived (C_s=0.18), N=12
   Cluster 15 survived (C_s=0.26), N=26
   Cluster 16 survived (C_s=0.29), N=36
   Cluster 17 survived (C_s=0.28), N=45
   Cluster 18 survived (C_s=0.30), N=17
   Cluster 19 survived (C_s=0.27), N=36
   Cluster 20 survived (C_s=0.17), N=12
   Cluster 21 survived (C_s=0.21), N=9
   Cluster 22 survived (C_s=0.30), N=12
   Cluster 23 survived (C_s=0.31), N=30
   Cluster 24 survived (C_s=0.18), N=17
   Cluster 25 survived (C_s=0.30), N=45
   Cluster 26 survived (C_s=0.35), N=35
   Cluster 27 survived (C_s=0.28), N=41
   Cluster 28 survived (C_s=0.17), N=12
   Cluster 29 survived (C_s=0.28), N=42
   Cluster 30 survived (C_s=0.18), N=18
   Cluster 31 survived (C_s=0.24), N=30
   Cluster 32 survived (C_s=0.28), N=40
   Cluster 33 survived (C_s=0.28), N=9
   Cluster 34 survived (C_s=0.32), N=47
   Cluster 35 survived (C_s=0.27), N=18
   Cluster 36 survived (C_s=0.23), N=10
   Cluster 37 survived (C_s=0.22), N=13
   Cluster 38 survived (C_s=0.33), N=9
   Cluster 39 survived (C_s=0.21), N=17
   Cluster 40 survived (C_s=0.14), N=13
   Cluster 41 survived (C_s=0.28), N=27
   Cluster 42 survived (C_s=0.27), N=25
   Cluster 43 survived (C_s=0.20), N=16
   Cluster 44 survived (C_s=0.29), N=41
 A total of 1150 stars survived in 44 clusters
 Performing GUMM analysis...

 IL iteration 10
  Performing clustering on array of shape (1150, 2)
  Identified 46 clusters
   Cluster 0 survived (C_s=0.31), N=43
   Cluster 1 survived (C_s=0.25), N=30
   Cluster 2 survived (C_s=0.20), N=15
   Cluster 3 survived (C_s=0.19), N=9
   Cluster 4 survived (C_s=0.32), N=34
   Cluster 5 survived (C_s=0.18), N=17
   Cluster 6 survived (C_s=0.29), N=30
   Cluster 7 survived (C_s=0.20), N=28
   Cluster 8 survived (C_s=0.27), N=32
   Cluster 9 survived (C_s=0.26), N=31
   Cluster 10 survived (C_s=0.30), N=15
   Cluster 11 survived (C_s=0.28), N=35
   Cluster 12 survived (C_s=0.25), N=32
   Cluster 13 survived (C_s=0.31), N=38
   Cluster 14 survived (C_s=0.28), N=49
   Cluster 15 survived (C_s=0.23), N=16
   Cluster 16 survived (C_s=0.18), N=12
   Cluster 17 survived (C_s=0.30), N=49
   Cluster 18 survived (C_s=0.22), N=20
   Cluster 19 survived (C_s=0.28), N=60
   Cluster 20 survived (C_s=0.30), N=33
   Cluster 21 survived (C_s=0.21), N=18
   Cluster 22 survived (C_s=0.17), N=13
   Cluster 23 survived (C_s=0.32), N=36
   Cluster 24 survived (C_s=0.19), N=11
   Cluster 25 survived (C_s=0.20), N=17
   Cluster 26 survived (C_s=0.23), N=27
   Cluster 27 survived (C_s=0.27), N=14
   Cluster 28 survived (C_s=0.28), N=22
   Cluster 29 survived (C_s=0.31), N=20
   Cluster 30 survived (C_s=0.30), N=11
   Cluster 31 survived (C_s=0.21), N=9
   Cluster 32 survived (C_s=0.26), N=25
   Cluster 33 survived (C_s=0.25), N=14
   Cluster 34 survived (C_s=0.26), N=24
   Cluster 35 survived (C_s=0.33), N=17
   Cluster 36 survived (C_s=0.25), N=24
   Cluster 37 survived (C_s=0.28), N=49
   Cluster 38 survived (C_s=0.31), N=21
   Cluster 39 survived (C_s=0.26), N=27
   Cluster 40 survived (C_s=0.34), N=32
   Cluster 41 survived (C_s=0.32), N=37
   Cluster 42 survived (C_s=0.32), N=8
   Cluster 43 survived (C_s=0.21), N=12
   Cluster 44 survived (C_s=0.24), N=10
   Cluster 45 survived (C_s=0.28), N=24
 All clusters survived, N=1150
Performing final GUMM analysis...
Performing KDE analysis...

P>(.5, .75, .9, .95, .99): 1330, 1301, 1269, 1252, 1209

--------------------------------------------------------
OL run 15
Standard scale: removed mean and scaled to unit variance
 Selected N=2 PCA features
 Variance ratio:  0.51, 0.27

 IL iteration 1
  Performing clustering on array of shape (6857, 2)
  Identified 274 clusters
   Cluster 0 survived (C_s=0.06), N=38
   Cluster 1 survived (C_s=0.13), N=93
   Cluster 14 survived (C_s=0.08), N=24
   Cluster 16 survived (C_s=0.10), N=34
   Cluster 18 survived (C_s=0.04), N=40
   Cluster 22 survived (C_s=0.07), N=29
   Cluster 32 survived (C_s=0.09), N=20
   Cluster 50 survived (C_s=0.09), N=24
   Cluster 55 survived (C_s=0.27), N=101
   Cluster 56 survived (C_s=0.09), N=30
   Cluster 58 survived (C_s=0.09), N=26
   Cluster 72 survived (C_s=0.05), N=37
   Cluster 75 survived (C_s=0.27), N=74
   Cluster 95 survived (C_s=0.04), N=41
   Cluster 98 survived (C_s=0.26), N=142
   Cluster 113 survived (C_s=0.30), N=52
   Cluster 114 survived (C_s=0.07), N=42
   Cluster 117 survived (C_s=0.07), N=32
   Cluster 120 survived (C_s=0.13), N=29
   Cluster 133 survived (C_s=0.23), N=102
   Cluster 135 survived (C_s=0.28), N=105
   Cluster 141 survived (C_s=0.07), N=29
   Cluster 160 survived (C_s=0.10), N=21
   Cluster 162 survived (C_s=0.12), N=19
   Cluster 163 survived (C_s=0.04), N=52
   Cluster 167 survived (C_s=0.15), N=75
   Cluster 170 survived (C_s=0.12), N=15
   Cluster 180 survived (C_s=0.11), N=51
   Cluster 183 survived (C_s=0.18), N=10
   Cluster 188 survived (C_s=0.07), N=31
   Cluster 192 survived (C_s=0.06), N=33
   Cluster 194 survived (C_s=0.25), N=116
   Cluster 196 survived (C_s=0.11), N=57
   Cluster 208 survived (C_s=0.06), N=37
   Cluster 212 survived (C_s=0.07), N=28
   Cluster 213 survived (C_s=0.05), N=34
   Cluster 216 survived (C_s=0.29), N=120
   Cluster 221 survived (C_s=0.28), N=102
   Cluster 243 survived (C_s=0.15), N=16
   Cluster 245 survived (C_s=0.26), N=62
   Cluster 249 survived (C_s=0.06), N=31
   Cluster 260 survived (C_s=0.24), N=73
   Cluster 263 survived (C_s=0.04), N=47
   Cluster 264 survived (C_s=0.08), N=26
   Cluster 273 survived (C_s=0.14), N=15
 A total of 2215 stars survived in 45 clusters
 Performing GUMM analysis...
 Rejected 61 stars as non-members

 IL iteration 2
  Performing clustering on array of shape (2154, 2)
  Identified 86 clusters
   Cluster 0 survived (C_s=0.10), N=17
   Cluster 1 survived (C_s=0.31), N=72
   Cluster 2 survived (C_s=0.19), N=40
   Cluster 3 survived (C_s=0.27), N=7
   Cluster 7 survived (C_s=0.09), N=28
   Cluster 11 survived (C_s=0.15), N=21
   Cluster 13 survived (C_s=0.07), N=25
   Cluster 15 survived (C_s=0.10), N=19
   Cluster 18 survived (C_s=0.23), N=52
   Cluster 22 survived (C_s=0.20), N=61
   Cluster 26 survived (C_s=0.10), N=41
   Cluster 27 survived (C_s=0.20), N=16
   Cluster 28 survived (C_s=0.27), N=105
   Cluster 29 survived (C_s=0.08), N=28
   Cluster 30 survived (C_s=0.29), N=7
   Cluster 31 survived (C_s=0.25), N=7
   Cluster 38 survived (C_s=0.14), N=20
   Cluster 39 survived (C_s=0.28), N=103
   Cluster 40 survived (C_s=0.13), N=48
   Cluster 41 survived (C_s=0.22), N=58
   Cluster 43 survived (C_s=0.12), N=21
   Cluster 49 survived (C_s=0.27), N=71
   Cluster 50 survived (C_s=0.13), N=62
   Cluster 51 survived (C_s=0.28), N=81
   Cluster 55 survived (C_s=0.29), N=153
   Cluster 59 survived (C_s=0.26), N=75
   Cluster 60 survived (C_s=0.08), N=30
   Cluster 66 survived (C_s=0.10), N=17
   Cluster 67 survived (C_s=0.24), N=41
   Cluster 73 survived (C_s=0.20), N=30
   Cluster 75 survived (C_s=0.08), N=21
   Cluster 76 survived (C_s=0.17), N=21
   Cluster 77 survived (C_s=0.26), N=55
   Cluster 78 survived (C_s=0.28), N=123
   Cluster 79 survived (C_s=0.12), N=15
   Cluster 85 survived (C_s=0.16), N=13
 A total of 1604 stars survived in 36 clusters
 Performing GUMM analysis...
 Rejected 30 stars as non-members

 IL iteration 3
  Performing clustering on array of shape (1574, 2)
  Identified 62 clusters
   Cluster 0 survived (C_s=0.20), N=30
   Cluster 2 survived (C_s=0.44), N=4
   Cluster 3 survived (C_s=0.16), N=13
   Cluster 4 survived (C_s=0.19), N=32
   Cluster 6 survived (C_s=0.24), N=14
   Cluster 8 survived (C_s=0.28), N=77
   Cluster 9 survived (C_s=0.10), N=24
   Cluster 14 survived (C_s=0.37), N=5
   Cluster 15 survived (C_s=0.28), N=92
   Cluster 17 survived (C_s=0.22), N=15
   Cluster 18 survived (C_s=0.13), N=17
   Cluster 19 survived (C_s=0.26), N=43
   Cluster 20 survived (C_s=0.24), N=82
   Cluster 22 survived (C_s=0.24), N=47
   Cluster 23 survived (C_s=0.10), N=18
   Cluster 24 survived (C_s=0.12), N=18
   Cluster 25 survived (C_s=0.26), N=61
   Cluster 27 survived (C_s=0.28), N=71
   Cluster 28 survived (C_s=0.13), N=23
   Cluster 29 survived (C_s=0.20), N=18
   Cluster 30 survived (C_s=0.23), N=52
   Cluster 31 survived (C_s=0.30), N=73
   Cluster 32 survived (C_s=0.28), N=53
   Cluster 33 survived (C_s=0.14), N=14
   Cluster 34 survived (C_s=0.27), N=62
   Cluster 35 survived (C_s=0.28), N=36
   Cluster 44 survived (C_s=0.15), N=32
   Cluster 47 survived (C_s=0.27), N=56
   Cluster 48 survived (C_s=0.27), N=42
   Cluster 49 survived (C_s=0.11), N=17
   Cluster 51 survived (C_s=0.32), N=84
   Cluster 53 survived (C_s=0.23), N=14
   Cluster 54 survived (C_s=0.31), N=22
   Cluster 55 survived (C_s=0.19), N=10
   Cluster 58 survived (C_s=0.21), N=72
   Cluster 59 survived (C_s=0.24), N=31
   Cluster 61 survived (C_s=0.15), N=17
 A total of 1391 stars survived in 37 clusters
 Performing GUMM analysis...
 Rejected 31 stars as non-members

 IL iteration 4
  Performing clustering on array of shape (1360, 2)
  Identified 54 clusters
   Cluster 0 survived (C_s=0.29), N=48
   Cluster 3 survived (C_s=0.14), N=15
   Cluster 4 survived (C_s=0.18), N=12
   Cluster 5 survived (C_s=0.16), N=16
   Cluster 6 survived (C_s=0.24), N=31
   Cluster 8 survived (C_s=0.20), N=26
   Cluster 9 survived (C_s=0.34), N=36
   Cluster 10 survived (C_s=0.25), N=27
   Cluster 11 survived (C_s=0.13), N=18
   Cluster 12 survived (C_s=0.26), N=24
   Cluster 13 survived (C_s=0.30), N=34
   Cluster 14 survived (C_s=0.27), N=33
   Cluster 15 survived (C_s=0.27), N=52
   Cluster 17 survived (C_s=0.27), N=43
   Cluster 19 survived (C_s=0.16), N=20
   Cluster 20 survived (C_s=0.29), N=13
   Cluster 22 survived (C_s=0.26), N=27
   Cluster 23 survived (C_s=0.34), N=51
   Cluster 24 survived (C_s=0.17), N=22
   Cluster 26 survived (C_s=0.26), N=12
   Cluster 27 survived (C_s=0.29), N=44
   Cluster 28 survived (C_s=0.15), N=16
   Cluster 30 survived (C_s=0.30), N=39
   Cluster 32 survived (C_s=0.30), N=17
   Cluster 33 survived (C_s=0.27), N=26
   Cluster 34 survived (C_s=0.27), N=42
   Cluster 35 survived (C_s=0.30), N=53
   Cluster 36 survived (C_s=0.27), N=26
   Cluster 37 survived (C_s=0.22), N=33
   Cluster 38 survived (C_s=0.29), N=61
   Cluster 39 survived (C_s=0.19), N=19
   Cluster 40 survived (C_s=0.23), N=24
   Cluster 41 survived (C_s=0.20), N=14
   Cluster 42 survived (C_s=0.20), N=37
   Cluster 43 survived (C_s=0.28), N=41
   Cluster 45 survived (C_s=0.22), N=9
   Cluster 46 survived (C_s=0.32), N=19
   Cluster 47 survived (C_s=0.17), N=21
   Cluster 48 survived (C_s=0.30), N=61
   Cluster 49 survived (C_s=0.20), N=12
   Cluster 50 survived (C_s=0.25), N=45
   Cluster 51 survived (C_s=0.30), N=36
   Cluster 52 survived (C_s=0.29), N=23
   Cluster 53 survived (C_s=0.20), N=16
 A total of 1294 stars survived in 44 clusters
 Performing GUMM analysis...

 IL iteration 5
  Performing clustering on array of shape (1294, 2)
  Identified 51 clusters
   Cluster 0 survived (C_s=0.31), N=44
   Cluster 1 survived (C_s=0.18), N=12
   Cluster 2 survived (C_s=0.17), N=25
   Cluster 3 survived (C_s=0.24), N=15
   Cluster 4 survived (C_s=0.26), N=24
   Cluster 5 survived (C_s=0.28), N=36
   Cluster 6 survived (C_s=0.30), N=42
   Cluster 7 survived (C_s=0.27), N=66
   Cluster 12 survived (C_s=0.28), N=24
   Cluster 13 survived (C_s=0.25), N=28
   Cluster 14 survived (C_s=0.30), N=34
   Cluster 15 survived (C_s=0.21), N=27
   Cluster 16 survived (C_s=0.24), N=31
   Cluster 17 survived (C_s=0.11), N=18
   Cluster 18 survived (C_s=0.21), N=20
   Cluster 19 survived (C_s=0.25), N=11
   Cluster 20 survived (C_s=0.29), N=50
   Cluster 22 survived (C_s=0.27), N=33
   Cluster 23 survived (C_s=0.25), N=8
   Cluster 24 survived (C_s=0.33), N=32
   Cluster 25 survived (C_s=0.29), N=50
   Cluster 27 survived (C_s=0.15), N=14
   Cluster 28 survived (C_s=0.31), N=48
   Cluster 29 survived (C_s=0.28), N=27
   Cluster 30 survived (C_s=0.31), N=24
   Cluster 31 survived (C_s=0.19), N=23
   Cluster 32 survived (C_s=0.29), N=20
   Cluster 33 survived (C_s=0.31), N=50
   Cluster 34 survived (C_s=0.33), N=12
   Cluster 35 survived (C_s=0.22), N=43
   Cluster 36 survived (C_s=0.31), N=21
   Cluster 37 survived (C_s=0.27), N=9
   Cluster 38 survived (C_s=0.18), N=15
   Cluster 39 survived (C_s=0.24), N=25
   Cluster 40 survived (C_s=0.25), N=38
   Cluster 41 survived (C_s=0.18), N=22
   Cluster 42 survived (C_s=0.30), N=43
   Cluster 43 survived (C_s=0.22), N=32
   Cluster 45 survived (C_s=0.29), N=26
   Cluster 46 survived (C_s=0.27), N=31
   Cluster 47 survived (C_s=0.28), N=40
   Cluster 48 survived (C_s=0.31), N=28
   Cluster 50 survived (C_s=0.25), N=17
 A total of 1238 stars survived in 43 clusters
 Performing GUMM analysis...

 IL iteration 6
  Performing clustering on array of shape (1238, 2)
  Identified 49 clusters
   Cluster 2 survived (C_s=0.18), N=12
   Cluster 3 survived (C_s=0.27), N=36
   Cluster 4 survived (C_s=0.27), N=52
   Cluster 5 survived (C_s=0.24), N=10
   Cluster 6 survived (C_s=0.28), N=57
   Cluster 7 survived (C_s=0.28), N=26
   Cluster 8 survived (C_s=0.25), N=7
   Cluster 9 survived (C_s=0.26), N=17
   Cluster 10 survived (C_s=0.16), N=12
   Cluster 11 survived (C_s=0.27), N=18
   Cluster 12 survived (C_s=0.29), N=39
   Cluster 13 survived (C_s=0.29), N=62
   Cluster 14 survived (C_s=0.28), N=31
   Cluster 15 survived (C_s=0.28), N=36
   Cluster 16 survived (C_s=0.33), N=12
   Cluster 17 survived (C_s=0.30), N=36
   Cluster 18 survived (C_s=0.27), N=40
   Cluster 19 survived (C_s=0.19), N=17
   Cluster 20 survived (C_s=0.33), N=33
   Cluster 21 survived (C_s=0.24), N=40
   Cluster 22 survived (C_s=0.18), N=26
   Cluster 23 survived (C_s=0.24), N=15
   Cluster 24 survived (C_s=0.24), N=19
   Cluster 25 survived (C_s=0.30), N=38
   Cluster 26 survived (C_s=0.20), N=14
   Cluster 27 survived (C_s=0.29), N=55
   Cluster 28 survived (C_s=0.26), N=38
   Cluster 29 survived (C_s=0.29), N=27
   Cluster 30 survived (C_s=0.31), N=50
   Cluster 31 survived (C_s=0.28), N=23
   Cluster 32 survived (C_s=0.32), N=12
   Cluster 33 survived (C_s=0.24), N=28
   Cluster 34 survived (C_s=0.26), N=22
   Cluster 35 survived (C_s=0.19), N=26
   Cluster 36 survived (C_s=0.18), N=19
   Cluster 38 survived (C_s=0.25), N=26
   Cluster 40 survived (C_s=0.16), N=18
   Cluster 42 survived (C_s=0.33), N=31
   Cluster 43 survived (C_s=0.23), N=19
   Cluster 44 survived (C_s=0.34), N=28
   Cluster 45 survived (C_s=0.24), N=8
   Cluster 46 survived (C_s=0.22), N=23
   Cluster 47 survived (C_s=0.31), N=34
   Cluster 48 survived (C_s=0.24), N=15
 A total of 1207 stars survived in 44 clusters
 Performing GUMM analysis...

 IL iteration 7
  Performing clustering on array of shape (1207, 2)
  Identified 48 clusters
   Cluster 0 survived (C_s=0.20), N=11
   Cluster 2 survived (C_s=0.32), N=37
   Cluster 3 survived (C_s=0.25), N=28
   Cluster 4 survived (C_s=0.20), N=28
   Cluster 5 survived (C_s=0.30), N=22
   Cluster 6 survived (C_s=0.28), N=26
   Cluster 7 survived (C_s=0.15), N=11
   Cluster 8 survived (C_s=0.30), N=23
   Cluster 9 survived (C_s=0.30), N=29
   Cluster 10 survived (C_s=0.18), N=15
   Cluster 11 survived (C_s=0.33), N=12
   Cluster 12 survived (C_s=0.18), N=23
   Cluster 13 survived (C_s=0.29), N=34
   Cluster 14 survived (C_s=0.24), N=17
   Cluster 15 survived (C_s=0.28), N=37
   Cluster 16 survived (C_s=0.28), N=34
   Cluster 17 survived (C_s=0.22), N=31
   Cluster 18 survived (C_s=0.17), N=17
   Cluster 19 survived (C_s=0.30), N=45
   Cluster 20 survived (C_s=0.32), N=23
   Cluster 21 survived (C_s=0.32), N=26
   Cluster 22 survived (C_s=0.26), N=44
   Cluster 23 survived (C_s=0.34), N=13
   Cluster 24 survived (C_s=0.29), N=40
   Cluster 25 survived (C_s=0.29), N=27
   Cluster 26 survived (C_s=0.24), N=27
   Cluster 27 survived (C_s=0.16), N=17
   Cluster 28 survived (C_s=0.24), N=15
   Cluster 29 survived (C_s=0.29), N=29
   Cluster 30 survived (C_s=0.27), N=26
   Cluster 31 survived (C_s=0.31), N=42
   Cluster 32 survived (C_s=0.29), N=44
   Cluster 33 survived (C_s=0.31), N=22
   Cluster 34 survived (C_s=0.23), N=33
   Cluster 35 survived (C_s=0.19), N=17
   Cluster 36 survived (C_s=0.30), N=51
   Cluster 37 survived (C_s=0.24), N=10
   Cluster 38 survived (C_s=0.22), N=16
   Cluster 39 survived (C_s=0.28), N=31
   Cluster 40 survived (C_s=0.27), N=8
   Cluster 41 survived (C_s=0.24), N=15
   Cluster 42 survived (C_s=0.30), N=17
   Cluster 43 survived (C_s=0.22), N=23
   Cluster 44 survived (C_s=0.27), N=32
   Cluster 46 survived (C_s=0.32), N=34
   Cluster 47 survived (C_s=0.27), N=33
 A total of 1195 stars survived in 46 clusters
 Performing GUMM analysis...

 IL iteration 8
  Performing clustering on array of shape (1195, 2)
  Identified 47 clusters
   Cluster 0 survived (C_s=0.27), N=17
   Cluster 1 survived (C_s=0.28), N=27
   Cluster 2 survived (C_s=0.27), N=18
   Cluster 3 survived (C_s=0.28), N=36
   Cluster 4 survived (C_s=0.31), N=39
   Cluster 5 survived (C_s=0.19), N=21
   Cluster 6 survived (C_s=0.13), N=15
   Cluster 8 survived (C_s=0.31), N=32
   Cluster 9 survived (C_s=0.28), N=37
   Cluster 10 survived (C_s=0.30), N=40
   Cluster 11 survived (C_s=0.33), N=30
   Cluster 12 survived (C_s=0.23), N=14
   Cluster 13 survived (C_s=0.25), N=23
   Cluster 14 survived (C_s=0.33), N=12
   Cluster 15 survived (C_s=0.22), N=16
   Cluster 16 survived (C_s=0.23), N=30
   Cluster 17 survived (C_s=0.29), N=45
   Cluster 18 survived (C_s=0.31), N=52
   Cluster 19 survived (C_s=0.20), N=17
   Cluster 20 survived (C_s=0.26), N=23
   Cluster 21 survived (C_s=0.31), N=49
   Cluster 23 survived (C_s=0.28), N=52
   Cluster 24 survived (C_s=0.27), N=18
   Cluster 25 survived (C_s=0.32), N=46
   Cluster 26 survived (C_s=0.25), N=21
   Cluster 27 survived (C_s=0.28), N=24
   Cluster 28 survived (C_s=0.25), N=27
   Cluster 30 survived (C_s=0.27), N=34
   Cluster 31 survived (C_s=0.32), N=18
   Cluster 32 survived (C_s=0.24), N=29
   Cluster 33 survived (C_s=0.24), N=33
   Cluster 34 survived (C_s=0.21), N=17
   Cluster 36 survived (C_s=0.24), N=22
   Cluster 37 survived (C_s=0.30), N=48
   Cluster 38 survived (C_s=0.23), N=17
   Cluster 39 survived (C_s=0.25), N=17
   Cluster 41 survived (C_s=0.31), N=31
   Cluster 42 survived (C_s=0.17), N=21
   Cluster 43 survived (C_s=0.28), N=33
   Cluster 44 survived (C_s=0.19), N=14
   Cluster 45 survived (C_s=0.22), N=12
   Cluster 46 survived (C_s=0.30), N=35
 A total of 1162 stars survived in 42 clusters
 Performing GUMM analysis...
 Rejected 32 stars as non-members

 IL iteration 9
  Performing clustering on array of shape (1130, 2)
  Identified 45 clusters
   Cluster 0 survived (C_s=0.31), N=35
   Cluster 1 survived (C_s=0.29), N=33
   Cluster 2 survived (C_s=0.28), N=23
   Cluster 4 survived (C_s=0.28), N=25
   Cluster 5 survived (C_s=0.27), N=31
   Cluster 6 survived (C_s=0.31), N=37
   Cluster 7 survived (C_s=0.28), N=42
   Cluster 8 survived (C_s=0.25), N=12
   Cluster 9 survived (C_s=0.35), N=31
   Cluster 11 survived (C_s=0.33), N=17
   Cluster 12 survived (C_s=0.25), N=17
   Cluster 13 survived (C_s=0.15), N=15
   Cluster 14 survived (C_s=0.31), N=36
   Cluster 15 survived (C_s=0.28), N=25
   Cluster 16 survived (C_s=0.19), N=11
   Cluster 17 survived (C_s=0.30), N=43
   Cluster 18 survived (C_s=0.29), N=37
   Cluster 19 survived (C_s=0.33), N=12
   Cluster 20 survived (C_s=0.30), N=25
   Cluster 21 survived (C_s=0.24), N=12
   Cluster 22 survived (C_s=0.27), N=24
   Cluster 23 survived (C_s=0.29), N=25
   Cluster 24 survived (C_s=0.20), N=15
   Cluster 25 survived (C_s=0.29), N=14
   Cluster 26 survived (C_s=0.25), N=20
   Cluster 27 survived (C_s=0.28), N=31
   Cluster 28 survived (C_s=0.35), N=22
   Cluster 29 survived (C_s=0.22), N=14
   Cluster 30 survived (C_s=0.28), N=42
   Cluster 31 survived (C_s=0.32), N=22
   Cluster 32 survived (C_s=0.31), N=48
   Cluster 33 survived (C_s=0.28), N=45
   Cluster 34 survived (C_s=0.29), N=30
   Cluster 35 survived (C_s=0.29), N=30
   Cluster 36 survived (C_s=0.28), N=22
   Cluster 37 survived (C_s=0.23), N=42
   Cluster 38 survived (C_s=0.33), N=26
   Cluster 39 survived (C_s=0.22), N=13
   Cluster 40 survived (C_s=0.31), N=41
   Cluster 41 survived (C_s=0.30), N=10
   Cluster 42 survived (C_s=0.23), N=11
   Cluster 43 survived (C_s=0.26), N=27
   Cluster 44 survived (C_s=0.36), N=21
 A total of 1114 stars survived in 43 clusters
 Performing GUMM analysis...

 IL iteration 10
  Performing clustering on array of shape (1114, 2)
  Identified 44 clusters
   Cluster 0 survived (C_s=0.23), N=27
   Cluster 1 survived (C_s=0.27), N=45
   Cluster 2 survived (C_s=0.30), N=22
   Cluster 3 survived (C_s=0.33), N=37
   Cluster 4 survived (C_s=0.28), N=36
   Cluster 5 survived (C_s=0.32), N=56
   Cluster 6 survived (C_s=0.29), N=17
   Cluster 7 survived (C_s=0.14), N=17
   Cluster 8 survived (C_s=0.26), N=23
   Cluster 9 survived (C_s=0.24), N=35
   Cluster 10 survived (C_s=0.33), N=16
   Cluster 12 survived (C_s=0.27), N=8
   Cluster 13 survived (C_s=0.28), N=11
   Cluster 14 survived (C_s=0.24), N=8
   Cluster 15 survived (C_s=0.23), N=15
   Cluster 16 survived (C_s=0.28), N=30
   Cluster 17 survived (C_s=0.30), N=60
   Cluster 18 survived (C_s=0.25), N=12
   Cluster 19 survived (C_s=0.30), N=41
   Cluster 20 survived (C_s=0.26), N=43
   Cluster 21 survived (C_s=0.28), N=26
   Cluster 22 survived (C_s=0.32), N=27
   Cluster 23 survived (C_s=0.29), N=9
   Cluster 24 survived (C_s=0.28), N=28
   Cluster 25 survived (C_s=0.28), N=44
   Cluster 26 survived (C_s=0.33), N=12
   Cluster 27 survived (C_s=0.29), N=33
   Cluster 28 survived (C_s=0.29), N=24
   Cluster 29 survived (C_s=0.35), N=16
   Cluster 30 survived (C_s=0.23), N=14
   Cluster 31 survived (C_s=0.29), N=21
   Cluster 32 survived (C_s=0.30), N=37
   Cluster 33 survived (C_s=0.30), N=24
   Cluster 34 survived (C_s=0.25), N=22
   Cluster 35 survived (C_s=0.33), N=32
   Cluster 36 survived (C_s=0.31), N=32
   Cluster 37 survived (C_s=0.26), N=8
   Cluster 38 survived (C_s=0.36), N=28
   Cluster 39 survived (C_s=0.28), N=13
   Cluster 40 survived (C_s=0.20), N=16
   Cluster 41 survived (C_s=0.32), N=31
   Cluster 42 survived (C_s=0.28), N=40
   Cluster 43 survived (C_s=0.25), N=12
 A total of 1108 stars survived in 43 clusters
 Performing GUMM analysis...

 IL iteration 11
  Performing clustering on array of shape (1108, 2)
  Identified 44 clusters
   Cluster 0 survived (C_s=0.33), N=28
   Cluster 2 survived (C_s=0.27), N=43
   Cluster 3 survived (C_s=0.31), N=36
   Cluster 4 survived (C_s=0.33), N=26
   Cluster 5 survived (C_s=0.21), N=14
   Cluster 6 survived (C_s=0.28), N=49
   Cluster 7 survived (C_s=0.28), N=13
   Cluster 8 survived (C_s=0.28), N=18
   Cluster 9 survived (C_s=0.23), N=28
   Cluster 10 survived (C_s=0.25), N=15
   Cluster 11 survived (C_s=0.31), N=32
   Cluster 12 survived (C_s=0.24), N=16
   Cluster 13 survived (C_s=0.28), N=31
   Cluster 14 survived (C_s=0.25), N=12
   Cluster 15 survived (C_s=0.33), N=12
   Cluster 16 survived (C_s=0.29), N=14
   Cluster 17 survived (C_s=0.22), N=13
   Cluster 18 survived (C_s=0.30), N=38
   Cluster 19 survived (C_s=0.27), N=21
   Cluster 20 survived (C_s=0.31), N=20
   Cluster 21 survived (C_s=0.30), N=49
   Cluster 23 survived (C_s=0.26), N=34
   Cluster 24 survived (C_s=0.22), N=16
   Cluster 25 survived (C_s=0.24), N=10
   Cluster 26 survived (C_s=0.28), N=40
   Cluster 27 survived (C_s=0.31), N=50
   Cluster 28 survived (C_s=0.29), N=44
   Cluster 29 survived (C_s=0.29), N=23
   Cluster 30 survived (C_s=0.33), N=29
   Cluster 31 survived (C_s=0.30), N=46
   Cluster 32 survived (C_s=0.28), N=18
   Cluster 33 survived (C_s=0.28), N=20
   Cluster 34 survived (C_s=0.32), N=13
   Cluster 35 survived (C_s=0.30), N=28
   Cluster 36 survived (C_s=0.24), N=12
   Cluster 37 survived (C_s=0.26), N=27
   Cluster 38 survived (C_s=0.27), N=17
   Cluster 39 survived (C_s=0.36), N=5
   Cluster 40 survived (C_s=0.31), N=49
   Cluster 41 survived (C_s=0.27), N=34
   Cluster 42 survived (C_s=0.26), N=26
   Cluster 43 survived (C_s=0.35), N=22
 A total of 1091 stars survived in 42 clusters
 Performing GUMM analysis...

 IL iteration 12
  Performing clustering on array of shape (1091, 2)
  Identified 43 clusters
   Cluster 0 survived (C_s=0.23), N=28
   Cluster 1 survived (C_s=0.28), N=45
   Cluster 2 survived (C_s=0.28), N=24
   Cluster 3 survived (C_s=0.23), N=15
   Cluster 4 survived (C_s=0.33), N=38
   Cluster 5 survived (C_s=0.25), N=12
   Cluster 6 survived (C_s=0.33), N=34
   Cluster 7 survived (C_s=0.26), N=23
   Cluster 8 survived (C_s=0.31), N=27
   Cluster 9 survived (C_s=0.32), N=21
   Cluster 10 survived (C_s=0.29), N=42
   Cluster 12 survived (C_s=0.25), N=16
   Cluster 13 survived (C_s=0.24), N=23
   Cluster 14 survived (C_s=0.29), N=38
   Cluster 15 survived (C_s=0.31), N=23
   Cluster 16 survived (C_s=0.31), N=17
   Cluster 17 survived (C_s=0.26), N=29
   Cluster 18 survived (C_s=0.19), N=14
   Cluster 19 survived (C_s=0.30), N=47
   Cluster 20 survived (C_s=0.26), N=9
   Cluster 21 survived (C_s=0.30), N=40
   Cluster 22 survived (C_s=0.32), N=60
   Cluster 23 survived (C_s=0.32), N=26
   Cluster 24 survived (C_s=0.30), N=30
   Cluster 25 survived (C_s=0.28), N=13
   Cluster 26 survived (C_s=0.17), N=10
   Cluster 27 survived (C_s=0.28), N=37
   Cluster 28 survived (C_s=0.26), N=16
   Cluster 29 survived (C_s=0.31), N=31
   Cluster 30 survived (C_s=0.30), N=39
   Cluster 31 survived (C_s=0.27), N=32
   Cluster 32 survived (C_s=0.39), N=10
   Cluster 33 survived (C_s=0.24), N=11
   Cluster 34 survived (C_s=0.43), N=7
   Cluster 35 survived (C_s=0.23), N=23
   Cluster 36 survived (C_s=0.32), N=24
   Cluster 37 survived (C_s=0.31), N=48
   Cluster 38 survived (C_s=0.29), N=40
   Cluster 39 survived (C_s=0.21), N=15
   Cluster 40 survived (C_s=0.29), N=13
   Cluster 42 survived (C_s=0.29), N=31
 A total of 1081 stars survived in 41 clusters
 Performing GUMM analysis...

 IL iteration 13
  Performing clustering on array of shape (1081, 2)
  Identified 43 clusters
   Cluster 0 survived (C_s=0.29), N=21
   Cluster 1 survived (C_s=0.26), N=32
   Cluster 2 survived (C_s=0.31), N=48
   Cluster 3 survived (C_s=0.31), N=40
   Cluster 4 survived (C_s=0.29), N=16
   Cluster 5 survived (C_s=0.29), N=18
   Cluster 6 survived (C_s=0.24), N=31
   Cluster 7 survived (C_s=0.21), N=15
   Cluster 8 survived (C_s=0.28), N=46
   Cluster 9 survived (C_s=0.30), N=45
   Cluster 10 survived (C_s=0.29), N=37
   Cluster 11 survived (C_s=0.35), N=23
   Cluster 12 survived (C_s=0.43), N=7
   Cluster 13 survived (C_s=0.26), N=23
   Cluster 14 survived (C_s=0.31), N=32
   Cluster 16 survived (C_s=0.24), N=37
   Cluster 17 survived (C_s=0.25), N=12
   Cluster 18 survived (C_s=0.30), N=34
   Cluster 19 survived (C_s=0.26), N=21
   Cluster 20 survived (C_s=0.31), N=24
   Cluster 21 survived (C_s=0.28), N=34
   Cluster 22 survived (C_s=0.26), N=38
   Cluster 23 survived (C_s=0.28), N=13
   Cluster 24 survived (C_s=0.31), N=46
   Cluster 25 survived (C_s=0.31), N=46
   Cluster 26 survived (C_s=0.19), N=14
   Cluster 27 survived (C_s=0.31), N=18
   Cluster 28 survived (C_s=0.26), N=17
   Cluster 29 survived (C_s=0.21), N=13
   Cluster 30 survived (C_s=0.31), N=10
   Cluster 31 survived (C_s=0.37), N=14
   Cluster 32 survived (C_s=0.33), N=11
   Cluster 33 survived (C_s=0.34), N=30
   Cluster 34 survived (C_s=0.33), N=29
   Cluster 35 survived (C_s=0.29), N=24
   Cluster 36 survived (C_s=0.30), N=37
   Cluster 37 survived (C_s=0.29), N=15
   Cluster 38 survived (C_s=0.16), N=11
   Cluster 39 survived (C_s=0.30), N=33
   Cluster 40 survived (C_s=0.31), N=29
   Cluster 41 survived (C_s=0.25), N=19
   Cluster 42 survived (C_s=0.30), N=10
 A total of 1073 stars survived in 42 clusters
 Performing GUMM analysis...

 IL iteration 14
  Performing clustering on array of shape (1073, 2)
  Identified 42 clusters
   Cluster 0 survived (C_s=0.30), N=29
   Cluster 1 survived (C_s=0.29), N=13
   Cluster 2 survived (C_s=0.31), N=46
   Cluster 3 survived (C_s=0.43), N=7
   Cluster 4 survived (C_s=0.31), N=41
   Cluster 5 survived (C_s=0.25), N=20
   Cluster 6 survived (C_s=0.21), N=14
   Cluster 7 survived (C_s=0.23), N=23
   Cluster 8 survived (C_s=0.40), N=6
   Cluster 9 survived (C_s=0.26), N=42
   Cluster 10 survived (C_s=0.30), N=39
   Cluster 11 survived (C_s=0.27), N=33
   Cluster 12 survived (C_s=0.33), N=19
   Cluster 13 survived (C_s=0.30), N=37
   Cluster 14 survived (C_s=0.21), N=9
   Cluster 15 survived (C_s=0.30), N=25
   Cluster 16 survived (C_s=0.29), N=44
   Cluster 17 survived (C_s=0.25), N=12
   Cluster 18 survived (C_s=0.29), N=19
   Cluster 19 survived (C_s=0.29), N=21
   Cluster 20 survived (C_s=0.31), N=34
   Cluster 21 survived (C_s=0.28), N=21
   Cluster 22 survived (C_s=0.27), N=24
   Cluster 23 survived (C_s=0.27), N=28
   Cluster 24 survived (C_s=0.22), N=16
   Cluster 25 survived (C_s=0.30), N=39
   Cluster 26 survived (C_s=0.34), N=27
   Cluster 27 survived (C_s=0.29), N=39
   Cluster 28 survived (C_s=0.30), N=11
   Cluster 29 survived (C_s=0.33), N=25
   Cluster 30 survived (C_s=0.22), N=13
   Cluster 31 survived (C_s=0.17), N=14
   Cluster 32 survived (C_s=0.32), N=31
   Cluster 33 survived (C_s=0.30), N=38
   Cluster 34 survived (C_s=0.30), N=31
   Cluster 35 survived (C_s=0.26), N=30
   Cluster 36 survived (C_s=0.29), N=46
   Cluster 37 survived (C_s=0.31), N=22
   Cluster 38 survived (C_s=0.25), N=20
   Cluster 39 survived (C_s=0.28), N=22
   Cluster 40 survived (C_s=0.33), N=25
   Cluster 41 survived (C_s=0.23), N=18
 All clusters survived, N=1073
Performing final GUMM analysis...
Performing KDE analysis...

P>(.5, .75, .9, .95, .99): 1326, 1296, 1266, 1240, 1198

--------------------------------------------------------
OL run 16
Standard scale: removed mean and scaled to unit variance
 Selected N=2 PCA features
 Variance ratio:  0.51, 0.27

 IL iteration 1
  Performing clustering on array of shape (6857, 2)
  Identified 274 clusters
   Cluster 1 survived (C_s=0.05), N=33
   Cluster 3 survived (C_s=0.09), N=31
   Cluster 4 survived (C_s=0.30), N=99
   Cluster 10 survived (C_s=0.04), N=51
   Cluster 19 survived (C_s=0.28), N=78
   Cluster 22 survived (C_s=0.06), N=37
   Cluster 30 survived (C_s=0.03), N=69
   Cluster 32 survived (C_s=0.05), N=50
   Cluster 33 survived (C_s=0.12), N=15
   Cluster 35 survived (C_s=0.26), N=72
   Cluster 57 survived (C_s=0.04), N=48
   Cluster 60 survived (C_s=0.06), N=32
   Cluster 64 survived (C_s=0.09), N=35
   Cluster 68 survived (C_s=0.11), N=22
   Cluster 69 survived (C_s=0.16), N=107
   Cluster 84 survived (C_s=0.19), N=44
   Cluster 87 survived (C_s=0.29), N=120
   Cluster 92 survived (C_s=0.07), N=23
   Cluster 97 survived (C_s=0.27), N=80
   Cluster 107 survived (C_s=0.22), N=8
   Cluster 108 survived (C_s=0.06), N=55
   Cluster 109 survived (C_s=0.07), N=24
   Cluster 110 survived (C_s=0.05), N=39
   Cluster 111 survived (C_s=0.07), N=27
   Cluster 112 survived (C_s=0.11), N=23
   Cluster 117 survived (C_s=0.28), N=125
   Cluster 120 survived (C_s=0.20), N=55
   Cluster 126 survived (C_s=0.18), N=10
   Cluster 129 survived (C_s=0.04), N=66
   Cluster 131 survived (C_s=0.08), N=29
   Cluster 132 survived (C_s=0.03), N=67
   Cluster 136 survived (C_s=0.07), N=37
   Cluster 142 survived (C_s=0.25), N=134
   Cluster 145 survived (C_s=0.09), N=19
   Cluster 150 survived (C_s=0.29), N=105
   Cluster 151 survived (C_s=0.08), N=23
   Cluster 155 survived (C_s=0.04), N=41
   Cluster 162 survived (C_s=0.15), N=46
   Cluster 163 survived (C_s=0.10), N=50
   Cluster 171 survived (C_s=0.07), N=23
   Cluster 175 survived (C_s=0.20), N=33
   Cluster 179 survived (C_s=0.10), N=19
   Cluster 186 survived (C_s=0.09), N=42
   Cluster 189 survived (C_s=0.20), N=50
   Cluster 196 survived (C_s=0.04), N=42
   Cluster 203 survived (C_s=0.05), N=35
   Cluster 211 survived (C_s=0.04), N=46
   Cluster 219 survived (C_s=0.20), N=9
   Cluster 232 survived (C_s=0.05), N=47
   Cluster 233 survived (C_s=0.07), N=30
   Cluster 250 survived (C_s=0.04), N=56
   Cluster 259 survived (C_s=0.03), N=72
   Cluster 262 survived (C_s=0.24), N=93
 A total of 2626 stars survived in 53 clusters
 Performing GUMM analysis...

 IL iteration 2
  Performing clustering on array of shape (2626, 2)
  Identified 105 clusters
   Cluster 1 survived (C_s=0.15), N=19
   Cluster 2 survived (C_s=0.11), N=16
   Cluster 3 survived (C_s=0.27), N=96
   Cluster 9 survived (C_s=0.28), N=77
   Cluster 10 survived (C_s=0.07), N=23
   Cluster 11 survived (C_s=0.27), N=83
   Cluster 13 survived (C_s=0.27), N=42
   Cluster 19 survived (C_s=0.07), N=27
   Cluster 20 survived (C_s=0.22), N=8
   Cluster 21 survived (C_s=0.29), N=96
   Cluster 28 survived (C_s=0.09), N=22
   Cluster 32 survived (C_s=0.24), N=100
   Cluster 35 survived (C_s=0.12), N=40
   Cluster 37 survived (C_s=0.15), N=63
   Cluster 41 survived (C_s=0.21), N=57
   Cluster 42 survived (C_s=0.07), N=26
   Cluster 43 survived (C_s=0.30), N=92
   Cluster 45 survived (C_s=0.20), N=21
   Cluster 46 survived (C_s=0.12), N=15
   Cluster 48 survived (C_s=0.10), N=47
   Cluster 53 survived (C_s=0.21), N=61
   Cluster 57 survived (C_s=0.43), N=4
   Cluster 59 survived (C_s=0.09), N=28
   Cluster 61 survived (C_s=0.28), N=94
   Cluster 62 survived (C_s=0.23), N=41
   Cluster 64 survived (C_s=0.35), N=7
   Cluster 72 survived (C_s=0.20), N=17
   Cluster 74 survived (C_s=0.29), N=64
   Cluster 75 survived (C_s=0.10), N=22
   Cluster 76 survived (C_s=0.23), N=52
   Cluster 80 survived (C_s=0.28), N=75
   Cluster 89 survived (C_s=0.10), N=18
   Cluster 90 survived (C_s=0.20), N=9
   Cluster 92 survived (C_s=0.19), N=28
   Cluster 95 survived (C_s=0.10), N=18
   Cluster 97 survived (C_s=0.20), N=23
   Cluster 100 survived (C_s=0.21), N=60
   Cluster 103 survived (C_s=0.18), N=10
   Cluster 104 survived (C_s=0.16), N=14
 A total of 1615 stars survived in 39 clusters
 Performing GUMM analysis...
 Rejected 81 stars as non-members

 IL iteration 3
  Performing clustering on array of shape (1534, 2)
  Identified 61 clusters
   Cluster 0 survived (C_s=0.30), N=66
   Cluster 3 survived (C_s=0.25), N=10
   Cluster 6 survived (C_s=0.19), N=12
   Cluster 7 survived (C_s=0.17), N=47
   Cluster 8 survived (C_s=0.19), N=18
   Cluster 11 survived (C_s=0.16), N=19
   Cluster 12 survived (C_s=0.17), N=13
   Cluster 13 survived (C_s=0.33), N=46
   Cluster 14 survived (C_s=0.43), N=4
   Cluster 15 survived (C_s=0.12), N=15
   Cluster 16 survived (C_s=0.32), N=55
   Cluster 17 survived (C_s=0.26), N=49
   Cluster 20 survived (C_s=0.30), N=32
   Cluster 21 survived (C_s=0.16), N=18
   Cluster 22 survived (C_s=0.17), N=21
   Cluster 23 survived (C_s=0.28), N=73
   Cluster 24 survived (C_s=0.16), N=17
   Cluster 25 survived (C_s=0.26), N=54
   Cluster 26 survived (C_s=0.24), N=18
   Cluster 27 survived (C_s=0.27), N=55
   Cluster 28 survived (C_s=0.20), N=45
   Cluster 29 survived (C_s=0.22), N=12
   Cluster 30 survived (C_s=0.16), N=23
   Cluster 31 survived (C_s=0.18), N=11
   Cluster 33 survived (C_s=0.29), N=44
   Cluster 35 survived (C_s=0.31), N=66
   Cluster 38 survived (C_s=0.18), N=21
   Cluster 39 survived (C_s=0.19), N=46
   Cluster 41 survived (C_s=0.31), N=35
   Cluster 42 survived (C_s=0.29), N=22
   Cluster 43 survived (C_s=0.26), N=42
   Cluster 44 survived (C_s=0.27), N=52
   Cluster 45 survived (C_s=0.19), N=12
   Cluster 47 survived (C_s=0.23), N=13
   Cluster 48 survived (C_s=0.14), N=19
   Cluster 49 survived (C_s=0.24), N=36
   Cluster 50 survived (C_s=0.20), N=39
   Cluster 51 survived (C_s=0.25), N=36
   Cluster 52 survived (C_s=0.31), N=45
   Cluster 54 survived (C_s=0.26), N=50
   Cluster 57 survived (C_s=0.26), N=59
   Cluster 58 survived (C_s=0.15), N=24
   Cluster 60 survived (C_s=0.21), N=13
 A total of 1407 stars survived in 43 clusters
 Performing GUMM analysis...

 IL iteration 4
  Performing clustering on array of shape (1407, 2)
  Identified 56 clusters
   Cluster 0 survived (C_s=0.30), N=63
   Cluster 1 survived (C_s=0.16), N=19
   Cluster 3 survived (C_s=0.43), N=4
   Cluster 5 survived (C_s=0.22), N=12
   Cluster 6 survived (C_s=0.27), N=37
   Cluster 9 survived (C_s=0.16), N=25
   Cluster 11 survived (C_s=0.19), N=31
   Cluster 12 survived (C_s=0.26), N=37
   Cluster 14 survived (C_s=0.16), N=18
   Cluster 15 survived (C_s=0.15), N=25
   Cluster 16 survived (C_s=0.25), N=21
   Cluster 17 survived (C_s=0.30), N=42
   Cluster 18 survived (C_s=0.26), N=30
   Cluster 19 survived (C_s=0.30), N=45
   Cluster 21 survived (C_s=0.23), N=13
   Cluster 23 survived (C_s=0.17), N=27
   Cluster 24 survived (C_s=0.19), N=12
   Cluster 25 survived (C_s=0.20), N=13
   Cluster 26 survived (C_s=0.29), N=45
   Cluster 27 survived (C_s=0.27), N=27
   Cluster 28 survived (C_s=0.31), N=34
   Cluster 29 survived (C_s=0.30), N=53
   Cluster 30 survived (C_s=0.15), N=18
   Cluster 31 survived (C_s=0.25), N=63
   Cluster 33 survived (C_s=0.29), N=37
   Cluster 34 survived (C_s=0.29), N=65
   Cluster 35 survived (C_s=0.30), N=46
   Cluster 36 survived (C_s=0.28), N=26
   Cluster 37 survived (C_s=0.18), N=44
   Cluster 38 survived (C_s=0.31), N=45
   Cluster 39 survived (C_s=0.26), N=41
   Cluster 40 survived (C_s=0.18), N=21
   Cluster 41 survived (C_s=0.22), N=30
   Cluster 44 survived (C_s=0.17), N=15
   Cluster 45 survived (C_s=0.21), N=20
   Cluster 47 survived (C_s=0.24), N=7
   Cluster 49 survived (C_s=0.26), N=47
   Cluster 50 survived (C_s=0.14), N=12
   Cluster 51 survived (C_s=0.27), N=50
   Cluster 53 survived (C_s=0.25), N=44
   Cluster 54 survived (C_s=0.27), N=33
   Cluster 55 survived (C_s=0.25), N=22
 A total of 1319 stars survived in 42 clusters
 Performing GUMM analysis...

 IL iteration 5
  Performing clustering on array of shape (1319, 2)
  Identified 52 clusters
   Cluster 0 survived (C_s=0.27), N=24
   Cluster 1 survived (C_s=0.16), N=11
   Cluster 2 survived (C_s=0.43), N=4
   Cluster 3 survived (C_s=0.27), N=49
   Cluster 6 survived (C_s=0.20), N=16
   Cluster 7 survived (C_s=0.19), N=17
   Cluster 8 survived (C_s=0.31), N=34
   Cluster 9 survived (C_s=0.30), N=57
   Cluster 10 survived (C_s=0.22), N=25
   Cluster 11 survived (C_s=0.28), N=59
   Cluster 13 survived (C_s=0.30), N=37
   Cluster 14 survived (C_s=0.20), N=23
   Cluster 15 survived (C_s=0.27), N=23
   Cluster 18 survived (C_s=0.26), N=42
   Cluster 19 survived (C_s=0.31), N=68
   Cluster 20 survived (C_s=0.30), N=53
   Cluster 21 survived (C_s=0.15), N=17
   Cluster 22 survived (C_s=0.19), N=13
   Cluster 23 survived (C_s=0.20), N=26
   Cluster 25 survived (C_s=0.30), N=58
   Cluster 26 survived (C_s=0.28), N=35
   Cluster 27 survived (C_s=0.28), N=35
   Cluster 28 survived (C_s=0.18), N=14
   Cluster 29 survived (C_s=0.31), N=38
   Cluster 30 survived (C_s=0.21), N=30
   Cluster 31 survived (C_s=0.26), N=19
   Cluster 32 survived (C_s=0.22), N=36
   Cluster 33 survived (C_s=0.24), N=8
   Cluster 35 survived (C_s=0.31), N=41
   Cluster 36 survived (C_s=0.18), N=27
   Cluster 37 survived (C_s=0.26), N=52
   Cluster 38 survived (C_s=0.19), N=11
   Cluster 39 survived (C_s=0.28), N=12
   Cluster 43 survived (C_s=0.17), N=19
   Cluster 44 survived (C_s=0.22), N=23
   Cluster 45 survived (C_s=0.25), N=29
   Cluster 47 survived (C_s=0.25), N=40
   Cluster 49 survived (C_s=0.27), N=61
   Cluster 50 survived (C_s=0.26), N=30
   Cluster 51 survived (C_s=0.24), N=22
 A total of 1238 stars survived in 40 clusters
 Performing GUMM analysis...
 Rejected 30 stars as non-members

 IL iteration 6
  Performing clustering on array of shape (1208, 2)
  Identified 48 clusters
   Cluster 0 survived (C_s=0.27), N=35
   Cluster 1 survived (C_s=0.22), N=25
   Cluster 4 survived (C_s=0.30), N=58
   Cluster 5 survived (C_s=0.28), N=27
   Cluster 6 survived (C_s=0.27), N=10
   Cluster 7 survived (C_s=0.27), N=36
   Cluster 8 survived (C_s=0.30), N=26
   Cluster 9 survived (C_s=0.20), N=13
   Cluster 10 survived (C_s=0.28), N=28
   Cluster 12 survived (C_s=0.33), N=15
   Cluster 13 survived (C_s=0.20), N=21
   Cluster 14 survived (C_s=0.30), N=53
   Cluster 15 survived (C_s=0.27), N=40
   Cluster 16 survived (C_s=0.18), N=15
   Cluster 17 survived (C_s=0.18), N=18
   Cluster 19 survived (C_s=0.30), N=25
   Cluster 20 survived (C_s=0.29), N=26
   Cluster 21 survived (C_s=0.31), N=36
   Cluster 22 survived (C_s=0.27), N=34
   Cluster 23 survived (C_s=0.27), N=50
   Cluster 24 survived (C_s=0.31), N=60
   Cluster 25 survived (C_s=0.25), N=28
   Cluster 26 survived (C_s=0.25), N=49
   Cluster 27 survived (C_s=0.23), N=38
   Cluster 28 survived (C_s=0.21), N=11
   Cluster 29 survived (C_s=0.31), N=58
   Cluster 30 survived (C_s=0.33), N=43
   Cluster 31 survived (C_s=0.20), N=27
   Cluster 32 survived (C_s=0.31), N=33
   Cluster 33 survived (C_s=0.26), N=21
   Cluster 35 survived (C_s=0.29), N=46
   Cluster 36 survived (C_s=0.27), N=29
   Cluster 38 survived (C_s=0.26), N=9
   Cluster 39 survived (C_s=0.19), N=21
   Cluster 40 survived (C_s=0.32), N=24
   Cluster 41 survived (C_s=0.28), N=14
   Cluster 42 survived (C_s=0.26), N=13
   Cluster 45 survived (C_s=0.24), N=19
   Cluster 46 survived (C_s=0.31), N=32
   Cluster 47 survived (C_s=0.30), N=8
 A total of 1174 stars survived in 40 clusters
 Performing GUMM analysis...

 IL iteration 7
  Performing clustering on array of shape (1174, 2)
  Identified 46 clusters
   Cluster 0 survived (C_s=0.31), N=31
   Cluster 1 survived (C_s=0.27), N=24
   Cluster 2 survived (C_s=0.31), N=42
   Cluster 3 survived (C_s=0.20), N=15
   Cluster 4 survived (C_s=0.32), N=30
   Cluster 5 survived (C_s=0.25), N=17
   Cluster 6 survived (C_s=0.24), N=29
   Cluster 8 survived (C_s=0.25), N=10
   Cluster 9 survived (C_s=0.32), N=49
   Cluster 10 survived (C_s=0.16), N=12
   Cluster 11 survived (C_s=0.24), N=27
   Cluster 12 survived (C_s=0.28), N=46
   Cluster 13 survived (C_s=0.29), N=44
   Cluster 14 survived (C_s=0.24), N=30
   Cluster 15 survived (C_s=0.29), N=52
   Cluster 16 survived (C_s=0.20), N=23
   Cluster 17 survived (C_s=0.30), N=24
   Cluster 18 survived (C_s=0.28), N=32
   Cluster 19 survived (C_s=0.26), N=14
   Cluster 20 survived (C_s=0.30), N=32
   Cluster 21 survived (C_s=0.18), N=17
   Cluster 22 survived (C_s=0.33), N=15
   Cluster 24 survived (C_s=0.30), N=33
   Cluster 25 survived (C_s=0.31), N=24
   Cluster 26 survived (C_s=0.29), N=12
   Cluster 27 survived (C_s=0.26), N=46
   Cluster 28 survived (C_s=0.27), N=20
   Cluster 29 survived (C_s=0.31), N=48
   Cluster 30 survived (C_s=0.21), N=13
   Cluster 31 survived (C_s=0.31), N=38
   Cluster 32 survived (C_s=0.28), N=9
   Cluster 33 survived (C_s=0.25), N=30
   Cluster 34 survived (C_s=0.27), N=36
   Cluster 35 survived (C_s=0.27), N=33
   Cluster 36 survived (C_s=0.24), N=15
   Cluster 37 survived (C_s=0.30), N=7
   Cluster 38 survived (C_s=0.16), N=22
   Cluster 39 survived (C_s=0.30), N=8
   Cluster 40 survived (C_s=0.27), N=21
   Cluster 41 survived (C_s=0.28), N=38
   Cluster 42 survived (C_s=0.29), N=31
   Cluster 43 survived (C_s=0.30), N=38
   Cluster 44 survived (C_s=0.25), N=18
   Cluster 45 survived (C_s=0.18), N=10
 A total of 1165 stars survived in 44 clusters
 Performing GUMM analysis...

 IL iteration 8
  Performing clustering on array of shape (1165, 2)
  Identified 46 clusters
   Cluster 0 survived (C_s=0.35), N=26
   Cluster 1 survived (C_s=0.15), N=16
   Cluster 2 survived (C_s=0.28), N=26
   Cluster 3 survived (C_s=0.22), N=15
   Cluster 4 survived (C_s=0.24), N=24
   Cluster 5 survived (C_s=0.32), N=36
   Cluster 6 survived (C_s=0.30), N=35
   Cluster 7 survived (C_s=0.20), N=15
   Cluster 8 survived (C_s=0.26), N=35
   Cluster 9 survived (C_s=0.28), N=52
   Cluster 10 survived (C_s=0.25), N=21
   Cluster 11 survived (C_s=0.26), N=45
   Cluster 12 survived (C_s=0.28), N=36
   Cluster 13 survived (C_s=0.28), N=10
   Cluster 14 survived (C_s=0.29), N=25
   Cluster 15 survived (C_s=0.20), N=27
   Cluster 16 survived (C_s=0.26), N=14
   Cluster 17 survived (C_s=0.15), N=16
   Cluster 18 survived (C_s=0.25), N=20
   Cluster 19 survived (C_s=0.30), N=30
   Cluster 20 survived (C_s=0.29), N=31
   Cluster 21 survived (C_s=0.30), N=36
   Cluster 22 survived (C_s=0.31), N=16
   Cluster 23 survived (C_s=0.18), N=16
   Cluster 24 survived (C_s=0.31), N=38
   Cluster 25 survived (C_s=0.24), N=37
   Cluster 26 survived (C_s=0.31), N=31
   Cluster 27 survived (C_s=0.29), N=19
   Cluster 28 survived (C_s=0.29), N=21
   Cluster 29 survived (C_s=0.22), N=22
   Cluster 30 survived (C_s=0.31), N=29
   Cluster 31 survived (C_s=0.29), N=37
   Cluster 32 survived (C_s=0.24), N=13
   Cluster 33 survived (C_s=0.27), N=41
   Cluster 34 survived (C_s=0.31), N=40
   Cluster 35 survived (C_s=0.33), N=20
   Cluster 36 survived (C_s=0.28), N=8
   Cluster 37 survived (C_s=0.28), N=18
   Cluster 38 survived (C_s=0.25), N=8
   Cluster 39 survived (C_s=0.24), N=13
   Cluster 40 survived (C_s=0.22), N=19
   Cluster 41 survived (C_s=0.31), N=42
   Cluster 42 survived (C_s=0.23), N=23
   Cluster 43 survived (C_s=0.30), N=34
   Cluster 44 survived (C_s=0.26), N=21
   Cluster 45 survived (C_s=0.25), N=8
 All clusters survived, N=1165
Performing final GUMM analysis...
Performing KDE analysis...

P>(.5, .75, .9, .95, .99): 1324, 1294, 1265, 1241, 1197

--------------------------------------------------------
OL run 17
Standard scale: removed mean and scaled to unit variance
 Selected N=2 PCA features
 Variance ratio:  0.51, 0.27

 IL iteration 1
  Performing clustering on array of shape (6857, 2)
  Identified 274 clusters
   Cluster 1 survived (C_s=0.14), N=14
   Cluster 2 survived (C_s=0.11), N=41
   Cluster 5 survived (C_s=0.08), N=22
   Cluster 8 survived (C_s=0.23), N=111
   Cluster 11 survived (C_s=0.06), N=32
   Cluster 44 survived (C_s=0.24), N=76
   Cluster 58 survived (C_s=0.22), N=28
   Cluster 60 survived (C_s=0.07), N=31
   Cluster 62 survived (C_s=0.06), N=29
   Cluster 63 survived (C_s=0.05), N=37
   Cluster 78 survived (C_s=0.27), N=29
   Cluster 79 survived (C_s=0.04), N=46
   Cluster 80 survived (C_s=0.06), N=36
   Cluster 81 survived (C_s=0.11), N=18
   Cluster 82 survived (C_s=0.05), N=57
   Cluster 88 survived (C_s=0.29), N=77
   Cluster 97 survived (C_s=0.06), N=34
   Cluster 99 survived (C_s=0.08), N=25
   Cluster 110 survived (C_s=0.30), N=93
   Cluster 111 survived (C_s=0.18), N=10
   Cluster 112 survived (C_s=0.30), N=91
   Cluster 114 survived (C_s=0.10), N=32
   Cluster 118 survived (C_s=0.11), N=43
   Cluster 121 survived (C_s=0.07), N=37
   Cluster 122 survived (C_s=0.05), N=57
   Cluster 133 survived (C_s=0.05), N=49
   Cluster 138 survived (C_s=0.05), N=61
   Cluster 139 survived (C_s=0.18), N=49
   Cluster 150 survived (C_s=0.05), N=40
   Cluster 158 survived (C_s=0.11), N=17
   Cluster 160 survived (C_s=0.04), N=46
   Cluster 162 survived (C_s=0.24), N=68
   Cluster 165 survived (C_s=0.08), N=44
   Cluster 168 survived (C_s=0.15), N=84
   Cluster 169 survived (C_s=0.04), N=53
   Cluster 176 survived (C_s=0.29), N=103
   Cluster 178 survived (C_s=0.07), N=37
   Cluster 185 survived (C_s=0.14), N=13
   Cluster 189 survived (C_s=0.12), N=14
   Cluster 190 survived (C_s=0.11), N=32
   Cluster 196 survived (C_s=0.06), N=27
   Cluster 201 survived (C_s=0.20), N=57
   Cluster 213 survived (C_s=0.04), N=41
   Cluster 214 survived (C_s=0.05), N=32
   Cluster 216 survived (C_s=0.06), N=48
   Cluster 228 survived (C_s=0.27), N=88
   Cluster 242 survived (C_s=0.18), N=34
   Cluster 243 survived (C_s=0.24), N=22
   Cluster 245 survived (C_s=0.07), N=60
   Cluster 249 survived (C_s=0.13), N=22
   Cluster 258 survived (C_s=0.06), N=32
   Cluster 263 survived (C_s=0.29), N=82
   Cluster 265 survived (C_s=0.27), N=70
   Cluster 268 survived (C_s=0.28), N=76
 A total of 2507 stars survived in 54 clusters
 Performing GUMM analysis...

 IL iteration 2
  Performing clustering on array of shape (2507, 2)
  Identified 100 clusters
   Cluster 0 survived (C_s=0.15), N=17
   Cluster 1 survived (C_s=0.29), N=101
   Cluster 3 survived (C_s=0.18), N=10
   Cluster 7 survived (C_s=0.29), N=83
   Cluster 8 survived (C_s=0.09), N=28
   Cluster 9 survived (C_s=0.07), N=25
   Cluster 13 survived (C_s=0.13), N=22
   Cluster 17 survived (C_s=0.11), N=22
   Cluster 21 survived (C_s=0.17), N=15
   Cluster 22 survived (C_s=0.29), N=72
   Cluster 23 survived (C_s=0.30), N=23
   Cluster 25 survived (C_s=0.25), N=89
   Cluster 27 survived (C_s=0.17), N=48
   Cluster 31 survived (C_s=0.08), N=25
   Cluster 36 survived (C_s=0.08), N=29
   Cluster 40 survived (C_s=0.30), N=64
   Cluster 41 survived (C_s=0.11), N=24
   Cluster 44 survived (C_s=0.13), N=20
   Cluster 46 survived (C_s=0.22), N=59
   Cluster 47 survived (C_s=0.09), N=27
   Cluster 51 survived (C_s=0.28), N=61
   Cluster 55 survived (C_s=0.11), N=21
   Cluster 56 survived (C_s=0.30), N=93
   Cluster 58 survived (C_s=0.24), N=106
   Cluster 59 survived (C_s=0.22), N=33
   Cluster 62 survived (C_s=0.16), N=57
   Cluster 66 survived (C_s=0.14), N=13
   Cluster 68 survived (C_s=0.31), N=66
   Cluster 69 survived (C_s=0.10), N=18
   Cluster 70 survived (C_s=0.10), N=19
   Cluster 75 survived (C_s=0.22), N=32
   Cluster 77 survived (C_s=0.16), N=11
   Cluster 81 survived (C_s=0.24), N=42
   Cluster 83 survived (C_s=0.14), N=31
   Cluster 86 survived (C_s=0.28), N=81
   Cluster 88 survived (C_s=0.17), N=30
   Cluster 96 survived (C_s=0.21), N=71
   Cluster 97 survived (C_s=0.08), N=26
 A total of 1614 stars survived in 38 clusters
 Performing GUMM analysis...

 IL iteration 3
  Performing clustering on array of shape (1614, 2)
  Identified 64 clusters
   Cluster 0 survived (C_s=0.28), N=54
   Cluster 4 survived (C_s=0.15), N=14
   Cluster 5 survived (C_s=0.21), N=16
   Cluster 10 survived (C_s=0.27), N=68
   Cluster 11 survived (C_s=0.15), N=17
   Cluster 12 survived (C_s=0.16), N=12
   Cluster 14 survived (C_s=0.19), N=23
   Cluster 15 survived (C_s=0.29), N=61
   Cluster 16 survived (C_s=0.15), N=12
   Cluster 19 survived (C_s=0.27), N=50
   Cluster 20 survived (C_s=0.18), N=10
   Cluster 21 survived (C_s=0.17), N=34
   Cluster 23 survived (C_s=0.27), N=15
   Cluster 24 survived (C_s=0.24), N=52
   Cluster 26 survived (C_s=0.08), N=35
   Cluster 27 survived (C_s=0.30), N=83
   Cluster 28 survived (C_s=0.25), N=31
   Cluster 29 survived (C_s=0.12), N=21
   Cluster 30 survived (C_s=0.30), N=65
   Cluster 33 survived (C_s=0.32), N=22
   Cluster 34 survived (C_s=0.14), N=12
   Cluster 35 survived (C_s=0.22), N=48
   Cluster 36 survived (C_s=0.29), N=68
   Cluster 37 survived (C_s=0.29), N=70
   Cluster 38 survived (C_s=0.24), N=28
   Cluster 39 survived (C_s=0.26), N=39
   Cluster 42 survived (C_s=0.16), N=14
   Cluster 43 survived (C_s=0.11), N=15
   Cluster 45 survived (C_s=0.23), N=65
   Cluster 46 survived (C_s=0.17), N=14
   Cluster 48 survived (C_s=0.20), N=33
   Cluster 52 survived (C_s=0.17), N=18
   Cluster 55 survived (C_s=0.27), N=74
   Cluster 57 survived (C_s=0.31), N=38
   Cluster 59 survived (C_s=0.21), N=50
   Cluster 60 survived (C_s=0.28), N=71
   Cluster 62 survived (C_s=0.16), N=37
 A total of 1389 stars survived in 37 clusters
 Performing GUMM analysis...

 IL iteration 4
  Performing clustering on array of shape (1389, 2)
  Identified 55 clusters
   Cluster 0 survived (C_s=0.26), N=44
   Cluster 1 survived (C_s=0.14), N=12
   Cluster 3 survived (C_s=0.30), N=39
   Cluster 4 survived (C_s=0.19), N=13
   Cluster 6 survived (C_s=0.16), N=19
   Cluster 8 survived (C_s=0.28), N=58
   Cluster 9 survived (C_s=0.11), N=23
   Cluster 10 survived (C_s=0.11), N=15
   Cluster 11 survived (C_s=0.20), N=29
   Cluster 12 survived (C_s=0.28), N=59
   Cluster 13 survived (C_s=0.44), N=4
   Cluster 14 survived (C_s=0.22), N=24
   Cluster 16 survived (C_s=0.26), N=14
   Cluster 17 survived (C_s=0.32), N=26
   Cluster 18 survived (C_s=0.18), N=25
   Cluster 19 survived (C_s=0.22), N=40
   Cluster 20 survived (C_s=0.28), N=56
   Cluster 22 survived (C_s=0.17), N=31
   Cluster 24 survived (C_s=0.15), N=15
   Cluster 26 survived (C_s=0.22), N=19
   Cluster 27 survived (C_s=0.29), N=26
   Cluster 29 survived (C_s=0.21), N=37
   Cluster 30 survived (C_s=0.21), N=30
   Cluster 31 survived (C_s=0.30), N=70
   Cluster 32 survived (C_s=0.24), N=10
   Cluster 33 survived (C_s=0.28), N=70
   Cluster 35 survived (C_s=0.30), N=39
   Cluster 36 survived (C_s=0.31), N=36
   Cluster 37 survived (C_s=0.30), N=43
   Cluster 39 survived (C_s=0.26), N=40
   Cluster 40 survived (C_s=0.23), N=21
   Cluster 41 survived (C_s=0.28), N=60
   Cluster 43 survived (C_s=0.28), N=17
   Cluster 44 survived (C_s=0.24), N=20
   Cluster 45 survived (C_s=0.20), N=13
   Cluster 46 survived (C_s=0.13), N=14
   Cluster 47 survived (C_s=0.27), N=45
   Cluster 50 survived (C_s=0.29), N=31
   Cluster 51 survived (C_s=0.18), N=40
   Cluster 52 survived (C_s=0.18), N=10
   Cluster 53 survived (C_s=0.31), N=37
   Cluster 54 survived (C_s=0.27), N=43
 A total of 1317 stars survived in 42 clusters
 Performing GUMM analysis...

 IL iteration 5
  Performing clustering on array of shape (1317, 2)
  Identified 52 clusters
   Cluster 0 survived (C_s=0.19), N=36
   Cluster 2 survived (C_s=0.28), N=32
   Cluster 3 survived (C_s=0.28), N=27
   Cluster 5 survived (C_s=0.24), N=10
   Cluster 6 survived (C_s=0.15), N=16
   Cluster 8 survived (C_s=0.29), N=44
   Cluster 10 survived (C_s=0.25), N=39
   Cluster 12 survived (C_s=0.20), N=28
   Cluster 13 survived (C_s=0.23), N=21
   Cluster 14 survived (C_s=0.20), N=13
   Cluster 15 survived (C_s=0.25), N=39
   Cluster 16 survived (C_s=0.28), N=70
   Cluster 17 survived (C_s=0.18), N=23
   Cluster 18 survived (C_s=0.28), N=44
   Cluster 19 survived (C_s=0.20), N=42
   Cluster 20 survived (C_s=0.31), N=48
   Cluster 21 survived (C_s=0.22), N=13
   Cluster 22 survived (C_s=0.18), N=13
   Cluster 23 survived (C_s=0.28), N=20
   Cluster 24 survived (C_s=0.28), N=55
   Cluster 25 survived (C_s=0.16), N=35
   Cluster 26 survived (C_s=0.21), N=20
   Cluster 27 survived (C_s=0.29), N=51
   Cluster 29 survived (C_s=0.28), N=46
   Cluster 30 survived (C_s=0.22), N=21
   Cluster 31 survived (C_s=0.31), N=36
   Cluster 32 survived (C_s=0.31), N=44
   Cluster 34 survived (C_s=0.26), N=13
   Cluster 35 survived (C_s=0.18), N=14
   Cluster 36 survived (C_s=0.30), N=51
   Cluster 37 survived (C_s=0.20), N=10
   Cluster 38 survived (C_s=0.20), N=21
   Cluster 39 survived (C_s=0.32), N=11
   Cluster 40 survived (C_s=0.32), N=16
   Cluster 41 survived (C_s=0.27), N=33
   Cluster 42 survived (C_s=0.24), N=10
   Cluster 43 survived (C_s=0.26), N=30
   Cluster 44 survived (C_s=0.27), N=31
   Cluster 46 survived (C_s=0.18), N=26
   Cluster 47 survived (C_s=0.30), N=58
   Cluster 48 survived (C_s=0.44), N=4
   Cluster 49 survived (C_s=0.16), N=19
   Cluster 50 survived (C_s=0.25), N=21
 A total of 1254 stars survived in 43 clusters
 Performing GUMM analysis...
 Rejected 40 stars as non-members

 IL iteration 6
  Performing clustering on array of shape (1214, 2)
  Identified 48 clusters
   Cluster 0 survived (C_s=0.30), N=39
   Cluster 1 survived (C_s=0.20), N=23
   Cluster 3 survived (C_s=0.29), N=56
   Cluster 4 survived (C_s=0.20), N=22
   Cluster 7 survived (C_s=0.28), N=60
   Cluster 8 survived (C_s=0.23), N=20
   Cluster 9 survived (C_s=0.24), N=28
   Cluster 10 survived (C_s=0.29), N=36
   Cluster 11 survived (C_s=0.29), N=53
   Cluster 12 survived (C_s=0.24), N=16
   Cluster 13 survived (C_s=0.24), N=28
   Cluster 14 survived (C_s=0.29), N=39
   Cluster 15 survived (C_s=0.21), N=24
   Cluster 16 survived (C_s=0.17), N=13
   Cluster 17 survived (C_s=0.17), N=15
   Cluster 18 survived (C_s=0.29), N=50
   Cluster 19 survived (C_s=0.24), N=21
   Cluster 20 survived (C_s=0.20), N=11
   Cluster 21 survived (C_s=0.18), N=11
   Cluster 22 survived (C_s=0.32), N=13
   Cluster 23 survived (C_s=0.29), N=35
   Cluster 24 survived (C_s=0.32), N=45
   Cluster 25 survived (C_s=0.30), N=39
   Cluster 26 survived (C_s=0.27), N=16
   Cluster 27 survived (C_s=0.23), N=30
   Cluster 28 survived (C_s=0.34), N=19
   Cluster 29 survived (C_s=0.29), N=40
   Cluster 30 survived (C_s=0.26), N=36
   Cluster 31 survived (C_s=0.32), N=44
   Cluster 32 survived (C_s=0.29), N=10
   Cluster 33 survived (C_s=0.31), N=50
   Cluster 34 survived (C_s=0.27), N=35
   Cluster 35 survived (C_s=0.26), N=15
   Cluster 36 survived (C_s=0.19), N=29
   Cluster 37 survived (C_s=0.33), N=19
   Cluster 38 survived (C_s=0.28), N=9
   Cluster 39 survived (C_s=0.25), N=10
   Cluster 40 survived (C_s=0.17), N=22
   Cluster 41 survived (C_s=0.31), N=26
   Cluster 42 survived (C_s=0.23), N=16
   Cluster 43 survived (C_s=0.27), N=17
   Cluster 44 survived (C_s=0.21), N=14
   Cluster 45 survived (C_s=0.20), N=11
   Cluster 46 survived (C_s=0.28), N=27
   Cluster 47 survived (C_s=0.27), N=17
 A total of 1209 stars survived in 45 clusters
 Performing GUMM analysis...

 IL iteration 7
  Performing clustering on array of shape (1209, 2)
  Identified 48 clusters
   Cluster 0 survived (C_s=0.31), N=22
   Cluster 1 survived (C_s=0.20), N=15
   Cluster 2 survived (C_s=0.30), N=65
   Cluster 3 survived (C_s=0.21), N=15
   Cluster 4 survived (C_s=0.22), N=10
   Cluster 5 survived (C_s=0.24), N=21
   Cluster 6 survived (C_s=0.31), N=47
   Cluster 7 survived (C_s=0.22), N=28
   Cluster 8 survived (C_s=0.20), N=13
   Cluster 9 survived (C_s=0.26), N=27
   Cluster 10 survived (C_s=0.27), N=17
   Cluster 11 survived (C_s=0.29), N=22
   Cluster 12 survived (C_s=0.33), N=16
   Cluster 13 survived (C_s=0.25), N=18
   Cluster 14 survived (C_s=0.25), N=10
   Cluster 15 survived (C_s=0.29), N=33
   Cluster 16 survived (C_s=0.28), N=57
   Cluster 17 survived (C_s=0.22), N=23
   Cluster 18 survived (C_s=0.22), N=10
   Cluster 19 survived (C_s=0.29), N=33
   Cluster 20 survived (C_s=0.30), N=28
   Cluster 21 survived (C_s=0.29), N=59
   Cluster 22 survived (C_s=0.15), N=22
   Cluster 23 survived (C_s=0.19), N=11
   Cluster 24 survived (C_s=0.23), N=35
   Cluster 25 survived (C_s=0.24), N=25
   Cluster 26 survived (C_s=0.22), N=20
   Cluster 27 survived (C_s=0.33), N=30
   Cluster 28 survived (C_s=0.29), N=48
   Cluster 29 survived (C_s=0.24), N=13
   Cluster 30 survived (C_s=0.22), N=13
   Cluster 31 survived (C_s=0.21), N=27
   Cluster 32 survived (C_s=0.19), N=15
   Cluster 34 survived (C_s=0.26), N=23
   Cluster 35 survived (C_s=0.28), N=36
   Cluster 36 survived (C_s=0.28), N=50
   Cluster 37 survived (C_s=0.30), N=12
   Cluster 38 survived (C_s=0.27), N=36
   Cluster 39 survived (C_s=0.30), N=8
   Cluster 40 survived (C_s=0.25), N=17
   Cluster 41 survived (C_s=0.28), N=20
   Cluster 42 survived (C_s=0.34), N=41
   Cluster 43 survived (C_s=0.28), N=26
   Cluster 44 survived (C_s=0.31), N=38
   Cluster 45 survived (C_s=0.32), N=33
 A total of 1188 stars survived in 45 clusters
 Performing GUMM analysis...

 IL iteration 8
  Performing clustering on array of shape (1188, 2)
  Identified 47 clusters
   Cluster 0 survived (C_s=0.35), N=22
   Cluster 1 survived (C_s=0.26), N=30
   Cluster 2 survived (C_s=0.29), N=43
   Cluster 3 survived (C_s=0.19), N=10
   Cluster 4 survived (C_s=0.21), N=18
   Cluster 5 survived (C_s=0.22), N=11
   Cluster 6 survived (C_s=0.28), N=9
   Cluster 7 survived (C_s=0.19), N=28
   Cluster 8 survived (C_s=0.24), N=33
   Cluster 9 survived (C_s=0.27), N=31
   Cluster 10 survived (C_s=0.29), N=36
   Cluster 11 survived (C_s=0.21), N=11
   Cluster 12 survived (C_s=0.29), N=39
   Cluster 13 survived (C_s=0.32), N=42
   Cluster 14 survived (C_s=0.25), N=11
   Cluster 15 survived (C_s=0.31), N=12
   Cluster 16 survived (C_s=0.25), N=26
   Cluster 17 survived (C_s=0.21), N=13
   Cluster 18 survived (C_s=0.29), N=24
   Cluster 19 survived (C_s=0.30), N=30
   Cluster 20 survived (C_s=0.24), N=15
   Cluster 21 survived (C_s=0.17), N=12
   Cluster 22 survived (C_s=0.28), N=37
   Cluster 23 survived (C_s=0.28), N=27
   Cluster 24 survived (C_s=0.30), N=47
   Cluster 25 survived (C_s=0.30), N=21
   Cluster 26 survived (C_s=0.27), N=33
   Cluster 27 survived (C_s=0.31), N=48
   Cluster 28 survived (C_s=0.20), N=26
   Cluster 29 survived (C_s=0.28), N=59
   Cluster 30 survived (C_s=0.28), N=28
   Cluster 31 survived (C_s=0.30), N=50
   Cluster 32 survived (C_s=0.28), N=9
   Cluster 33 survived (C_s=0.21), N=17
   Cluster 35 survived (C_s=0.33), N=30
   Cluster 36 survived (C_s=0.28), N=38
   Cluster 37 survived (C_s=0.20), N=28
   Cluster 39 survived (C_s=0.21), N=12
   Cluster 40 survived (C_s=0.26), N=24
   Cluster 41 survived (C_s=0.32), N=52
   Cluster 42 survived (C_s=0.30), N=11
   Cluster 43 survived (C_s=0.20), N=15
   Cluster 44 survived (C_s=0.28), N=19
   Cluster 45 survived (C_s=0.21), N=14
   Cluster 46 survived (C_s=0.28), N=27
 A total of 1178 stars survived in 45 clusters
 Performing GUMM analysis...

 IL iteration 9
  Performing clustering on array of shape (1178, 2)
  Identified 47 clusters
   Cluster 0 survived (C_s=0.32), N=32
   Cluster 1 survived (C_s=0.29), N=31
   Cluster 2 survived (C_s=0.26), N=36
   Cluster 3 survived (C_s=0.27), N=29
   Cluster 4 survived (C_s=0.19), N=10
   Cluster 5 survived (C_s=0.28), N=22
   Cluster 6 survived (C_s=0.24), N=20
   Cluster 7 survived (C_s=0.21), N=16
   Cluster 8 survived (C_s=0.31), N=43
   Cluster 9 survived (C_s=0.28), N=51
   Cluster 10 survived (C_s=0.20), N=19
   Cluster 11 survived (C_s=0.33), N=15
   Cluster 12 survived (C_s=0.21), N=21
   Cluster 13 survived (C_s=0.23), N=27
   Cluster 14 survived (C_s=0.29), N=23
   Cluster 15 survived (C_s=0.29), N=26
   Cluster 16 survived (C_s=0.27), N=44
   Cluster 17 survived (C_s=0.32), N=13
   Cluster 19 survived (C_s=0.22), N=10
   Cluster 20 survived (C_s=0.31), N=28
   Cluster 21 survived (C_s=0.24), N=28
   Cluster 22 survived (C_s=0.27), N=22
   Cluster 23 survived (C_s=0.28), N=20
   Cluster 24 survived (C_s=0.31), N=39
   Cluster 25 survived (C_s=0.30), N=16
   Cluster 26 survived (C_s=0.18), N=28
   Cluster 27 survived (C_s=0.24), N=10
   Cluster 28 survived (C_s=0.32), N=42
   Cluster 29 survived (C_s=0.30), N=36
   Cluster 30 survived (C_s=0.30), N=25
   Cluster 31 survived (C_s=0.29), N=31
   Cluster 32 survived (C_s=0.30), N=49
   Cluster 33 survived (C_s=0.19), N=33
   Cluster 34 survived (C_s=0.30), N=26
   Cluster 35 survived (C_s=0.29), N=30
   Cluster 36 survived (C_s=0.32), N=53
   Cluster 37 survived (C_s=0.30), N=14
   Cluster 38 survived (C_s=0.28), N=27
   Cluster 39 survived (C_s=0.22), N=19
   Cluster 40 survived (C_s=0.31), N=38
   Cluster 41 survived (C_s=0.25), N=12
   Cluster 43 survived (C_s=0.27), N=7
   Cluster 44 survived (C_s=0.29), N=13
   Cluster 45 survived (C_s=0.21), N=17
   Cluster 46 survived (C_s=0.21), N=8
 A total of 1159 stars survived in 45 clusters
 Performing GUMM analysis...

 IL iteration 10
  Performing clustering on array of shape (1159, 2)
  Identified 46 clusters
   Cluster 0 survived (C_s=0.30), N=51
   Cluster 1 survived (C_s=0.25), N=28
   Cluster 2 survived (C_s=0.20), N=19
   Cluster 3 survived (C_s=0.31), N=10
   Cluster 4 survived (C_s=0.29), N=61
   Cluster 5 survived (C_s=0.29), N=36
   Cluster 6 survived (C_s=0.19), N=20
   Cluster 7 survived (C_s=0.27), N=23
   Cluster 8 survived (C_s=0.23), N=17
   Cluster 9 survived (C_s=0.25), N=27
   Cluster 10 survived (C_s=0.28), N=36
   Cluster 12 survived (C_s=0.20), N=15
   Cluster 13 survived (C_s=0.32), N=23
   Cluster 14 survived (C_s=0.24), N=35
   Cluster 15 survived (C_s=0.23), N=26
   Cluster 16 survived (C_s=0.27), N=51
   Cluster 17 survived (C_s=0.27), N=36
   Cluster 18 survived (C_s=0.33), N=21
   Cluster 19 survived (C_s=0.32), N=53
   Cluster 20 survived (C_s=0.27), N=33
   Cluster 21 survived (C_s=0.20), N=9
   Cluster 22 survived (C_s=0.19), N=10
   Cluster 23 survived (C_s=0.20), N=19
   Cluster 24 survived (C_s=0.24), N=21
   Cluster 25 survived (C_s=0.26), N=29
   Cluster 26 survived (C_s=0.30), N=23
   Cluster 27 survived (C_s=0.25), N=20
   Cluster 28 survived (C_s=0.28), N=29
   Cluster 29 survived (C_s=0.18), N=10
   Cluster 30 survived (C_s=0.32), N=37
   Cluster 31 survived (C_s=0.23), N=11
   Cluster 32 survived (C_s=0.20), N=10
   Cluster 33 survived (C_s=0.29), N=34
   Cluster 34 survived (C_s=0.28), N=40
   Cluster 35 survived (C_s=0.22), N=19
   Cluster 36 survived (C_s=0.29), N=31
   Cluster 37 survived (C_s=0.41), N=7
   Cluster 38 survived (C_s=0.25), N=10
   Cluster 39 survived (C_s=0.32), N=30
   Cluster 40 survived (C_s=0.24), N=8
   Cluster 41 survived (C_s=0.34), N=10
   Cluster 42 survived (C_s=0.25), N=28
   Cluster 43 survived (C_s=0.31), N=37
   Cluster 44 survived (C_s=0.27), N=15
   Cluster 45 survived (C_s=0.31), N=35
 A total of 1153 stars survived in 45 clusters
 Performing GUMM analysis...

 IL iteration 11
  Performing clustering on array of shape (1153, 2)
  Identified 46 clusters
   Cluster 0 survived (C_s=0.29), N=37
   Cluster 1 survived (C_s=0.30), N=45
   Cluster 2 survived (C_s=0.25), N=17
   Cluster 3 survived (C_s=0.27), N=13
   Cluster 4 survived (C_s=0.25), N=31
   Cluster 5 survived (C_s=0.30), N=41
   Cluster 6 survived (C_s=0.32), N=31
   Cluster 7 survived (C_s=0.29), N=39
   Cluster 8 survived (C_s=0.19), N=10
   Cluster 9 survived (C_s=0.20), N=26
   Cluster 10 survived (C_s=0.25), N=37
   Cluster 11 survived (C_s=0.27), N=11
   Cluster 12 survived (C_s=0.26), N=37
   Cluster 13 survived (C_s=0.28), N=16
   Cluster 14 survived (C_s=0.31), N=17
   Cluster 15 survived (C_s=0.31), N=46
   Cluster 16 survived (C_s=0.32), N=28
   Cluster 17 survived (C_s=0.32), N=13
   Cluster 18 survived (C_s=0.25), N=26
   Cluster 19 survived (C_s=0.25), N=17
   Cluster 20 survived (C_s=0.21), N=11
   Cluster 21 survived (C_s=0.20), N=14
   Cluster 22 survived (C_s=0.20), N=30
   Cluster 23 survived (C_s=0.27), N=22
   Cluster 24 survived (C_s=0.21), N=13
   Cluster 25 survived (C_s=0.31), N=41
   Cluster 26 survived (C_s=0.32), N=11
   Cluster 27 survived (C_s=0.20), N=20
   Cluster 28 survived (C_s=0.28), N=44
   Cluster 29 survived (C_s=0.23), N=24
   Cluster 30 survived (C_s=0.28), N=9
   Cluster 31 survived (C_s=0.23), N=20
   Cluster 32 survived (C_s=0.26), N=23
   Cluster 33 survived (C_s=0.29), N=32
   Cluster 34 survived (C_s=0.32), N=37
   Cluster 35 survived (C_s=0.30), N=31
   Cluster 36 survived (C_s=0.29), N=9
   Cluster 37 survived (C_s=0.35), N=15
   Cluster 38 survived (C_s=0.24), N=17
   Cluster 39 survived (C_s=0.29), N=36
   Cluster 40 survived (C_s=0.29), N=32
   Cluster 41 survived (C_s=0.32), N=51
   Cluster 42 survived (C_s=0.17), N=23
   Cluster 43 survived (C_s=0.32), N=18
   Cluster 44 survived (C_s=0.22), N=13
   Cluster 45 survived (C_s=0.28), N=19
 All clusters survived, N=1153
Performing final GUMM analysis...
Performing KDE analysis...

P>(.5, .75, .9, .95, .99): 1322, 1291, 1265, 1241, 1198

--------------------------------------------------------
OL run 18
Standard scale: removed mean and scaled to unit variance
 Selected N=2 PCA features
 Variance ratio:  0.51, 0.27

 IL iteration 1
  Performing clustering on array of shape (6857, 2)
  Identified 274 clusters
   Cluster 0 survived (C_s=0.04), N=47
   Cluster 2 survived (C_s=0.19), N=43
   Cluster 17 survived (C_s=0.04), N=40
   Cluster 20 survived (C_s=0.06), N=46
   Cluster 24 survived (C_s=0.04), N=56
   Cluster 34 survived (C_s=0.20), N=89
   Cluster 35 survived (C_s=0.08), N=22
   Cluster 41 survived (C_s=0.07), N=36
   Cluster 45 survived (C_s=0.28), N=161
   Cluster 47 survived (C_s=0.05), N=39
   Cluster 50 survived (C_s=0.03), N=52
   Cluster 53 survived (C_s=0.05), N=37
   Cluster 55 survived (C_s=0.25), N=149
   Cluster 60 survived (C_s=0.10), N=73
   Cluster 71 survived (C_s=0.05), N=37
   Cluster 77 survived (C_s=0.06), N=36
   Cluster 88 survived (C_s=0.25), N=111
   Cluster 92 survived (C_s=0.09), N=30
   Cluster 96 survived (C_s=0.11), N=20
   Cluster 97 survived (C_s=0.09), N=21
   Cluster 98 survived (C_s=0.14), N=17
   Cluster 102 survived (C_s=0.04), N=51
   Cluster 104 survived (C_s=0.07), N=37
   Cluster 106 survived (C_s=0.29), N=121
   Cluster 119 survived (C_s=0.05), N=37
   Cluster 124 survived (C_s=0.28), N=149
   Cluster 147 survived (C_s=0.34), N=6
   Cluster 160 survived (C_s=0.09), N=36
   Cluster 171 survived (C_s=0.06), N=29
   Cluster 172 survived (C_s=0.09), N=25
   Cluster 173 survived (C_s=0.17), N=123
   Cluster 176 survived (C_s=0.08), N=43
   Cluster 183 survived (C_s=0.11), N=38
   Cluster 186 survived (C_s=0.09), N=21
   Cluster 187 survived (C_s=0.13), N=13
   Cluster 195 survived (C_s=0.05), N=39
   Cluster 212 survived (C_s=0.11), N=16
   Cluster 214 survived (C_s=0.30), N=65
   Cluster 215 survived (C_s=0.04), N=77
   Cluster 227 survived (C_s=0.11), N=52
   Cluster 230 survived (C_s=0.07), N=32
   Cluster 233 survived (C_s=0.05), N=61
   Cluster 237 survived (C_s=0.29), N=89
   Cluster 239 survived (C_s=0.06), N=45
   Cluster 243 survived (C_s=0.07), N=29
   Cluster 263 survived (C_s=0.08), N=27
   Cluster 264 survived (C_s=0.25), N=86
   Cluster 265 survived (C_s=0.07), N=24
 A total of 2533 stars survived in 48 clusters
 Performing GUMM analysis...
 Rejected 108 stars as non-members

 IL iteration 2
  Performing clustering on array of shape (2425, 2)
  Identified 97 clusters
   Cluster 1 survived (C_s=0.29), N=86
   Cluster 3 survived (C_s=0.07), N=26
   Cluster 6 survived (C_s=0.09), N=21
   Cluster 7 survived (C_s=0.28), N=8
   Cluster 8 survived (C_s=0.11), N=17
   Cluster 9 survived (C_s=0.29), N=62
   Cluster 11 survived (C_s=0.23), N=37
   Cluster 12 survived (C_s=0.08), N=22
   Cluster 13 survived (C_s=0.31), N=60
   Cluster 15 survived (C_s=0.15), N=18
   Cluster 16 survived (C_s=0.21), N=55
   Cluster 19 survived (C_s=0.08), N=21
   Cluster 20 survived (C_s=0.11), N=16
   Cluster 21 survived (C_s=0.34), N=6
   Cluster 22 survived (C_s=0.16), N=34
   Cluster 26 survived (C_s=0.13), N=42
   Cluster 28 survived (C_s=0.22), N=71
   Cluster 34 survived (C_s=0.14), N=17
   Cluster 36 survived (C_s=0.16), N=13
   Cluster 37 survived (C_s=0.14), N=13
   Cluster 38 survived (C_s=0.29), N=102
   Cluster 41 survived (C_s=0.12), N=54
   Cluster 42 survived (C_s=0.29), N=78
   Cluster 44 survived (C_s=0.15), N=30
   Cluster 46 survived (C_s=0.12), N=16
   Cluster 47 survived (C_s=0.28), N=35
   Cluster 52 survived (C_s=0.19), N=9
   Cluster 53 survived (C_s=0.11), N=19
   Cluster 58 survived (C_s=0.29), N=100
   Cluster 60 survived (C_s=0.14), N=12
   Cluster 61 survived (C_s=0.26), N=76
   Cluster 63 survived (C_s=0.19), N=69
   Cluster 68 survived (C_s=0.28), N=55
   Cluster 69 survived (C_s=0.25), N=75
   Cluster 77 survived (C_s=0.18), N=51
   Cluster 81 survived (C_s=0.30), N=90
   Cluster 87 survived (C_s=0.12), N=20
   Cluster 92 survived (C_s=0.11), N=21
   Cluster 94 survived (C_s=0.19), N=43
   Cluster 96 survived (C_s=0.13), N=31
 A total of 1631 stars survived in 40 clusters
 Performing GUMM analysis...
 Rejected 27 stars as non-members

 IL iteration 3
  Performing clustering on array of shape (1604, 2)
  Identified 64 clusters
   Cluster 0 survived (C_s=0.26), N=48
   Cluster 3 survived (C_s=0.21), N=24
   Cluster 4 survived (C_s=0.26), N=65
   Cluster 7 survived (C_s=0.29), N=54
   Cluster 8 survived (C_s=0.17), N=11
   Cluster 11 survived (C_s=0.17), N=17
   Cluster 12 survived (C_s=0.28), N=8
   Cluster 13 survived (C_s=0.28), N=58
   Cluster 14 survived (C_s=0.24), N=28
   Cluster 15 survived (C_s=0.30), N=95
   Cluster 16 survived (C_s=0.15), N=31
   Cluster 17 survived (C_s=0.12), N=14
   Cluster 19 survived (C_s=0.19), N=9
   Cluster 21 survived (C_s=0.26), N=51
   Cluster 24 survived (C_s=0.15), N=44
   Cluster 25 survived (C_s=0.29), N=51
   Cluster 27 survived (C_s=0.23), N=13
   Cluster 28 survived (C_s=0.25), N=49
   Cluster 30 survived (C_s=0.25), N=23
   Cluster 31 survived (C_s=0.31), N=64
   Cluster 32 survived (C_s=0.29), N=83
   Cluster 34 survived (C_s=0.30), N=74
   Cluster 35 survived (C_s=0.13), N=15
   Cluster 36 survived (C_s=0.17), N=12
   Cluster 37 survived (C_s=0.11), N=16
   Cluster 39 survived (C_s=0.15), N=20
   Cluster 41 survived (C_s=0.31), N=7
   Cluster 42 survived (C_s=0.24), N=9
   Cluster 43 survived (C_s=0.23), N=19
   Cluster 48 survived (C_s=0.20), N=33
   Cluster 51 survived (C_s=0.20), N=38
   Cluster 52 survived (C_s=0.30), N=61
   Cluster 53 survived (C_s=0.15), N=14
   Cluster 55 survived (C_s=0.23), N=48
   Cluster 56 survived (C_s=0.19), N=34
   Cluster 57 survived (C_s=0.12), N=19
   Cluster 59 survived (C_s=0.24), N=23
   Cluster 60 survived (C_s=0.28), N=54
   Cluster 61 survived (C_s=0.15), N=27
   Cluster 63 survived (C_s=0.25), N=64
 A total of 1427 stars survived in 40 clusters
 Performing GUMM analysis...
 Rejected 28 stars as non-members

 IL iteration 4
  Performing clustering on array of shape (1399, 2)
  Identified 55 clusters
   Cluster 0 survived (C_s=0.25), N=43
   Cluster 2 survived (C_s=0.14), N=15
   Cluster 3 survived (C_s=0.25), N=8
   Cluster 5 survived (C_s=0.25), N=50
   Cluster 7 survived (C_s=0.19), N=9
   Cluster 8 survived (C_s=0.15), N=14
   Cluster 10 survived (C_s=0.29), N=59
   Cluster 11 survived (C_s=0.15), N=14
   Cluster 12 survived (C_s=0.28), N=71
   Cluster 13 survived (C_s=0.29), N=36
   Cluster 14 survived (C_s=0.18), N=13
   Cluster 15 survived (C_s=0.15), N=13
   Cluster 16 survived (C_s=0.32), N=28
   Cluster 17 survived (C_s=0.18), N=25
   Cluster 18 survived (C_s=0.26), N=33
   Cluster 19 survived (C_s=0.23), N=17
   Cluster 21 survived (C_s=0.30), N=80
   Cluster 22 survived (C_s=0.18), N=24
   Cluster 23 survived (C_s=0.21), N=29
   Cluster 24 survived (C_s=0.29), N=13
   Cluster 27 survived (C_s=0.28), N=55
   Cluster 28 survived (C_s=0.24), N=10
   Cluster 30 survived (C_s=0.29), N=36
   Cluster 31 survived (C_s=0.27), N=15
   Cluster 32 survived (C_s=0.17), N=27
   Cluster 33 survived (C_s=0.23), N=9
   Cluster 34 survived (C_s=0.28), N=61
   Cluster 35 survived (C_s=0.21), N=20
   Cluster 36 survived (C_s=0.30), N=35
   Cluster 37 survived (C_s=0.21), N=13
   Cluster 38 survived (C_s=0.21), N=41
   Cluster 39 survived (C_s=0.29), N=42
   Cluster 40 survived (C_s=0.32), N=73
   Cluster 41 survived (C_s=0.30), N=44
   Cluster 43 survived (C_s=0.24), N=33
   Cluster 46 survived (C_s=0.28), N=44
   Cluster 47 survived (C_s=0.25), N=26
   Cluster 50 survived (C_s=0.19), N=29
   Cluster 51 survived (C_s=0.31), N=48
   Cluster 52 survived (C_s=0.14), N=17
   Cluster 53 survived (C_s=0.28), N=40
 A total of 1312 stars survived in 41 clusters
 Performing GUMM analysis...

 IL iteration 5
  Performing clustering on array of shape (1312, 2)
  Identified 52 clusters
   Cluster 0 survived (C_s=0.28), N=23
   Cluster 2 survived (C_s=0.26), N=36
   Cluster 3 survived (C_s=0.25), N=8
   Cluster 4 survived (C_s=0.30), N=13
   Cluster 5 survived (C_s=0.23), N=9
   Cluster 6 survived (C_s=0.18), N=10
   Cluster 7 survived (C_s=0.30), N=44
   Cluster 8 survived (C_s=0.25), N=36
   Cluster 9 survived (C_s=0.28), N=69
   Cluster 11 survived (C_s=0.18), N=17
   Cluster 12 survived (C_s=0.25), N=27
   Cluster 13 survived (C_s=0.25), N=32
   Cluster 14 survived (C_s=0.29), N=44
   Cluster 15 survived (C_s=0.15), N=13
   Cluster 16 survived (C_s=0.16), N=26
   Cluster 17 survived (C_s=0.31), N=29
   Cluster 18 survived (C_s=0.27), N=11
   Cluster 19 survived (C_s=0.29), N=30
   Cluster 20 survived (C_s=0.20), N=28
   Cluster 21 survived (C_s=0.33), N=16
   Cluster 22 survived (C_s=0.31), N=34
   Cluster 23 survived (C_s=0.18), N=18
   Cluster 24 survived (C_s=0.25), N=22
   Cluster 25 survived (C_s=0.33), N=31
   Cluster 27 survived (C_s=0.19), N=14
   Cluster 28 survived (C_s=0.29), N=43
   Cluster 29 survived (C_s=0.19), N=22
   Cluster 30 survived (C_s=0.17), N=23
   Cluster 31 survived (C_s=0.17), N=26
   Cluster 33 survived (C_s=0.30), N=58
   Cluster 34 survived (C_s=0.20), N=16
   Cluster 35 survived (C_s=0.18), N=13
   Cluster 36 survived (C_s=0.29), N=64
   Cluster 37 survived (C_s=0.38), N=12
   Cluster 38 survived (C_s=0.39), N=5
   Cluster 39 survived (C_s=0.28), N=38
   Cluster 40 survived (C_s=0.24), N=51
   Cluster 42 survived (C_s=0.33), N=11
   Cluster 43 survived (C_s=0.31), N=56
   Cluster 44 survived (C_s=0.13), N=16
   Cluster 45 survived (C_s=0.24), N=32
   Cluster 46 survived (C_s=0.29), N=37
   Cluster 47 survived (C_s=0.28), N=17
   Cluster 48 survived (C_s=0.21), N=14
   Cluster 49 survived (C_s=0.13), N=16
   Cluster 50 survived (C_s=0.31), N=25
   Cluster 51 survived (C_s=0.31), N=47
 A total of 1282 stars survived in 47 clusters
 Performing GUMM analysis...

 IL iteration 6
  Performing clustering on array of shape (1282, 2)
  Identified 51 clusters
   Cluster 0 survived (C_s=0.27), N=36
   Cluster 1 survived (C_s=0.23), N=9
   Cluster 2 survived (C_s=0.19), N=33
   Cluster 3 survived (C_s=0.25), N=8
   Cluster 4 survived (C_s=0.30), N=35
   Cluster 5 survived (C_s=0.15), N=14
   Cluster 6 survived (C_s=0.17), N=13
   Cluster 7 survived (C_s=0.20), N=16
   Cluster 8 survived (C_s=0.26), N=20
   Cluster 9 survived (C_s=0.26), N=36
   Cluster 10 survived (C_s=0.15), N=13
   Cluster 11 survived (C_s=0.26), N=53
   Cluster 12 survived (C_s=0.17), N=19
   Cluster 14 survived (C_s=0.29), N=42
   Cluster 15 survived (C_s=0.18), N=13
   Cluster 16 survived (C_s=0.30), N=8
   Cluster 17 survived (C_s=0.27), N=46
   Cluster 19 survived (C_s=0.30), N=37
   Cluster 20 survived (C_s=0.27), N=21
   Cluster 21 survived (C_s=0.14), N=18
   Cluster 22 survived (C_s=0.35), N=5
   Cluster 23 survived (C_s=0.30), N=13
   Cluster 24 survived (C_s=0.19), N=22
   Cluster 25 survived (C_s=0.33), N=34
   Cluster 26 survived (C_s=0.25), N=44
   Cluster 27 survived (C_s=0.18), N=23
   Cluster 28 survived (C_s=0.13), N=16
   Cluster 29 survived (C_s=0.24), N=15
   Cluster 30 survived (C_s=0.30), N=37
   Cluster 31 survived (C_s=0.30), N=35
   Cluster 32 survived (C_s=0.30), N=51
   Cluster 33 survived (C_s=0.30), N=54
   Cluster 34 survived (C_s=0.33), N=11
   Cluster 35 survived (C_s=0.27), N=23
   Cluster 36 survived (C_s=0.24), N=23
   Cluster 37 survived (C_s=0.15), N=18
   Cluster 38 survived (C_s=0.30), N=34
   Cluster 39 survived (C_s=0.27), N=21
   Cluster 40 survived (C_s=0.30), N=52
   Cluster 41 survived (C_s=0.30), N=15
   Cluster 42 survived (C_s=0.33), N=19
   Cluster 43 survived (C_s=0.31), N=27
   Cluster 44 survived (C_s=0.26), N=27
   Cluster 45 survived (C_s=0.26), N=37
   Cluster 46 survived (C_s=0.16), N=12
   Cluster 47 survived (C_s=0.25), N=24
   Cluster 48 survived (C_s=0.21), N=14
   Cluster 49 survived (C_s=0.27), N=38
   Cluster 50 survived (C_s=0.31), N=38
 A total of 1272 stars survived in 49 clusters
 Performing GUMM analysis...

 IL iteration 7
  Performing clustering on array of shape (1272, 2)
  Identified 50 clusters
   Cluster 0 survived (C_s=0.27), N=42
   Cluster 1 survived (C_s=0.23), N=9
   Cluster 2 survived (C_s=0.27), N=47
   Cluster 3 survived (C_s=0.25), N=8
   Cluster 4 survived (C_s=0.24), N=26
   Cluster 5 survived (C_s=0.15), N=13
   Cluster 6 survived (C_s=0.28), N=16
   Cluster 7 survived (C_s=0.17), N=22
   Cluster 8 survived (C_s=0.29), N=14
   Cluster 9 survived (C_s=0.27), N=49
   Cluster 10 survived (C_s=0.29), N=33
   Cluster 11 survived (C_s=0.28), N=10
   Cluster 12 survived (C_s=0.16), N=25
   Cluster 13 survived (C_s=0.26), N=16
   Cluster 14 survived (C_s=0.28), N=12
   Cluster 15 survived (C_s=0.28), N=45
   Cluster 16 survived (C_s=0.18), N=11
   Cluster 17 survived (C_s=0.27), N=24
   Cluster 18 survived (C_s=0.17), N=20
   Cluster 19 survived (C_s=0.31), N=48
   Cluster 20 survived (C_s=0.27), N=56
   Cluster 21 survived (C_s=0.17), N=11
   Cluster 22 survived (C_s=0.19), N=17
   Cluster 23 survived (C_s=0.20), N=12
   Cluster 24 survived (C_s=0.29), N=28
   Cluster 25 survived (C_s=0.39), N=6
   Cluster 26 survived (C_s=0.30), N=48
   Cluster 27 survived (C_s=0.32), N=35
   Cluster 28 survived (C_s=0.32), N=42
   Cluster 29 survived (C_s=0.31), N=25
   Cluster 30 survived (C_s=0.30), N=51
   Cluster 31 survived (C_s=0.18), N=13
   Cluster 32 survived (C_s=0.24), N=28
   Cluster 33 survived (C_s=0.31), N=40
   Cluster 34 survived (C_s=0.18), N=17
   Cluster 35 survived (C_s=0.25), N=17
   Cluster 36 survived (C_s=0.22), N=19
   Cluster 37 survived (C_s=0.13), N=14
   Cluster 38 survived (C_s=0.36), N=9
   Cluster 39 survived (C_s=0.22), N=23
   Cluster 40 survived (C_s=0.27), N=36
   Cluster 41 survived (C_s=0.19), N=21
   Cluster 42 survived (C_s=0.23), N=30
   Cluster 43 survived (C_s=0.32), N=26
   Cluster 44 survived (C_s=0.32), N=11
   Cluster 45 survived (C_s=0.23), N=29
   Cluster 47 survived (C_s=0.29), N=39
   Cluster 48 survived (C_s=0.31), N=32
   Cluster 49 survived (C_s=0.29), N=40
 A total of 1265 stars survived in 49 clusters
 Performing GUMM analysis...

 IL iteration 8
  Performing clustering on array of shape (1265, 2)
  Identified 50 clusters
   Cluster 0 survived (C_s=0.29), N=36
   Cluster 1 survived (C_s=0.23), N=9
   Cluster 2 survived (C_s=0.25), N=8
   Cluster 3 survived (C_s=0.15), N=13
   Cluster 4 survived (C_s=0.24), N=37
   Cluster 5 survived (C_s=0.18), N=25
   Cluster 6 survived (C_s=0.26), N=58
   Cluster 7 survived (C_s=0.28), N=19
   Cluster 8 survived (C_s=0.23), N=9
   Cluster 9 survived (C_s=0.17), N=17
   Cluster 10 survived (C_s=0.25), N=30
   Cluster 11 survived (C_s=0.16), N=12
   Cluster 12 survived (C_s=0.32), N=26
   Cluster 13 survived (C_s=0.28), N=32
   Cluster 14 survived (C_s=0.15), N=18
   Cluster 15 survived (C_s=0.17), N=28
   Cluster 16 survived (C_s=0.30), N=51
   Cluster 17 survived (C_s=0.17), N=15
   Cluster 18 survived (C_s=0.30), N=42
   Cluster 19 survived (C_s=0.18), N=17
   Cluster 20 survived (C_s=0.31), N=15
   Cluster 21 survived (C_s=0.33), N=11
   Cluster 22 survived (C_s=0.30), N=38
   Cluster 23 survived (C_s=0.32), N=58
   Cluster 24 survived (C_s=0.18), N=13
   Cluster 25 survived (C_s=0.30), N=48
   Cluster 26 survived (C_s=0.19), N=10
   Cluster 27 survived (C_s=0.30), N=34
   Cluster 28 survived (C_s=0.28), N=27
   Cluster 30 survived (C_s=0.27), N=43
   Cluster 31 survived (C_s=0.26), N=23
   Cluster 32 survived (C_s=0.25), N=32
   Cluster 33 survived (C_s=0.23), N=22
   Cluster 34 survived (C_s=0.25), N=19
   Cluster 35 survived (C_s=0.25), N=41
   Cluster 36 survived (C_s=0.20), N=17
   Cluster 37 survived (C_s=0.30), N=63
   Cluster 39 survived (C_s=0.31), N=40
   Cluster 40 survived (C_s=0.29), N=52
   Cluster 41 survived (C_s=0.28), N=10
   Cluster 42 survived (C_s=0.24), N=25
   Cluster 43 survived (C_s=0.20), N=19
   Cluster 44 survived (C_s=0.28), N=13
   Cluster 45 survived (C_s=0.21), N=11
   Cluster 46 survived (C_s=0.36), N=7
   Cluster 47 survived (C_s=0.30), N=38
   Cluster 48 survived (C_s=0.30), N=11
   Cluster 49 survived (C_s=0.14), N=13
 A total of 1255 stars survived in 48 clusters
 Performing GUMM analysis...

 IL iteration 9
  Performing clustering on array of shape (1255, 2)
  Identified 50 clusters
   Cluster 0 survived (C_s=0.29), N=48
   Cluster 2 survived (C_s=0.21), N=16
   Cluster 3 survived (C_s=0.31), N=6
   Cluster 4 survived (C_s=0.16), N=23
   Cluster 5 survived (C_s=0.15), N=13
   Cluster 6 survived (C_s=0.30), N=47
   Cluster 7 survived (C_s=0.18), N=17
   Cluster 8 survived (C_s=0.30), N=50
   Cluster 9 survived (C_s=0.29), N=41
   Cluster 10 survived (C_s=0.20), N=16
   Cluster 11 survived (C_s=0.20), N=12
   Cluster 12 survived (C_s=0.31), N=39
   Cluster 13 survived (C_s=0.27), N=62
   Cluster 14 survived (C_s=0.18), N=13
   Cluster 15 survived (C_s=0.25), N=21
   Cluster 16 survived (C_s=0.23), N=27
   Cluster 17 survived (C_s=0.33), N=11
   Cluster 18 survived (C_s=0.31), N=37
   Cluster 19 survived (C_s=0.14), N=13
   Cluster 20 survived (C_s=0.25), N=30
   Cluster 21 survived (C_s=0.27), N=38
   Cluster 22 survived (C_s=0.28), N=33
   Cluster 23 survived (C_s=0.26), N=15
   Cluster 24 survived (C_s=0.26), N=34
   Cluster 25 survived (C_s=0.16), N=12
   Cluster 26 survived (C_s=0.32), N=58
   Cluster 27 survived (C_s=0.30), N=12
   Cluster 28 survived (C_s=0.25), N=28
   Cluster 29 survived (C_s=0.18), N=13
   Cluster 30 survived (C_s=0.17), N=26
   Cluster 32 survived (C_s=0.30), N=24
   Cluster 33 survived (C_s=0.30), N=25
   Cluster 34 survived (C_s=0.24), N=31
   Cluster 35 survived (C_s=0.29), N=57
   Cluster 36 survived (C_s=0.31), N=42
   Cluster 37 survived (C_s=0.23), N=24
   Cluster 38 survived (C_s=0.29), N=38
   Cluster 39 survived (C_s=0.18), N=19
   Cluster 40 survived (C_s=0.34), N=13
   Cluster 41 survived (C_s=0.35), N=26
   Cluster 42 survived (C_s=0.14), N=13
   Cluster 43 survived (C_s=0.21), N=11
   Cluster 44 survived (C_s=0.26), N=32
   Cluster 45 survived (C_s=0.31), N=19
   Cluster 46 survived (C_s=0.27), N=20
   Cluster 47 survived (C_s=0.30), N=28
   Cluster 48 survived (C_s=0.32), N=11
 A total of 1244 stars survived in 47 clusters
 Performing GUMM analysis...

 IL iteration 10
  Performing clustering on array of shape (1244, 2)
  Identified 49 clusters
   Cluster 0 survived (C_s=0.26), N=14
   Cluster 1 survived (C_s=0.30), N=42
   Cluster 2 survived (C_s=0.31), N=6
   Cluster 3 survived (C_s=0.29), N=55
   Cluster 4 survived (C_s=0.19), N=27
   Cluster 5 survived (C_s=0.17), N=16
   Cluster 6 survived (C_s=0.30), N=52
   Cluster 7 survived (C_s=0.15), N=13
   Cluster 8 survived (C_s=0.26), N=31
   Cluster 9 survived (C_s=0.33), N=31
   Cluster 10 survived (C_s=0.31), N=45
   Cluster 11 survived (C_s=0.13), N=14
   Cluster 12 survived (C_s=0.19), N=18
   Cluster 13 survived (C_s=0.27), N=23
   Cluster 14 survived (C_s=0.26), N=43
   Cluster 16 survived (C_s=0.28), N=21
   Cluster 17 survived (C_s=0.28), N=32
   Cluster 18 survived (C_s=0.26), N=52
   Cluster 19 survived (C_s=0.30), N=22
   Cluster 20 survived (C_s=0.34), N=14
   Cluster 21 survived (C_s=0.20), N=21
   Cluster 22 survived (C_s=0.28), N=10
   Cluster 23 survived (C_s=0.24), N=38
   Cluster 24 survived (C_s=0.24), N=15
   Cluster 25 survived (C_s=0.28), N=10
   Cluster 26 survived (C_s=0.18), N=13
   Cluster 27 survived (C_s=0.27), N=19
   Cluster 28 survived (C_s=0.22), N=14
   Cluster 29 survived (C_s=0.29), N=40
   Cluster 30 survived (C_s=0.28), N=65
   Cluster 31 survived (C_s=0.20), N=12
   Cluster 32 survived (C_s=0.24), N=29
   Cluster 33 survived (C_s=0.17), N=19
   Cluster 34 survived (C_s=0.33), N=26
   Cluster 35 survived (C_s=0.30), N=36
   Cluster 36 survived (C_s=0.24), N=24
   Cluster 37 survived (C_s=0.22), N=19
   Cluster 38 survived (C_s=0.28), N=27
   Cluster 39 survived (C_s=0.31), N=24
   Cluster 40 survived (C_s=0.36), N=9
   Cluster 41 survived (C_s=0.22), N=21
   Cluster 43 survived (C_s=0.33), N=33
   Cluster 44 survived (C_s=0.30), N=38
   Cluster 45 survived (C_s=0.26), N=33
   Cluster 46 survived (C_s=0.26), N=32
   Cluster 47 survived (C_s=0.15), N=17
   Cluster 48 survived (C_s=0.33), N=16
 A total of 1231 stars survived in 47 clusters
 Performing GUMM analysis...

 IL iteration 11
  Performing clustering on array of shape (1231, 2)
  Identified 49 clusters
   Cluster 0 survived (C_s=0.18), N=16
   Cluster 1 survived (C_s=0.27), N=75
   Cluster 2 survived (C_s=0.31), N=6
   Cluster 4 survived (C_s=0.25), N=38
   Cluster 5 survived (C_s=0.24), N=29
   Cluster 6 survived (C_s=0.31), N=52
   Cluster 8 survived (C_s=0.27), N=13
   Cluster 9 survived (C_s=0.17), N=16
   Cluster 10 survived (C_s=0.36), N=20
   Cluster 11 survived (C_s=0.29), N=33
   Cluster 12 survived (C_s=0.29), N=12
   Cluster 13 survived (C_s=0.29), N=54
   Cluster 14 survived (C_s=0.27), N=37
   Cluster 15 survived (C_s=0.18), N=22
   Cluster 16 survived (C_s=0.31), N=47
   Cluster 18 survived (C_s=0.27), N=26
   Cluster 19 survived (C_s=0.28), N=35
   Cluster 20 survived (C_s=0.25), N=36
   Cluster 21 survived (C_s=0.36), N=9
   Cluster 22 survived (C_s=0.19), N=28
   Cluster 23 survived (C_s=0.31), N=35
   Cluster 24 survived (C_s=0.21), N=8
   Cluster 25 survived (C_s=0.33), N=48
   Cluster 26 survived (C_s=0.20), N=13
   Cluster 27 survived (C_s=0.31), N=50
   Cluster 28 survived (C_s=0.28), N=10
   Cluster 29 survived (C_s=0.20), N=12
   Cluster 30 survived (C_s=0.25), N=30
   Cluster 31 survived (C_s=0.26), N=21
   Cluster 32 survived (C_s=0.29), N=40
   Cluster 33 survived (C_s=0.15), N=17
   Cluster 34 survived (C_s=0.29), N=44
   Cluster 35 survived (C_s=0.24), N=14
   Cluster 36 survived (C_s=0.23), N=22
   Cluster 38 survived (C_s=0.28), N=48
   Cluster 39 survived (C_s=0.25), N=36
   Cluster 41 survived (C_s=0.30), N=14
   Cluster 42 survived (C_s=0.30), N=17
   Cluster 44 survived (C_s=0.29), N=9
   Cluster 45 survived (C_s=0.20), N=15
   Cluster 46 survived (C_s=0.31), N=27
   Cluster 47 survived (C_s=0.21), N=16
   Cluster 48 survived (C_s=0.30), N=38
 A total of 1188 stars survived in 43 clusters
 Performing GUMM analysis...

 IL iteration 12
  Performing clustering on array of shape (1188, 2)
  Identified 47 clusters
   Cluster 0 survived (C_s=0.30), N=12
   Cluster 1 survived (C_s=0.30), N=36
   Cluster 2 survived (C_s=0.31), N=6
   Cluster 3 survived (C_s=0.25), N=30
   Cluster 4 survived (C_s=0.22), N=20
   Cluster 5 survived (C_s=0.32), N=36
   Cluster 6 survived (C_s=0.28), N=43
   Cluster 7 survived (C_s=0.36), N=9
   Cluster 8 survived (C_s=0.30), N=38
   Cluster 9 survived (C_s=0.18), N=21
   Cluster 10 survived (C_s=0.19), N=17
   Cluster 11 survived (C_s=0.26), N=14
   Cluster 12 survived (C_s=0.34), N=14
   Cluster 13 survived (C_s=0.27), N=9
   Cluster 14 survived (C_s=0.19), N=22
   Cluster 15 survived (C_s=0.34), N=40
   Cluster 16 survived (C_s=0.16), N=25
   Cluster 17 survived (C_s=0.17), N=22
   Cluster 18 survived (C_s=0.29), N=25
   Cluster 19 survived (C_s=0.29), N=36
   Cluster 20 survived (C_s=0.18), N=13
   Cluster 21 survived (C_s=0.29), N=22
   Cluster 22 survived (C_s=0.26), N=38
   Cluster 23 survived (C_s=0.30), N=27
   Cluster 24 survived (C_s=0.35), N=17
   Cluster 25 survived (C_s=0.23), N=21
   Cluster 26 survived (C_s=0.25), N=36
   Cluster 27 survived (C_s=0.32), N=26
   Cluster 28 survived (C_s=0.23), N=31
   Cluster 29 survived (C_s=0.27), N=29
   Cluster 30 survived (C_s=0.14), N=17
   Cluster 31 survived (C_s=0.31), N=30
   Cluster 32 survived (C_s=0.25), N=16
   Cluster 33 survived (C_s=0.26), N=30
   Cluster 34 survived (C_s=0.21), N=8
   Cluster 35 survived (C_s=0.28), N=52
   Cluster 36 survived (C_s=0.31), N=35
   Cluster 37 survived (C_s=0.32), N=13
   Cluster 38 survived (C_s=0.27), N=32
   Cluster 39 survived (C_s=0.26), N=22
   Cluster 40 survived (C_s=0.29), N=47
   Cluster 41 survived (C_s=0.28), N=33
   Cluster 42 survived (C_s=0.30), N=34
   Cluster 43 survived (C_s=0.33), N=20
   Cluster 44 survived (C_s=0.27), N=28
   Cluster 45 survived (C_s=0.27), N=16
   Cluster 46 survived (C_s=0.26), N=20
 All clusters survived, N=1188
Performing final GUMM analysis...
Performing KDE analysis...

P>(.5, .75, .9, .95, .99): 1324, 1294, 1269, 1242, 1198

--------------------------------------------------------
OL run 19
Standard scale: removed mean and scaled to unit variance
 Selected N=2 PCA features
 Variance ratio:  0.51, 0.27

 IL iteration 1
  Performing clustering on array of shape (6857, 2)
  Identified 274 clusters
   Cluster 1 survived (C_s=0.06), N=48
   Cluster 2 survived (C_s=0.27), N=91
   Cluster 6 survived (C_s=0.28), N=109
   Cluster 14 survived (C_s=0.24), N=88
   Cluster 17 survived (C_s=0.28), N=84
   Cluster 20 survived (C_s=0.05), N=37
   Cluster 22 survived (C_s=0.06), N=34
   Cluster 27 survived (C_s=0.08), N=39
   Cluster 28 survived (C_s=0.23), N=91
   Cluster 36 survived (C_s=0.11), N=36
   Cluster 37 survived (C_s=0.06), N=37
   Cluster 49 survived (C_s=0.06), N=30
   Cluster 54 survived (C_s=0.29), N=53
   Cluster 56 survived (C_s=0.03), N=53
   Cluster 68 survived (C_s=0.09), N=19
   Cluster 70 survived (C_s=0.05), N=42
   Cluster 72 survived (C_s=0.18), N=10
   Cluster 76 survived (C_s=0.04), N=44
   Cluster 81 survived (C_s=0.07), N=28
   Cluster 90 survived (C_s=0.26), N=74
   Cluster 91 survived (C_s=0.22), N=71
   Cluster 108 survived (C_s=0.05), N=54
   Cluster 115 survived (C_s=0.12), N=68
   Cluster 126 survived (C_s=0.08), N=35
   Cluster 128 survived (C_s=0.06), N=38
   Cluster 135 survived (C_s=0.05), N=34
   Cluster 146 survived (C_s=0.20), N=26
   Cluster 149 survived (C_s=0.04), N=38
   Cluster 150 survived (C_s=0.07), N=43
   Cluster 156 survived (C_s=0.29), N=7
   Cluster 157 survived (C_s=0.06), N=38
   Cluster 163 survived (C_s=0.29), N=78
   Cluster 168 survived (C_s=0.21), N=52
   Cluster 171 survived (C_s=0.04), N=40
   Cluster 180 survived (C_s=0.25), N=64
   Cluster 197 survived (C_s=0.05), N=39
   Cluster 200 survived (C_s=0.05), N=40
   Cluster 203 survived (C_s=0.10), N=36
   Cluster 205 survived (C_s=0.05), N=43
   Cluster 207 survived (C_s=0.27), N=52
   Cluster 210 survived (C_s=0.05), N=33
   Cluster 215 survived (C_s=0.09), N=19
   Cluster 219 survived (C_s=0.26), N=56
   Cluster 221 survived (C_s=0.14), N=93
   Cluster 223 survived (C_s=0.16), N=20
   Cluster 228 survived (C_s=0.11), N=16
   Cluster 233 survived (C_s=0.04), N=43
   Cluster 239 survived (C_s=0.10), N=25
   Cluster 249 survived (C_s=0.06), N=42
   Cluster 257 survived (C_s=0.29), N=90
   Cluster 259 survived (C_s=0.05), N=50
   Cluster 261 survived (C_s=0.14), N=45
   Cluster 273 survived (C_s=0.04), N=54
 A total of 2529 stars survived in 53 clusters
 Performing GUMM analysis...

 IL iteration 2
  Performing clustering on array of shape (2529, 2)
  Identified 101 clusters
   Cluster 0 survived (C_s=0.24), N=66
   Cluster 4 survived (C_s=0.20), N=26
   Cluster 6 survived (C_s=0.10), N=24
   Cluster 9 survived (C_s=0.21), N=21
   Cluster 14 survived (C_s=0.28), N=84
   Cluster 20 survived (C_s=0.08), N=27
   Cluster 23 survived (C_s=0.15), N=26
   Cluster 24 survived (C_s=0.31), N=88
   Cluster 29 survived (C_s=0.13), N=17
   Cluster 30 survived (C_s=0.29), N=96
   Cluster 31 survived (C_s=0.11), N=46
   Cluster 35 survived (C_s=0.13), N=18
   Cluster 38 survived (C_s=0.20), N=40
   Cluster 40 survived (C_s=0.27), N=114
   Cluster 41 survived (C_s=0.18), N=14
   Cluster 44 survived (C_s=0.10), N=43
   Cluster 45 survived (C_s=0.11), N=16
   Cluster 49 survived (C_s=0.25), N=56
   Cluster 52 survived (C_s=0.23), N=28
   Cluster 56 survived (C_s=0.09), N=19
   Cluster 62 survived (C_s=0.10), N=24
   Cluster 67 survived (C_s=0.24), N=53
   Cluster 70 survived (C_s=0.24), N=36
   Cluster 71 survived (C_s=0.21), N=62
   Cluster 72 survived (C_s=0.16), N=37
   Cluster 73 survived (C_s=0.10), N=20
   Cluster 77 survived (C_s=0.26), N=74
   Cluster 81 survived (C_s=0.10), N=20
   Cluster 83 survived (C_s=0.13), N=13
   Cluster 86 survived (C_s=0.28), N=92
   Cluster 89 survived (C_s=0.28), N=115
   Cluster 90 survived (C_s=0.13), N=15
   Cluster 95 survived (C_s=0.36), N=6
   Cluster 97 survived (C_s=0.27), N=86
 A total of 1522 stars survived in 34 clusters
 Performing GUMM analysis...
 Rejected 47 stars as non-members

 IL iteration 3
  Performing clustering on array of shape (1475, 2)
  Identified 59 clusters
   Cluster 0 survived (C_s=0.21), N=57
   Cluster 2 survived (C_s=0.40), N=5
   Cluster 3 survived (C_s=0.24), N=20
   Cluster 8 survived (C_s=0.27), N=36
   Cluster 9 survived (C_s=0.14), N=19
   Cluster 11 survived (C_s=0.29), N=72
   Cluster 12 survived (C_s=0.25), N=47
   Cluster 13 survived (C_s=0.18), N=16
   Cluster 15 survived (C_s=0.22), N=19
   Cluster 16 survived (C_s=0.27), N=49
   Cluster 17 survived (C_s=0.24), N=7
   Cluster 18 survived (C_s=0.17), N=27
   Cluster 19 survived (C_s=0.28), N=59
   Cluster 20 survived (C_s=0.27), N=44
   Cluster 21 survived (C_s=0.18), N=32
   Cluster 22 survived (C_s=0.15), N=16
   Cluster 23 survived (C_s=0.28), N=59
   Cluster 24 survived (C_s=0.20), N=12
   Cluster 25 survived (C_s=0.32), N=29
   Cluster 26 survived (C_s=0.28), N=56
   Cluster 28 survived (C_s=0.26), N=20
   Cluster 29 survived (C_s=0.29), N=45
   Cluster 30 survived (C_s=0.27), N=82
   Cluster 31 survived (C_s=0.25), N=33
   Cluster 33 survived (C_s=0.19), N=34
   Cluster 34 survived (C_s=0.12), N=16
   Cluster 36 survived (C_s=0.21), N=13
   Cluster 38 survived (C_s=0.27), N=38
   Cluster 39 survived (C_s=0.26), N=48
   Cluster 40 survived (C_s=0.20), N=27
   Cluster 42 survived (C_s=0.30), N=47
   Cluster 43 survived (C_s=0.21), N=10
   Cluster 45 survived (C_s=0.32), N=41
   Cluster 46 survived (C_s=0.22), N=13
   Cluster 49 survived (C_s=0.24), N=26
   Cluster 50 survived (C_s=0.16), N=20
   Cluster 52 survived (C_s=0.28), N=38
   Cluster 54 survived (C_s=0.27), N=39
   Cluster 56 survived (C_s=0.30), N=47
   Cluster 58 survived (C_s=0.27), N=8
 A total of 1326 stars survived in 40 clusters
 Performing GUMM analysis...
 Rejected 23 stars as non-members

 IL iteration 4
  Performing clustering on array of shape (1303, 2)
  Identified 52 clusters
   Cluster 0 survived (C_s=0.22), N=15
   Cluster 1 survived (C_s=0.21), N=10
   Cluster 2 survived (C_s=0.29), N=52
   Cluster 4 survived (C_s=0.21), N=9
   Cluster 5 survived (C_s=0.18), N=11
   Cluster 6 survived (C_s=0.28), N=68
   Cluster 7 survived (C_s=0.21), N=29
   Cluster 9 survived (C_s=0.24), N=14
   Cluster 10 survived (C_s=0.32), N=50
   Cluster 11 survived (C_s=0.24), N=34
   Cluster 12 survived (C_s=0.28), N=34
   Cluster 13 survived (C_s=0.27), N=44
   Cluster 14 survived (C_s=0.26), N=19
   Cluster 15 survived (C_s=0.20), N=12
   Cluster 16 survived (C_s=0.21), N=18
   Cluster 17 survived (C_s=0.25), N=25
   Cluster 20 survived (C_s=0.25), N=48
   Cluster 21 survived (C_s=0.27), N=38
   Cluster 22 survived (C_s=0.31), N=46
   Cluster 23 survived (C_s=0.27), N=37
   Cluster 24 survived (C_s=0.29), N=44
   Cluster 25 survived (C_s=0.25), N=19
   Cluster 26 survived (C_s=0.19), N=24
   Cluster 28 survived (C_s=0.12), N=24
   Cluster 29 survived (C_s=0.30), N=18
   Cluster 30 survived (C_s=0.32), N=41
   Cluster 31 survived (C_s=0.29), N=34
   Cluster 32 survived (C_s=0.30), N=6
   Cluster 33 survived (C_s=0.15), N=16
   Cluster 34 survived (C_s=0.22), N=38
   Cluster 35 survived (C_s=0.28), N=9
   Cluster 36 survived (C_s=0.25), N=31
   Cluster 37 survived (C_s=0.23), N=13
   Cluster 38 survived (C_s=0.26), N=31
   Cluster 39 survived (C_s=0.31), N=55
   Cluster 43 survived (C_s=0.29), N=69
   Cluster 45 survived (C_s=0.28), N=41
   Cluster 47 survived (C_s=0.26), N=49
   Cluster 48 survived (C_s=0.26), N=32
   Cluster 50 survived (C_s=0.17), N=14
   Cluster 51 survived (C_s=0.24), N=21
 A total of 1242 stars survived in 41 clusters
 Performing GUMM analysis...

 IL iteration 5
  Performing clustering on array of shape (1242, 2)
  Identified 49 clusters
   Cluster 0 survived (C_s=0.20), N=29
   Cluster 1 survived (C_s=0.21), N=10
   Cluster 2 survived (C_s=0.25), N=35
   Cluster 3 survived (C_s=0.29), N=41
   Cluster 4 survived (C_s=0.16), N=12
   Cluster 5 survived (C_s=0.30), N=67
   Cluster 6 survived (C_s=0.22), N=26
   Cluster 7 survived (C_s=0.31), N=53
   Cluster 8 survived (C_s=0.29), N=50
   Cluster 10 survived (C_s=0.24), N=27
   Cluster 11 survived (C_s=0.24), N=22
   Cluster 12 survived (C_s=0.31), N=33
   Cluster 14 survived (C_s=0.24), N=16
   Cluster 15 survived (C_s=0.26), N=31
   Cluster 16 survived (C_s=0.30), N=32
   Cluster 17 survived (C_s=0.14), N=15
   Cluster 18 survived (C_s=0.31), N=50
   Cluster 20 survived (C_s=0.29), N=15
   Cluster 21 survived (C_s=0.31), N=8
   Cluster 22 survived (C_s=0.21), N=9
   Cluster 23 survived (C_s=0.25), N=42
   Cluster 24 survived (C_s=0.24), N=17
   Cluster 25 survived (C_s=0.26), N=29
   Cluster 26 survived (C_s=0.26), N=40
   Cluster 27 survived (C_s=0.24), N=26
   Cluster 28 survived (C_s=0.22), N=15
   Cluster 29 survived (C_s=0.28), N=47
   Cluster 30 survived (C_s=0.33), N=31
   Cluster 31 survived (C_s=0.28), N=41
   Cluster 32 survived (C_s=0.20), N=17
   Cluster 33 survived (C_s=0.27), N=30
   Cluster 34 survived (C_s=0.28), N=57
   Cluster 35 survived (C_s=0.21), N=16
   Cluster 37 survived (C_s=0.24), N=7
   Cluster 41 survived (C_s=0.21), N=32
   Cluster 42 survived (C_s=0.21), N=11
   Cluster 43 survived (C_s=0.29), N=31
   Cluster 44 survived (C_s=0.29), N=27
   Cluster 45 survived (C_s=0.28), N=10
   Cluster 46 survived (C_s=0.26), N=11
   Cluster 47 survived (C_s=0.35), N=37
   Cluster 48 survived (C_s=0.27), N=44
 A total of 1199 stars survived in 42 clusters
 Performing GUMM analysis...

 IL iteration 6
  Performing clustering on array of shape (1199, 2)
  Identified 47 clusters
   Cluster 0 survived (C_s=0.27), N=50
   Cluster 1 survived (C_s=0.21), N=10
   Cluster 2 survived (C_s=0.32), N=33
   Cluster 4 survived (C_s=0.27), N=19
   Cluster 5 survived (C_s=0.27), N=36
   Cluster 6 survived (C_s=0.30), N=49
   Cluster 7 survived (C_s=0.27), N=33
   Cluster 8 survived (C_s=0.24), N=7
   Cluster 9 survived (C_s=0.30), N=20
   Cluster 10 survived (C_s=0.21), N=9
   Cluster 11 survived (C_s=0.30), N=56
   Cluster 12 survived (C_s=0.18), N=21
   Cluster 13 survived (C_s=0.26), N=36
   Cluster 14 survived (C_s=0.21), N=18
   Cluster 15 survived (C_s=0.23), N=12
   Cluster 16 survived (C_s=0.28), N=39
   Cluster 17 survived (C_s=0.23), N=18
   Cluster 18 survived (C_s=0.26), N=35
   Cluster 19 survived (C_s=0.19), N=38
   Cluster 20 survived (C_s=0.14), N=15
   Cluster 21 survived (C_s=0.20), N=17
   Cluster 22 survived (C_s=0.35), N=23
   Cluster 23 survived (C_s=0.24), N=26
   Cluster 24 survived (C_s=0.24), N=28
   Cluster 25 survived (C_s=0.25), N=17
   Cluster 26 survived (C_s=0.28), N=42
   Cluster 27 survived (C_s=0.30), N=19
   Cluster 28 survived (C_s=0.28), N=28
   Cluster 30 survived (C_s=0.25), N=28
   Cluster 31 survived (C_s=0.28), N=10
   Cluster 32 survived (C_s=0.29), N=29
   Cluster 33 survived (C_s=0.26), N=25
   Cluster 34 survived (C_s=0.21), N=23
   Cluster 35 survived (C_s=0.26), N=13
   Cluster 36 survived (C_s=0.26), N=25
   Cluster 37 survived (C_s=0.27), N=14
   Cluster 38 survived (C_s=0.33), N=50
   Cluster 39 survived (C_s=0.20), N=9
   Cluster 40 survived (C_s=0.29), N=23
   Cluster 41 survived (C_s=0.29), N=37
   Cluster 42 survived (C_s=0.26), N=11
   Cluster 43 survived (C_s=0.32), N=51
   Cluster 44 survived (C_s=0.21), N=21
   Cluster 45 survived (C_s=0.29), N=32
   Cluster 46 survived (C_s=0.33), N=39
 A total of 1194 stars survived in 45 clusters
 Performing GUMM analysis...

 IL iteration 7
  Performing clustering on array of shape (1194, 2)
  Identified 47 clusters
   Cluster 0 survived (C_s=0.28), N=61
   Cluster 1 survived (C_s=0.21), N=10
   Cluster 2 survived (C_s=0.21), N=16
   Cluster 4 survived (C_s=0.29), N=49
   Cluster 5 survived (C_s=0.27), N=30
   Cluster 6 survived (C_s=0.30), N=36
   Cluster 7 survived (C_s=0.27), N=32
   Cluster 8 survived (C_s=0.30), N=41
   Cluster 9 survived (C_s=0.17), N=21
   Cluster 11 survived (C_s=0.29), N=16
   Cluster 12 survived (C_s=0.24), N=7
   Cluster 13 survived (C_s=0.28), N=10
   Cluster 14 survived (C_s=0.24), N=21
   Cluster 15 survived (C_s=0.32), N=28
   Cluster 16 survived (C_s=0.21), N=45
   Cluster 17 survived (C_s=0.31), N=27
   Cluster 18 survived (C_s=0.18), N=15
   Cluster 19 survived (C_s=0.27), N=20
   Cluster 20 survived (C_s=0.32), N=65
   Cluster 21 survived (C_s=0.21), N=17
   Cluster 23 survived (C_s=0.25), N=30
   Cluster 24 survived (C_s=0.28), N=15
   Cluster 25 survived (C_s=0.29), N=29
   Cluster 26 survived (C_s=0.23), N=20
   Cluster 27 survived (C_s=0.31), N=39
   Cluster 28 survived (C_s=0.29), N=30
   Cluster 29 survived (C_s=0.31), N=52
   Cluster 30 survived (C_s=0.28), N=16
   Cluster 31 survived (C_s=0.27), N=27
   Cluster 32 survived (C_s=0.23), N=25
   Cluster 33 survived (C_s=0.22), N=22
   Cluster 34 survived (C_s=0.21), N=15
   Cluster 35 survived (C_s=0.30), N=49
   Cluster 36 survived (C_s=0.21), N=19
   Cluster 37 survived (C_s=0.28), N=30
   Cluster 38 survived (C_s=0.26), N=50
   Cluster 39 survived (C_s=0.28), N=33
   Cluster 40 survived (C_s=0.42), N=7
   Cluster 41 survived (C_s=0.20), N=12
   Cluster 42 survived (C_s=0.29), N=30
   Cluster 43 survived (C_s=0.20), N=12
   Cluster 44 survived (C_s=0.27), N=38
   Cluster 45 survived (C_s=0.18), N=11
   Cluster 46 survived (C_s=0.36), N=5
 A total of 1183 stars survived in 44 clusters
 Performing GUMM analysis...

 IL iteration 8
  Performing clustering on array of shape (1183, 2)
  Identified 47 clusters
   Cluster 0 survived (C_s=0.31), N=51
   Cluster 1 survived (C_s=0.27), N=7
   Cluster 2 survived (C_s=0.22), N=28
   Cluster 3 survived (C_s=0.20), N=25
   Cluster 4 survived (C_s=0.30), N=33
   Cluster 5 survived (C_s=0.28), N=35
   Cluster 7 survived (C_s=0.31), N=47
   Cluster 8 survived (C_s=0.32), N=30
   Cluster 9 survived (C_s=0.28), N=29
   Cluster 10 survived (C_s=0.24), N=7
   Cluster 11 survived (C_s=0.26), N=40
   Cluster 12 survived (C_s=0.23), N=20
   Cluster 13 survived (C_s=0.28), N=10
   Cluster 14 survived (C_s=0.31), N=44
   Cluster 15 survived (C_s=0.27), N=14
   Cluster 16 survived (C_s=0.26), N=31
   Cluster 17 survived (C_s=0.25), N=20
   Cluster 18 survived (C_s=0.22), N=17
   Cluster 19 survived (C_s=0.20), N=32
   Cluster 20 survived (C_s=0.28), N=38
   Cluster 21 survived (C_s=0.36), N=5
   Cluster 22 survived (C_s=0.32), N=37
   Cluster 23 survived (C_s=0.18), N=17
   Cluster 24 survived (C_s=0.29), N=40
   Cluster 25 survived (C_s=0.29), N=38
   Cluster 26 survived (C_s=0.20), N=9
   Cluster 27 survived (C_s=0.31), N=6
   Cluster 28 survived (C_s=0.26), N=32
   Cluster 29 survived (C_s=0.18), N=11
   Cluster 30 survived (C_s=0.26), N=27
   Cluster 31 survived (C_s=0.29), N=25
   Cluster 32 survived (C_s=0.26), N=25
   Cluster 33 survived (C_s=0.25), N=37
   Cluster 34 survived (C_s=0.21), N=17
   Cluster 35 survived (C_s=0.29), N=43
   Cluster 37 survived (C_s=0.32), N=29
   Cluster 38 survived (C_s=0.28), N=14
   Cluster 39 survived (C_s=0.21), N=13
   Cluster 40 survived (C_s=0.33), N=31
   Cluster 41 survived (C_s=0.28), N=30
   Cluster 42 survived (C_s=0.27), N=27
   Cluster 43 survived (C_s=0.26), N=27
   Cluster 44 survived (C_s=0.31), N=29
   Cluster 45 survived (C_s=0.26), N=28
   Cluster 46 survived (C_s=0.16), N=16
 A total of 1171 stars survived in 45 clusters
 Performing GUMM analysis...

 IL iteration 9
  Performing clustering on array of shape (1171, 2)
  Identified 46 clusters
   Cluster 0 survived (C_s=0.27), N=26
   Cluster 1 survived (C_s=0.27), N=7
   Cluster 2 survived (C_s=0.36), N=12
   Cluster 3 survived (C_s=0.27), N=49
   Cluster 4 survived (C_s=0.22), N=28
   Cluster 5 survived (C_s=0.24), N=7
   Cluster 6 survived (C_s=0.28), N=35
   Cluster 7 survived (C_s=0.28), N=35
   Cluster 8 survived (C_s=0.28), N=10
   Cluster 9 survived (C_s=0.22), N=11
   Cluster 10 survived (C_s=0.16), N=11
   Cluster 11 survived (C_s=0.29), N=49
   Cluster 12 survived (C_s=0.31), N=26
   Cluster 13 survived (C_s=0.29), N=50
   Cluster 14 survived (C_s=0.25), N=23
   Cluster 16 survived (C_s=0.28), N=41
   Cluster 17 survived (C_s=0.29), N=30
   Cluster 18 survived (C_s=0.18), N=11
   Cluster 19 survived (C_s=0.30), N=35
   Cluster 20 survived (C_s=0.19), N=23
   Cluster 21 survived (C_s=0.27), N=34
   Cluster 22 survived (C_s=0.36), N=5
   Cluster 23 survived (C_s=0.17), N=23
   Cluster 24 survived (C_s=0.28), N=18
   Cluster 25 survived (C_s=0.29), N=32
   Cluster 26 survived (C_s=0.31), N=52
   Cluster 27 survived (C_s=0.33), N=45
   Cluster 28 survived (C_s=0.31), N=6
   Cluster 29 survived (C_s=0.27), N=27
   Cluster 30 survived (C_s=0.30), N=48
   Cluster 31 survived (C_s=0.21), N=11
   Cluster 32 survived (C_s=0.31), N=35
   Cluster 33 survived (C_s=0.25), N=15
   Cluster 34 survived (C_s=0.23), N=20
   Cluster 35 survived (C_s=0.26), N=19
   Cluster 36 survived (C_s=0.26), N=20
   Cluster 37 survived (C_s=0.27), N=33
   Cluster 38 survived (C_s=0.25), N=18
   Cluster 39 survived (C_s=0.22), N=31
   Cluster 40 survived (C_s=0.27), N=22
   Cluster 41 survived (C_s=0.26), N=33
   Cluster 42 survived (C_s=0.28), N=20
   Cluster 43 survived (C_s=0.31), N=37
   Cluster 44 survived (C_s=0.26), N=11
   Cluster 45 survived (C_s=0.28), N=27
 A total of 1161 stars survived in 45 clusters
 Performing GUMM analysis...

 IL iteration 10
  Performing clustering on array of shape (1161, 2)
  Identified 46 clusters
   Cluster 0 survived (C_s=0.26), N=14
   Cluster 1 survived (C_s=0.30), N=36
   Cluster 2 survived (C_s=0.27), N=7
   Cluster 3 survived (C_s=0.33), N=34
   Cluster 4 survived (C_s=0.24), N=22
   Cluster 5 survived (C_s=0.31), N=6
   Cluster 6 survived (C_s=0.28), N=44
   Cluster 7 survived (C_s=0.27), N=32
   Cluster 8 survived (C_s=0.31), N=28
   Cluster 9 survived (C_s=0.30), N=26
   Cluster 10 survived (C_s=0.24), N=7
   Cluster 11 survived (C_s=0.26), N=29
   Cluster 12 survived (C_s=0.24), N=21
   Cluster 13 survived (C_s=0.30), N=52
   Cluster 14 survived (C_s=0.29), N=35
   Cluster 15 survived (C_s=0.28), N=10
   Cluster 16 survived (C_s=0.22), N=12
   Cluster 17 survived (C_s=0.36), N=5
   Cluster 18 survived (C_s=0.18), N=11
   Cluster 19 survived (C_s=0.28), N=37
   Cluster 20 survived (C_s=0.28), N=40
   Cluster 21 survived (C_s=0.16), N=26
   Cluster 22 survived (C_s=0.21), N=10
   Cluster 23 survived (C_s=0.36), N=17
   Cluster 24 survived (C_s=0.27), N=17
   Cluster 25 survived (C_s=0.32), N=48
   Cluster 26 survived (C_s=0.21), N=11
   Cluster 27 survived (C_s=0.23), N=20
   Cluster 28 survived (C_s=0.27), N=33
   Cluster 29 survived (C_s=0.30), N=47
   Cluster 30 survived (C_s=0.24), N=19
   Cluster 31 survived (C_s=0.27), N=16
   Cluster 32 survived (C_s=0.27), N=43
   Cluster 33 survived (C_s=0.27), N=33
   Cluster 34 survived (C_s=0.27), N=22
   Cluster 35 survived (C_s=0.29), N=43
   Cluster 36 survived (C_s=0.20), N=16
   Cluster 37 survived (C_s=0.21), N=27
   Cluster 38 survived (C_s=0.28), N=45
   Cluster 39 survived (C_s=0.26), N=10
   Cluster 40 survived (C_s=0.23), N=14
   Cluster 41 survived (C_s=0.28), N=33
   Cluster 42 survived (C_s=0.30), N=33
   Cluster 43 survived (C_s=0.25), N=25
   Cluster 44 survived (C_s=0.32), N=22
   Cluster 45 survived (C_s=0.30), N=23
 All clusters survived, N=1161
Performing final GUMM analysis...
Performing KDE analysis...

P>(.5, .75, .9, .95, .99): 1325, 1294, 1269, 1243, 1199

--------------------------------------------------------
OL run 20
Standard scale: removed mean and scaled to unit variance
 Selected N=2 PCA features
 Variance ratio:  0.51, 0.27

 IL iteration 1
  Performing clustering on array of shape (6857, 2)
  Identified 274 clusters
   Cluster 1 survived (C_s=0.28), N=129
   Cluster 5 survived (C_s=0.20), N=69
   Cluster 18 survived (C_s=0.09), N=50
   Cluster 19 survived (C_s=0.04), N=51
   Cluster 31 survived (C_s=0.13), N=16
   Cluster 57 survived (C_s=0.07), N=24
   Cluster 70 survived (C_s=0.10), N=17
   Cluster 71 survived (C_s=0.06), N=48
   Cluster 74 survived (C_s=0.23), N=113
   Cluster 82 survived (C_s=0.11), N=31
   Cluster 84 survived (C_s=0.06), N=48
   Cluster 86 survived (C_s=0.29), N=150
   Cluster 92 survived (C_s=0.17), N=56
   Cluster 93 survived (C_s=0.13), N=60
   Cluster 105 survived (C_s=0.15), N=13
   Cluster 106 survived (C_s=0.07), N=26
   Cluster 110 survived (C_s=0.05), N=48
   Cluster 111 survived (C_s=0.05), N=36
   Cluster 112 survived (C_s=0.05), N=38
   Cluster 115 survived (C_s=0.07), N=23
   Cluster 117 survived (C_s=0.05), N=39
   Cluster 126 survived (C_s=0.04), N=49
   Cluster 135 survived (C_s=0.29), N=73
   Cluster 136 survived (C_s=0.11), N=52
   Cluster 152 survived (C_s=0.26), N=75
   Cluster 153 survived (C_s=0.27), N=101
   Cluster 155 survived (C_s=0.06), N=45
   Cluster 159 survived (C_s=0.05), N=49
   Cluster 166 survived (C_s=0.06), N=32
   Cluster 168 survived (C_s=0.05), N=50
   Cluster 170 survived (C_s=0.05), N=43
   Cluster 178 survived (C_s=0.10), N=34
   Cluster 180 survived (C_s=0.10), N=37
   Cluster 185 survived (C_s=0.11), N=16
   Cluster 199 survived (C_s=0.05), N=40
   Cluster 202 survived (C_s=0.05), N=45
   Cluster 207 survived (C_s=0.16), N=59
   Cluster 209 survived (C_s=0.27), N=86
   Cluster 211 survived (C_s=0.11), N=16
   Cluster 220 survived (C_s=0.05), N=45
   Cluster 222 survived (C_s=0.07), N=27
   Cluster 228 survived (C_s=0.07), N=29
   Cluster 229 survived (C_s=0.04), N=40
   Cluster 237 survived (C_s=0.28), N=8
   Cluster 238 survived (C_s=0.04), N=40
   Cluster 244 survived (C_s=0.23), N=73
   Cluster 248 survived (C_s=0.30), N=132
   Cluster 257 survived (C_s=0.09), N=25
   Cluster 258 survived (C_s=0.05), N=35
   Cluster 265 survived (C_s=0.05), N=42
   Cluster 266 survived (C_s=0.23), N=48
   Cluster 269 survived (C_s=0.08), N=23
 A total of 2554 stars survived in 52 clusters
 Performing GUMM analysis...

 IL iteration 2
  Performing clustering on array of shape (2554, 2)
  Identified 102 clusters
   Cluster 1 survived (C_s=0.27), N=138
   Cluster 6 survived (C_s=0.44), N=4
   Cluster 10 survived (C_s=0.08), N=25
   Cluster 11 survived (C_s=0.11), N=37
   Cluster 15 survived (C_s=0.08), N=23
   Cluster 16 survived (C_s=0.08), N=37
   Cluster 17 survived (C_s=0.13), N=16
   Cluster 18 survived (C_s=0.15), N=19
   Cluster 19 survived (C_s=0.16), N=23
   Cluster 22 survived (C_s=0.14), N=54
   Cluster 24 survived (C_s=0.06), N=30
   Cluster 26 survived (C_s=0.17), N=46
   Cluster 29 survived (C_s=0.29), N=130
   Cluster 31 survived (C_s=0.09), N=19
   Cluster 33 survived (C_s=0.27), N=59
   Cluster 35 survived (C_s=0.12), N=20
   Cluster 36 survived (C_s=0.29), N=121
   Cluster 37 survived (C_s=0.07), N=35
   Cluster 39 survived (C_s=0.21), N=95
   Cluster 54 survived (C_s=0.13), N=29
   Cluster 56 survived (C_s=0.13), N=15
   Cluster 59 survived (C_s=0.29), N=85
   Cluster 67 survived (C_s=0.15), N=33
   Cluster 70 survived (C_s=0.24), N=54
   Cluster 73 survived (C_s=0.15), N=51
   Cluster 79 survived (C_s=0.28), N=108
   Cluster 88 survived (C_s=0.09), N=23
   Cluster 89 survived (C_s=0.22), N=75
   Cluster 93 survived (C_s=0.28), N=94
   Cluster 95 survived (C_s=0.26), N=81
   Cluster 96 survived (C_s=0.11), N=28
   Cluster 101 survived (C_s=0.10), N=17
 A total of 1624 stars survived in 32 clusters
 Performing GUMM analysis...
 Rejected 50 stars as non-members

 IL iteration 3
  Performing clustering on array of shape (1574, 2)
  Identified 62 clusters
   Cluster 0 survived (C_s=0.18), N=11
   Cluster 1 survived (C_s=0.28), N=82
   Cluster 2 survived (C_s=0.15), N=13
   Cluster 7 survived (C_s=0.25), N=55
   Cluster 8 survived (C_s=0.11), N=15
   Cluster 11 survived (C_s=0.09), N=22
   Cluster 12 survived (C_s=0.22), N=13
   Cluster 13 survived (C_s=0.21), N=15
   Cluster 14 survived (C_s=0.22), N=33
   Cluster 15 survived (C_s=0.15), N=16
   Cluster 16 survived (C_s=0.31), N=93
   Cluster 17 survived (C_s=0.27), N=52
   Cluster 19 survived (C_s=0.20), N=14
   Cluster 20 survived (C_s=0.29), N=63
   Cluster 21 survived (C_s=0.27), N=51
   Cluster 22 survived (C_s=0.21), N=13
   Cluster 23 survived (C_s=0.24), N=38
   Cluster 25 survived (C_s=0.32), N=45
   Cluster 26 survived (C_s=0.13), N=26
   Cluster 27 survived (C_s=0.09), N=19
   Cluster 28 survived (C_s=0.18), N=23
   Cluster 29 survived (C_s=0.14), N=17
   Cluster 30 survived (C_s=0.19), N=35
   Cluster 32 survived (C_s=0.17), N=17
   Cluster 33 survived (C_s=0.24), N=42
   Cluster 34 survived (C_s=0.28), N=52
   Cluster 37 survived (C_s=0.22), N=28
   Cluster 38 survived (C_s=0.31), N=50
   Cluster 39 survived (C_s=0.29), N=42
   Cluster 41 survived (C_s=0.29), N=82
   Cluster 43 survived (C_s=0.25), N=32
   Cluster 44 survived (C_s=0.18), N=11
   Cluster 45 survived (C_s=0.19), N=25
   Cluster 48 survived (C_s=0.25), N=9
   Cluster 51 survived (C_s=0.19), N=38
   Cluster 53 survived (C_s=0.10), N=18
   Cluster 54 survived (C_s=0.29), N=56
   Cluster 56 survived (C_s=0.26), N=76
   Cluster 57 survived (C_s=0.16), N=21
   Cluster 58 survived (C_s=0.21), N=11
   Cluster 61 survived (C_s=0.24), N=48
 A total of 1422 stars survived in 41 clusters
 Performing GUMM analysis...
 Rejected 41 stars as non-members

 IL iteration 4
  Performing clustering on array of shape (1381, 2)
  Identified 55 clusters
   Cluster 0 survived (C_s=0.32), N=47
   Cluster 2 survived (C_s=0.11), N=20
   Cluster 3 survived (C_s=0.27), N=17
   Cluster 5 survived (C_s=0.29), N=44
   Cluster 6 survived (C_s=0.28), N=49
   Cluster 7 survived (C_s=0.10), N=21
   Cluster 8 survived (C_s=0.25), N=36
   Cluster 10 survived (C_s=0.18), N=15
   Cluster 11 survived (C_s=0.14), N=14
   Cluster 12 survived (C_s=0.30), N=60
   Cluster 13 survived (C_s=0.22), N=46
   Cluster 14 survived (C_s=0.31), N=8
   Cluster 15 survived (C_s=0.15), N=19
   Cluster 16 survived (C_s=0.27), N=53
   Cluster 17 survived (C_s=0.31), N=7
   Cluster 19 survived (C_s=0.31), N=78
   Cluster 21 survived (C_s=0.17), N=22
   Cluster 22 survived (C_s=0.25), N=24
   Cluster 23 survived (C_s=0.21), N=10
   Cluster 24 survived (C_s=0.29), N=60
   Cluster 25 survived (C_s=0.18), N=11
   Cluster 26 survived (C_s=0.26), N=34
   Cluster 27 survived (C_s=0.17), N=18
   Cluster 28 survived (C_s=0.31), N=66
   Cluster 29 survived (C_s=0.31), N=68
   Cluster 30 survived (C_s=0.27), N=58
   Cluster 31 survived (C_s=0.27), N=37
   Cluster 32 survived (C_s=0.19), N=27
   Cluster 33 survived (C_s=0.19), N=19
   Cluster 34 survived (C_s=0.32), N=44
   Cluster 36 survived (C_s=0.22), N=30
   Cluster 38 survived (C_s=0.28), N=6
   Cluster 39 survived (C_s=0.22), N=10
   Cluster 40 survived (C_s=0.15), N=13
   Cluster 41 survived (C_s=0.23), N=22
   Cluster 42 survived (C_s=0.19), N=10
   Cluster 43 survived (C_s=0.25), N=24
   Cluster 45 survived (C_s=0.32), N=21
   Cluster 46 survived (C_s=0.24), N=28
   Cluster 47 survived (C_s=0.15), N=14
   Cluster 48 survived (C_s=0.30), N=8
   Cluster 49 survived (C_s=0.39), N=6
   Cluster 50 survived (C_s=0.29), N=29
   Cluster 51 survived (C_s=0.29), N=44
   Cluster 54 survived (C_s=0.28), N=28
 A total of 1325 stars survived in 45 clusters
 Performing GUMM analysis...

 IL iteration 5
  Performing clustering on array of shape (1325, 2)
  Identified 53 clusters
   Cluster 2 survived (C_s=0.22), N=27
   Cluster 3 survived (C_s=0.25), N=49
   Cluster 5 survived (C_s=0.16), N=19
   Cluster 6 survived (C_s=0.18), N=22
   Cluster 7 survived (C_s=0.31), N=8
   Cluster 8 survived (C_s=0.29), N=57
   Cluster 9 survived (C_s=0.15), N=12
   Cluster 10 survived (C_s=0.20), N=11
   Cluster 11 survived (C_s=0.29), N=56
   Cluster 12 survived (C_s=0.28), N=7
   Cluster 13 survived (C_s=0.26), N=32
   Cluster 14 survived (C_s=0.23), N=26
   Cluster 15 survived (C_s=0.29), N=59
   Cluster 16 survived (C_s=0.33), N=21
   Cluster 17 survived (C_s=0.35), N=6
   Cluster 18 survived (C_s=0.34), N=33
   Cluster 19 survived (C_s=0.21), N=20
   Cluster 20 survived (C_s=0.29), N=54
   Cluster 21 survived (C_s=0.19), N=18
   Cluster 22 survived (C_s=0.31), N=46
   Cluster 23 survived (C_s=0.26), N=25
   Cluster 24 survived (C_s=0.28), N=50
   Cluster 26 survived (C_s=0.25), N=30
   Cluster 27 survived (C_s=0.25), N=18
   Cluster 28 survived (C_s=0.29), N=29
   Cluster 29 survived (C_s=0.31), N=40
   Cluster 32 survived (C_s=0.24), N=38
   Cluster 33 survived (C_s=0.16), N=16
   Cluster 35 survived (C_s=0.32), N=36
   Cluster 36 survived (C_s=0.34), N=49
   Cluster 38 survived (C_s=0.26), N=9
   Cluster 39 survived (C_s=0.20), N=15
   Cluster 40 survived (C_s=0.29), N=35
   Cluster 41 survived (C_s=0.25), N=23
   Cluster 42 survived (C_s=0.24), N=38
   Cluster 43 survived (C_s=0.19), N=27
   Cluster 45 survived (C_s=0.19), N=16
   Cluster 46 survived (C_s=0.21), N=28
   Cluster 47 survived (C_s=0.29), N=28
   Cluster 48 survived (C_s=0.30), N=23
   Cluster 49 survived (C_s=0.27), N=11
   Cluster 50 survived (C_s=0.20), N=12
   Cluster 51 survived (C_s=0.32), N=39
   Cluster 52 survived (C_s=0.29), N=35
 A total of 1253 stars survived in 44 clusters
 Performing GUMM analysis...

 IL iteration 6
  Performing clustering on array of shape (1253, 2)
  Identified 50 clusters
   Cluster 0 survived (C_s=0.25), N=28
   Cluster 1 survived (C_s=0.39), N=18
   Cluster 3 survived (C_s=0.31), N=27
   Cluster 4 survived (C_s=0.21), N=20
   Cluster 5 survived (C_s=0.30), N=59
   Cluster 6 survived (C_s=0.20), N=13
   Cluster 7 survived (C_s=0.28), N=31
   Cluster 8 survived (C_s=0.17), N=22
   Cluster 9 survived (C_s=0.19), N=31
   Cluster 10 survived (C_s=0.19), N=30
   Cluster 11 survived (C_s=0.30), N=49
   Cluster 12 survived (C_s=0.30), N=18
   Cluster 13 survived (C_s=0.26), N=27
   Cluster 14 survived (C_s=0.33), N=42
   Cluster 15 survived (C_s=0.23), N=20
   Cluster 16 survived (C_s=0.20), N=11
   Cluster 17 survived (C_s=0.27), N=48
   Cluster 18 survived (C_s=0.21), N=16
   Cluster 19 survived (C_s=0.23), N=16
   Cluster 21 survived (C_s=0.32), N=32
   Cluster 22 survived (C_s=0.18), N=19
   Cluster 23 survived (C_s=0.28), N=9
   Cluster 24 survived (C_s=0.26), N=22
   Cluster 25 survived (C_s=0.30), N=36
   Cluster 26 survived (C_s=0.15), N=12
   Cluster 27 survived (C_s=0.30), N=9
   Cluster 28 survived (C_s=0.23), N=39
   Cluster 29 survived (C_s=0.18), N=22
   Cluster 30 survived (C_s=0.24), N=21
   Cluster 31 survived (C_s=0.26), N=28
   Cluster 32 survived (C_s=0.28), N=7
   Cluster 33 survived (C_s=0.24), N=21
   Cluster 34 survived (C_s=0.28), N=53
   Cluster 35 survived (C_s=0.32), N=8
   Cluster 36 survived (C_s=0.23), N=21
   Cluster 37 survived (C_s=0.23), N=26
   Cluster 38 survived (C_s=0.16), N=14
   Cluster 39 survived (C_s=0.31), N=31
   Cluster 40 survived (C_s=0.27), N=39
   Cluster 41 survived (C_s=0.23), N=13
   Cluster 42 survived (C_s=0.32), N=31
   Cluster 43 survived (C_s=0.27), N=24
   Cluster 44 survived (C_s=0.31), N=39
   Cluster 45 survived (C_s=0.29), N=62
   Cluster 46 survived (C_s=0.35), N=6
   Cluster 47 survived (C_s=0.30), N=41
   Cluster 49 survived (C_s=0.30), N=26
 A total of 1237 stars survived in 47 clusters
 Performing GUMM analysis...

 IL iteration 7
  Performing clustering on array of shape (1237, 2)
  Identified 49 clusters
   Cluster 0 survived (C_s=0.30), N=40
   Cluster 1 survived (C_s=0.26), N=13
   Cluster 2 survived (C_s=0.20), N=13
   Cluster 3 survived (C_s=0.26), N=30
   Cluster 4 survived (C_s=0.24), N=41
   Cluster 5 survived (C_s=0.32), N=31
   Cluster 6 survived (C_s=0.26), N=44
   Cluster 7 survived (C_s=0.31), N=43
   Cluster 8 survived (C_s=0.16), N=15
   Cluster 9 survived (C_s=0.26), N=36
   Cluster 11 survived (C_s=0.19), N=29
   Cluster 12 survived (C_s=0.25), N=16
   Cluster 13 survived (C_s=0.30), N=33
   Cluster 14 survived (C_s=0.20), N=11
   Cluster 15 survived (C_s=0.29), N=31
   Cluster 16 survived (C_s=0.30), N=28
   Cluster 17 survived (C_s=0.28), N=42
   Cluster 18 survived (C_s=0.28), N=7
   Cluster 19 survived (C_s=0.30), N=35
   Cluster 21 survived (C_s=0.20), N=21
   Cluster 22 survived (C_s=0.27), N=10
   Cluster 23 survived (C_s=0.18), N=27
   Cluster 24 survived (C_s=0.18), N=12
   Cluster 25 survived (C_s=0.25), N=14
   Cluster 26 survived (C_s=0.31), N=36
   Cluster 27 survived (C_s=0.29), N=42
   Cluster 28 survived (C_s=0.28), N=40
   Cluster 29 survived (C_s=0.23), N=20
   Cluster 30 survived (C_s=0.21), N=11
   Cluster 31 survived (C_s=0.18), N=21
   Cluster 32 survived (C_s=0.28), N=35
   Cluster 33 survived (C_s=0.34), N=42
   Cluster 34 survived (C_s=0.33), N=8
   Cluster 35 survived (C_s=0.15), N=12
   Cluster 36 survived (C_s=0.29), N=31
   Cluster 37 survived (C_s=0.28), N=20
   Cluster 38 survived (C_s=0.25), N=42
   Cluster 39 survived (C_s=0.21), N=17
   Cluster 40 survived (C_s=0.30), N=8
   Cluster 41 survived (C_s=0.26), N=19
   Cluster 42 survived (C_s=0.29), N=34
   Cluster 43 survived (C_s=0.34), N=16
   Cluster 44 survived (C_s=0.23), N=13
   Cluster 45 survived (C_s=0.28), N=22
   Cluster 46 survived (C_s=0.29), N=27
   Cluster 47 survived (C_s=0.31), N=33
   Cluster 48 survived (C_s=0.29), N=42
 A total of 1213 stars survived in 47 clusters
 Performing GUMM analysis...

 IL iteration 8
  Performing clustering on array of shape (1213, 2)
  Identified 48 clusters
   Cluster 0 survived (C_s=0.25), N=31
   Cluster 1 survived (C_s=0.25), N=41
   Cluster 2 survived (C_s=0.26), N=13
   Cluster 3 survived (C_s=0.35), N=19
   Cluster 4 survived (C_s=0.20), N=11
   Cluster 5 survived (C_s=0.29), N=51
   Cluster 6 survived (C_s=0.22), N=17
   Cluster 7 survived (C_s=0.28), N=36
   Cluster 8 survived (C_s=0.19), N=13
   Cluster 9 survived (C_s=0.27), N=32
   Cluster 10 survived (C_s=0.17), N=11
   Cluster 11 survived (C_s=0.28), N=11
   Cluster 12 survived (C_s=0.30), N=55
   Cluster 13 survived (C_s=0.25), N=22
   Cluster 14 survived (C_s=0.22), N=27
   Cluster 15 survived (C_s=0.21), N=21
   Cluster 16 survived (C_s=0.25), N=20
   Cluster 17 survived (C_s=0.27), N=10
   Cluster 18 survived (C_s=0.29), N=37
   Cluster 19 survived (C_s=0.25), N=7
   Cluster 20 survived (C_s=0.26), N=33
   Cluster 21 survived (C_s=0.33), N=40
   Cluster 22 survived (C_s=0.31), N=63
   Cluster 24 survived (C_s=0.24), N=20
   Cluster 25 survived (C_s=0.32), N=38
   Cluster 26 survived (C_s=0.25), N=19
   Cluster 27 survived (C_s=0.25), N=48
   Cluster 28 survived (C_s=0.28), N=7
   Cluster 29 survived (C_s=0.30), N=30
   Cluster 30 survived (C_s=0.22), N=26
   Cluster 31 survived (C_s=0.19), N=14
   Cluster 33 survived (C_s=0.20), N=15
   Cluster 35 survived (C_s=0.29), N=31
   Cluster 36 survived (C_s=0.24), N=7
   Cluster 37 survived (C_s=0.18), N=25
   Cluster 38 survived (C_s=0.29), N=28
   Cluster 39 survived (C_s=0.30), N=40
   Cluster 40 survived (C_s=0.30), N=34
   Cluster 41 survived (C_s=0.29), N=30
   Cluster 42 survived (C_s=0.24), N=14
   Cluster 43 survived (C_s=0.34), N=39
   Cluster 45 survived (C_s=0.28), N=13
   Cluster 46 survived (C_s=0.29), N=51
   Cluster 47 survived (C_s=0.27), N=29
 A total of 1179 stars survived in 44 clusters
 Performing GUMM analysis...

 IL iteration 9
  Performing clustering on array of shape (1179, 2)
  Identified 47 clusters
   Cluster 1 survived (C_s=0.31), N=31
   Cluster 2 survived (C_s=0.32), N=40
   Cluster 3 survived (C_s=0.23), N=27
   Cluster 4 survived (C_s=0.28), N=50
   Cluster 5 survived (C_s=0.31), N=6
   Cluster 6 survived (C_s=0.22), N=19
   Cluster 7 survived (C_s=0.31), N=37
   Cluster 8 survived (C_s=0.25), N=32
   Cluster 9 survived (C_s=0.20), N=11
   Cluster 10 survived (C_s=0.30), N=38
   Cluster 11 survived (C_s=0.33), N=15
   Cluster 12 survived (C_s=0.24), N=14
   Cluster 13 survived (C_s=0.27), N=47
   Cluster 14 survived (C_s=0.26), N=29
   Cluster 15 survived (C_s=0.25), N=27
   Cluster 16 survived (C_s=0.25), N=7
   Cluster 17 survived (C_s=0.26), N=20
   Cluster 18 survived (C_s=0.31), N=19
   Cluster 19 survived (C_s=0.24), N=12
   Cluster 20 survived (C_s=0.24), N=37
   Cluster 21 survived (C_s=0.27), N=17
   Cluster 22 survived (C_s=0.20), N=11
   Cluster 23 survived (C_s=0.31), N=54
   Cluster 24 survived (C_s=0.25), N=23
   Cluster 25 survived (C_s=0.26), N=19
   Cluster 26 survived (C_s=0.25), N=16
   Cluster 27 survived (C_s=0.32), N=43
   Cluster 28 survived (C_s=0.15), N=17
   Cluster 29 survived (C_s=0.30), N=10
   Cluster 30 survived (C_s=0.29), N=58
   Cluster 31 survived (C_s=0.28), N=42
   Cluster 32 survived (C_s=0.31), N=26
   Cluster 33 survived (C_s=0.28), N=33
   Cluster 34 survived (C_s=0.23), N=22
   Cluster 35 survived (C_s=0.32), N=33
   Cluster 36 survived (C_s=0.33), N=34
   Cluster 37 survived (C_s=0.31), N=8
   Cluster 38 survived (C_s=0.27), N=15
   Cluster 39 survived (C_s=0.19), N=31
   Cluster 40 survived (C_s=0.28), N=7
   Cluster 41 survived (C_s=0.26), N=18
   Cluster 42 survived (C_s=0.30), N=41
   Cluster 43 survived (C_s=0.29), N=22
   Cluster 44 survived (C_s=0.17), N=18
   Cluster 45 survived (C_s=0.28), N=28
 A total of 1164 stars survived in 45 clusters
 Performing GUMM analysis...

 IL iteration 10
  Performing clustering on array of shape (1164, 2)
  Identified 46 clusters
   Cluster 0 survived (C_s=0.24), N=20
   Cluster 1 survived (C_s=0.28), N=25
   Cluster 2 survived (C_s=0.28), N=31
   Cluster 3 survived (C_s=0.23), N=35
   Cluster 4 survived (C_s=0.27), N=47
   Cluster 5 survived (C_s=0.20), N=11
   Cluster 7 survived (C_s=0.30), N=47
   Cluster 8 survived (C_s=0.30), N=37
   Cluster 9 survived (C_s=0.24), N=24
   Cluster 10 survived (C_s=0.32), N=26
   Cluster 11 survived (C_s=0.22), N=20
   Cluster 12 survived (C_s=0.34), N=46
   Cluster 13 survived (C_s=0.24), N=14
   Cluster 14 survived (C_s=0.20), N=25
   Cluster 15 survived (C_s=0.20), N=15
   Cluster 16 survived (C_s=0.28), N=41
   Cluster 17 survived (C_s=0.19), N=28
   Cluster 18 survived (C_s=0.15), N=18
   Cluster 19 survived (C_s=0.31), N=6
   Cluster 20 survived (C_s=0.29), N=26
   Cluster 21 survived (C_s=0.37), N=15
   Cluster 22 survived (C_s=0.33), N=32
   Cluster 24 survived (C_s=0.31), N=33
   Cluster 25 survived (C_s=0.26), N=17
   Cluster 26 survived (C_s=0.25), N=8
   Cluster 27 survived (C_s=0.37), N=30
   Cluster 28 survived (C_s=0.29), N=39
   Cluster 29 survived (C_s=0.25), N=23
   Cluster 30 survived (C_s=0.29), N=53
   Cluster 31 survived (C_s=0.29), N=65
   Cluster 32 survived (C_s=0.22), N=25
   Cluster 33 survived (C_s=0.27), N=16
   Cluster 34 survived (C_s=0.20), N=14
   Cluster 35 survived (C_s=0.23), N=29
   Cluster 37 survived (C_s=0.33), N=46
   Cluster 38 survived (C_s=0.31), N=30
   Cluster 39 survived (C_s=0.34), N=12
   Cluster 40 survived (C_s=0.29), N=31
   Cluster 41 survived (C_s=0.28), N=7
   Cluster 43 survived (C_s=0.25), N=26
   Cluster 44 survived (C_s=0.24), N=14
   Cluster 45 survived (C_s=0.24), N=38
 A total of 1145 stars survived in 42 clusters
 Performing GUMM analysis...

 IL iteration 11
  Performing clustering on array of shape (1145, 2)
  Identified 45 clusters
   Cluster 0 survived (C_s=0.23), N=36
   Cluster 1 survived (C_s=0.23), N=34
   Cluster 2 survived (C_s=0.31), N=37
   Cluster 3 survived (C_s=0.20), N=11
   Cluster 4 survived (C_s=0.23), N=27
   Cluster 5 survived (C_s=0.33), N=48
   Cluster 6 survived (C_s=0.18), N=18
   Cluster 7 survived (C_s=0.31), N=6
   Cluster 8 survived (C_s=0.23), N=15
   Cluster 9 survived (C_s=0.35), N=23
   Cluster 10 survived (C_s=0.24), N=14
   Cluster 11 survived (C_s=0.26), N=55
   Cluster 12 survived (C_s=0.33), N=33
   Cluster 13 survived (C_s=0.25), N=23
   Cluster 14 survived (C_s=0.20), N=11
   Cluster 15 survived (C_s=0.27), N=13
   Cluster 16 survived (C_s=0.26), N=25
   Cluster 17 survived (C_s=0.28), N=34
   Cluster 18 survived (C_s=0.33), N=26
   Cluster 19 survived (C_s=0.25), N=27
   Cluster 20 survived (C_s=0.29), N=52
   Cluster 21 survived (C_s=0.25), N=7
   Cluster 22 survived (C_s=0.25), N=31
   Cluster 23 survived (C_s=0.31), N=32
   Cluster 24 survived (C_s=0.14), N=16
   Cluster 25 survived (C_s=0.20), N=23
   Cluster 26 survived (C_s=0.23), N=10
   Cluster 27 survived (C_s=0.29), N=47
   Cluster 28 survived (C_s=0.24), N=28
   Cluster 29 survived (C_s=0.31), N=35
   Cluster 30 survived (C_s=0.31), N=24
   Cluster 31 survived (C_s=0.35), N=15
   Cluster 32 survived (C_s=0.29), N=23
   Cluster 33 survived (C_s=0.30), N=53
   Cluster 34 survived (C_s=0.24), N=11
   Cluster 35 survived (C_s=0.29), N=36
   Cluster 36 survived (C_s=0.31), N=40
   Cluster 37 survived (C_s=0.31), N=26
   Cluster 38 survived (C_s=0.21), N=13
   Cluster 39 survived (C_s=0.21), N=16
   Cluster 40 survived (C_s=0.34), N=13
   Cluster 41 survived (C_s=0.36), N=27
   Cluster 42 survived (C_s=0.22), N=20
   Cluster 43 survived (C_s=0.30), N=22
   Cluster 44 survived (C_s=0.20), N=9
 All clusters survived, N=1145
Performing final GUMM analysis...
Performing KDE analysis...

P>(.5, .75, .9, .95, .99): 1323, 1296, 1269, 1245, 1198

--------------------------------------------------------
OL run 21
Standard scale: removed mean and scaled to unit variance
 Selected N=2 PCA features
 Variance ratio:  0.51, 0.27

 IL iteration 1
  Performing clustering on array of shape (6857, 2)
  Identified 274 clusters
   Cluster 1 survived (C_s=0.25), N=112
   Cluster 2 survived (C_s=0.03), N=57
   Cluster 4 survived (C_s=0.22), N=10
   Cluster 5 survived (C_s=0.26), N=45
   Cluster 12 survived (C_s=0.07), N=25
   Cluster 24 survived (C_s=0.06), N=28
   Cluster 28 survived (C_s=0.29), N=88
   Cluster 29 survived (C_s=0.05), N=40
   Cluster 30 survived (C_s=0.21), N=51
   Cluster 31 survived (C_s=0.08), N=35
   Cluster 33 survived (C_s=0.24), N=78
   Cluster 39 survived (C_s=0.05), N=41
   Cluster 42 survived (C_s=0.23), N=98
   Cluster 51 survived (C_s=0.08), N=23
   Cluster 58 survived (C_s=0.06), N=37
   Cluster 65 survived (C_s=0.11), N=41
   Cluster 72 survived (C_s=0.20), N=11
   Cluster 77 survived (C_s=0.04), N=46
   Cluster 79 survived (C_s=0.11), N=77
   Cluster 83 survived (C_s=0.10), N=34
   Cluster 85 survived (C_s=0.05), N=54
   Cluster 88 survived (C_s=0.09), N=21
   Cluster 92 survived (C_s=0.22), N=12
   Cluster 98 survived (C_s=0.08), N=23
   Cluster 104 survived (C_s=0.08), N=21
   Cluster 105 survived (C_s=0.19), N=77
   Cluster 110 survived (C_s=0.10), N=78
   Cluster 113 survived (C_s=0.04), N=47
   Cluster 119 survived (C_s=0.30), N=99
   Cluster 130 survived (C_s=0.11), N=16
   Cluster 140 survived (C_s=0.10), N=20
   Cluster 151 survived (C_s=0.06), N=32
   Cluster 152 survived (C_s=0.08), N=20
   Cluster 159 survived (C_s=0.08), N=22
   Cluster 182 survived (C_s=0.30), N=123
   Cluster 191 survived (C_s=0.05), N=46
   Cluster 194 survived (C_s=0.08), N=35
   Cluster 195 survived (C_s=0.05), N=45
   Cluster 199 survived (C_s=0.26), N=56
   Cluster 200 survived (C_s=0.25), N=127
   Cluster 205 survived (C_s=0.16), N=11
   Cluster 225 survived (C_s=0.15), N=78
   Cluster 228 survived (C_s=0.05), N=47
   Cluster 236 survived (C_s=0.23), N=8
   Cluster 249 survived (C_s=0.28), N=140
   Cluster 250 survived (C_s=0.06), N=29
   Cluster 251 survived (C_s=0.04), N=48
   Cluster 252 survived (C_s=0.07), N=26
   Cluster 263 survived (C_s=0.09), N=22
 A total of 2360 stars survived in 49 clusters
 Performing GUMM analysis...
 Rejected 134 stars as non-members

 IL iteration 2
  Performing clustering on array of shape (2226, 2)
  Identified 89 clusters
   Cluster 1 survived (C_s=0.30), N=139
   Cluster 5 survived (C_s=0.09), N=19
   Cluster 6 survived (C_s=0.11), N=15
   Cluster 7 survived (C_s=0.11), N=19
   Cluster 12 survived (C_s=0.13), N=18
   Cluster 13 survived (C_s=0.09), N=21
   Cluster 17 survived (C_s=0.24), N=99
   Cluster 19 survived (C_s=0.12), N=19
   Cluster 21 survived (C_s=0.14), N=18
   Cluster 22 survived (C_s=0.11), N=17
   Cluster 23 survived (C_s=0.09), N=25
   Cluster 24 survived (C_s=0.17), N=64
   Cluster 25 survived (C_s=0.22), N=33
   Cluster 26 survived (C_s=0.07), N=26
   Cluster 27 survived (C_s=0.14), N=20
   Cluster 28 survived (C_s=0.10), N=18
   Cluster 31 survived (C_s=0.10), N=19
   Cluster 32 survived (C_s=0.18), N=52
   Cluster 36 survived (C_s=0.25), N=60
   Cluster 39 survived (C_s=0.09), N=19
   Cluster 40 survived (C_s=0.10), N=24
   Cluster 42 survived (C_s=0.29), N=125
   Cluster 43 survived (C_s=0.10), N=17
   Cluster 52 survived (C_s=0.16), N=23
   Cluster 53 survived (C_s=0.24), N=10
   Cluster 55 survived (C_s=0.19), N=22
   Cluster 60 survived (C_s=0.20), N=36
   Cluster 61 survived (C_s=0.22), N=78
   Cluster 63 survived (C_s=0.28), N=59
   Cluster 66 survived (C_s=0.30), N=78
   Cluster 67 survived (C_s=0.30), N=69
   Cluster 70 survived (C_s=0.14), N=31
   Cluster 72 survived (C_s=0.11), N=16
   Cluster 77 survived (C_s=0.12), N=18
   Cluster 78 survived (C_s=0.29), N=92
   Cluster 80 survived (C_s=0.15), N=37
   Cluster 83 survived (C_s=0.24), N=108
   Cluster 84 survived (C_s=0.10), N=17
   Cluster 85 survived (C_s=0.11), N=19
   Cluster 87 survived (C_s=0.26), N=93
 A total of 1692 stars survived in 40 clusters
 Performing GUMM analysis...
 Rejected 43 stars as non-members

 IL iteration 3
  Performing clustering on array of shape (1649, 2)
  Identified 65 clusters
   Cluster 0 survived (C_s=0.17), N=20
   Cluster 1 survived (C_s=0.22), N=8
   Cluster 2 survived (C_s=0.28), N=71
   Cluster 4 survived (C_s=0.14), N=16
   Cluster 5 survived (C_s=0.18), N=12
   Cluster 7 survived (C_s=0.20), N=9
   Cluster 8 survived (C_s=0.13), N=17
   Cluster 10 survived (C_s=0.25), N=60
   Cluster 12 survived (C_s=0.19), N=11
   Cluster 13 survived (C_s=0.15), N=33
   Cluster 16 survived (C_s=0.29), N=85
   Cluster 17 survived (C_s=0.31), N=76
   Cluster 18 survived (C_s=0.19), N=59
   Cluster 19 survived (C_s=0.24), N=79
   Cluster 20 survived (C_s=0.22), N=49
   Cluster 21 survived (C_s=0.15), N=14
   Cluster 24 survived (C_s=0.29), N=75
   Cluster 28 survived (C_s=0.20), N=12
   Cluster 33 survived (C_s=0.18), N=24
   Cluster 34 survived (C_s=0.27), N=101
   Cluster 35 survived (C_s=0.22), N=62
   Cluster 36 survived (C_s=0.12), N=17
   Cluster 38 survived (C_s=0.21), N=46
   Cluster 39 survived (C_s=0.13), N=18
   Cluster 41 survived (C_s=0.20), N=13
   Cluster 44 survived (C_s=0.32), N=63
   Cluster 45 survived (C_s=0.30), N=56
   Cluster 51 survived (C_s=0.19), N=21
   Cluster 52 survived (C_s=0.19), N=15
   Cluster 55 survived (C_s=0.13), N=14
   Cluster 56 survived (C_s=0.31), N=75
   Cluster 58 survived (C_s=0.21), N=59
   Cluster 59 survived (C_s=0.28), N=88
   Cluster 60 survived (C_s=0.22), N=13
   Cluster 61 survived (C_s=0.17), N=20
   Cluster 64 survived (C_s=0.23), N=13
 A total of 1424 stars survived in 36 clusters
 Performing GUMM analysis...

 IL iteration 4
  Performing clustering on array of shape (1424, 2)
  Identified 56 clusters
   Cluster 0 survived (C_s=0.21), N=30
   Cluster 1 survived (C_s=0.16), N=12
   Cluster 2 survived (C_s=0.25), N=47
   Cluster 4 survived (C_s=0.22), N=13
   Cluster 6 survived (C_s=0.19), N=12
   Cluster 7 survived (C_s=0.31), N=48
   Cluster 8 survived (C_s=0.14), N=16
   Cluster 9 survived (C_s=0.13), N=26
   Cluster 10 survived (C_s=0.17), N=12
   Cluster 11 survived (C_s=0.25), N=50
   Cluster 12 survived (C_s=0.21), N=39
   Cluster 13 survived (C_s=0.28), N=38
   Cluster 14 survived (C_s=0.22), N=8
   Cluster 15 survived (C_s=0.14), N=14
   Cluster 16 survived (C_s=0.28), N=60
   Cluster 17 survived (C_s=0.23), N=34
   Cluster 18 survived (C_s=0.14), N=12
   Cluster 20 survived (C_s=0.32), N=63
   Cluster 21 survived (C_s=0.14), N=15
   Cluster 22 survived (C_s=0.22), N=41
   Cluster 23 survived (C_s=0.18), N=16
   Cluster 24 survived (C_s=0.24), N=27
   Cluster 26 survived (C_s=0.14), N=29
   Cluster 27 survived (C_s=0.32), N=65
   Cluster 28 survived (C_s=0.29), N=72
   Cluster 29 survived (C_s=0.18), N=14
   Cluster 31 survived (C_s=0.29), N=38
   Cluster 32 survived (C_s=0.21), N=12
   Cluster 34 survived (C_s=0.22), N=22
   Cluster 35 survived (C_s=0.27), N=46
   Cluster 37 survived (C_s=0.21), N=20
   Cluster 39 survived (C_s=0.21), N=8
   Cluster 40 survived (C_s=0.28), N=49
   Cluster 42 survived (C_s=0.30), N=33
   Cluster 43 survived (C_s=0.29), N=38
   Cluster 44 survived (C_s=0.17), N=14
   Cluster 45 survived (C_s=0.19), N=11
   Cluster 46 survived (C_s=0.22), N=9
   Cluster 50 survived (C_s=0.26), N=34
   Cluster 51 survived (C_s=0.27), N=42
   Cluster 53 survived (C_s=0.31), N=56
   Cluster 54 survived (C_s=0.21), N=39
   Cluster 55 survived (C_s=0.28), N=55
 A total of 1339 stars survived in 43 clusters
 Performing GUMM analysis...

 IL iteration 5
  Performing clustering on array of shape (1339, 2)
  Identified 53 clusters
   Cluster 0 survived (C_s=0.24), N=33
   Cluster 1 survived (C_s=0.27), N=8
   Cluster 2 survived (C_s=0.27), N=24
   Cluster 4 survived (C_s=0.14), N=12
   Cluster 5 survived (C_s=0.22), N=19
   Cluster 6 survived (C_s=0.23), N=8
   Cluster 7 survived (C_s=0.16), N=12
   Cluster 8 survived (C_s=0.29), N=69
   Cluster 10 survived (C_s=0.14), N=26
   Cluster 11 survived (C_s=0.30), N=77
   Cluster 12 survived (C_s=0.31), N=46
   Cluster 14 survived (C_s=0.32), N=11
   Cluster 15 survived (C_s=0.21), N=16
   Cluster 16 survived (C_s=0.23), N=13
   Cluster 17 survived (C_s=0.22), N=12
   Cluster 18 survived (C_s=0.27), N=56
   Cluster 19 survived (C_s=0.29), N=66
   Cluster 20 survived (C_s=0.30), N=55
   Cluster 21 survived (C_s=0.17), N=14
   Cluster 22 survived (C_s=0.18), N=16
   Cluster 23 survived (C_s=0.24), N=24
   Cluster 25 survived (C_s=0.26), N=35
   Cluster 26 survived (C_s=0.32), N=58
   Cluster 27 survived (C_s=0.31), N=53
   Cluster 28 survived (C_s=0.19), N=11
   Cluster 29 survived (C_s=0.28), N=49
   Cluster 30 survived (C_s=0.27), N=33
   Cluster 31 survived (C_s=0.24), N=47
   Cluster 32 survived (C_s=0.30), N=48
   Cluster 34 survived (C_s=0.12), N=17
   Cluster 35 survived (C_s=0.27), N=53
   Cluster 36 survived (C_s=0.23), N=12
   Cluster 39 survived (C_s=0.18), N=11
   Cluster 40 survived (C_s=0.22), N=25
   Cluster 42 survived (C_s=0.30), N=10
   Cluster 43 survived (C_s=0.16), N=15
   Cluster 45 survived (C_s=0.23), N=32
   Cluster 46 survived (C_s=0.26), N=33
   Cluster 47 survived (C_s=0.20), N=32
   Cluster 48 survived (C_s=0.29), N=22
   Cluster 49 survived (C_s=0.25), N=37
   Cluster 50 survived (C_s=0.20), N=13
   Cluster 52 survived (C_s=0.19), N=25
 A total of 1288 stars survived in 43 clusters
 Performing GUMM analysis...
 Rejected 29 stars as non-members

 IL iteration 6
  Performing clustering on array of shape (1259, 2)
  Identified 50 clusters
   Cluster 0 survived (C_s=0.29), N=54
   Cluster 1 survived (C_s=0.16), N=12
   Cluster 2 survived (C_s=0.26), N=27
   Cluster 3 survived (C_s=0.30), N=19
   Cluster 4 survived (C_s=0.26), N=11
   Cluster 5 survived (C_s=0.14), N=12
   Cluster 6 survived (C_s=0.27), N=8
   Cluster 7 survived (C_s=0.26), N=35
   Cluster 9 survived (C_s=0.14), N=23
   Cluster 10 survived (C_s=0.33), N=23
   Cluster 11 survived (C_s=0.31), N=46
   Cluster 12 survived (C_s=0.22), N=22
   Cluster 13 survived (C_s=0.28), N=31
   Cluster 14 survived (C_s=0.21), N=40
   Cluster 15 survived (C_s=0.27), N=12
   Cluster 16 survived (C_s=0.22), N=9
   Cluster 17 survived (C_s=0.31), N=35
   Cluster 18 survived (C_s=0.27), N=47
   Cluster 19 survived (C_s=0.24), N=15
   Cluster 20 survived (C_s=0.23), N=22
   Cluster 21 survived (C_s=0.26), N=40
   Cluster 22 survived (C_s=0.33), N=28
   Cluster 23 survived (C_s=0.15), N=15
   Cluster 24 survived (C_s=0.27), N=37
   Cluster 25 survived (C_s=0.28), N=49
   Cluster 26 survived (C_s=0.28), N=25
   Cluster 27 survived (C_s=0.31), N=37
   Cluster 28 survived (C_s=0.19), N=11
   Cluster 29 survived (C_s=0.16), N=15
   Cluster 30 survived (C_s=0.31), N=59
   Cluster 31 survived (C_s=0.23), N=26
   Cluster 32 survived (C_s=0.20), N=13
   Cluster 33 survived (C_s=0.26), N=15
   Cluster 34 survived (C_s=0.22), N=31
   Cluster 35 survived (C_s=0.26), N=26
   Cluster 36 survived (C_s=0.19), N=14
   Cluster 37 survived (C_s=0.27), N=41
   Cluster 38 survived (C_s=0.22), N=19
   Cluster 40 survived (C_s=0.30), N=38
   Cluster 41 survived (C_s=0.39), N=5
   Cluster 42 survived (C_s=0.17), N=14
   Cluster 44 survived (C_s=0.31), N=42
   Cluster 45 survived (C_s=0.34), N=35
   Cluster 46 survived (C_s=0.25), N=35
   Cluster 47 survived (C_s=0.30), N=59
   Cluster 48 survived (C_s=0.23), N=8
 A total of 1240 stars survived in 46 clusters
 Performing GUMM analysis...

 IL iteration 7
  Performing clustering on array of shape (1240, 2)
  Identified 49 clusters
   Cluster 0 survived (C_s=0.27), N=17
   Cluster 1 survived (C_s=0.16), N=12
   Cluster 2 survived (C_s=0.32), N=51
   Cluster 4 survived (C_s=0.24), N=23
   Cluster 6 survived (C_s=0.26), N=44
   Cluster 7 survived (C_s=0.18), N=16
   Cluster 8 survived (C_s=0.36), N=6
   Cluster 9 survived (C_s=0.19), N=11
   Cluster 10 survived (C_s=0.26), N=34
   Cluster 11 survived (C_s=0.23), N=16
   Cluster 12 survived (C_s=0.32), N=39
   Cluster 13 survived (C_s=0.29), N=60
   Cluster 14 survived (C_s=0.14), N=22
   Cluster 15 survived (C_s=0.25), N=33
   Cluster 16 survived (C_s=0.31), N=50
   Cluster 17 survived (C_s=0.22), N=19
   Cluster 18 survived (C_s=0.28), N=67
   Cluster 19 survived (C_s=0.26), N=29
   Cluster 20 survived (C_s=0.23), N=36
   Cluster 21 survived (C_s=0.32), N=11
   Cluster 22 survived (C_s=0.24), N=21
   Cluster 23 survived (C_s=0.34), N=23
   Cluster 24 survived (C_s=0.24), N=20
   Cluster 26 survived (C_s=0.28), N=27
   Cluster 27 survived (C_s=0.31), N=44
   Cluster 29 survived (C_s=0.28), N=40
   Cluster 30 survived (C_s=0.26), N=25
   Cluster 31 survived (C_s=0.30), N=26
   Cluster 32 survived (C_s=0.24), N=31
   Cluster 33 survived (C_s=0.28), N=35
   Cluster 34 survived (C_s=0.22), N=9
   Cluster 35 survived (C_s=0.30), N=51
   Cluster 36 survived (C_s=0.31), N=45
   Cluster 37 survived (C_s=0.21), N=14
   Cluster 38 survived (C_s=0.23), N=32
   Cluster 39 survived (C_s=0.29), N=62
   Cluster 41 survived (C_s=0.28), N=23
   Cluster 42 survived (C_s=0.21), N=16
   Cluster 43 survived (C_s=0.16), N=12
   Cluster 44 survived (C_s=0.31), N=24
   Cluster 46 survived (C_s=0.19), N=14
   Cluster 48 survived (C_s=0.18), N=11
 A total of 1201 stars survived in 42 clusters
 Performing GUMM analysis...

 IL iteration 8
  Performing clustering on array of shape (1201, 2)
  Identified 48 clusters
   Cluster 0 survived (C_s=0.27), N=34
   Cluster 1 survived (C_s=0.29), N=7
   Cluster 2 survived (C_s=0.23), N=35
   Cluster 4 survived (C_s=0.30), N=36
   Cluster 5 survived (C_s=0.19), N=14
   Cluster 6 survived (C_s=0.18), N=11
   Cluster 7 survived (C_s=0.30), N=31
   Cluster 8 survived (C_s=0.23), N=37
   Cluster 9 survived (C_s=0.31), N=48
   Cluster 10 survived (C_s=0.21), N=33
   Cluster 11 survived (C_s=0.26), N=18
   Cluster 12 survived (C_s=0.27), N=39
   Cluster 13 survived (C_s=0.27), N=38
   Cluster 14 survived (C_s=0.26), N=26
   Cluster 15 survived (C_s=0.32), N=32
   Cluster 16 survived (C_s=0.29), N=33
   Cluster 17 survived (C_s=0.36), N=6
   Cluster 18 survived (C_s=0.21), N=25
   Cluster 19 survived (C_s=0.26), N=24
   Cluster 20 survived (C_s=0.16), N=13
   Cluster 21 survived (C_s=0.18), N=15
   Cluster 22 survived (C_s=0.34), N=31
   Cluster 23 survived (C_s=0.32), N=22
   Cluster 24 survived (C_s=0.28), N=20
   Cluster 25 survived (C_s=0.39), N=5
   Cluster 26 survived (C_s=0.29), N=24
   Cluster 27 survived (C_s=0.22), N=31
   Cluster 28 survived (C_s=0.26), N=32
   Cluster 29 survived (C_s=0.16), N=13
   Cluster 30 survived (C_s=0.29), N=35
   Cluster 31 survived (C_s=0.33), N=37
   Cluster 32 survived (C_s=0.22), N=21
   Cluster 33 survived (C_s=0.23), N=13
   Cluster 34 survived (C_s=0.30), N=42
   Cluster 35 survived (C_s=0.27), N=42
   Cluster 36 survived (C_s=0.16), N=12
   Cluster 37 survived (C_s=0.25), N=24
   Cluster 38 survived (C_s=0.32), N=11
   Cluster 39 survived (C_s=0.24), N=15
   Cluster 40 survived (C_s=0.31), N=10
   Cluster 41 survived (C_s=0.31), N=35
   Cluster 42 survived (C_s=0.30), N=56
   Cluster 43 survived (C_s=0.32), N=28
   Cluster 44 survived (C_s=0.30), N=45
   Cluster 45 survived (C_s=0.22), N=9
   Cluster 46 survived (C_s=0.29), N=19
 A total of 1187 stars survived in 46 clusters
 Performing GUMM analysis...

 IL iteration 9
  Performing clustering on array of shape (1187, 2)
  Identified 47 clusters
   Cluster 0 survived (C_s=0.26), N=41
   Cluster 1 survived (C_s=0.29), N=7
   Cluster 2 survived (C_s=0.26), N=13
   Cluster 3 survived (C_s=0.31), N=57
   Cluster 4 survived (C_s=0.19), N=23
   Cluster 5 survived (C_s=0.33), N=26
   Cluster 6 survived (C_s=0.22), N=8
   Cluster 7 survived (C_s=0.22), N=24
   Cluster 8 survived (C_s=0.31), N=44
   Cluster 9 survived (C_s=0.29), N=29
   Cluster 10 survived (C_s=0.32), N=11
   Cluster 11 survived (C_s=0.34), N=28
   Cluster 12 survived (C_s=0.14), N=23
   Cluster 13 survived (C_s=0.32), N=33
   Cluster 14 survived (C_s=0.21), N=17
   Cluster 15 survived (C_s=0.27), N=24
   Cluster 16 survived (C_s=0.28), N=49
   Cluster 17 survived (C_s=0.25), N=34
   Cluster 18 survived (C_s=0.21), N=25
   Cluster 19 survived (C_s=0.29), N=52
   Cluster 20 survived (C_s=0.22), N=9
   Cluster 21 survived (C_s=0.24), N=7
   Cluster 22 survived (C_s=0.25), N=21
   Cluster 23 survived (C_s=0.20), N=13
   Cluster 24 survived (C_s=0.28), N=29
   Cluster 25 survived (C_s=0.28), N=21
   Cluster 26 survived (C_s=0.28), N=35
   Cluster 27 survived (C_s=0.25), N=36
   Cluster 28 survived (C_s=0.36), N=6
   Cluster 29 survived (C_s=0.31), N=48
   Cluster 30 survived (C_s=0.30), N=67
   Cluster 31 survived (C_s=0.29), N=29
   Cluster 32 survived (C_s=0.19), N=16
   Cluster 33 survived (C_s=0.31), N=37
   Cluster 34 survived (C_s=0.28), N=17
   Cluster 35 survived (C_s=0.25), N=12
   Cluster 37 survived (C_s=0.28), N=34
   Cluster 38 survived (C_s=0.30), N=13
   Cluster 39 survived (C_s=0.20), N=13
   Cluster 40 survived (C_s=0.29), N=16
   Cluster 41 survived (C_s=0.26), N=33
   Cluster 42 survived (C_s=0.21), N=23
   Cluster 43 survived (C_s=0.21), N=16
   Cluster 44 survived (C_s=0.31), N=10
   Cluster 45 survived (C_s=0.16), N=12
   Cluster 46 survived (C_s=0.30), N=40
 A total of 1181 stars survived in 46 clusters
 Performing GUMM analysis...

 IL iteration 10
  Performing clustering on array of shape (1181, 2)
  Identified 47 clusters
   Cluster 0 survived (C_s=0.31), N=22
   Cluster 1 survived (C_s=0.29), N=7
   Cluster 2 survived (C_s=0.28), N=36
   Cluster 3 survived (C_s=0.29), N=38
   Cluster 4 survived (C_s=0.25), N=23
   Cluster 5 survived (C_s=0.13), N=17
   Cluster 6 survived (C_s=0.27), N=37
   Cluster 7 survived (C_s=0.29), N=26
   Cluster 8 survived (C_s=0.28), N=33
   Cluster 9 survived (C_s=0.32), N=11
   Cluster 10 survived (C_s=0.22), N=34
   Cluster 11 survived (C_s=0.29), N=16
   Cluster 12 survived (C_s=0.27), N=35
   Cluster 13 survived (C_s=0.30), N=22
   Cluster 14 survived (C_s=0.31), N=47
   Cluster 15 survived (C_s=0.30), N=28
   Cluster 16 survived (C_s=0.28), N=45
   Cluster 17 survived (C_s=0.32), N=25
   Cluster 18 survived (C_s=0.22), N=9
   Cluster 19 survived (C_s=0.27), N=31
   Cluster 20 survived (C_s=0.25), N=28
   Cluster 21 survived (C_s=0.28), N=13
   Cluster 22 survived (C_s=0.21), N=17
   Cluster 23 survived (C_s=0.31), N=29
   Cluster 24 survived (C_s=0.22), N=29
   Cluster 26 survived (C_s=0.19), N=22
   Cluster 27 survived (C_s=0.23), N=24
   Cluster 28 survived (C_s=0.34), N=29
   Cluster 29 survived (C_s=0.25), N=19
   Cluster 30 survived (C_s=0.32), N=33
   Cluster 31 survived (C_s=0.26), N=40
   Cluster 32 survived (C_s=0.30), N=52
   Cluster 33 survived (C_s=0.19), N=16
   Cluster 34 survived (C_s=0.26), N=30
   Cluster 35 survived (C_s=0.17), N=11
   Cluster 36 survived (C_s=0.31), N=41
   Cluster 37 survived (C_s=0.32), N=32
   Cluster 38 survived (C_s=0.33), N=29
   Cluster 39 survived (C_s=0.19), N=14
   Cluster 40 survived (C_s=0.28), N=28
   Cluster 41 survived (C_s=0.24), N=7
   Cluster 42 survived (C_s=0.20), N=13
   Cluster 43 survived (C_s=0.24), N=25
   Cluster 44 survived (C_s=0.31), N=36
   Cluster 45 survived (C_s=0.31), N=10
   Cluster 46 survived (C_s=0.36), N=6
 A total of 1175 stars survived in 46 clusters
 Performing GUMM analysis...

 IL iteration 11
  Performing clustering on array of shape (1175, 2)
  Identified 47 clusters
   Cluster 0 survived (C_s=0.30), N=42
   Cluster 1 survived (C_s=0.29), N=7
   Cluster 2 survived (C_s=0.20), N=20
   Cluster 3 survived (C_s=0.24), N=31
   Cluster 4 survived (C_s=0.26), N=25
   Cluster 5 survived (C_s=0.26), N=26
   Cluster 6 survived (C_s=0.31), N=45
   Cluster 7 survived (C_s=0.28), N=49
   Cluster 8 survived (C_s=0.29), N=37
   Cluster 9 survived (C_s=0.39), N=7
   Cluster 10 survived (C_s=0.16), N=24
   Cluster 11 survived (C_s=0.30), N=24
   Cluster 12 survived (C_s=0.22), N=29
   Cluster 13 survived (C_s=0.28), N=38
   Cluster 14 survived (C_s=0.33), N=19
   Cluster 15 survived (C_s=0.22), N=23
   Cluster 16 survived (C_s=0.29), N=33
   Cluster 17 survived (C_s=0.18), N=16
   Cluster 18 survived (C_s=0.30), N=34
   Cluster 19 survived (C_s=0.22), N=38
   Cluster 20 survived (C_s=0.30), N=33
   Cluster 21 survived (C_s=0.22), N=9
   Cluster 22 survived (C_s=0.27), N=31
   Cluster 23 survived (C_s=0.23), N=23
   Cluster 24 survived (C_s=0.31), N=29
   Cluster 26 survived (C_s=0.19), N=14
   Cluster 27 survived (C_s=0.34), N=32
   Cluster 29 survived (C_s=0.21), N=16
   Cluster 30 survived (C_s=0.34), N=32
   Cluster 31 survived (C_s=0.27), N=21
   Cluster 32 survived (C_s=0.31), N=22
   Cluster 33 survived (C_s=0.24), N=21
   Cluster 34 survived (C_s=0.32), N=30
   Cluster 35 survived (C_s=0.36), N=6
   Cluster 36 survived (C_s=0.25), N=30
   Cluster 37 survived (C_s=0.30), N=35
   Cluster 38 survived (C_s=0.24), N=7
   Cluster 39 survived (C_s=0.21), N=9
   Cluster 40 survived (C_s=0.28), N=12
   Cluster 41 survived (C_s=0.30), N=8
   Cluster 42 survived (C_s=0.22), N=8
   Cluster 43 survived (C_s=0.28), N=40
   Cluster 44 survived (C_s=0.28), N=32
   Cluster 45 survived (C_s=0.28), N=44
   Cluster 46 survived (C_s=0.30), N=52
 A total of 1163 stars survived in 45 clusters
 Performing GUMM analysis...

 IL iteration 12
  Performing clustering on array of shape (1163, 2)
  Identified 46 clusters
   Cluster 0 survived (C_s=0.26), N=38
   Cluster 1 survived (C_s=0.29), N=7
   Cluster 2 survived (C_s=0.28), N=26
   Cluster 3 survived (C_s=0.20), N=30
   Cluster 4 survived (C_s=0.29), N=34
   Cluster 5 survived (C_s=0.36), N=6
   Cluster 6 survived (C_s=0.33), N=14
   Cluster 7 survived (C_s=0.31), N=38
   Cluster 8 survived (C_s=0.30), N=55
   Cluster 9 survived (C_s=0.33), N=12
   Cluster 11 survived (C_s=0.23), N=23
   Cluster 12 survived (C_s=0.25), N=28
   Cluster 13 survived (C_s=0.17), N=11
   Cluster 14 survived (C_s=0.28), N=34
   Cluster 15 survived (C_s=0.25), N=16
   Cluster 16 survived (C_s=0.24), N=26
   Cluster 17 survived (C_s=0.30), N=32
   Cluster 18 survived (C_s=0.33), N=42
   Cluster 19 survived (C_s=0.22), N=14
   Cluster 20 survived (C_s=0.30), N=31
   Cluster 21 survived (C_s=0.17), N=10
   Cluster 22 survived (C_s=0.29), N=27
   Cluster 23 survived (C_s=0.24), N=7
   Cluster 24 survived (C_s=0.31), N=34
   Cluster 25 survived (C_s=0.25), N=22
   Cluster 26 survived (C_s=0.22), N=9
   Cluster 27 survived (C_s=0.26), N=41
   Cluster 28 survived (C_s=0.26), N=26
   Cluster 29 survived (C_s=0.29), N=32
   Cluster 30 survived (C_s=0.22), N=33
   Cluster 31 survived (C_s=0.29), N=34
   Cluster 32 survived (C_s=0.32), N=35
   Cluster 33 survived (C_s=0.28), N=12
   Cluster 34 survived (C_s=0.19), N=16
   Cluster 35 survived (C_s=0.30), N=47
   Cluster 36 survived (C_s=0.27), N=20
   Cluster 37 survived (C_s=0.24), N=18
   Cluster 38 survived (C_s=0.23), N=22
   Cluster 39 survived (C_s=0.19), N=14
   Cluster 40 survived (C_s=0.30), N=23
   Cluster 41 survived (C_s=0.29), N=20
   Cluster 42 survived (C_s=0.26), N=26
   Cluster 43 survived (C_s=0.22), N=17
   Cluster 44 survived (C_s=0.30), N=43
   Cluster 45 survived (C_s=0.32), N=48
 A total of 1153 stars survived in 45 clusters
 Performing GUMM analysis...

 IL iteration 13
  Performing clustering on array of shape (1153, 2)
  Identified 46 clusters
   Cluster 0 survived (C_s=0.29), N=51
   Cluster 1 survived (C_s=0.29), N=7
   Cluster 2 survived (C_s=0.27), N=33
   Cluster 3 survived (C_s=0.22), N=20
   Cluster 4 survived (C_s=0.20), N=21
   Cluster 5 survived (C_s=0.19), N=16
   Cluster 6 survived (C_s=0.27), N=34
   Cluster 7 survived (C_s=0.30), N=27
   Cluster 8 survived (C_s=0.20), N=16
   Cluster 9 survived (C_s=0.33), N=26
   Cluster 10 survived (C_s=0.22), N=43
   Cluster 11 survived (C_s=0.33), N=37
   Cluster 12 survived (C_s=0.24), N=7
   Cluster 13 survived (C_s=0.18), N=17
   Cluster 14 survived (C_s=0.22), N=9
   Cluster 15 survived (C_s=0.27), N=22
   Cluster 16 survived (C_s=0.31), N=44
   Cluster 17 survived (C_s=0.23), N=35
   Cluster 18 survived (C_s=0.30), N=40
   Cluster 19 survived (C_s=0.31), N=17
   Cluster 20 survived (C_s=0.36), N=6
   Cluster 21 survived (C_s=0.26), N=38
   Cluster 22 survived (C_s=0.31), N=25
   Cluster 23 survived (C_s=0.32), N=45
   Cluster 24 survived (C_s=0.24), N=21
   Cluster 25 survived (C_s=0.27), N=38
   Cluster 26 survived (C_s=0.28), N=49
   Cluster 27 survived (C_s=0.22), N=14
   Cluster 28 survived (C_s=0.29), N=11
   Cluster 29 survived (C_s=0.39), N=5
   Cluster 30 survived (C_s=0.29), N=23
   Cluster 31 survived (C_s=0.25), N=36
   Cluster 32 survived (C_s=0.27), N=59
   Cluster 33 survived (C_s=0.19), N=14
   Cluster 34 survived (C_s=0.23), N=27
   Cluster 35 survived (C_s=0.36), N=19
   Cluster 36 survived (C_s=0.36), N=12
   Cluster 38 survived (C_s=0.31), N=15
   Cluster 39 survived (C_s=0.29), N=30
   Cluster 40 survived (C_s=0.22), N=12
   Cluster 41 survived (C_s=0.27), N=28
   Cluster 42 survived (C_s=0.31), N=19
   Cluster 43 survived (C_s=0.39), N=8
   Cluster 44 survived (C_s=0.30), N=38
   Cluster 45 survived (C_s=0.31), N=36
 A total of 1150 stars survived in 45 clusters
 Performing GUMM analysis...

 IL iteration 14
  Performing clustering on array of shape (1150, 2)
  Identified 46 clusters
   Cluster 0 survived (C_s=0.29), N=37
   Cluster 1 survived (C_s=0.29), N=7
   Cluster 2 survived (C_s=0.28), N=34
   Cluster 3 survived (C_s=0.22), N=22
   Cluster 4 survived (C_s=0.30), N=36
   Cluster 5 survived (C_s=0.30), N=29
   Cluster 6 survived (C_s=0.17), N=15
   Cluster 7 survived (C_s=0.26), N=48
   Cluster 8 survived (C_s=0.24), N=10
   Cluster 9 survived (C_s=0.22), N=18
   Cluster 10 survived (C_s=0.24), N=27
   Cluster 11 survived (C_s=0.30), N=50
   Cluster 12 survived (C_s=0.28), N=12
   Cluster 13 survived (C_s=0.24), N=7
   Cluster 14 survived (C_s=0.22), N=9
   Cluster 15 survived (C_s=0.16), N=12
   Cluster 16 survived (C_s=0.24), N=27
   Cluster 17 survived (C_s=0.32), N=64
   Cluster 18 survived (C_s=0.27), N=27
   Cluster 19 survived (C_s=0.26), N=36
   Cluster 20 survived (C_s=0.36), N=6
   Cluster 21 survived (C_s=0.25), N=34
   Cluster 22 survived (C_s=0.30), N=47
   Cluster 23 survived (C_s=0.30), N=26
   Cluster 24 survived (C_s=0.30), N=48
   Cluster 25 survived (C_s=0.32), N=38
   Cluster 26 survived (C_s=0.28), N=18
   Cluster 27 survived (C_s=0.32), N=43
   Cluster 28 survived (C_s=0.39), N=7
   Cluster 29 survived (C_s=0.21), N=16
   Cluster 30 survived (C_s=0.22), N=13
   Cluster 31 survived (C_s=0.29), N=52
   Cluster 32 survived (C_s=0.31), N=19
   Cluster 33 survived (C_s=0.26), N=26
   Cluster 34 survived (C_s=0.39), N=5
   Cluster 35 survived (C_s=0.31), N=10
   Cluster 36 survived (C_s=0.21), N=27
   Cluster 37 survived (C_s=0.19), N=14
   Cluster 38 survived (C_s=0.22), N=29
   Cluster 39 survived (C_s=0.33), N=36
   Cluster 40 survived (C_s=0.21), N=16
   Cluster 41 survived (C_s=0.25), N=19
   Cluster 42 survived (C_s=0.25), N=7
   Cluster 43 survived (C_s=0.33), N=30
   Cluster 44 survived (C_s=0.29), N=23
   Cluster 45 survived (C_s=0.30), N=14
 All clusters survived, N=1150
Performing final GUMM analysis...
Performing KDE analysis...

P>(.5, .75, .9, .95, .99): 1324, 1295, 1272, 1245, 1197

--------------------------------------------------------
OL run 22
Standard scale: removed mean and scaled to unit variance
 Selected N=2 PCA features
 Variance ratio:  0.51, 0.27

 IL iteration 1
  Performing clustering on array of shape (6857, 2)
  Identified 274 clusters
   Cluster 3 survived (C_s=0.05), N=48
   Cluster 5 survived (C_s=0.14), N=21
   Cluster 6 survived (C_s=0.10), N=32
   Cluster 28 survived (C_s=0.05), N=35
   Cluster 33 survived (C_s=0.08), N=30
   Cluster 41 survived (C_s=0.28), N=86
   Cluster 42 survived (C_s=0.11), N=18
   Cluster 43 survived (C_s=0.10), N=40
   Cluster 56 survived (C_s=0.04), N=50
   Cluster 58 survived (C_s=0.25), N=98
   Cluster 59 survived (C_s=0.06), N=34
   Cluster 64 survived (C_s=0.03), N=56
   Cluster 69 survived (C_s=0.05), N=41
   Cluster 73 survived (C_s=0.14), N=15
   Cluster 79 survived (C_s=0.09), N=40
   Cluster 86 survived (C_s=0.07), N=29
   Cluster 88 survived (C_s=0.29), N=126
   Cluster 97 survived (C_s=0.12), N=17
   Cluster 104 survived (C_s=0.06), N=35
   Cluster 111 survived (C_s=0.07), N=23
   Cluster 113 survived (C_s=0.06), N=37
   Cluster 118 survived (C_s=0.20), N=114
   Cluster 120 survived (C_s=0.27), N=140
   Cluster 124 survived (C_s=0.03), N=58
   Cluster 131 survived (C_s=0.28), N=130
   Cluster 132 survived (C_s=0.11), N=42
   Cluster 140 survived (C_s=0.12), N=21
   Cluster 151 survived (C_s=0.06), N=33
   Cluster 158 survived (C_s=0.06), N=38
   Cluster 160 survived (C_s=0.09), N=40
   Cluster 162 survived (C_s=0.29), N=112
   Cluster 167 survived (C_s=0.20), N=29
   Cluster 168 survived (C_s=0.06), N=46
   Cluster 171 survived (C_s=0.05), N=44
   Cluster 189 survived (C_s=0.04), N=45
   Cluster 195 survived (C_s=0.06), N=36
   Cluster 197 survived (C_s=0.16), N=44
   Cluster 204 survived (C_s=0.07), N=29
   Cluster 207 survived (C_s=0.17), N=103
   Cluster 212 survived (C_s=0.24), N=92
   Cluster 248 survived (C_s=0.24), N=89
   Cluster 254 survived (C_s=0.23), N=74
   Cluster 259 survived (C_s=0.05), N=38
   Cluster 262 survived (C_s=0.08), N=43
   Cluster 267 survived (C_s=0.06), N=38
   Cluster 273 survived (C_s=0.11), N=18
 A total of 2407 stars survived in 46 clusters
 Performing GUMM analysis...
 Rejected 86 stars as non-members

 IL iteration 2
  Performing clustering on array of shape (2321, 2)
  Identified 92 clusters
   Cluster 0 survived (C_s=0.09), N=27
   Cluster 1 survived (C_s=0.21), N=82
   Cluster 4 survived (C_s=0.26), N=93
   Cluster 5 survived (C_s=0.16), N=33
   Cluster 7 survived (C_s=0.07), N=24
   Cluster 9 survived (C_s=0.21), N=57
   Cluster 13 survived (C_s=0.15), N=25
   Cluster 16 survived (C_s=0.13), N=22
   Cluster 17 survived (C_s=0.31), N=97
   Cluster 18 survived (C_s=0.18), N=24
   Cluster 20 survived (C_s=0.08), N=27
   Cluster 24 survived (C_s=0.09), N=24
   Cluster 28 survived (C_s=0.27), N=65
   Cluster 29 survived (C_s=0.12), N=15
   Cluster 31 survived (C_s=0.07), N=32
   Cluster 35 survived (C_s=0.10), N=31
   Cluster 36 survived (C_s=0.28), N=54
   Cluster 37 survived (C_s=0.09), N=23
   Cluster 39 survived (C_s=0.20), N=18
   Cluster 40 survived (C_s=0.15), N=15
   Cluster 43 survived (C_s=0.24), N=72
   Cluster 45 survived (C_s=0.09), N=28
   Cluster 47 survived (C_s=0.12), N=18
   Cluster 50 survived (C_s=0.13), N=14
   Cluster 53 survived (C_s=0.11), N=33
   Cluster 54 survived (C_s=0.20), N=60
   Cluster 62 survived (C_s=0.30), N=99
   Cluster 63 survived (C_s=0.24), N=50
   Cluster 65 survived (C_s=0.07), N=25
   Cluster 66 survived (C_s=0.14), N=13
   Cluster 69 survived (C_s=0.11), N=15
   Cluster 71 survived (C_s=0.25), N=30
   Cluster 76 survived (C_s=0.23), N=42
   Cluster 79 survived (C_s=0.31), N=58
   Cluster 80 survived (C_s=0.29), N=80
   Cluster 82 survived (C_s=0.13), N=28
   Cluster 83 survived (C_s=0.14), N=13
   Cluster 84 survived (C_s=0.24), N=79
   Cluster 88 survived (C_s=0.18), N=38
   Cluster 90 survived (C_s=0.29), N=88
 A total of 1671 stars survived in 40 clusters
 Performing GUMM analysis...
 Rejected 30 stars as non-members

 IL iteration 3
  Performing clustering on array of shape (1641, 2)
  Identified 65 clusters
   Cluster 0 survived (C_s=0.30), N=56
   Cluster 4 survived (C_s=0.15), N=12
   Cluster 6 survived (C_s=0.25), N=40
   Cluster 8 survived (C_s=0.28), N=84
   Cluster 10 survived (C_s=0.16), N=15
   Cluster 12 survived (C_s=0.20), N=11
   Cluster 13 survived (C_s=0.16), N=15
   Cluster 16 survived (C_s=0.13), N=14
   Cluster 17 survived (C_s=0.30), N=60
   Cluster 18 survived (C_s=0.14), N=31
   Cluster 19 survived (C_s=0.27), N=9
   Cluster 20 survived (C_s=0.13), N=23
   Cluster 21 survived (C_s=0.20), N=19
   Cluster 23 survived (C_s=0.18), N=11
   Cluster 24 survived (C_s=0.16), N=19
   Cluster 25 survived (C_s=0.29), N=68
   Cluster 26 survived (C_s=0.23), N=73
   Cluster 27 survived (C_s=0.26), N=68
   Cluster 31 survived (C_s=0.20), N=32
   Cluster 36 survived (C_s=0.28), N=99
   Cluster 38 survived (C_s=0.17), N=49
   Cluster 39 survived (C_s=0.24), N=31
   Cluster 44 survived (C_s=0.16), N=12
   Cluster 45 survived (C_s=0.28), N=83
   Cluster 47 survived (C_s=0.20), N=17
   Cluster 49 survived (C_s=0.17), N=28
   Cluster 50 survived (C_s=0.22), N=37
   Cluster 51 survived (C_s=0.28), N=41
   Cluster 53 survived (C_s=0.20), N=26
   Cluster 54 survived (C_s=0.29), N=12
   Cluster 55 survived (C_s=0.31), N=67
   Cluster 57 survived (C_s=0.23), N=47
   Cluster 58 survived (C_s=0.30), N=51
   Cluster 59 survived (C_s=0.24), N=55
   Cluster 60 survived (C_s=0.26), N=13
   Cluster 61 survived (C_s=0.28), N=49
 A total of 1377 stars survived in 36 clusters
 Performing GUMM analysis...
 Rejected 23 stars as non-members

 IL iteration 4
  Performing clustering on array of shape (1354, 2)
  Identified 54 clusters
   Cluster 1 survived (C_s=0.28), N=31
   Cluster 2 survived (C_s=0.16), N=15
   Cluster 3 survived (C_s=0.18), N=12
   Cluster 4 survived (C_s=0.19), N=10
   Cluster 5 survived (C_s=0.29), N=66
   Cluster 6 survived (C_s=0.18), N=11
   Cluster 7 survived (C_s=0.17), N=17
   Cluster 8 survived (C_s=0.21), N=12
   Cluster 9 survived (C_s=0.29), N=15
   Cluster 10 survived (C_s=0.31), N=68
   Cluster 11 survived (C_s=0.26), N=34
   Cluster 12 survived (C_s=0.20), N=9
   Cluster 13 survived (C_s=0.21), N=19
   Cluster 14 survived (C_s=0.29), N=34
   Cluster 15 survived (C_s=0.27), N=12
   Cluster 16 survived (C_s=0.26), N=49
   Cluster 17 survived (C_s=0.29), N=59
   Cluster 18 survived (C_s=0.16), N=24
   Cluster 19 survived (C_s=0.28), N=47
   Cluster 20 survived (C_s=0.31), N=37
   Cluster 21 survived (C_s=0.13), N=19
   Cluster 22 survived (C_s=0.26), N=28
   Cluster 23 survived (C_s=0.31), N=54
   Cluster 24 survived (C_s=0.21), N=21
   Cluster 25 survived (C_s=0.29), N=43
   Cluster 26 survived (C_s=0.22), N=13
   Cluster 28 survived (C_s=0.25), N=21
   Cluster 30 survived (C_s=0.28), N=61
   Cluster 31 survived (C_s=0.18), N=10
   Cluster 32 survived (C_s=0.16), N=12
   Cluster 33 survived (C_s=0.29), N=11
   Cluster 34 survived (C_s=0.28), N=8
   Cluster 35 survived (C_s=0.31), N=45
   Cluster 36 survived (C_s=0.29), N=39
   Cluster 37 survived (C_s=0.16), N=20
   Cluster 38 survived (C_s=0.25), N=48
   Cluster 39 survived (C_s=0.30), N=45
   Cluster 41 survived (C_s=0.17), N=28
   Cluster 42 survived (C_s=0.29), N=37
   Cluster 43 survived (C_s=0.28), N=38
   Cluster 44 survived (C_s=0.27), N=20
   Cluster 45 survived (C_s=0.26), N=32
   Cluster 46 survived (C_s=0.21), N=31
   Cluster 47 survived (C_s=0.26), N=11
   Cluster 50 survived (C_s=0.17), N=17
   Cluster 51 survived (C_s=0.21), N=12
   Cluster 52 survived (C_s=0.30), N=12
 A total of 1317 stars survived in 47 clusters
 Performing GUMM analysis...

 IL iteration 5
  Performing clustering on array of shape (1317, 2)
  Identified 52 clusters
   Cluster 0 survived (C_s=0.34), N=32
   Cluster 3 survived (C_s=0.21), N=19
   Cluster 4 survived (C_s=0.16), N=15
   Cluster 5 survived (C_s=0.18), N=11
   Cluster 6 survived (C_s=0.23), N=38
   Cluster 7 survived (C_s=0.26), N=42
   Cluster 8 survived (C_s=0.16), N=12
   Cluster 9 survived (C_s=0.28), N=44
   Cluster 10 survived (C_s=0.29), N=45
   Cluster 11 survived (C_s=0.15), N=17
   Cluster 12 survived (C_s=0.31), N=34
   Cluster 13 survived (C_s=0.26), N=14
   Cluster 14 survived (C_s=0.25), N=41
   Cluster 15 survived (C_s=0.30), N=12
   Cluster 16 survived (C_s=0.29), N=50
   Cluster 17 survived (C_s=0.25), N=21
   Cluster 18 survived (C_s=0.19), N=26
   Cluster 20 survived (C_s=0.32), N=9
   Cluster 21 survived (C_s=0.29), N=37
   Cluster 22 survived (C_s=0.26), N=45
   Cluster 23 survived (C_s=0.30), N=45
   Cluster 24 survived (C_s=0.32), N=44
   Cluster 25 survived (C_s=0.28), N=36
   Cluster 26 survived (C_s=0.22), N=11
   Cluster 27 survived (C_s=0.19), N=19
   Cluster 28 survived (C_s=0.22), N=10
   Cluster 29 survived (C_s=0.21), N=23
   Cluster 30 survived (C_s=0.25), N=30
   Cluster 32 survived (C_s=0.17), N=15
   Cluster 33 survived (C_s=0.28), N=25
   Cluster 34 survived (C_s=0.12), N=14
   Cluster 35 survived (C_s=0.32), N=59
   Cluster 36 survived (C_s=0.25), N=36
   Cluster 37 survived (C_s=0.31), N=56
   Cluster 39 survived (C_s=0.28), N=63
   Cluster 40 survived (C_s=0.26), N=33
   Cluster 41 survived (C_s=0.18), N=10
   Cluster 42 survived (C_s=0.22), N=15
   Cluster 43 survived (C_s=0.26), N=7
   Cluster 45 survived (C_s=0.22), N=25
   Cluster 46 survived (C_s=0.19), N=18
   Cluster 47 survived (C_s=0.27), N=45
   Cluster 48 survived (C_s=0.28), N=13
   Cluster 49 survived (C_s=0.17), N=22
   Cluster 50 survived (C_s=0.30), N=32
   Cluster 51 survived (C_s=0.22), N=13
 A total of 1283 stars survived in 46 clusters
 Performing GUMM analysis...

 IL iteration 6
  Performing clustering on array of shape (1283, 2)
  Identified 51 clusters
   Cluster 0 survived (C_s=0.32), N=42
   Cluster 1 survived (C_s=0.16), N=15
   Cluster 2 survived (C_s=0.22), N=30
   Cluster 3 survived (C_s=0.24), N=11
   Cluster 4 survived (C_s=0.27), N=47
   Cluster 5 survived (C_s=0.15), N=18
   Cluster 6 survived (C_s=0.26), N=9
   Cluster 7 survived (C_s=0.17), N=21
   Cluster 8 survived (C_s=0.25), N=23
   Cluster 9 survived (C_s=0.29), N=45
   Cluster 10 survived (C_s=0.31), N=45
   Cluster 11 survived (C_s=0.26), N=40
   Cluster 12 survived (C_s=0.32), N=29
   Cluster 14 survived (C_s=0.32), N=54
   Cluster 15 survived (C_s=0.28), N=36
   Cluster 16 survived (C_s=0.13), N=15
   Cluster 17 survived (C_s=0.25), N=33
   Cluster 18 survived (C_s=0.25), N=19
   Cluster 19 survived (C_s=0.27), N=26
   Cluster 20 survived (C_s=0.16), N=11
   Cluster 22 survived (C_s=0.17), N=18
   Cluster 23 survived (C_s=0.22), N=11
   Cluster 24 survived (C_s=0.25), N=30
   Cluster 26 survived (C_s=0.17), N=22
   Cluster 27 survived (C_s=0.32), N=10
   Cluster 28 survived (C_s=0.26), N=29
   Cluster 29 survived (C_s=0.32), N=9
   Cluster 30 survived (C_s=0.30), N=58
   Cluster 31 survived (C_s=0.23), N=24
   Cluster 32 survived (C_s=0.26), N=14
   Cluster 33 survived (C_s=0.28), N=36
   Cluster 34 survived (C_s=0.23), N=11
   Cluster 35 survived (C_s=0.26), N=37
   Cluster 36 survived (C_s=0.24), N=51
   Cluster 37 survived (C_s=0.26), N=7
   Cluster 38 survived (C_s=0.31), N=42
   Cluster 39 survived (C_s=0.30), N=25
   Cluster 40 survived (C_s=0.18), N=21
   Cluster 41 survived (C_s=0.30), N=29
   Cluster 42 survived (C_s=0.28), N=32
   Cluster 44 survived (C_s=0.22), N=17
   Cluster 45 survived (C_s=0.29), N=40
   Cluster 46 survived (C_s=0.30), N=29
   Cluster 47 survived (C_s=0.20), N=19
   Cluster 49 survived (C_s=0.33), N=43
   Cluster 50 survived (C_s=0.19), N=23
 A total of 1256 stars survived in 46 clusters
 Performing GUMM analysis...

 IL iteration 7
  Performing clustering on array of shape (1256, 2)
  Identified 50 clusters
   Cluster 0 survived (C_s=0.26), N=45
   Cluster 2 survived (C_s=0.25), N=31
   Cluster 3 survived (C_s=0.16), N=11
   Cluster 4 survived (C_s=0.27), N=41
   Cluster 5 survived (C_s=0.28), N=9
   Cluster 7 survived (C_s=0.28), N=40
   Cluster 8 survived (C_s=0.14), N=12
   Cluster 9 survived (C_s=0.27), N=26
   Cluster 10 survived (C_s=0.30), N=33
   Cluster 11 survived (C_s=0.22), N=19
   Cluster 12 survived (C_s=0.30), N=60
   Cluster 13 survived (C_s=0.27), N=39
   Cluster 14 survived (C_s=0.30), N=16
   Cluster 15 survived (C_s=0.24), N=15
   Cluster 16 survived (C_s=0.25), N=15
   Cluster 17 survived (C_s=0.27), N=47
   Cluster 18 survived (C_s=0.17), N=24
   Cluster 19 survived (C_s=0.18), N=21
   Cluster 20 survived (C_s=0.30), N=27
   Cluster 21 survived (C_s=0.27), N=25
   Cluster 22 survived (C_s=0.28), N=35
   Cluster 23 survived (C_s=0.13), N=15
   Cluster 24 survived (C_s=0.21), N=30
   Cluster 25 survived (C_s=0.26), N=7
   Cluster 26 survived (C_s=0.31), N=40
   Cluster 27 survived (C_s=0.27), N=47
   Cluster 28 survived (C_s=0.31), N=51
   Cluster 29 survived (C_s=0.33), N=24
   Cluster 30 survived (C_s=0.23), N=11
   Cluster 31 survived (C_s=0.17), N=26
   Cluster 32 survived (C_s=0.35), N=7
   Cluster 33 survived (C_s=0.32), N=27
   Cluster 34 survived (C_s=0.19), N=11
   Cluster 36 survived (C_s=0.26), N=23
   Cluster 37 survived (C_s=0.33), N=30
   Cluster 38 survived (C_s=0.26), N=9
   Cluster 39 survived (C_s=0.31), N=7
   Cluster 41 survived (C_s=0.32), N=30
   Cluster 42 survived (C_s=0.22), N=23
   Cluster 43 survived (C_s=0.17), N=16
   Cluster 44 survived (C_s=0.28), N=51
   Cluster 46 survived (C_s=0.29), N=56
   Cluster 47 survived (C_s=0.23), N=27
   Cluster 48 survived (C_s=0.31), N=23
   Cluster 49 survived (C_s=0.26), N=38
 A total of 1220 stars survived in 45 clusters
 Performing GUMM analysis...

 IL iteration 8
  Performing clustering on array of shape (1220, 2)
  Identified 48 clusters
   Cluster 0 survived (C_s=0.21), N=15
   Cluster 1 survived (C_s=0.28), N=66
   Cluster 2 survived (C_s=0.13), N=15
   Cluster 3 survived (C_s=0.28), N=38
   Cluster 4 survived (C_s=0.27), N=26
   Cluster 5 survived (C_s=0.18), N=10
   Cluster 6 survived (C_s=0.32), N=49
   Cluster 7 survived (C_s=0.21), N=22
   Cluster 8 survived (C_s=0.27), N=27
   Cluster 10 survived (C_s=0.30), N=43
   Cluster 11 survived (C_s=0.30), N=53
   Cluster 12 survived (C_s=0.32), N=34
   Cluster 13 survived (C_s=0.39), N=5
   Cluster 14 survived (C_s=0.29), N=44
   Cluster 15 survived (C_s=0.17), N=19
   Cluster 16 survived (C_s=0.19), N=18
   Cluster 17 survived (C_s=0.26), N=23
   Cluster 18 survived (C_s=0.29), N=29
   Cluster 19 survived (C_s=0.32), N=9
   Cluster 20 survived (C_s=0.28), N=14
   Cluster 21 survived (C_s=0.22), N=10
   Cluster 22 survived (C_s=0.29), N=33
   Cluster 23 survived (C_s=0.29), N=15
   Cluster 24 survived (C_s=0.23), N=32
   Cluster 25 survived (C_s=0.33), N=29
   Cluster 26 survived (C_s=0.26), N=48
   Cluster 27 survived (C_s=0.15), N=16
   Cluster 28 survived (C_s=0.30), N=60
   Cluster 29 survived (C_s=0.26), N=11
   Cluster 30 survived (C_s=0.31), N=38
   Cluster 31 survived (C_s=0.24), N=11
   Cluster 32 survived (C_s=0.14), N=13
   Cluster 33 survived (C_s=0.20), N=21
   Cluster 35 survived (C_s=0.31), N=33
   Cluster 36 survived (C_s=0.26), N=17
   Cluster 37 survived (C_s=0.29), N=39
   Cluster 38 survived (C_s=0.27), N=31
   Cluster 39 survived (C_s=0.21), N=16
   Cluster 40 survived (C_s=0.21), N=8
   Cluster 41 survived (C_s=0.31), N=52
   Cluster 42 survived (C_s=0.20), N=23
   Cluster 43 survived (C_s=0.22), N=25
   Cluster 44 survived (C_s=0.31), N=34
   Cluster 45 survived (C_s=0.20), N=16
   Cluster 46 survived (C_s=0.31), N=6
   Cluster 47 survived (C_s=0.24), N=13
 A total of 1209 stars survived in 46 clusters
 Performing GUMM analysis...

 IL iteration 9
  Performing clustering on array of shape (1209, 2)
  Identified 48 clusters
   Cluster 0 survived (C_s=0.29), N=27
   Cluster 1 survived (C_s=0.14), N=13
   Cluster 2 survived (C_s=0.28), N=26
   Cluster 3 survived (C_s=0.34), N=25
   Cluster 5 survived (C_s=0.28), N=33
   Cluster 6 survived (C_s=0.26), N=26
   Cluster 7 survived (C_s=0.19), N=23
   Cluster 8 survived (C_s=0.31), N=41
   Cluster 9 survived (C_s=0.28), N=9
   Cluster 10 survived (C_s=0.32), N=42
   Cluster 11 survived (C_s=0.25), N=30
   Cluster 12 survived (C_s=0.22), N=10
   Cluster 13 survived (C_s=0.22), N=25
   Cluster 14 survived (C_s=0.28), N=19
   Cluster 15 survived (C_s=0.28), N=14
   Cluster 16 survived (C_s=0.28), N=49
   Cluster 17 survived (C_s=0.26), N=28
   Cluster 18 survived (C_s=0.22), N=15
   Cluster 19 survived (C_s=0.27), N=17
   Cluster 20 survived (C_s=0.29), N=43
   Cluster 21 survived (C_s=0.32), N=49
   Cluster 22 survived (C_s=0.24), N=13
   Cluster 23 survived (C_s=0.24), N=35
   Cluster 24 survived (C_s=0.32), N=9
   Cluster 25 survived (C_s=0.27), N=13
   Cluster 26 survived (C_s=0.20), N=31
   Cluster 27 survived (C_s=0.31), N=24
   Cluster 28 survived (C_s=0.29), N=43
   Cluster 29 survived (C_s=0.28), N=33
   Cluster 30 survived (C_s=0.25), N=10
   Cluster 31 survived (C_s=0.19), N=25
   Cluster 32 survived (C_s=0.28), N=36
   Cluster 33 survived (C_s=0.28), N=27
   Cluster 34 survived (C_s=0.28), N=19
   Cluster 35 survived (C_s=0.25), N=10
   Cluster 36 survived (C_s=0.27), N=35
   Cluster 38 survived (C_s=0.31), N=36
   Cluster 39 survived (C_s=0.24), N=19
   Cluster 40 survived (C_s=0.26), N=8
   Cluster 41 survived (C_s=0.20), N=28
   Cluster 42 survived (C_s=0.30), N=45
   Cluster 43 survived (C_s=0.29), N=39
   Cluster 44 survived (C_s=0.24), N=7
   Cluster 45 survived (C_s=0.28), N=50
   Cluster 46 survived (C_s=0.23), N=15
   Cluster 47 survived (C_s=0.26), N=19
 A total of 1193 stars survived in 46 clusters
 Performing GUMM analysis...
 Rejected 83 stars as non-members

 IL iteration 10
  Performing clustering on array of shape (1110, 2)
  Identified 44 clusters
   Cluster 0 survived (C_s=0.30), N=39
   Cluster 1 survived (C_s=0.33), N=27
   Cluster 2 survived (C_s=0.26), N=14
   Cluster 3 survived (C_s=0.23), N=16
   Cluster 4 survived (C_s=0.30), N=40
   Cluster 5 survived (C_s=0.26), N=30
   Cluster 6 survived (C_s=0.33), N=38
   Cluster 7 survived (C_s=0.38), N=9
   Cluster 8 survived (C_s=0.26), N=44
   Cluster 9 survived (C_s=0.35), N=11
   Cluster 10 survived (C_s=0.27), N=16
   Cluster 11 survived (C_s=0.30), N=43
   Cluster 12 survived (C_s=0.30), N=37
   Cluster 13 survived (C_s=0.29), N=18
   Cluster 14 survived (C_s=0.31), N=44
   Cluster 15 survived (C_s=0.24), N=21
   Cluster 16 survived (C_s=0.31), N=50
   Cluster 17 survived (C_s=0.30), N=34
   Cluster 18 survived (C_s=0.31), N=9
   Cluster 19 survived (C_s=0.23), N=14
   Cluster 20 survived (C_s=0.34), N=34
   Cluster 21 survived (C_s=0.23), N=10
   Cluster 22 survived (C_s=0.24), N=22
   Cluster 23 survived (C_s=0.30), N=13
   Cluster 24 survived (C_s=0.31), N=38
   Cluster 25 survived (C_s=0.34), N=21
   Cluster 26 survived (C_s=0.28), N=55
   Cluster 27 survived (C_s=0.31), N=27
   Cluster 28 survived (C_s=0.32), N=45
   Cluster 30 survived (C_s=0.30), N=22
   Cluster 31 survived (C_s=0.32), N=43
   Cluster 32 survived (C_s=0.30), N=22
   Cluster 33 survived (C_s=0.29), N=15
   Cluster 35 survived (C_s=0.21), N=10
   Cluster 36 survived (C_s=0.29), N=59
   Cluster 37 survived (C_s=0.30), N=11
   Cluster 38 survived (C_s=0.31), N=8
   Cluster 39 survived (C_s=0.26), N=28
   Cluster 40 survived (C_s=0.26), N=21
   Cluster 41 survived (C_s=0.27), N=21
   Cluster 42 survived (C_s=0.33), N=16
   Cluster 43 survived (C_s=0.41), N=5
 A total of 1100 stars survived in 42 clusters
 Performing GUMM analysis...

 IL iteration 11
  Performing clustering on array of shape (1100, 2)
  Identified 44 clusters
   Cluster 0 survived (C_s=0.31), N=36
   Cluster 1 survived (C_s=0.33), N=15
   Cluster 2 survived (C_s=0.25), N=20
   Cluster 3 survived (C_s=0.32), N=32
   Cluster 4 survived (C_s=0.27), N=10
   Cluster 5 survived (C_s=0.41), N=5
   Cluster 6 survived (C_s=0.31), N=62
   Cluster 7 survived (C_s=0.31), N=43
   Cluster 8 survived (C_s=0.31), N=21
   Cluster 9 survived (C_s=0.31), N=31
   Cluster 10 survived (C_s=0.31), N=43
   Cluster 11 survived (C_s=0.29), N=35
   Cluster 12 survived (C_s=0.35), N=11
   Cluster 13 survived (C_s=0.33), N=26
   Cluster 14 survived (C_s=0.27), N=40
   Cluster 15 survived (C_s=0.30), N=35
   Cluster 16 survived (C_s=0.31), N=23
   Cluster 17 survived (C_s=0.30), N=42
   Cluster 18 survived (C_s=0.26), N=26
   Cluster 19 survived (C_s=0.38), N=13
   Cluster 20 survived (C_s=0.20), N=11
   Cluster 21 survived (C_s=0.29), N=42
   Cluster 22 survived (C_s=0.31), N=29
   Cluster 23 survived (C_s=0.25), N=21
   Cluster 24 survived (C_s=0.33), N=12
   Cluster 25 survived (C_s=0.29), N=25
   Cluster 26 survived (C_s=0.24), N=9
   Cluster 27 survived (C_s=0.31), N=46
   Cluster 28 survived (C_s=0.26), N=28
   Cluster 29 survived (C_s=0.30), N=11
   Cluster 30 survived (C_s=0.26), N=10
   Cluster 31 survived (C_s=0.26), N=20
   Cluster 32 survived (C_s=0.32), N=29
   Cluster 33 survived (C_s=0.32), N=50
   Cluster 34 survived (C_s=0.32), N=29
   Cluster 35 survived (C_s=0.27), N=21
   Cluster 36 survived (C_s=0.26), N=7
   Cluster 37 survived (C_s=0.26), N=29
   Cluster 38 survived (C_s=0.32), N=23
   Cluster 39 survived (C_s=0.31), N=7
   Cluster 40 survived (C_s=0.36), N=25
   Cluster 41 survived (C_s=0.24), N=15
   Cluster 42 survived (C_s=0.25), N=19
   Cluster 43 survived (C_s=0.25), N=13
 All clusters survived, N=1100
Performing final GUMM analysis...
Performing KDE analysis...

P>(.5, .75, .9, .95, .99): 1323, 1295, 1272, 1244, 1194

--------------------------------------------------------
OL run 23
Standard scale: removed mean and scaled to unit variance
 Selected N=2 PCA features
 Variance ratio:  0.51, 0.27

 IL iteration 1
  Performing clustering on array of shape (6857, 2)
  Identified 274 clusters
   Cluster 6 survived (C_s=0.29), N=110
   Cluster 17 survived (C_s=0.26), N=61
   Cluster 29 survived (C_s=0.24), N=95
   Cluster 31 survived (C_s=0.06), N=35
   Cluster 33 survived (C_s=0.22), N=51
   Cluster 44 survived (C_s=0.10), N=20
   Cluster 51 survived (C_s=0.06), N=28
   Cluster 63 survived (C_s=0.04), N=64
   Cluster 76 survived (C_s=0.11), N=70
   Cluster 77 survived (C_s=0.31), N=111
   Cluster 81 survived (C_s=0.08), N=27
   Cluster 85 survived (C_s=0.30), N=87
   Cluster 90 survived (C_s=0.20), N=21
   Cluster 91 survived (C_s=0.26), N=65
   Cluster 94 survived (C_s=0.08), N=24
   Cluster 95 survived (C_s=0.16), N=48
   Cluster 102 survived (C_s=0.21), N=38
   Cluster 106 survived (C_s=0.17), N=32
   Cluster 108 survived (C_s=0.06), N=32
   Cluster 109 survived (C_s=0.05), N=38
   Cluster 112 survived (C_s=0.07), N=31
   Cluster 116 survived (C_s=0.08), N=25
   Cluster 120 survived (C_s=0.06), N=32
   Cluster 126 survived (C_s=0.08), N=28
   Cluster 136 survived (C_s=0.04), N=49
   Cluster 138 survived (C_s=0.06), N=37
   Cluster 141 survived (C_s=0.26), N=62
   Cluster 143 survived (C_s=0.05), N=38
   Cluster 151 survived (C_s=0.06), N=38
   Cluster 167 survived (C_s=0.05), N=42
   Cluster 168 survived (C_s=0.17), N=51
   Cluster 171 survived (C_s=0.27), N=88
   Cluster 178 survived (C_s=0.09), N=38
   Cluster 180 survived (C_s=0.05), N=38
   Cluster 197 survived (C_s=0.22), N=12
   Cluster 198 survived (C_s=0.05), N=43
   Cluster 199 survived (C_s=0.30), N=102
   Cluster 200 survived (C_s=0.05), N=44
   Cluster 201 survived (C_s=0.06), N=38
   Cluster 205 survived (C_s=0.21), N=85
   Cluster 211 survived (C_s=0.06), N=56
   Cluster 221 survived (C_s=0.04), N=41
   Cluster 223 survived (C_s=0.05), N=38
   Cluster 224 survived (C_s=0.23), N=93
   Cluster 229 survived (C_s=0.05), N=48
   Cluster 231 survived (C_s=0.05), N=37
   Cluster 232 survived (C_s=0.06), N=32
   Cluster 238 survived (C_s=0.10), N=41
   Cluster 239 survived (C_s=0.10), N=17
   Cluster 241 survived (C_s=0.07), N=37
   Cluster 242 survived (C_s=0.10), N=50
   Cluster 252 survived (C_s=0.04), N=40
   Cluster 266 survived (C_s=0.07), N=40
 A total of 2548 stars survived in 53 clusters
 Performing GUMM analysis...

 IL iteration 2
  Performing clustering on array of shape (2548, 2)
  Identified 101 clusters
   Cluster 1 survived (C_s=0.17), N=64
   Cluster 5 survived (C_s=0.15), N=26
   Cluster 8 survived (C_s=0.08), N=25
   Cluster 10 survived (C_s=0.21), N=54
   Cluster 11 survived (C_s=0.29), N=88
   Cluster 12 survived (C_s=0.11), N=16
   Cluster 17 survived (C_s=0.09), N=21
   Cluster 21 survived (C_s=0.17), N=16
   Cluster 24 survived (C_s=0.17), N=12
   Cluster 25 survived (C_s=0.10), N=20
   Cluster 26 survived (C_s=0.29), N=111
   Cluster 28 survived (C_s=0.07), N=27
   Cluster 31 survived (C_s=0.05), N=38
   Cluster 34 survived (C_s=0.30), N=100
   Cluster 36 survived (C_s=0.31), N=138
   Cluster 38 survived (C_s=0.10), N=39
   Cluster 40 survived (C_s=0.27), N=48
   Cluster 46 survived (C_s=0.19), N=84
   Cluster 52 survived (C_s=0.09), N=22
   Cluster 54 survived (C_s=0.10), N=19
   Cluster 58 survived (C_s=0.14), N=18
   Cluster 64 survived (C_s=0.21), N=40
   Cluster 66 survived (C_s=0.29), N=75
   Cluster 69 survived (C_s=0.08), N=26
   Cluster 72 survived (C_s=0.27), N=120
   Cluster 73 survived (C_s=0.25), N=113
   Cluster 74 survived (C_s=0.09), N=20
   Cluster 77 survived (C_s=0.12), N=15
   Cluster 79 survived (C_s=0.12), N=15
   Cluster 84 survived (C_s=0.15), N=42
   Cluster 92 survived (C_s=0.10), N=25
   Cluster 93 survived (C_s=0.20), N=35
   Cluster 94 survived (C_s=0.16), N=28
   Cluster 96 survived (C_s=0.22), N=46
   Cluster 97 survived (C_s=0.21), N=15
   Cluster 100 survived (C_s=0.13), N=31
 A total of 1632 stars survived in 36 clusters
 Performing GUMM analysis...
 Rejected 50 stars as non-members

 IL iteration 3
  Performing clustering on array of shape (1582, 2)
  Identified 63 clusters
   Cluster 0 survived (C_s=0.12), N=23
   Cluster 1 survived (C_s=0.28), N=98
   Cluster 2 survived (C_s=0.17), N=11
   Cluster 3 survived (C_s=0.22), N=66
   Cluster 5 survived (C_s=0.13), N=18
   Cluster 6 survived (C_s=0.18), N=25
   Cluster 7 survived (C_s=0.19), N=18
   Cluster 8 survived (C_s=0.21), N=10
   Cluster 13 survived (C_s=0.28), N=50
   Cluster 14 survived (C_s=0.23), N=48
   Cluster 16 survived (C_s=0.17), N=13
   Cluster 18 survived (C_s=0.16), N=27
   Cluster 20 survived (C_s=0.27), N=67
   Cluster 22 survived (C_s=0.32), N=100
   Cluster 23 survived (C_s=0.31), N=89
   Cluster 25 survived (C_s=0.32), N=68
   Cluster 26 survived (C_s=0.19), N=10
   Cluster 31 survived (C_s=0.26), N=52
   Cluster 33 survived (C_s=0.18), N=16
   Cluster 34 survived (C_s=0.28), N=38
   Cluster 35 survived (C_s=0.23), N=11
   Cluster 38 survived (C_s=0.28), N=54
   Cluster 39 survived (C_s=0.27), N=81
   Cluster 41 survived (C_s=0.16), N=26
   Cluster 42 survived (C_s=0.17), N=11
   Cluster 44 survived (C_s=0.18), N=15
   Cluster 46 survived (C_s=0.18), N=25
   Cluster 47 survived (C_s=0.29), N=37
   Cluster 48 survived (C_s=0.25), N=72
   Cluster 49 survived (C_s=0.18), N=24
   Cluster 50 survived (C_s=0.19), N=26
   Cluster 51 survived (C_s=0.27), N=9
   Cluster 53 survived (C_s=0.14), N=15
   Cluster 59 survived (C_s=0.24), N=36
   Cluster 60 survived (C_s=0.24), N=50
 A total of 1339 stars survived in 35 clusters
 Performing GUMM analysis...
 Rejected 23 stars as non-members

 IL iteration 4
  Performing clustering on array of shape (1316, 2)
  Identified 52 clusters
   Cluster 0 survived (C_s=0.26), N=60
   Cluster 2 survived (C_s=0.16), N=14
   Cluster 3 survived (C_s=0.19), N=11
   Cluster 4 survived (C_s=0.17), N=13
   Cluster 5 survived (C_s=0.17), N=19
   Cluster 6 survived (C_s=0.27), N=64
   Cluster 8 survived (C_s=0.24), N=32
   Cluster 9 survived (C_s=0.17), N=11
   Cluster 11 survived (C_s=0.28), N=44
   Cluster 12 survived (C_s=0.19), N=10
   Cluster 14 survived (C_s=0.29), N=45
   Cluster 15 survived (C_s=0.22), N=15
   Cluster 16 survived (C_s=0.24), N=23
   Cluster 17 survived (C_s=0.34), N=39
   Cluster 18 survived (C_s=0.20), N=14
   Cluster 19 survived (C_s=0.27), N=67
   Cluster 20 survived (C_s=0.32), N=42
   Cluster 21 survived (C_s=0.15), N=19
   Cluster 23 survived (C_s=0.30), N=36
   Cluster 24 survived (C_s=0.22), N=12
   Cluster 25 survived (C_s=0.17), N=10
   Cluster 26 survived (C_s=0.25), N=16
   Cluster 28 survived (C_s=0.33), N=50
   Cluster 29 survived (C_s=0.23), N=39
   Cluster 30 survived (C_s=0.17), N=23
   Cluster 31 survived (C_s=0.20), N=18
   Cluster 32 survived (C_s=0.31), N=25
   Cluster 35 survived (C_s=0.27), N=44
   Cluster 36 survived (C_s=0.30), N=34
   Cluster 37 survived (C_s=0.22), N=24
   Cluster 39 survived (C_s=0.13), N=23
   Cluster 40 survived (C_s=0.17), N=12
   Cluster 41 survived (C_s=0.15), N=34
   Cluster 42 survived (C_s=0.31), N=41
   Cluster 43 survived (C_s=0.18), N=12
   Cluster 44 survived (C_s=0.27), N=35
   Cluster 48 survived (C_s=0.29), N=73
   Cluster 49 survived (C_s=0.30), N=45
   Cluster 50 survived (C_s=0.31), N=45
   Cluster 51 survived (C_s=0.29), N=53
 A total of 1246 stars survived in 40 clusters
 Performing GUMM analysis...

 IL iteration 5
  Performing clustering on array of shape (1246, 2)
  Identified 49 clusters
   Cluster 0 survived (C_s=0.20), N=39
   Cluster 2 survived (C_s=0.29), N=37
   Cluster 4 survived (C_s=0.22), N=34
   Cluster 5 survived (C_s=0.24), N=7
   Cluster 6 survived (C_s=0.30), N=55
   Cluster 7 survived (C_s=0.20), N=9
   Cluster 9 survived (C_s=0.32), N=53
   Cluster 10 survived (C_s=0.26), N=40
   Cluster 11 survived (C_s=0.27), N=35
   Cluster 13 survived (C_s=0.28), N=45
   Cluster 14 survived (C_s=0.29), N=36
   Cluster 15 survived (C_s=0.28), N=37
   Cluster 16 survived (C_s=0.15), N=17
   Cluster 18 survived (C_s=0.22), N=22
   Cluster 20 survived (C_s=0.33), N=36
   Cluster 21 survived (C_s=0.22), N=24
   Cluster 22 survived (C_s=0.22), N=12
   Cluster 23 survived (C_s=0.33), N=57
   Cluster 24 survived (C_s=0.29), N=44
   Cluster 25 survived (C_s=0.19), N=13
   Cluster 26 survived (C_s=0.19), N=27
   Cluster 27 survived (C_s=0.25), N=52
   Cluster 28 survived (C_s=0.27), N=43
   Cluster 30 survived (C_s=0.31), N=14
   Cluster 31 survived (C_s=0.32), N=40
   Cluster 33 survived (C_s=0.27), N=22
   Cluster 34 survived (C_s=0.31), N=28
   Cluster 35 survived (C_s=0.26), N=58
   Cluster 36 survived (C_s=0.19), N=13
   Cluster 37 survived (C_s=0.17), N=29
   Cluster 38 survived (C_s=0.29), N=29
   Cluster 39 survived (C_s=0.25), N=10
   Cluster 40 survived (C_s=0.28), N=41
   Cluster 41 survived (C_s=0.25), N=18
   Cluster 43 survived (C_s=0.16), N=20
   Cluster 44 survived (C_s=0.28), N=48
   Cluster 46 survived (C_s=0.15), N=19
   Cluster 47 survived (C_s=0.25), N=7
   Cluster 48 survived (C_s=0.27), N=21
 A total of 1191 stars survived in 39 clusters
 Performing GUMM analysis...

 IL iteration 6
  Performing clustering on array of shape (1191, 2)
  Identified 47 clusters
   Cluster 0 survived (C_s=0.33), N=28
   Cluster 1 survived (C_s=0.24), N=7
   Cluster 2 survived (C_s=0.26), N=24
   Cluster 3 survived (C_s=0.19), N=11
   Cluster 4 survived (C_s=0.28), N=39
   Cluster 5 survived (C_s=0.27), N=21
   Cluster 6 survived (C_s=0.30), N=23
   Cluster 7 survived (C_s=0.30), N=45
   Cluster 8 survived (C_s=0.30), N=21
   Cluster 9 survived (C_s=0.18), N=15
   Cluster 10 survived (C_s=0.25), N=7
   Cluster 11 survived (C_s=0.21), N=31
   Cluster 12 survived (C_s=0.33), N=38
   Cluster 13 survived (C_s=0.17), N=23
   Cluster 14 survived (C_s=0.34), N=24
   Cluster 15 survived (C_s=0.23), N=32
   Cluster 16 survived (C_s=0.15), N=18
   Cluster 17 survived (C_s=0.26), N=54
   Cluster 18 survived (C_s=0.18), N=10
   Cluster 19 survived (C_s=0.34), N=7
   Cluster 20 survived (C_s=0.15), N=16
   Cluster 21 survived (C_s=0.24), N=12
   Cluster 22 survived (C_s=0.23), N=18
   Cluster 23 survived (C_s=0.26), N=37
   Cluster 24 survived (C_s=0.31), N=45
   Cluster 25 survived (C_s=0.34), N=45
   Cluster 26 survived (C_s=0.27), N=20
   Cluster 27 survived (C_s=0.15), N=22
   Cluster 28 survived (C_s=0.24), N=40
   Cluster 29 survived (C_s=0.29), N=53
   Cluster 31 survived (C_s=0.21), N=17
   Cluster 32 survived (C_s=0.23), N=33
   Cluster 33 survived (C_s=0.25), N=17
   Cluster 34 survived (C_s=0.31), N=14
   Cluster 35 survived (C_s=0.24), N=20
   Cluster 36 survived (C_s=0.34), N=38
   Cluster 38 survived (C_s=0.28), N=23
   Cluster 39 survived (C_s=0.27), N=43
   Cluster 40 survived (C_s=0.19), N=26
   Cluster 41 survived (C_s=0.23), N=23
   Cluster 42 survived (C_s=0.29), N=24
   Cluster 43 survived (C_s=0.22), N=17
   Cluster 44 survived (C_s=0.35), N=23
   Cluster 45 survived (C_s=0.30), N=47
   Cluster 46 survived (C_s=0.28), N=30
 A total of 1181 stars survived in 45 clusters
 Performing GUMM analysis...

 IL iteration 7
  Performing clustering on array of shape (1181, 2)
  Identified 47 clusters
   Cluster 0 survived (C_s=0.31), N=23
   Cluster 1 survived (C_s=0.33), N=48
   Cluster 2 survived (C_s=0.24), N=7
   Cluster 3 survived (C_s=0.26), N=36
   Cluster 5 survived (C_s=0.26), N=7
   Cluster 6 survived (C_s=0.26), N=39
   Cluster 7 survived (C_s=0.24), N=29
   Cluster 8 survived (C_s=0.34), N=36
   Cluster 9 survived (C_s=0.24), N=39
   Cluster 10 survived (C_s=0.23), N=9
   Cluster 11 survived (C_s=0.29), N=30
   Cluster 12 survived (C_s=0.28), N=61
   Cluster 13 survived (C_s=0.24), N=11
   Cluster 14 survived (C_s=0.30), N=46
   Cluster 15 survived (C_s=0.21), N=22
   Cluster 16 survived (C_s=0.25), N=7
   Cluster 17 survived (C_s=0.24), N=21
   Cluster 18 survived (C_s=0.16), N=12
   Cluster 19 survived (C_s=0.20), N=25
   Cluster 20 survived (C_s=0.20), N=35
   Cluster 21 survived (C_s=0.25), N=18
   Cluster 22 survived (C_s=0.26), N=43
   Cluster 23 survived (C_s=0.20), N=9
   Cluster 24 survived (C_s=0.31), N=48
   Cluster 25 survived (C_s=0.25), N=28
   Cluster 26 survived (C_s=0.27), N=23
   Cluster 27 survived (C_s=0.26), N=32
   Cluster 28 survived (C_s=0.26), N=21
   Cluster 29 survived (C_s=0.28), N=34
   Cluster 30 survived (C_s=0.30), N=42
   Cluster 31 survived (C_s=0.18), N=15
   Cluster 32 survived (C_s=0.19), N=12
   Cluster 33 survived (C_s=0.26), N=39
   Cluster 35 survived (C_s=0.28), N=21
   Cluster 36 survived (C_s=0.32), N=28
   Cluster 38 survived (C_s=0.22), N=23
   Cluster 39 survived (C_s=0.34), N=25
   Cluster 41 survived (C_s=0.32), N=12
   Cluster 42 survived (C_s=0.25), N=11
   Cluster 43 survived (C_s=0.15), N=14
   Cluster 44 survived (C_s=0.31), N=32
   Cluster 45 survived (C_s=0.29), N=39
   Cluster 46 survived (C_s=0.32), N=34
 A total of 1146 stars survived in 43 clusters
 Performing GUMM analysis...
 Rejected 37 stars as non-members

 IL iteration 8
  Performing clustering on array of shape (1109, 2)
  Identified 44 clusters
   Cluster 0 survived (C_s=0.30), N=53
   Cluster 1 survived (C_s=0.24), N=7
   Cluster 2 survived (C_s=0.28), N=30
   Cluster 3 survived (C_s=0.24), N=17
   Cluster 4 survived (C_s=0.29), N=58
   Cluster 5 survived (C_s=0.29), N=27
   Cluster 6 survived (C_s=0.21), N=14
   Cluster 7 survived (C_s=0.25), N=8
   Cluster 8 survived (C_s=0.31), N=48
   Cluster 9 survived (C_s=0.29), N=21
   Cluster 10 survived (C_s=0.25), N=22
   Cluster 11 survived (C_s=0.28), N=21
   Cluster 12 survived (C_s=0.30), N=44
   Cluster 13 survived (C_s=0.30), N=37
   Cluster 14 survived (C_s=0.25), N=7
   Cluster 15 survived (C_s=0.34), N=30
   Cluster 16 survived (C_s=0.27), N=23
   Cluster 17 survived (C_s=0.26), N=42
   Cluster 18 survived (C_s=0.33), N=23
   Cluster 19 survived (C_s=0.20), N=23
   Cluster 20 survived (C_s=0.26), N=44
   Cluster 21 survived (C_s=0.22), N=14
   Cluster 22 survived (C_s=0.25), N=11
   Cluster 24 survived (C_s=0.36), N=6
   Cluster 25 survived (C_s=0.29), N=53
   Cluster 26 survived (C_s=0.33), N=18
   Cluster 27 survived (C_s=0.33), N=25
   Cluster 28 survived (C_s=0.27), N=21
   Cluster 29 survived (C_s=0.31), N=31
   Cluster 30 survived (C_s=0.33), N=39
   Cluster 31 survived (C_s=0.21), N=17
   Cluster 32 survived (C_s=0.33), N=18
   Cluster 33 survived (C_s=0.28), N=18
   Cluster 34 survived (C_s=0.26), N=9
   Cluster 35 survived (C_s=0.24), N=23
   Cluster 36 survived (C_s=0.24), N=24
   Cluster 37 survived (C_s=0.21), N=15
   Cluster 38 survived (C_s=0.31), N=45
   Cluster 39 survived (C_s=0.33), N=49
   Cluster 40 survived (C_s=0.32), N=12
   Cluster 41 survived (C_s=0.29), N=10
   Cluster 42 survived (C_s=0.29), N=29
   Cluster 43 survived (C_s=0.27), N=17
 A total of 1103 stars survived in 43 clusters
 Performing GUMM analysis...

 IL iteration 9
  Performing clustering on array of shape (1103, 2)
  Identified 44 clusters
   Cluster 0 survived (C_s=0.30), N=36
   Cluster 1 survived (C_s=0.24), N=7
   Cluster 2 survived (C_s=0.21), N=25
   Cluster 3 survived (C_s=0.30), N=21
   Cluster 4 survived (C_s=0.25), N=27
   Cluster 5 survived (C_s=0.21), N=17
   Cluster 6 survived (C_s=0.21), N=15
   Cluster 7 survived (C_s=0.34), N=43
   Cluster 8 survived (C_s=0.27), N=33
   Cluster 9 survived (C_s=0.27), N=21
   Cluster 10 survived (C_s=0.26), N=24
   Cluster 11 survived (C_s=0.31), N=40
   Cluster 12 survived (C_s=0.31), N=26
   Cluster 13 survived (C_s=0.27), N=35
   Cluster 14 survived (C_s=0.27), N=40
   Cluster 15 survived (C_s=0.24), N=27
   Cluster 16 survived (C_s=0.21), N=9
   Cluster 17 survived (C_s=0.23), N=17
   Cluster 18 survived (C_s=0.35), N=30
   Cluster 19 survived (C_s=0.32), N=37
   Cluster 20 survived (C_s=0.28), N=30
   Cluster 21 survived (C_s=0.25), N=7
   Cluster 22 survived (C_s=0.34), N=35
   Cluster 23 survived (C_s=0.25), N=21
   Cluster 24 survived (C_s=0.28), N=8
   Cluster 25 survived (C_s=0.35), N=14
   Cluster 26 survived (C_s=0.27), N=24
   Cluster 27 survived (C_s=0.20), N=15
   Cluster 28 survived (C_s=0.26), N=29
   Cluster 29 survived (C_s=0.36), N=11
   Cluster 30 survived (C_s=0.29), N=25
   Cluster 31 survived (C_s=0.32), N=48
   Cluster 32 survived (C_s=0.27), N=37
   Cluster 33 survived (C_s=0.31), N=39
   Cluster 34 survived (C_s=0.23), N=19
   Cluster 35 survived (C_s=0.28), N=27
   Cluster 36 survived (C_s=0.26), N=9
   Cluster 37 survived (C_s=0.28), N=28
   Cluster 38 survived (C_s=0.31), N=14
   Cluster 39 survived (C_s=0.29), N=39
   Cluster 40 survived (C_s=0.26), N=22
   Cluster 41 survived (C_s=0.29), N=15
   Cluster 42 survived (C_s=0.33), N=49
   Cluster 43 survived (C_s=0.28), N=8
 All clusters survived, N=1103
Performing final GUMM analysis...
Performing KDE analysis...

P>(.5, .75, .9, .95, .99): 1322, 1294, 1270, 1244, 1192

--------------------------------------------------------
OL run 24
Standard scale: removed mean and scaled to unit variance
 Selected N=2 PCA features
 Variance ratio:  0.51, 0.27

 IL iteration 1
  Performing clustering on array of shape (6857, 2)
  Identified 274 clusters
   Cluster 0 survived (C_s=0.20), N=129
   Cluster 3 survived (C_s=0.06), N=28
   Cluster 7 survived (C_s=0.05), N=36
   Cluster 17 survived (C_s=0.07), N=49
   Cluster 23 survived (C_s=0.27), N=92
   Cluster 38 survived (C_s=0.18), N=13
   Cluster 39 survived (C_s=0.07), N=23
   Cluster 47 survived (C_s=0.28), N=103
   Cluster 49 survived (C_s=0.06), N=32
   Cluster 54 survived (C_s=0.24), N=90
   Cluster 68 survived (C_s=0.21), N=74
   Cluster 86 survived (C_s=0.10), N=34
   Cluster 98 survived (C_s=0.12), N=76
   Cluster 99 survived (C_s=0.10), N=19
   Cluster 108 survived (C_s=0.05), N=43
   Cluster 109 survived (C_s=0.21), N=15
   Cluster 113 survived (C_s=0.03), N=64
   Cluster 119 survived (C_s=0.11), N=35
   Cluster 120 survived (C_s=0.11), N=88
   Cluster 122 survived (C_s=0.04), N=49
   Cluster 123 survived (C_s=0.05), N=50
   Cluster 125 survived (C_s=0.09), N=23
   Cluster 126 survived (C_s=0.06), N=32
   Cluster 127 survived (C_s=0.29), N=107
   Cluster 130 survived (C_s=0.09), N=43
   Cluster 137 survived (C_s=0.22), N=31
   Cluster 154 survived (C_s=0.04), N=53
   Cluster 157 survived (C_s=0.29), N=116
   Cluster 158 survived (C_s=0.25), N=98
   Cluster 161 survived (C_s=0.05), N=34
   Cluster 164 survived (C_s=0.05), N=54
   Cluster 170 survived (C_s=0.06), N=47
   Cluster 177 survived (C_s=0.11), N=30
   Cluster 184 survived (C_s=0.12), N=17
   Cluster 191 survived (C_s=0.05), N=58
   Cluster 195 survived (C_s=0.28), N=59
   Cluster 203 survived (C_s=0.08), N=53
   Cluster 218 survived (C_s=0.24), N=82
   Cluster 223 survived (C_s=0.22), N=40
   Cluster 224 survived (C_s=0.27), N=84
   Cluster 228 survived (C_s=0.29), N=60
   Cluster 238 survived (C_s=0.04), N=40
   Cluster 247 survived (C_s=0.05), N=35
   Cluster 257 survived (C_s=0.12), N=21
   Cluster 273 survived (C_s=0.09), N=20
 A total of 2379 stars survived in 45 clusters
 Performing GUMM analysis...

 IL iteration 2
  Performing clustering on array of shape (2379, 2)
  Identified 95 clusters
   Cluster 1 survived (C_s=0.20), N=61
   Cluster 5 survived (C_s=0.23), N=87
   Cluster 6 survived (C_s=0.09), N=19
   Cluster 8 survived (C_s=0.09), N=20
   Cluster 12 survived (C_s=0.12), N=17
   Cluster 15 survived (C_s=0.17), N=16
   Cluster 17 survived (C_s=0.29), N=93
   Cluster 26 survived (C_s=0.28), N=89
   Cluster 27 survived (C_s=0.25), N=7
   Cluster 29 survived (C_s=0.11), N=25
   Cluster 31 survived (C_s=0.18), N=25
   Cluster 32 survived (C_s=0.16), N=11
   Cluster 38 survived (C_s=0.26), N=34
   Cluster 42 survived (C_s=0.29), N=109
   Cluster 44 survived (C_s=0.15), N=25
   Cluster 45 survived (C_s=0.10), N=20
   Cluster 46 survived (C_s=0.18), N=25
   Cluster 48 survived (C_s=0.22), N=88
   Cluster 49 survived (C_s=0.15), N=19
   Cluster 51 survived (C_s=0.25), N=65
   Cluster 56 survived (C_s=0.24), N=46
   Cluster 57 survived (C_s=0.17), N=55
   Cluster 59 survived (C_s=0.29), N=124
   Cluster 61 survived (C_s=0.12), N=28
   Cluster 64 survived (C_s=0.28), N=119
   Cluster 72 survived (C_s=0.14), N=46
   Cluster 77 survived (C_s=0.22), N=22
   Cluster 79 survived (C_s=0.25), N=93
   Cluster 80 survived (C_s=0.10), N=27
   Cluster 93 survived (C_s=0.25), N=74
 A total of 1489 stars survived in 30 clusters
 Performing GUMM analysis...
 Rejected 66 stars as non-members

 IL iteration 3
  Performing clustering on array of shape (1423, 2)
  Identified 56 clusters
   Cluster 0 survived (C_s=0.30), N=74
   Cluster 1 survived (C_s=0.24), N=8
   Cluster 4 survived (C_s=0.21), N=20
   Cluster 5 survived (C_s=0.18), N=21
   Cluster 9 survived (C_s=0.26), N=48
   Cluster 12 survived (C_s=0.27), N=49
   Cluster 13 survived (C_s=0.31), N=54
   Cluster 14 survived (C_s=0.31), N=12
   Cluster 15 survived (C_s=0.28), N=73
   Cluster 16 survived (C_s=0.30), N=73
   Cluster 18 survived (C_s=0.17), N=23
   Cluster 20 survived (C_s=0.18), N=26
   Cluster 22 survived (C_s=0.26), N=33
   Cluster 25 survived (C_s=0.23), N=20
   Cluster 26 survived (C_s=0.21), N=46
   Cluster 27 survived (C_s=0.28), N=72
   Cluster 28 survived (C_s=0.23), N=12
   Cluster 31 survived (C_s=0.24), N=15
   Cluster 32 survived (C_s=0.25), N=37
   Cluster 33 survived (C_s=0.24), N=34
   Cluster 34 survived (C_s=0.22), N=49
   Cluster 36 survived (C_s=0.25), N=22
   Cluster 37 survived (C_s=0.23), N=33
   Cluster 38 survived (C_s=0.15), N=11
   Cluster 40 survived (C_s=0.29), N=56
   Cluster 41 survived (C_s=0.25), N=35
   Cluster 42 survived (C_s=0.29), N=51
   Cluster 43 survived (C_s=0.19), N=16
   Cluster 44 survived (C_s=0.29), N=20
   Cluster 45 survived (C_s=0.31), N=46
   Cluster 46 survived (C_s=0.28), N=49
   Cluster 48 survived (C_s=0.21), N=11
   Cluster 50 survived (C_s=0.21), N=27
   Cluster 51 survived (C_s=0.28), N=26
   Cluster 54 survived (C_s=0.25), N=64
   Cluster 55 survived (C_s=0.15), N=20
 A total of 1286 stars survived in 36 clusters
 Performing GUMM analysis...

 IL iteration 4
  Performing clustering on array of shape (1286, 2)
  Identified 51 clusters
   Cluster 0 survived (C_s=0.28), N=38
   Cluster 1 survived (C_s=0.24), N=8
   Cluster 2 survived (C_s=0.26), N=26
   Cluster 3 survived (C_s=0.23), N=27
   Cluster 4 survived (C_s=0.18), N=17
   Cluster 6 survived (C_s=0.24), N=24
   Cluster 7 survived (C_s=0.19), N=16
   Cluster 8 survived (C_s=0.27), N=68
   Cluster 9 survived (C_s=0.27), N=37
   Cluster 10 survived (C_s=0.15), N=11
   Cluster 11 survived (C_s=0.21), N=11
   Cluster 12 survived (C_s=0.31), N=35
   Cluster 13 survived (C_s=0.22), N=20
   Cluster 14 survived (C_s=0.31), N=47
   Cluster 15 survived (C_s=0.30), N=41
   Cluster 16 survived (C_s=0.31), N=37
   Cluster 17 survived (C_s=0.23), N=26
   Cluster 18 survived (C_s=0.27), N=29
   Cluster 19 survived (C_s=0.17), N=13
   Cluster 20 survived (C_s=0.23), N=11
   Cluster 21 survived (C_s=0.26), N=50
   Cluster 22 survived (C_s=0.31), N=45
   Cluster 23 survived (C_s=0.19), N=23
   Cluster 24 survived (C_s=0.31), N=41
   Cluster 25 survived (C_s=0.27), N=10
   Cluster 26 survived (C_s=0.25), N=15
   Cluster 28 survived (C_s=0.22), N=10
   Cluster 29 survived (C_s=0.22), N=18
   Cluster 30 survived (C_s=0.21), N=17
   Cluster 31 survived (C_s=0.37), N=6
   Cluster 33 survived (C_s=0.17), N=21
   Cluster 34 survived (C_s=0.24), N=35
   Cluster 35 survived (C_s=0.31), N=45
   Cluster 36 survived (C_s=0.22), N=12
   Cluster 37 survived (C_s=0.30), N=40
   Cluster 38 survived (C_s=0.30), N=38
   Cluster 39 survived (C_s=0.28), N=21
   Cluster 40 survived (C_s=0.29), N=43
   Cluster 41 survived (C_s=0.23), N=19
   Cluster 42 survived (C_s=0.29), N=28
   Cluster 43 survived (C_s=0.28), N=16
   Cluster 44 survived (C_s=0.26), N=28
   Cluster 45 survived (C_s=0.26), N=16
   Cluster 46 survived (C_s=0.20), N=26
   Cluster 47 survived (C_s=0.31), N=56
   Cluster 48 survived (C_s=0.27), N=31
   Cluster 49 survived (C_s=0.27), N=7
 A total of 1259 stars survived in 47 clusters
 Performing GUMM analysis...

 IL iteration 5
  Performing clustering on array of shape (1259, 2)
  Identified 50 clusters
   Cluster 0 survived (C_s=0.26), N=10
   Cluster 1 survived (C_s=0.28), N=37
   Cluster 3 survived (C_s=0.31), N=41
   Cluster 4 survived (C_s=0.20), N=12
   Cluster 5 survived (C_s=0.21), N=19
   Cluster 6 survived (C_s=0.16), N=11
   Cluster 7 survived (C_s=0.24), N=14
   Cluster 8 survived (C_s=0.30), N=33
   Cluster 9 survived (C_s=0.25), N=41
   Cluster 10 survived (C_s=0.21), N=11
   Cluster 11 survived (C_s=0.15), N=11
   Cluster 12 survived (C_s=0.25), N=19
   Cluster 13 survived (C_s=0.29), N=27
   Cluster 14 survived (C_s=0.28), N=26
   Cluster 15 survived (C_s=0.20), N=28
   Cluster 16 survived (C_s=0.28), N=31
   Cluster 17 survived (C_s=0.33), N=43
   Cluster 18 survived (C_s=0.17), N=19
   Cluster 19 survived (C_s=0.32), N=45
   Cluster 20 survived (C_s=0.22), N=25
   Cluster 21 survived (C_s=0.31), N=32
   Cluster 22 survived (C_s=0.19), N=27
   Cluster 23 survived (C_s=0.22), N=12
   Cluster 24 survived (C_s=0.30), N=51
   Cluster 25 survived (C_s=0.31), N=35
   Cluster 26 survived (C_s=0.21), N=9
   Cluster 27 survived (C_s=0.31), N=8
   Cluster 28 survived (C_s=0.27), N=40
   Cluster 29 survived (C_s=0.25), N=19
   Cluster 30 survived (C_s=0.25), N=37
   Cluster 31 survived (C_s=0.18), N=16
   Cluster 32 survived (C_s=0.33), N=46
   Cluster 33 survived (C_s=0.28), N=44
   Cluster 34 survived (C_s=0.23), N=32
   Cluster 35 survived (C_s=0.21), N=11
   Cluster 36 survived (C_s=0.23), N=12
   Cluster 37 survived (C_s=0.23), N=23
   Cluster 38 survived (C_s=0.29), N=14
   Cluster 39 survived (C_s=0.32), N=25
   Cluster 41 survived (C_s=0.25), N=19
   Cluster 42 survived (C_s=0.28), N=40
   Cluster 43 survived (C_s=0.23), N=24
   Cluster 44 survived (C_s=0.28), N=22
   Cluster 45 survived (C_s=0.27), N=23
   Cluster 46 survived (C_s=0.28), N=21
   Cluster 47 survived (C_s=0.29), N=39
   Cluster 48 survived (C_s=0.23), N=38
   Cluster 49 survived (C_s=0.24), N=29
 A total of 1251 stars survived in 48 clusters
 Performing GUMM analysis...

 IL iteration 6
  Performing clustering on array of shape (1251, 2)
  Identified 50 clusters
   Cluster 0 survived (C_s=0.28), N=43
   Cluster 1 survived (C_s=0.23), N=33
   Cluster 2 survived (C_s=0.19), N=24
   Cluster 4 survived (C_s=0.26), N=38
   Cluster 6 survived (C_s=0.29), N=35
   Cluster 7 survived (C_s=0.32), N=51
   Cluster 8 survived (C_s=0.22), N=27
   Cluster 9 survived (C_s=0.17), N=26
   Cluster 10 survived (C_s=0.28), N=26
   Cluster 12 survived (C_s=0.15), N=11
   Cluster 13 survived (C_s=0.32), N=20
   Cluster 14 survived (C_s=0.28), N=24
   Cluster 15 survived (C_s=0.20), N=10
   Cluster 16 survived (C_s=0.24), N=10
   Cluster 17 survived (C_s=0.30), N=30
   Cluster 18 survived (C_s=0.23), N=33
   Cluster 19 survived (C_s=0.26), N=40
   Cluster 20 survived (C_s=0.26), N=56
   Cluster 21 survived (C_s=0.26), N=23
   Cluster 22 survived (C_s=0.29), N=18
   Cluster 23 survived (C_s=0.32), N=33
   Cluster 24 survived (C_s=0.32), N=42
   Cluster 25 survived (C_s=0.37), N=20
   Cluster 26 survived (C_s=0.31), N=40
   Cluster 27 survived (C_s=0.25), N=25
   Cluster 28 survived (C_s=0.25), N=22
   Cluster 29 survived (C_s=0.24), N=16
   Cluster 30 survived (C_s=0.30), N=52
   Cluster 31 survived (C_s=0.28), N=32
   Cluster 32 survived (C_s=0.24), N=15
   Cluster 33 survived (C_s=0.15), N=16
   Cluster 35 survived (C_s=0.32), N=29
   Cluster 36 survived (C_s=0.20), N=23
   Cluster 37 survived (C_s=0.16), N=14
   Cluster 38 survived (C_s=0.26), N=53
   Cluster 39 survived (C_s=0.26), N=18
   Cluster 40 survived (C_s=0.25), N=40
   Cluster 41 survived (C_s=0.28), N=34
   Cluster 42 survived (C_s=0.21), N=9
   Cluster 43 survived (C_s=0.30), N=31
   Cluster 44 survived (C_s=0.32), N=8
   Cluster 45 survived (C_s=0.18), N=29
   Cluster 47 survived (C_s=0.21), N=20
   Cluster 48 survived (C_s=0.17), N=10
   Cluster 49 survived (C_s=0.27), N=14
 A total of 1223 stars survived in 45 clusters
 Performing GUMM analysis...

 IL iteration 7
  Performing clustering on array of shape (1223, 2)
  Identified 48 clusters
   Cluster 0 survived (C_s=0.21), N=33
   Cluster 1 survived (C_s=0.24), N=28
   Cluster 2 survived (C_s=0.21), N=23
   Cluster 3 survived (C_s=0.31), N=61
   Cluster 4 survived (C_s=0.27), N=27
   Cluster 5 survived (C_s=0.39), N=5
   Cluster 6 survived (C_s=0.27), N=38
   Cluster 7 survived (C_s=0.29), N=38
   Cluster 9 survived (C_s=0.20), N=23
   Cluster 10 survived (C_s=0.25), N=18
   Cluster 11 survived (C_s=0.31), N=10
   Cluster 12 survived (C_s=0.23), N=25
   Cluster 13 survived (C_s=0.29), N=54
   Cluster 14 survived (C_s=0.18), N=16
   Cluster 16 survived (C_s=0.26), N=30
   Cluster 17 survived (C_s=0.26), N=33
   Cluster 18 survived (C_s=0.30), N=51
   Cluster 19 survived (C_s=0.24), N=21
   Cluster 21 survived (C_s=0.29), N=46
   Cluster 22 survived (C_s=0.25), N=10
   Cluster 23 survived (C_s=0.25), N=15
   Cluster 24 survived (C_s=0.32), N=49
   Cluster 25 survived (C_s=0.29), N=20
   Cluster 26 survived (C_s=0.28), N=56
   Cluster 27 survived (C_s=0.20), N=34
   Cluster 28 survived (C_s=0.26), N=30
   Cluster 29 survived (C_s=0.28), N=54
   Cluster 30 survived (C_s=0.24), N=46
   Cluster 31 survived (C_s=0.18), N=17
   Cluster 32 survived (C_s=0.27), N=28
   Cluster 33 survived (C_s=0.27), N=28
   Cluster 34 survived (C_s=0.21), N=17
   Cluster 35 survived (C_s=0.17), N=11
   Cluster 36 survived (C_s=0.31), N=39
   Cluster 37 survived (C_s=0.37), N=6
   Cluster 38 survived (C_s=0.28), N=9
   Cluster 40 survived (C_s=0.17), N=10
   Cluster 41 survived (C_s=0.31), N=37
   Cluster 43 survived (C_s=0.29), N=21
   Cluster 45 survived (C_s=0.27), N=28
   Cluster 46 survived (C_s=0.32), N=35
 A total of 1180 stars survived in 41 clusters
 Performing GUMM analysis...
 Rejected 25 stars as non-members

 IL iteration 8
  Performing clustering on array of shape (1155, 2)
  Identified 46 clusters
   Cluster 0 survived (C_s=0.26), N=58
   Cluster 1 survived (C_s=0.24), N=30
   Cluster 2 survived (C_s=0.23), N=21
   Cluster 3 survived (C_s=0.31), N=53
   Cluster 4 survived (C_s=0.23), N=17
   Cluster 5 survived (C_s=0.35), N=22
   Cluster 6 survived (C_s=0.27), N=23
   Cluster 7 survived (C_s=0.21), N=22
   Cluster 8 survived (C_s=0.24), N=23
   Cluster 9 survived (C_s=0.32), N=24
   Cluster 10 survived (C_s=0.25), N=37
   Cluster 11 survived (C_s=0.32), N=31
   Cluster 12 survived (C_s=0.39), N=6
   Cluster 13 survived (C_s=0.28), N=36
   Cluster 14 survived (C_s=0.24), N=13
   Cluster 15 survived (C_s=0.27), N=34
   Cluster 16 survived (C_s=0.22), N=25
   Cluster 17 survived (C_s=0.25), N=11
   Cluster 18 survived (C_s=0.29), N=46
   Cluster 19 survived (C_s=0.29), N=12
   Cluster 20 survived (C_s=0.30), N=40
   Cluster 21 survived (C_s=0.29), N=25
   Cluster 22 survived (C_s=0.30), N=28
   Cluster 23 survived (C_s=0.31), N=6
   Cluster 24 survived (C_s=0.34), N=39
   Cluster 25 survived (C_s=0.29), N=46
   Cluster 26 survived (C_s=0.29), N=27
   Cluster 27 survived (C_s=0.22), N=13
   Cluster 28 survived (C_s=0.28), N=37
   Cluster 29 survived (C_s=0.23), N=11
   Cluster 30 survived (C_s=0.27), N=30
   Cluster 31 survived (C_s=0.32), N=25
   Cluster 32 survived (C_s=0.31), N=47
   Cluster 33 survived (C_s=0.32), N=8
   Cluster 34 survived (C_s=0.32), N=28
   Cluster 35 survived (C_s=0.17), N=11
   Cluster 36 survived (C_s=0.31), N=12
   Cluster 37 survived (C_s=0.30), N=17
   Cluster 38 survived (C_s=0.25), N=23
   Cluster 39 survived (C_s=0.23), N=14
   Cluster 40 survived (C_s=0.31), N=29
   Cluster 41 survived (C_s=0.29), N=36
   Cluster 42 survived (C_s=0.22), N=18
   Cluster 44 survived (C_s=0.21), N=20
   Cluster 45 survived (C_s=0.25), N=16
 A total of 1150 stars survived in 45 clusters
 Performing GUMM analysis...

 IL iteration 9
  Performing clustering on array of shape (1150, 2)
  Identified 46 clusters
   Cluster 0 survived (C_s=0.31), N=40
   Cluster 1 survived (C_s=0.30), N=24
   Cluster 2 survived (C_s=0.30), N=23
   Cluster 3 survived (C_s=0.33), N=29
   Cluster 5 survived (C_s=0.33), N=44
   Cluster 6 survived (C_s=0.30), N=23
   Cluster 7 survived (C_s=0.28), N=20
   Cluster 8 survived (C_s=0.24), N=39
   Cluster 9 survived (C_s=0.22), N=18
   Cluster 10 survived (C_s=0.18), N=13
   Cluster 11 survived (C_s=0.29), N=34
   Cluster 12 survived (C_s=0.32), N=35
   Cluster 13 survived (C_s=0.28), N=37
   Cluster 14 survived (C_s=0.26), N=24
   Cluster 15 survived (C_s=0.21), N=16
   Cluster 16 survived (C_s=0.31), N=31
   Cluster 17 survived (C_s=0.23), N=20
   Cluster 18 survived (C_s=0.24), N=24
   Cluster 19 survived (C_s=0.27), N=19
   Cluster 20 survived (C_s=0.30), N=28
   Cluster 21 survived (C_s=0.31), N=35
   Cluster 22 survived (C_s=0.21), N=10
   Cluster 23 survived (C_s=0.26), N=9
   Cluster 24 survived (C_s=0.23), N=33
   Cluster 25 survived (C_s=0.26), N=13
   Cluster 26 survived (C_s=0.30), N=52
   Cluster 27 survived (C_s=0.27), N=42
   Cluster 28 survived (C_s=0.23), N=20
   Cluster 29 survived (C_s=0.26), N=40
   Cluster 30 survived (C_s=0.30), N=30
   Cluster 31 survived (C_s=0.39), N=6
   Cluster 32 survived (C_s=0.25), N=9
   Cluster 33 survived (C_s=0.26), N=32
   Cluster 34 survived (C_s=0.30), N=32
   Cluster 35 survived (C_s=0.36), N=12
   Cluster 36 survived (C_s=0.33), N=30
   Cluster 37 survived (C_s=0.35), N=8
   Cluster 38 survived (C_s=0.30), N=18
   Cluster 39 survived (C_s=0.22), N=15
   Cluster 40 survived (C_s=0.21), N=25
   Cluster 41 survived (C_s=0.20), N=19
   Cluster 42 survived (C_s=0.29), N=39
   Cluster 43 survived (C_s=0.27), N=35
   Cluster 44 survived (C_s=0.30), N=7
   Cluster 45 survived (C_s=0.25), N=31
 A total of 1143 stars survived in 45 clusters
 Performing GUMM analysis...

 IL iteration 10
  Performing clustering on array of shape (1143, 2)
  Identified 45 clusters
   Cluster 0 survived (C_s=0.27), N=20
   Cluster 1 survived (C_s=0.28), N=18
   Cluster 2 survived (C_s=0.23), N=38
   Cluster 3 survived (C_s=0.31), N=34
   Cluster 4 survived (C_s=0.19), N=23
   Cluster 5 survived (C_s=0.30), N=55
   Cluster 6 survived (C_s=0.25), N=11
   Cluster 7 survived (C_s=0.30), N=24
   Cluster 8 survived (C_s=0.28), N=39
   Cluster 9 survived (C_s=0.31), N=18
   Cluster 10 survived (C_s=0.26), N=48
   Cluster 11 survived (C_s=0.27), N=23
   Cluster 12 survived (C_s=0.24), N=17
   Cluster 13 survived (C_s=0.24), N=23
   Cluster 14 survived (C_s=0.21), N=15
   Cluster 15 survived (C_s=0.33), N=18
   Cluster 16 survived (C_s=0.31), N=42
   Cluster 17 survived (C_s=0.32), N=28
   Cluster 18 survived (C_s=0.32), N=20
   Cluster 19 survived (C_s=0.23), N=20
   Cluster 20 survived (C_s=0.28), N=21
   Cluster 21 survived (C_s=0.30), N=23
   Cluster 22 survived (C_s=0.34), N=22
   Cluster 23 survived (C_s=0.29), N=26
   Cluster 24 survived (C_s=0.32), N=29
   Cluster 25 survived (C_s=0.27), N=28
   Cluster 26 survived (C_s=0.37), N=5
   Cluster 27 survived (C_s=0.26), N=19
   Cluster 28 survived (C_s=0.26), N=40
   Cluster 29 survived (C_s=0.32), N=31
   Cluster 30 survived (C_s=0.22), N=20
   Cluster 31 survived (C_s=0.26), N=44
   Cluster 32 survived (C_s=0.25), N=9
   Cluster 33 survived (C_s=0.28), N=36
   Cluster 34 survived (C_s=0.26), N=23
   Cluster 35 survived (C_s=0.36), N=25
   Cluster 36 survived (C_s=0.30), N=43
   Cluster 37 survived (C_s=0.25), N=22
   Cluster 39 survived (C_s=0.36), N=18
   Cluster 40 survived (C_s=0.21), N=19
   Cluster 41 survived (C_s=0.30), N=39
   Cluster 43 survived (C_s=0.31), N=25
   Cluster 44 survived (C_s=0.26), N=33
 A total of 1134 stars survived in 43 clusters
 Performing GUMM analysis...

 IL iteration 11
  Performing clustering on array of shape (1134, 2)
  Identified 45 clusters
   Cluster 0 survived (C_s=0.30), N=33
   Cluster 1 survived (C_s=0.27), N=28
   Cluster 2 survived (C_s=0.24), N=34
   Cluster 3 survived (C_s=0.27), N=28
   Cluster 4 survived (C_s=0.30), N=45
   Cluster 5 survived (C_s=0.22), N=30
   Cluster 6 survived (C_s=0.24), N=36
   Cluster 7 survived (C_s=0.24), N=14
   Cluster 8 survived (C_s=0.22), N=8
   Cluster 9 survived (C_s=0.22), N=15
   Cluster 10 survived (C_s=0.29), N=41
   Cluster 11 survived (C_s=0.25), N=35
   Cluster 12 survived (C_s=0.34), N=5
   Cluster 13 survived (C_s=0.20), N=19
   Cluster 14 survived (C_s=0.24), N=26
   Cluster 15 survived (C_s=0.29), N=27
   Cluster 16 survived (C_s=0.30), N=33
   Cluster 17 survived (C_s=0.23), N=11
   Cluster 18 survived (C_s=0.25), N=32
   Cluster 19 survived (C_s=0.29), N=29
   Cluster 20 survived (C_s=0.37), N=23
   Cluster 21 survived (C_s=0.31), N=28
   Cluster 22 survived (C_s=0.28), N=36
   Cluster 23 survived (C_s=0.34), N=37
   Cluster 24 survived (C_s=0.23), N=21
   Cluster 25 survived (C_s=0.28), N=29
   Cluster 26 survived (C_s=0.29), N=28
   Cluster 27 survived (C_s=0.29), N=20
   Cluster 28 survived (C_s=0.32), N=38
   Cluster 29 survived (C_s=0.29), N=34
   Cluster 30 survived (C_s=0.30), N=50
   Cluster 31 survived (C_s=0.30), N=37
   Cluster 32 survived (C_s=0.32), N=14
   Cluster 33 survived (C_s=0.35), N=12
   Cluster 34 survived (C_s=0.25), N=13
   Cluster 35 survived (C_s=0.40), N=5
   Cluster 36 survived (C_s=0.26), N=25
   Cluster 37 survived (C_s=0.28), N=20
   Cluster 38 survived (C_s=0.21), N=14
   Cluster 39 survived (C_s=0.25), N=35
   Cluster 40 survived (C_s=0.32), N=21
   Cluster 42 survived (C_s=0.26), N=20
   Cluster 43 survived (C_s=0.27), N=24
   Cluster 44 survived (C_s=0.29), N=16
 A total of 1129 stars survived in 44 clusters
 Performing GUMM analysis...

 IL iteration 12
  Performing clustering on array of shape (1129, 2)
  Identified 45 clusters
   Cluster 0 survived (C_s=0.34), N=38
   Cluster 1 survived (C_s=0.28), N=16
   Cluster 2 survived (C_s=0.24), N=29
   Cluster 3 survived (C_s=0.27), N=38
   Cluster 4 survived (C_s=0.31), N=29
   Cluster 5 survived (C_s=0.25), N=9
   Cluster 6 survived (C_s=0.25), N=43
   Cluster 7 survived (C_s=0.21), N=13
   Cluster 9 survived (C_s=0.26), N=29
   Cluster 10 survived (C_s=0.29), N=55
   Cluster 11 survived (C_s=0.28), N=39
   Cluster 12 survived (C_s=0.33), N=34
   Cluster 13 survived (C_s=0.28), N=20
   Cluster 14 survived (C_s=0.32), N=38
   Cluster 15 survived (C_s=0.31), N=16
   Cluster 16 survived (C_s=0.28), N=32
   Cluster 17 survived (C_s=0.20), N=19
   Cluster 18 survived (C_s=0.30), N=30
   Cluster 19 survived (C_s=0.25), N=11
   Cluster 20 survived (C_s=0.32), N=32
   Cluster 21 survived (C_s=0.29), N=46
   Cluster 22 survived (C_s=0.27), N=51
   Cluster 23 survived (C_s=0.22), N=12
   Cluster 24 survived (C_s=0.32), N=22
   Cluster 25 survived (C_s=0.28), N=43
   Cluster 26 survived (C_s=0.20), N=13
   Cluster 27 survived (C_s=0.39), N=6
   Cluster 28 survived (C_s=0.30), N=19
   Cluster 29 survived (C_s=0.30), N=34
   Cluster 30 survived (C_s=0.21), N=23
   Cluster 31 survived (C_s=0.26), N=15
   Cluster 32 survived (C_s=0.31), N=12
   Cluster 33 survived (C_s=0.24), N=15
   Cluster 34 survived (C_s=0.21), N=15
   Cluster 35 survived (C_s=0.29), N=18
   Cluster 36 survived (C_s=0.30), N=18
   Cluster 37 survived (C_s=0.37), N=5
   Cluster 38 survived (C_s=0.23), N=25
   Cluster 39 survived (C_s=0.27), N=22
   Cluster 40 survived (C_s=0.28), N=11
   Cluster 41 survived (C_s=0.29), N=32
   Cluster 42 survived (C_s=0.24), N=34
   Cluster 43 survived (C_s=0.22), N=14
   Cluster 44 survived (C_s=0.32), N=46
 A total of 1121 stars survived in 44 clusters
 Performing GUMM analysis...

 IL iteration 13
  Performing clustering on array of shape (1121, 2)
  Identified 44 clusters
   Cluster 0 survived (C_s=0.28), N=17
   Cluster 1 survived (C_s=0.27), N=50
   Cluster 2 survived (C_s=0.33), N=27
   Cluster 3 survived (C_s=0.22), N=19
   Cluster 4 survived (C_s=0.27), N=40
   Cluster 5 survived (C_s=0.30), N=45
   Cluster 6 survived (C_s=0.27), N=11
   Cluster 7 survived (C_s=0.27), N=19
   Cluster 8 survived (C_s=0.27), N=35
   Cluster 9 survived (C_s=0.21), N=19
   Cluster 10 survived (C_s=0.25), N=21
   Cluster 11 survived (C_s=0.30), N=30
   Cluster 12 survived (C_s=0.27), N=51
   Cluster 13 survived (C_s=0.32), N=31
   Cluster 14 survived (C_s=0.28), N=56
   Cluster 15 survived (C_s=0.39), N=5
   Cluster 16 survived (C_s=0.26), N=15
   Cluster 17 survived (C_s=0.34), N=46
   Cluster 18 survived (C_s=0.31), N=16
   Cluster 19 survived (C_s=0.28), N=36
   Cluster 20 survived (C_s=0.26), N=22
   Cluster 21 survived (C_s=0.29), N=27
   Cluster 22 survived (C_s=0.29), N=38
   Cluster 23 survived (C_s=0.22), N=27
   Cluster 24 survived (C_s=0.27), N=16
   Cluster 25 survived (C_s=0.32), N=13
   Cluster 26 survived (C_s=0.20), N=19
   Cluster 27 survived (C_s=0.40), N=5
   Cluster 28 survived (C_s=0.32), N=42
   Cluster 30 survived (C_s=0.31), N=38
   Cluster 31 survived (C_s=0.33), N=29
   Cluster 32 survived (C_s=0.45), N=4
   Cluster 33 survived (C_s=0.29), N=18
   Cluster 34 survived (C_s=0.24), N=24
   Cluster 35 survived (C_s=0.22), N=25
   Cluster 36 survived (C_s=0.31), N=18
   Cluster 37 survived (C_s=0.29), N=23
   Cluster 38 survived (C_s=0.33), N=38
   Cluster 39 survived (C_s=0.26), N=31
   Cluster 40 survived (C_s=0.18), N=13
   Cluster 41 survived (C_s=0.27), N=23
   Cluster 42 survived (C_s=0.20), N=23
   Cluster 43 survived (C_s=0.27), N=10
 A total of 1115 stars survived in 43 clusters
 Performing GUMM analysis...

 IL iteration 14
  Performing clustering on array of shape (1115, 2)
  Identified 44 clusters
   Cluster 0 survived (C_s=0.21), N=18
   Cluster 1 survived (C_s=0.32), N=31
   Cluster 2 survived (C_s=0.25), N=46
   Cluster 3 survived (C_s=0.20), N=27
   Cluster 4 survived (C_s=0.33), N=27
   Cluster 5 survived (C_s=0.26), N=23
   Cluster 6 survived (C_s=0.27), N=24
   Cluster 7 survived (C_s=0.28), N=39
   Cluster 8 survived (C_s=0.24), N=34
   Cluster 9 survived (C_s=0.40), N=5
   Cluster 10 survived (C_s=0.22), N=14
   Cluster 11 survived (C_s=0.36), N=8
   Cluster 12 survived (C_s=0.30), N=22
   Cluster 13 survived (C_s=0.29), N=33
   Cluster 14 survived (C_s=0.31), N=32
   Cluster 15 survived (C_s=0.29), N=48
   Cluster 16 survived (C_s=0.32), N=14
   Cluster 17 survived (C_s=0.30), N=36
   Cluster 18 survived (C_s=0.27), N=25
   Cluster 19 survived (C_s=0.25), N=18
   Cluster 20 survived (C_s=0.31), N=28
   Cluster 21 survived (C_s=0.20), N=18
   Cluster 23 survived (C_s=0.27), N=20
   Cluster 24 survived (C_s=0.25), N=36
   Cluster 25 survived (C_s=0.20), N=19
   Cluster 26 survived (C_s=0.32), N=41
   Cluster 27 survived (C_s=0.27), N=31
   Cluster 28 survived (C_s=0.31), N=34
   Cluster 29 survived (C_s=0.31), N=16
   Cluster 30 survived (C_s=0.30), N=25
   Cluster 31 survived (C_s=0.32), N=20
   Cluster 32 survived (C_s=0.26), N=20
   Cluster 33 survived (C_s=0.33), N=26
   Cluster 34 survived (C_s=0.24), N=35
   Cluster 35 survived (C_s=0.22), N=13
   Cluster 36 survived (C_s=0.24), N=8
   Cluster 37 survived (C_s=0.32), N=40
   Cluster 38 survived (C_s=0.25), N=28
   Cluster 39 survived (C_s=0.26), N=21
   Cluster 40 survived (C_s=0.30), N=29
   Cluster 41 survived (C_s=0.28), N=11
   Cluster 42 survived (C_s=0.33), N=39
   Cluster 43 survived (C_s=0.27), N=29
 A total of 1111 stars survived in 43 clusters
 Performing GUMM analysis...

 IL iteration 15
  Performing clustering on array of shape (1111, 2)
  Identified 44 clusters
   Cluster 0 survived (C_s=0.24), N=8
   Cluster 1 survived (C_s=0.31), N=58
   Cluster 2 survived (C_s=0.28), N=36
   Cluster 3 survived (C_s=0.30), N=19
   Cluster 4 survived (C_s=0.26), N=45
   Cluster 5 survived (C_s=0.21), N=10
   Cluster 6 survived (C_s=0.30), N=19
   Cluster 7 survived (C_s=0.28), N=48
   Cluster 8 survived (C_s=0.45), N=4
   Cluster 9 survived (C_s=0.29), N=57
   Cluster 10 survived (C_s=0.31), N=28
   Cluster 11 survived (C_s=0.26), N=43
   Cluster 12 survived (C_s=0.26), N=21
   Cluster 13 survived (C_s=0.26), N=37
   Cluster 14 survived (C_s=0.22), N=14
   Cluster 15 survived (C_s=0.36), N=12
   Cluster 16 survived (C_s=0.32), N=31
   Cluster 17 survived (C_s=0.27), N=34
   Cluster 18 survived (C_s=0.26), N=27
   Cluster 19 survived (C_s=0.34), N=37
   Cluster 20 survived (C_s=0.22), N=16
   Cluster 21 survived (C_s=0.28), N=15
   Cluster 22 survived (C_s=0.28), N=23
   Cluster 23 survived (C_s=0.35), N=34
   Cluster 24 survived (C_s=0.40), N=5
   Cluster 25 survived (C_s=0.22), N=21
   Cluster 26 survived (C_s=0.24), N=14
   Cluster 27 survived (C_s=0.30), N=32
   Cluster 28 survived (C_s=0.21), N=13
   Cluster 29 survived (C_s=0.33), N=33
   Cluster 30 survived (C_s=0.25), N=22
   Cluster 31 survived (C_s=0.32), N=33
   Cluster 32 survived (C_s=0.26), N=39
   Cluster 33 survived (C_s=0.39), N=5
   Cluster 34 survived (C_s=0.28), N=32
   Cluster 35 survived (C_s=0.30), N=19
   Cluster 36 survived (C_s=0.28), N=13
   Cluster 37 survived (C_s=0.27), N=10
   Cluster 38 survived (C_s=0.23), N=19
   Cluster 39 survived (C_s=0.30), N=35
   Cluster 40 survived (C_s=0.25), N=15
   Cluster 41 survived (C_s=0.21), N=23
   Cluster 42 survived (C_s=0.33), N=29
   Cluster 43 survived (C_s=0.20), N=23
 All clusters survived, N=1111
Performing final GUMM analysis...
Performing KDE analysis...

P>(.5, .75, .9, .95, .99): 1319, 1293, 1267, 1238, 1192

--------------------------------------------------------
OL run 25
Standard scale: removed mean and scaled to unit variance
 Selected N=2 PCA features
 Variance ratio:  0.51, 0.27

 IL iteration 1
  Performing clustering on array of shape (6857, 2)
  Identified 274 clusters
   Cluster 0 survived (C_s=0.05), N=43
   Cluster 1 survived (C_s=0.04), N=65
   Cluster 4 survived (C_s=0.22), N=106
   Cluster 11 survived (C_s=0.06), N=32
   Cluster 20 survived (C_s=0.14), N=16
   Cluster 26 survived (C_s=0.18), N=11
   Cluster 33 survived (C_s=0.27), N=115
   Cluster 37 survived (C_s=0.13), N=13
   Cluster 38 survived (C_s=0.11), N=23
   Cluster 41 survived (C_s=0.13), N=14
   Cluster 44 survived (C_s=0.30), N=105
   Cluster 45 survived (C_s=0.11), N=103
   Cluster 48 survived (C_s=0.05), N=38
   Cluster 57 survived (C_s=0.23), N=79
   Cluster 58 survived (C_s=0.06), N=66
   Cluster 60 survived (C_s=0.20), N=127
   Cluster 69 survived (C_s=0.06), N=43
   Cluster 70 survived (C_s=0.04), N=43
   Cluster 79 survived (C_s=0.05), N=41
   Cluster 82 survived (C_s=0.06), N=28
   Cluster 85 survived (C_s=0.28), N=80
   Cluster 97 survived (C_s=0.10), N=33
   Cluster 99 survived (C_s=0.08), N=21
   Cluster 117 survived (C_s=0.03), N=55
   Cluster 120 survived (C_s=0.06), N=43
   Cluster 125 survived (C_s=0.08), N=25
   Cluster 131 survived (C_s=0.04), N=46
   Cluster 140 survived (C_s=0.26), N=106
   Cluster 150 survived (C_s=0.06), N=42
   Cluster 158 survived (C_s=0.06), N=29
   Cluster 160 survived (C_s=0.10), N=74
   Cluster 165 survived (C_s=0.24), N=56
   Cluster 167 survived (C_s=0.08), N=25
   Cluster 169 survived (C_s=0.10), N=31
   Cluster 171 survived (C_s=0.06), N=29
   Cluster 180 survived (C_s=0.06), N=32
   Cluster 198 survived (C_s=0.08), N=30
   Cluster 204 survived (C_s=0.07), N=25
   Cluster 207 survived (C_s=0.25), N=87
   Cluster 211 survived (C_s=0.06), N=35
   Cluster 225 survived (C_s=0.03), N=59
   Cluster 227 survived (C_s=0.08), N=41
   Cluster 237 survived (C_s=0.30), N=119
   Cluster 240 survived (C_s=0.05), N=51
   Cluster 248 survived (C_s=0.07), N=26
   Cluster 250 survived (C_s=0.29), N=164
   Cluster 251 survived (C_s=0.07), N=24
   Cluster 256 survived (C_s=0.04), N=43
   Cluster 259 survived (C_s=0.20), N=9
   Cluster 263 survived (C_s=0.06), N=38
 A total of 2589 stars survived in 50 clusters
 Performing GUMM analysis...
 Rejected 106 stars as non-members

 IL iteration 2
  Performing clustering on array of shape (2483, 2)
  Identified 99 clusters
   Cluster 1 survived (C_s=0.12), N=26
   Cluster 2 survived (C_s=0.06), N=27
   Cluster 4 survived (C_s=0.29), N=130
   Cluster 10 survived (C_s=0.17), N=16
   Cluster 14 survived (C_s=0.15), N=28
   Cluster 15 survived (C_s=0.07), N=27
   Cluster 17 survived (C_s=0.09), N=28
   Cluster 21 survived (C_s=0.27), N=28
   Cluster 25 survived (C_s=0.28), N=95
   Cluster 26 survived (C_s=0.15), N=21
   Cluster 28 survived (C_s=0.23), N=94
   Cluster 29 survived (C_s=0.15), N=15
   Cluster 33 survived (C_s=0.20), N=44
   Cluster 34 survived (C_s=0.09), N=25
   Cluster 39 survived (C_s=0.25), N=88
   Cluster 41 survived (C_s=0.29), N=134
   Cluster 45 survived (C_s=0.10), N=27
   Cluster 46 survived (C_s=0.15), N=36
   Cluster 47 survived (C_s=0.10), N=23
   Cluster 49 survived (C_s=0.31), N=72
   Cluster 52 survived (C_s=0.14), N=35
   Cluster 54 survived (C_s=0.09), N=25
   Cluster 58 survived (C_s=0.29), N=60
   Cluster 61 survived (C_s=0.24), N=78
   Cluster 64 survived (C_s=0.10), N=21
   Cluster 72 survived (C_s=0.15), N=15
   Cluster 73 survived (C_s=0.15), N=14
   Cluster 74 survived (C_s=0.13), N=22
   Cluster 75 survived (C_s=0.12), N=54
   Cluster 77 survived (C_s=0.13), N=23
   Cluster 82 survived (C_s=0.24), N=59
   Cluster 84 survived (C_s=0.12), N=26
   Cluster 87 survived (C_s=0.29), N=102
   Cluster 90 survived (C_s=0.22), N=80
   Cluster 93 survived (C_s=0.22), N=60
   Cluster 98 survived (C_s=0.13), N=14
 A total of 1672 stars survived in 36 clusters
 Performing GUMM analysis...

 IL iteration 3
  Performing clustering on array of shape (1672, 2)
  Identified 66 clusters
   Cluster 0 survived (C_s=0.26), N=48
   Cluster 4 survived (C_s=0.15), N=14
   Cluster 5 survived (C_s=0.23), N=63
   Cluster 9 survived (C_s=0.10), N=21
   Cluster 10 survived (C_s=0.23), N=35
   Cluster 11 survived (C_s=0.15), N=15
   Cluster 12 survived (C_s=0.15), N=15
   Cluster 13 survived (C_s=0.30), N=85
   Cluster 17 survived (C_s=0.09), N=24
   Cluster 18 survived (C_s=0.14), N=18
   Cluster 19 survived (C_s=0.29), N=58
   Cluster 20 survived (C_s=0.21), N=66
   Cluster 21 survived (C_s=0.28), N=80
   Cluster 22 survived (C_s=0.22), N=51
   Cluster 24 survived (C_s=0.24), N=37
   Cluster 26 survived (C_s=0.16), N=12
   Cluster 27 survived (C_s=0.17), N=15
   Cluster 28 survived (C_s=0.11), N=16
   Cluster 29 survived (C_s=0.23), N=51
   Cluster 35 survived (C_s=0.24), N=56
   Cluster 36 survived (C_s=0.28), N=71
   Cluster 37 survived (C_s=0.13), N=24
   Cluster 38 survived (C_s=0.29), N=73
   Cluster 39 survived (C_s=0.09), N=18
   Cluster 40 survived (C_s=0.29), N=86
   Cluster 41 survived (C_s=0.26), N=29
   Cluster 42 survived (C_s=0.29), N=55
   Cluster 44 survived (C_s=0.22), N=25
   Cluster 45 survived (C_s=0.21), N=21
   Cluster 47 survived (C_s=0.17), N=17
   Cluster 48 survived (C_s=0.30), N=71
   Cluster 49 survived (C_s=0.24), N=9
   Cluster 53 survived (C_s=0.19), N=14
   Cluster 55 survived (C_s=0.21), N=20
   Cluster 61 survived (C_s=0.17), N=23
   Cluster 62 survived (C_s=0.30), N=88
 A total of 1424 stars survived in 36 clusters
 Performing GUMM analysis...
 Rejected 46 stars as non-members

 IL iteration 4
  Performing clustering on array of shape (1378, 2)
  Identified 55 clusters
   Cluster 0 survived (C_s=0.13), N=17
   Cluster 1 survived (C_s=0.23), N=8
   Cluster 2 survived (C_s=0.29), N=53
   Cluster 5 survived (C_s=0.17), N=12
   Cluster 9 survived (C_s=0.31), N=34
   Cluster 10 survived (C_s=0.26), N=47
   Cluster 11 survived (C_s=0.30), N=68
   Cluster 13 survived (C_s=0.13), N=15
   Cluster 14 survived (C_s=0.27), N=55
   Cluster 15 survived (C_s=0.29), N=73
   Cluster 16 survived (C_s=0.15), N=17
   Cluster 17 survived (C_s=0.23), N=13
   Cluster 18 survived (C_s=0.19), N=15
   Cluster 19 survived (C_s=0.31), N=72
   Cluster 20 survived (C_s=0.26), N=24
   Cluster 21 survived (C_s=0.22), N=22
   Cluster 22 survived (C_s=0.28), N=24
   Cluster 23 survived (C_s=0.14), N=18
   Cluster 26 survived (C_s=0.30), N=29
   Cluster 27 survived (C_s=0.31), N=63
   Cluster 28 survived (C_s=0.16), N=15
   Cluster 29 survived (C_s=0.21), N=60
   Cluster 30 survived (C_s=0.32), N=48
   Cluster 31 survived (C_s=0.23), N=19
   Cluster 32 survived (C_s=0.28), N=47
   Cluster 33 survived (C_s=0.29), N=13
   Cluster 34 survived (C_s=0.24), N=34
   Cluster 35 survived (C_s=0.20), N=33
   Cluster 36 survived (C_s=0.20), N=31
   Cluster 38 survived (C_s=0.23), N=8
   Cluster 42 survived (C_s=0.21), N=30
   Cluster 43 survived (C_s=0.22), N=13
   Cluster 44 survived (C_s=0.32), N=54
   Cluster 45 survived (C_s=0.25), N=41
   Cluster 47 survived (C_s=0.27), N=35
   Cluster 48 survived (C_s=0.35), N=11
   Cluster 49 survived (C_s=0.26), N=38
   Cluster 50 survived (C_s=0.30), N=38
   Cluster 51 survived (C_s=0.17), N=10
   Cluster 52 survived (C_s=0.21), N=11
   Cluster 53 survived (C_s=0.28), N=9
   Cluster 54 survived (C_s=0.21), N=27
 A total of 1304 stars survived in 42 clusters
 Performing GUMM analysis...

 IL iteration 5
  Performing clustering on array of shape (1304, 2)
  Identified 52 clusters
   Cluster 0 survived (C_s=0.30), N=59
   Cluster 2 survived (C_s=0.20), N=27
   Cluster 4 survived (C_s=0.13), N=22
   Cluster 5 survived (C_s=0.26), N=35
   Cluster 6 survived (C_s=0.14), N=18
   Cluster 7 survived (C_s=0.29), N=54
   Cluster 8 survived (C_s=0.30), N=66
   Cluster 9 survived (C_s=0.23), N=42
   Cluster 10 survived (C_s=0.29), N=8
   Cluster 11 survived (C_s=0.27), N=18
   Cluster 12 survived (C_s=0.30), N=47
   Cluster 13 survived (C_s=0.31), N=37
   Cluster 14 survived (C_s=0.23), N=15
   Cluster 15 survived (C_s=0.32), N=41
   Cluster 16 survived (C_s=0.26), N=35
   Cluster 17 survived (C_s=0.25), N=33
   Cluster 19 survived (C_s=0.25), N=46
   Cluster 20 survived (C_s=0.24), N=31
   Cluster 21 survived (C_s=0.33), N=47
   Cluster 23 survived (C_s=0.26), N=32
   Cluster 24 survived (C_s=0.26), N=30
   Cluster 25 survived (C_s=0.29), N=18
   Cluster 26 survived (C_s=0.26), N=39
   Cluster 28 survived (C_s=0.17), N=11
   Cluster 29 survived (C_s=0.30), N=9
   Cluster 30 survived (C_s=0.28), N=49
   Cluster 31 survived (C_s=0.18), N=14
   Cluster 33 survived (C_s=0.21), N=14
   Cluster 34 survived (C_s=0.21), N=17
   Cluster 35 survived (C_s=0.21), N=12
   Cluster 37 survived (C_s=0.29), N=49
   Cluster 38 survived (C_s=0.21), N=38
   Cluster 40 survived (C_s=0.20), N=37
   Cluster 41 survived (C_s=0.32), N=12
   Cluster 43 survived (C_s=0.30), N=37
   Cluster 44 survived (C_s=0.22), N=9
   Cluster 45 survived (C_s=0.26), N=7
   Cluster 46 survived (C_s=0.21), N=23
   Cluster 47 survived (C_s=0.33), N=20
   Cluster 48 survived (C_s=0.32), N=25
   Cluster 49 survived (C_s=0.23), N=16
   Cluster 50 survived (C_s=0.30), N=28
   Cluster 51 survived (C_s=0.17), N=14
 A total of 1241 stars survived in 43 clusters
 Performing GUMM analysis...

 IL iteration 6
  Performing clustering on array of shape (1241, 2)
  Identified 49 clusters
   Cluster 0 survived (C_s=0.33), N=33
   Cluster 1 survived (C_s=0.24), N=13
   Cluster 2 survived (C_s=0.18), N=41
   Cluster 3 survived (C_s=0.20), N=20
   Cluster 4 survived (C_s=0.30), N=39
   Cluster 6 survived (C_s=0.28), N=8
   Cluster 7 survived (C_s=0.24), N=22
   Cluster 8 survived (C_s=0.27), N=31
   Cluster 9 survived (C_s=0.32), N=37
   Cluster 10 survived (C_s=0.30), N=62
   Cluster 12 survived (C_s=0.30), N=56
   Cluster 13 survived (C_s=0.25), N=41
   Cluster 15 survived (C_s=0.21), N=19
   Cluster 16 survived (C_s=0.14), N=22
   Cluster 17 survived (C_s=0.29), N=49
   Cluster 18 survived (C_s=0.19), N=14
   Cluster 19 survived (C_s=0.32), N=14
   Cluster 20 survived (C_s=0.30), N=52
   Cluster 21 survived (C_s=0.27), N=33
   Cluster 22 survived (C_s=0.28), N=52
   Cluster 23 survived (C_s=0.23), N=18
   Cluster 24 survived (C_s=0.14), N=19
   Cluster 25 survived (C_s=0.26), N=32
   Cluster 26 survived (C_s=0.30), N=54
   Cluster 27 survived (C_s=0.22), N=18
   Cluster 28 survived (C_s=0.21), N=14
   Cluster 29 survived (C_s=0.22), N=8
   Cluster 30 survived (C_s=0.27), N=12
   Cluster 31 survived (C_s=0.31), N=22
   Cluster 32 survived (C_s=0.29), N=33
   Cluster 33 survived (C_s=0.23), N=15
   Cluster 34 survived (C_s=0.32), N=20
   Cluster 35 survived (C_s=0.26), N=44
   Cluster 36 survived (C_s=0.18), N=10
   Cluster 37 survived (C_s=0.24), N=35
   Cluster 38 survived (C_s=0.28), N=8
   Cluster 39 survived (C_s=0.17), N=11
   Cluster 40 survived (C_s=0.26), N=24
   Cluster 42 survived (C_s=0.27), N=19
   Cluster 43 survived (C_s=0.41), N=5
   Cluster 44 survived (C_s=0.25), N=38
   Cluster 45 survived (C_s=0.25), N=16
   Cluster 46 survived (C_s=0.32), N=49
   Cluster 47 survived (C_s=0.27), N=32
   Cluster 48 survived (C_s=0.38), N=6
 A total of 1220 stars survived in 45 clusters
 Performing GUMM analysis...

 IL iteration 7
  Performing clustering on array of shape (1220, 2)
  Identified 48 clusters
   Cluster 0 survived (C_s=0.26), N=41
   Cluster 1 survived (C_s=0.22), N=28
   Cluster 2 survived (C_s=0.31), N=51
   Cluster 3 survived (C_s=0.15), N=21
   Cluster 4 survived (C_s=0.31), N=46
   Cluster 5 survived (C_s=0.20), N=14
   Cluster 6 survived (C_s=0.20), N=30
   Cluster 7 survived (C_s=0.32), N=39
   Cluster 8 survived (C_s=0.22), N=8
   Cluster 9 survived (C_s=0.26), N=29
   Cluster 10 survived (C_s=0.32), N=31
   Cluster 11 survived (C_s=0.27), N=10
   Cluster 12 survived (C_s=0.22), N=34
   Cluster 13 survived (C_s=0.29), N=33
   Cluster 14 survived (C_s=0.18), N=19
   Cluster 15 survived (C_s=0.31), N=54
   Cluster 16 survived (C_s=0.22), N=12
   Cluster 17 survived (C_s=0.29), N=42
   Cluster 18 survived (C_s=0.31), N=45
   Cluster 19 survived (C_s=0.26), N=18
   Cluster 20 survived (C_s=0.26), N=38
   Cluster 21 survived (C_s=0.38), N=6
   Cluster 22 survived (C_s=0.30), N=44
   Cluster 23 survived (C_s=0.25), N=11
   Cluster 24 survived (C_s=0.24), N=43
   Cluster 25 survived (C_s=0.17), N=12
   Cluster 26 survived (C_s=0.28), N=16
   Cluster 27 survived (C_s=0.24), N=12
   Cluster 28 survived (C_s=0.17), N=19
   Cluster 29 survived (C_s=0.27), N=7
   Cluster 30 survived (C_s=0.31), N=6
   Cluster 31 survived (C_s=0.32), N=14
   Cluster 32 survived (C_s=0.34), N=18
   Cluster 34 survived (C_s=0.22), N=38
   Cluster 35 survived (C_s=0.30), N=34
   Cluster 36 survived (C_s=0.27), N=29
   Cluster 37 survived (C_s=0.24), N=9
   Cluster 38 survived (C_s=0.22), N=10
   Cluster 39 survived (C_s=0.24), N=29
   Cluster 40 survived (C_s=0.32), N=31
   Cluster 41 survived (C_s=0.29), N=48
   Cluster 42 survived (C_s=0.32), N=30
   Cluster 43 survived (C_s=0.29), N=45
   Cluster 44 survived (C_s=0.24), N=14
   Cluster 45 survived (C_s=0.25), N=16
   Cluster 47 survived (C_s=0.25), N=23
 A total of 1207 stars survived in 46 clusters
 Performing GUMM analysis...

 IL iteration 8
  Performing clustering on array of shape (1207, 2)
  Identified 48 clusters
   Cluster 0 survived (C_s=0.30), N=35
   Cluster 1 survived (C_s=0.24), N=25
   Cluster 2 survived (C_s=0.30), N=44
   Cluster 3 survived (C_s=0.29), N=9
   Cluster 4 survived (C_s=0.24), N=9
   Cluster 5 survived (C_s=0.22), N=23
   Cluster 6 survived (C_s=0.28), N=14
   Cluster 7 survived (C_s=0.35), N=8
   Cluster 8 survived (C_s=0.31), N=32
   Cluster 9 survived (C_s=0.22), N=8
   Cluster 10 survived (C_s=0.33), N=32
   Cluster 11 survived (C_s=0.22), N=17
   Cluster 12 survived (C_s=0.26), N=28
   Cluster 13 survived (C_s=0.31), N=28
   Cluster 14 survived (C_s=0.31), N=22
   Cluster 15 survived (C_s=0.17), N=26
   Cluster 16 survived (C_s=0.29), N=32
   Cluster 17 survived (C_s=0.28), N=19
   Cluster 18 survived (C_s=0.33), N=14
   Cluster 19 survived (C_s=0.25), N=35
   Cluster 20 survived (C_s=0.25), N=16
   Cluster 21 survived (C_s=0.17), N=21
   Cluster 22 survived (C_s=0.25), N=25
   Cluster 23 survived (C_s=0.29), N=51
   Cluster 26 survived (C_s=0.24), N=42
   Cluster 27 survived (C_s=0.30), N=19
   Cluster 28 survived (C_s=0.27), N=30
   Cluster 29 survived (C_s=0.17), N=15
   Cluster 30 survived (C_s=0.24), N=39
   Cluster 31 survived (C_s=0.32), N=25
   Cluster 32 survived (C_s=0.25), N=34
   Cluster 33 survived (C_s=0.17), N=11
   Cluster 34 survived (C_s=0.19), N=18
   Cluster 35 survived (C_s=0.29), N=43
   Cluster 37 survived (C_s=0.28), N=29
   Cluster 38 survived (C_s=0.30), N=41
   Cluster 39 survived (C_s=0.23), N=16
   Cluster 40 survived (C_s=0.29), N=34
   Cluster 41 survived (C_s=0.29), N=35
   Cluster 42 survived (C_s=0.29), N=10
   Cluster 43 survived (C_s=0.25), N=18
   Cluster 44 survived (C_s=0.24), N=33
   Cluster 45 survived (C_s=0.32), N=39
   Cluster 46 survived (C_s=0.32), N=31
   Cluster 47 survived (C_s=0.29), N=43
 A total of 1178 stars survived in 45 clusters
 Performing GUMM analysis...
 Rejected 54 stars as non-members

 IL iteration 9
  Performing clustering on array of shape (1124, 2)
  Identified 44 clusters
   Cluster 0 survived (C_s=0.31), N=40
   Cluster 1 survived (C_s=0.31), N=30
   Cluster 2 survived (C_s=0.33), N=9
   Cluster 3 survived (C_s=0.38), N=6
   Cluster 4 survived (C_s=0.32), N=32
   Cluster 5 survived (C_s=0.22), N=8
   Cluster 6 survived (C_s=0.30), N=42
   Cluster 7 survived (C_s=0.30), N=39
   Cluster 8 survived (C_s=0.27), N=34
   Cluster 9 survived (C_s=0.28), N=8
   Cluster 10 survived (C_s=0.31), N=60
   Cluster 11 survived (C_s=0.33), N=37
   Cluster 12 survived (C_s=0.20), N=20
   Cluster 13 survived (C_s=0.27), N=31
   Cluster 14 survived (C_s=0.30), N=34
   Cluster 15 survived (C_s=0.27), N=16
   Cluster 16 survived (C_s=0.28), N=9
   Cluster 17 survived (C_s=0.25), N=11
   Cluster 18 survived (C_s=0.33), N=24
   Cluster 19 survived (C_s=0.34), N=39
   Cluster 20 survived (C_s=0.28), N=60
   Cluster 21 survived (C_s=0.27), N=35
   Cluster 23 survived (C_s=0.24), N=18
   Cluster 24 survived (C_s=0.27), N=9
   Cluster 25 survived (C_s=0.27), N=38
   Cluster 26 survived (C_s=0.19), N=11
   Cluster 27 survived (C_s=0.32), N=27
   Cluster 28 survived (C_s=0.32), N=23
   Cluster 29 survived (C_s=0.22), N=17
   Cluster 30 survived (C_s=0.35), N=32
   Cluster 31 survived (C_s=0.29), N=41
   Cluster 32 survived (C_s=0.21), N=11
   Cluster 33 survived (C_s=0.28), N=29
   Cluster 34 survived (C_s=0.25), N=14
   Cluster 35 survived (C_s=0.25), N=24
   Cluster 36 survived (C_s=0.33), N=6
   Cluster 37 survived (C_s=0.27), N=27
   Cluster 38 survived (C_s=0.30), N=41
   Cluster 39 survived (C_s=0.30), N=32
   Cluster 40 survived (C_s=0.28), N=21
   Cluster 41 survived (C_s=0.32), N=12
   Cluster 42 survived (C_s=0.21), N=10
   Cluster 43 survived (C_s=0.32), N=54
 A total of 1121 stars survived in 43 clusters
 Performing GUMM analysis...

 IL iteration 10
  Performing clustering on array of shape (1121, 2)
  Identified 44 clusters
   Cluster 0 survived (C_s=0.18), N=11
   Cluster 1 survived (C_s=0.30), N=53
   Cluster 2 survived (C_s=0.31), N=46
   Cluster 3 survived (C_s=0.21), N=10
   Cluster 4 survived (C_s=0.22), N=8
   Cluster 5 survived (C_s=0.29), N=37
   Cluster 6 survived (C_s=0.29), N=26
   Cluster 7 survived (C_s=0.32), N=56
   Cluster 8 survived (C_s=0.30), N=43
   Cluster 9 survived (C_s=0.27), N=35
   Cluster 10 survived (C_s=0.38), N=6
   Cluster 11 survived (C_s=0.33), N=31
   Cluster 12 survived (C_s=0.28), N=24
   Cluster 13 survived (C_s=0.32), N=13
   Cluster 14 survived (C_s=0.23), N=16
   Cluster 15 survived (C_s=0.30), N=40
   Cluster 16 survived (C_s=0.29), N=44
   Cluster 17 survived (C_s=0.22), N=22
   Cluster 18 survived (C_s=0.22), N=10
   Cluster 19 survived (C_s=0.34), N=19
   Cluster 20 survived (C_s=0.30), N=21
   Cluster 21 survived (C_s=0.33), N=48
   Cluster 22 survived (C_s=0.30), N=39
   Cluster 23 survived (C_s=0.32), N=26
   Cluster 24 survived (C_s=0.28), N=8
   Cluster 25 survived (C_s=0.27), N=33
   Cluster 26 survived (C_s=0.27), N=26
   Cluster 27 survived (C_s=0.24), N=18
   Cluster 28 survived (C_s=0.34), N=31
   Cluster 29 survived (C_s=0.29), N=45
   Cluster 30 survived (C_s=0.22), N=18
   Cluster 31 survived (C_s=0.21), N=11
   Cluster 32 survived (C_s=0.29), N=30
   Cluster 33 survived (C_s=0.32), N=42
   Cluster 34 survived (C_s=0.33), N=10
   Cluster 35 survived (C_s=0.31), N=18
   Cluster 36 survived (C_s=0.25), N=10
   Cluster 37 survived (C_s=0.29), N=25
   Cluster 39 survived (C_s=0.30), N=25
   Cluster 40 survived (C_s=0.33), N=26
   Cluster 42 survived (C_s=0.28), N=37
   Cluster 43 survived (C_s=0.24), N=14
 A total of 1111 stars survived in 42 clusters
 Performing GUMM analysis...

 IL iteration 11
  Performing clustering on array of shape (1111, 2)
  Identified 44 clusters
   Cluster 0 survived (C_s=0.35), N=25
   Cluster 1 survived (C_s=0.30), N=41
   Cluster 2 survived (C_s=0.33), N=20
   Cluster 3 survived (C_s=0.19), N=15
   Cluster 4 survived (C_s=0.28), N=8
   Cluster 5 survived (C_s=0.27), N=30
   Cluster 6 survived (C_s=0.27), N=24
   Cluster 7 survived (C_s=0.29), N=33
   Cluster 8 survived (C_s=0.22), N=20
   Cluster 9 survived (C_s=0.30), N=34
   Cluster 10 survived (C_s=0.22), N=8
   Cluster 11 survived (C_s=0.22), N=24
   Cluster 12 survived (C_s=0.34), N=21
   Cluster 13 survived (C_s=0.27), N=28
   Cluster 14 survived (C_s=0.33), N=46
   Cluster 15 survived (C_s=0.23), N=26
   Cluster 16 survived (C_s=0.27), N=25
   Cluster 17 survived (C_s=0.30), N=31
   Cluster 18 survived (C_s=0.29), N=16
   Cluster 19 survived (C_s=0.27), N=19
   Cluster 20 survived (C_s=0.39), N=10
   Cluster 21 survived (C_s=0.32), N=30
   Cluster 22 survived (C_s=0.29), N=37
   Cluster 23 survived (C_s=0.34), N=32
   Cluster 24 survived (C_s=0.26), N=28
   Cluster 25 survived (C_s=0.20), N=17
   Cluster 26 survived (C_s=0.27), N=37
   Cluster 27 survived (C_s=0.32), N=56
   Cluster 28 survived (C_s=0.28), N=27
   Cluster 29 survived (C_s=0.32), N=47
   Cluster 30 survived (C_s=0.31), N=23
   Cluster 31 survived (C_s=0.25), N=12
   Cluster 32 survived (C_s=0.34), N=29
   Cluster 33 survived (C_s=0.34), N=9
   Cluster 34 survived (C_s=0.24), N=28
   Cluster 35 survived (C_s=0.29), N=21
   Cluster 36 survived (C_s=0.30), N=26
   Cluster 37 survived (C_s=0.27), N=11
   Cluster 38 survived (C_s=0.24), N=9
   Cluster 39 survived (C_s=0.25), N=21
   Cluster 40 survived (C_s=0.32), N=19
   Cluster 41 survived (C_s=0.32), N=17
   Cluster 42 survived (C_s=0.34), N=28
   Cluster 43 survived (C_s=0.29), N=43
 All clusters survived, N=1111
Performing final GUMM analysis...
Performing KDE analysis...

P>(.5, .75, .9, .95, .99): 1318, 1293, 1264, 1237, 1188

Time consumed: 9.8 minutes
