source_id,ra,dec,parallax,parallax_error,phot_g_mean_mag,phot_g_mean_flux_over_error,phot_bp_mean_mag,phot_bp_mean_flux_over_error,phot_rp_mean_mag,phot_rp_mean_flux_over_error,phot_bp_rp_excess_factor,bp_rp,ruwe
660949326022498688,131.31097900957957,18.81929391709788,2.463331967065544,0.016574025,12.657174,5337.9194,12.998697,2057.8484,12.158982,2759.5212,1.1955159,0.839715,0.92417073
661039348536857088,130.8523355653447,19.35295092530479,0.5740561716809499,0.03008335,15.09692,4530.7515,15.411715,652.68317,14.613438,1015.5233,1.1997498,0.7982769,1.0229708
661039417256333056,130.84722574836655,19.364893284860408,0.828329898108878,0.05079546,16.143417,2966.561,16.532747,375.8654,15.58943,580.9362,1.2078273,0.9433174,0.9871916
661039516039455360,130.85596964136258,19.368114098588066,0.1992793989729314,0.13083054,17.864458,1166.1399,18.35434,95.67576,17.231806,117.426895,1.2156969,1.1225338,0.9726387
661042337834096000,130.82302669893434,19.36760179885167,1.0087745230942449,0.015720643,13.258828,3336.7266,13.571932,898.7385,12.779828,1301.4176,1.197889,0.79210377,1.0405478
661042337834096384,130.82163719696098,19.365398319849433,1.7234716453393417,0.019839106,13.962345,5659.2466,14.298693,1397.0071,13.345151,1789.6881,1.2751955,0.95354176,1.0263749
661042612712003712,130.80144123441852,19.374272987443707,1.226919591453709,0.07120231,16.87672,1915.0936,17.613178,119.64503,16.044376,340.09167,1.2740767,1.5688019,0.99067754
661039172442069888,130.89786846734697,19.3449447404437,-0.12100092236095698,0.12189716,17.67144,1325.2202,18.102776,125.023895,17.088022,169.86578,1.2078652,1.0147533,0.9753787
661132321692618880,130.94497634103985,19.361601484655765,1.6547387815711774,0.09673697,17.321482,1590.3046,18.304787,81.60897,16.340399,305.0133,1.3322583,1.9643879,1.0265827
661132429067945984,130.9470052299587,19.37066672760736,0.5818067872492145,0.093642324,17.230549,1633.3734,17.760668,191.3527,16.558838,256.1523,1.226504,1.2018299,1.0267941
661133425500359040,130.890431573089,19.406807968325584,5.414714381824961,0.29591894,17.44463,273.73914,19.17817,42.46014,16.015198,381.22375,1.7172163,3.1629715,2.798824
661133631658786816,130.96447136226388,19.4100086176533,0.9843772166442248,0.08637585,14.65054,2418.7175,14.986175,1108.1768,14.131619,1256.5488,1.2112328,0.85455513,3.430573
661136998913146752,130.90819288065387,19.459666528532587,0.7394496764472365,0.015640698,13.219484,4895.08,13.419321,1800.4158,12.8785925,2356.4285,1.1794964,0.54072857,1.0379379
661136341782043904,130.86572975714896,19.3964222367361,0.2898675329993176,0.09713473,17.33068,1655.1842,17.677692,118.645584,16.827452,190.84372,1.1959432,0.8502407,0.97256434
661136964553408896,130.89773015800122,19.456490742471242,5.344358666768182,0.12388756,17.637907,1069.7955,19.4422,34.373203,16.367481,298.3797,1.4940237,3.0747185,1.0341936
661133872176956032,130.93318457907728,19.42514181897729,0.9092075318229185,0.028108666,14.971409,5487.71,15.347971,581.43896,14.432565,1195.6158,1.2041099,0.9154062,0.97593033
661039485975808000,130.8826227366201,19.372070879701614,4.1107100234008795,0.041361034,15.7022505,2792.4685,16.74054,314.18774,14.693208,791.3404,1.3448863,2.0473318,1.0082247
661132291628994432,130.9230855922351,19.344539026588528,1.5323510288501039,0.11799675,17.645353,1352.7921,18.39365,84.47218,16.80511,186.95998,1.2767001,1.5885391,0.95090604
661133047543238016,130.9181585615034,19.363204062551663,0.29812811214259455,0.0478429,15.902391,3261.067,16.201254,344.02756,15.436307,640.27783,1.1973273,0.76494694,1.0162518
661042269114620672,130.7761388412379,19.374415355591356,0.3244751503628111,0.07725983,17.05061,1876.9604,17.326736,164.17038,16.60376,196.51538,1.1976254,0.7229767,0.9510034
661025226684458496,130.98576685019145,19.25497740539786,0.3700543043088898,0.112445265,17.509735,1422.8003,18.055038,119.073906,16.83881,201.20161,1.2197578,1.2162285,0.96455306
661025742080466560,130.92561310781528,19.245338318208812,0.06582201029493534,0.032669045,15.174764,4602.8438,15.787004,546.0603,14.427111,829.69116,1.2506975,1.3598938,0.99186313
661025776440205440,130.90196225329402,19.25313527486545,0.35229218022578146,0.03838125,15.36357,3562.154,15.648163,735.3352,14.913588,764.595,1.1950943,0.7345753,1.0177797
661035981282502912,130.84563283637289,19.251477341524875,1.0683055990950074,0.10287461,17.253967,1615.1818,17.97699,84.12521,16.431469,230.23502,1.2704811,1.5455208,0.96027964
661038592623731968,130.8344829826922,19.302778075652153,2.181546203474989,0.050762277,15.794607,2878.7168,16.625284,386.48624,14.891497,841.05646,1.3045071,1.7337875,1.0972569
661026051318108416,130.96233495895507,19.276371140909486,1.7311721822161763,0.016252406,13.079807,5346.9785,13.3528805,2424.2754,12.645128,3571.814,1.1921288,0.7077522,0.98671675
661026085677916800,130.98290039989547,19.281052175365428,0.7202177770805827,0.0421116,15.568962,3767.434,15.928656,566.33,15.040844,755.0661,1.2053409,0.88781166,1.0440212
661026223116801152,130.93432533919815,19.28590920835984,1.0272075831490517,0.055176802,15.2072115,4567.1426,15.60471,628.57294,14.636044,1106.6041,1.2152131,0.9686661,1.8649844
661037836708371456,130.8817328150997,19.2893019971514,0.457693369158228,0.053382352,15.980792,3075.0388,16.295284,385.35364,15.503545,507.79425,1.1961385,0.79173946,1.0010908
661037905427848320,130.8711632372991,19.295608809829638,1.2350410645639371,0.041761704,15.573078,3984.1042,16.138689,544.32465,14.859134,903.7184,1.2431865,1.2795553,1.0436335
661038145946013312,130.91666971051208,19.31347933792377,1.2846228093319663,0.12264666,17.772604,1252.5115,18.674152,53.16987,16.84449,200.04613,1.3057134,1.8296623,1.0338475
661038317744706432,130.88395943548002,19.325067838384854,1.745879181669023,0.022082059,14.272173,6913.971,14.68015,1477.621,13.6949005,1532.1134,1.2143987,0.9852495,0.96409625
661038455183657344,130.91359071805783,19.334564350603994,0.4295255006790065,0.066558085,16.519493,2467.2393,16.83504,313.9825,16.038504,420.8088,1.1978681,0.7965355,0.94438094
661120265720632832,131.0035486267067,19.320179143330467,0.6541998485160678,0.0805294,17.035007,1846.0536,17.545547,152.5327,16.367495,299.44217,1.2315865,1.1780529,1.0257518
661131978095214720,130.9604335067062,19.335337871716128,0.8165315446171404,0.14764848,17.989967,1131.8324,18.916508,54.189045,17.045017,152.66122,1.3139845,1.8714905,1.0135031
661132016751087104,130.95437605152716,19.33450122200425,1.0097285328553784,0.08732457,17.020643,1719.2623,17.605179,143.48672,16.294588,233.8534,1.244857,1.3105907,1.0063411
661036251864299264,130.82254762664158,19.263147963795937,0.4040778974453987,0.11909156,17.591797,1519.6553,18.03644,112.019135,17.001875,198.52602,1.2062551,1.034565,1.0479583
661025600345400320,130.90415525119363,19.238041266430553,0.648222107329205,0.14111155,17.93477,1066.9811,18.52405,86.661026,17.226852,141.983,1.2294024,1.2971973,1.0003732
661025638999703936,130.88848282974112,19.236022618237243,1.1228849785800885,0.16629665,16.97011,274.4685,nan,nan,nan,nan,nan,nan,1.2164268
661024947510370816,131.00704710297424,19.234924472729507,1.2480383314525367,0.117656656,17.458899,1349.0233,18.358814,113.17486,16.530006,216.31621,1.3068979,1.8288078,1.0457152
661025123605244032,130.98124775699404,19.245243795428646,0.4231473273772568,0.08730326,16.93126,1886.6189,17.3639,145.40536,16.345854,270.9249,1.2085992,1.0180454,0.9783993
661026257476537472,130.95893623552666,19.28939756223155,0.18875845121090368,0.13566431,17.899506,1115.5157,18.239187,88.55437,17.391155,98.56914,1.2026749,0.848032,0.9421343
661026360555751552,130.9601210933221,19.307847697911544,0.48543641092462925,0.11120204,17.522346,1376.9856,17.983582,135.87862,16.899878,182.18564,1.2210064,1.083704,1.0056201
661037115153873152,130.75976914561116,19.26957975161369,0.6647125610165846,0.052977357,16.421013,2652.6943,16.885674,266.3744,15.795847,491.5474,1.2213695,1.0898266,1.0062813
661037115153873792,130.75963386744417,19.26460305542042,0.2822070928740526,0.07915507,17.05483,1852.1956,17.350016,143.15918,16.592466,206.36569,1.1969837,0.7575493,1.0005555
661038077226536448,130.93909625540164,19.29831318381117,0.0515970736098664,0.11834853,17.498268,1442.3461,17.776058,120.02691,17.067152,151.82494,1.1876258,0.7089062,0.9745107
661038558262879104,130.81194671594693,19.299142096245017,1.3142676424037516,0.13463749,17.852674,1170.7264,18.903923,58.945564,16.841724,155.3819,1.3434544,2.0621986,1.0716372
661038798781047296,130.81099191783412,19.3136793907182,0.6631287498054204,0.062236067,16.6249,2339.0083,17.042265,278.3633,16.044304,274.95126,1.2123095,0.99796104,0.96040565
661038833140786304,130.7877561018427,19.312347332444755,0.7310871730635612,0.061933532,16.610888,2427.6316,17.04991,290.58142,16.011967,382.39014,1.2147865,1.0379429,0.9922473
661036840275967872,130.780740267097,19.237476505539483,5.607056117314556,0.041518938,15.714093,2411.617,17.033468,259.52304,14.576521,827.7362,1.415303,2.4569473,1.0689694
661037424391513088,130.87892051826915,19.24524194248004,0.9171669684197072,0.13614555,17.941528,1130.365,18.889553,37.68898,16.969357,153.22217,1.3334479,1.9201965,1.0161778
661026356259654272,130.95391918890658,19.29912638311423,0.23539804305114154,0.14405021,17.995504,1074.0342,18.2894,107.11586,17.556208,133.33443,1.1840935,0.73319244,0.97760135
661037149512066688,130.7710918755609,19.275862357020152,0.3319195000645445,0.08332691,17.2164,1683.8103,17.532652,147.22826,16.637796,189.2169,1.2591826,0.8948555,1.0022187
661037252592824320,130.77622486613416,19.281760190283883,1.8016636413849945,0.017290138,13.712386,6923.4624,14.049181,1769.636,13.212868,2321.8142,1.1986401,0.83631325,0.931085
661037905427848064,130.86466485873504,19.30211638765633,0.13071965254264103,0.11537871,17.58363,1389.9135,17.865967,123.8065,17.140131,163.27527,1.1924608,0.7258358,1.0485913
661119922123317760,130.9931253819746,19.291171970351503,0.9435105561402876,0.11333686,17.676537,1227.1388,18.671108,66.68938,16.709583,221.52455,1.3157969,1.961525,1.0055624
661037046434392960,130.79328363777972,19.28012847700124,0.5431289535130939,0.13962252,17.764824,1231.5726,18.413454,84.04365,17.000002,146.66405,1.250455,1.4134521,0.9951446
661037046434393600,130.79208878764643,19.271626424940152,0.576310101855802,0.02917798,15.005682,4816.33,15.34461,684.61365,14.494607,927.3855,1.2047316,0.85000324,1.0175627
661037149513609856,130.77514589437072,19.269265469620695,1.3637282703239648,0.037086442,15.364074,4156.1978,15.831524,652.8591,14.731551,898.1799,1.2252474,1.0999727,1.0114957
661037286952561280,130.7927308980576,19.285613733796534,0.8220640076254316,0.02813729,14.788431,4779.1714,15.067408,1173.0609,14.349455,1076.7021,1.1915629,0.7179527,0.9969246
661037321312300288,130.76778790111484,19.29269479733955,3.691950341877235,0.02097184,11.924049,5734.09,12.236972,2533.2961,11.445562,3254.5244,1.1976705,0.7914095,1.4890751
661036153081196800,130.82243291251004,19.246734388315712,3.8721594606287457,0.08861987,17.277925,1326.9161,18.70138,66.813446,16.115143,358.08844,1.4238293,2.586237,0.9823445
661036840275967232,130.77854758680152,19.24798996926197,1.385350327973744,0.122276865,17.829601,1209.4008,19.02723,48.800728,16.7499,188.13933,1.3785365,2.2773285,0.99611676
661344016337358720,130.65182607164374,19.725533361780304,0.6801087682795067,0.040233854,15.598427,3430.0427,15.908921,405.7644,15.123568,651.8097,1.1967047,0.78535366,0.99451125
661333742775579136,130.79605046548693,19.728399109711617,0.9847348371124467,0.09032474,16.95647,1811.3691,17.540604,106.7348,16.233862,341.72824,1.2424093,1.3067417,1.0395125
661333738478732288,130.79837632865357,19.728255736903876,0.3466708609963883,0.15651886,17.928787,1178.7736,18.224129,71.95546,17.42183,96.92058,1.223922,0.8022995,1.0176494
661333742775579264,130.79682847731067,19.727729279774785,1.2229888543693845,0.05232579,15.86068,3225.102,16.532476,299.74408,15.066843,837.6486,1.265089,1.4656334,1.0267271
661333742775579776,130.78999887225945,19.728544065158616,0.7771477230033268,0.03298264,14.956255,3087.7922,15.352831,661.5356,14.390902,898.28546,1.2118361,0.9619293,0.9597791
661344085056836352,130.63496121994024,19.726872557610463,0.5400177623900584,0.10614709,17.432594,1405.5782,17.89143,92.18897,16.81481,200.1142,1.2188401,1.0766201,0.98798305
661397097836801152,130.42241178187848,19.87171550302755,0.3717946776132239,0.10171925,17.55516,1256.1129,17.894289,96.74015,17.056566,121.62065,1.1969315,0.8377228,0.98610073
661398029845988096,130.5120404699193,19.875697648006437,0.42600230476779566,0.026535425,14.671003,5202.5693,15.088031,741.96,14.085057,1486.8118,1.216011,1.0029736,0.97275
661347486670940288,130.53762101432616,19.72974473301519,0.6884101286799785,0.06335411,16.59789,1999.2506,17.02412,196.6941,16.007273,289.8819,1.2149557,1.0168476,0.98436
661253890744902656,130.483971101936,19.732192073794916,1.1811746099364178,0.11587135,17.718245,1188.61,18.541111,60.342762,16.799816,179.3987,1.320683,1.7412949,1.0296966
661347555390337280,130.51399441308868,19.735622327689104,0.39019018423555213,0.05960404,16.499575,2183.894,16.816181,221.16422,16.016026,294.06534,1.1988853,0.80015564,1.0230142
661349994931750656,130.5719522752883,19.819618995936384,0.7214901474225535,0.0248496,14.618657,4113.766,14.890431,928.30286,14.18246,1054.243,1.1936829,0.7079716,0.9798049
661403321245689856,130.43942267869605,20.03363033457948,0.2999806742466729,0.05530918,16.165081,2377.0273,16.509874,408.6371,15.629886,400.4717,1.2170143,0.8799887,1.0065513
661356347186685824,130.6905846233976,19.902708206437897,0.9474470648713752,0.06606472,16.549158,2108.8809,17.052954,210.7777,15.889583,421.1551,1.2287405,1.1633711,1.0169951
661356896942526592,130.74051646670952,19.934830043856135,0.1805847349660767,0.13162878,17.785934,1164.084,18.009258,83.457344,17.405735,116.385185,1.1878288,0.60352325,0.94964224
661409024962337664,130.51576233267127,20.02813623133288,0.8485586595434507,0.04505988,15.734333,3365.4246,16.144321,451.48602,15.159656,787.53815,1.211768,0.9846659,1.0424411
661254887177319168,130.3948126332952,19.754206384193918,0.765089125879113,0.09844278,17.55265,1190.7473,18.172215,109.8933,16.795599,164.54767,1.2552091,1.3766155,0.9824291
661302063098093952,130.4063714655021,19.801811746705916,0.4620771795180853,0.04666465,16.082043,2697.7131,16.373188,278.9344,15.622287,430.54453,1.1974977,0.7509012,0.959134
661397377010964864,130.39555807350007,19.889369427640762,0.6211773895464897,0.03415276,15.0557,4238.333,15.376786,697.5963,14.572078,826.79285,1.1966988,0.8047085,1.01536
661345661307859968,130.6955799457997,19.76325009907616,0.9333404982684751,0.021631759,14.132793,5233.0166,14.436092,1203.9714,13.664494,1615.2446,1.1964017,0.7715988,0.9707967
661346524598253440,130.68318717357076,19.790386050880723,0.43052683885142506,0.046627935,15.905753,3194.5874,16.235456,364.90768,15.411097,612.64166,1.1991454,0.8243599,1.0155338
661345012769772544,130.59783240925273,19.753646836009278,0.8102080387484939,0.037488025,15.381258,3707.213,15.708155,576.4018,14.885328,632.5939,1.2013103,0.8228264,1.0790828
661396380578550272,130.47298570441865,19.841661062979362,0.05884130229087298,0.08959901,17.134417,1515.6827,17.386429,152.89725,16.735865,181.6901,1.1826159,0.6505642,1.0152746
661396964694109184,130.39952213776635,19.84703740159534,1.3646831467256182,0.0387513,15.635785,3371.8433,16.165161,360.8003,14.929793,580.9287,1.251876,1.2353678,0.9662071
661398201644675968,130.54871796696062,19.912174247450974,0.4394509571282007,0.024895538,14.535705,5922.3354,14.991668,1184.3687,13.912655,1498.1663,1.2237142,1.0790129,1.0392836
661398923199180544,130.5249528534367,19.953168657150673,0.2667017139195707,0.07598799,16.859303,1935.562,17.139444,145.21947,16.413551,249.8931,1.1949095,0.725893,0.9883813
661400057070626816,130.4952092000236,20.003008884656467,2.1097935692182532,0.019602725,13.665677,7414.149,14.06585,1479.3917,13.104758,2224.8894,1.2072833,0.961092,0.93714243
661402737130142976,130.40981117603903,19.98480309080583,0.5931389522935775,0.0617993,16.46021,2253.6538,16.867853,183.49333,15.858193,303.93802,1.231066,1.0096598,1.0029843
661254543579935360,130.4325132010197,19.72575453724518,0.5220844505068447,0.03496563,15.396712,3581.4336,15.7354765,659.7364,14.896813,719.5731,1.197911,0.8386631,1.0511935
661331165795215744,130.6636346167865,19.630273885777246,0.6810369731873527,0.030581864,14.957549,3870.0608,15.251484,925.87524,14.502133,835.2221,1.1935095,0.74935055,0.9899879
661331268874431360,130.64389895646465,19.630180149458692,0.25291444595581786,0.11996664,17.684187,1302.5275,18.133207,95.616554,17.044733,155.72762,1.2381456,1.0884743,1.014483
661343496644413696,130.60761604099136,19.69048471056543,0.6785347003600772,0.14280193,17.92096,1022.31744,18.671711,62.316128,17.077866,144.63254,1.2782793,1.5938454,1.0150313
661330306801755648,130.7000604539173,19.6101392256595,2.072385250451304,0.018660484,13.609871,6994.553,13.972299,1845.0833,13.083581,1580.5083,1.202879,0.88871765,0.94992465
661331509392596352,130.69260857662675,19.64116789797297,0.22077117781543631,0.020974463,12.96232,6506.069,13.433996,1800.1969,12.329069,3514.2817,1.2239218,1.1049271,1.0387654
661332265306833152,130.78817340495164,19.671396025825455,0.5786034650101631,0.07739746,16.799835,2030.6455,17.197441,226.24564,16.24297,356.30618,1.2058431,0.9544716,0.9869265
661332368386049024,130.77534663722943,19.66702023261535,0.790361651187324,0.0970886,16.917746,1773.4961,17.655304,144.34383,16.088455,385.2575,1.2711587,1.5668488,1.076311
661332398448912768,130.75194813841173,19.664109955406555,0.9344202218751744,0.04861964,15.893152,3327.85,16.318361,493.0961,15.309257,670.3585,1.2109401,1.0091047,0.94869477
661332952501598720,130.78599874350854,19.70794387386548,0.046043126269991935,0.06907601,16.434896,1815.0482,16.548908,313.45905,16.237234,244.59196,1.1579117,0.31167412,1.0419383
661333158660032128,130.73800804762635,19.681269941142002,0.8853383310219358,0.02005344,13.746958,4590.466,13.98662,1818.6315,13.354411,1688.0568,1.1858428,0.6322088,0.9704
661333399179385344,130.75815234454672,19.713286541538025,1.7101283998939352,0.11511456,16.11427,1191.7216,16.961432,264.81326,15.136743,607.6693,1.368028,1.8246889,2.0884078
661333708415842304,130.78411373086348,19.71314841100929,5.209479191433093,0.021098534,12.9349,4796.261,13.5352335,1167.3783,12.202102,1966.8004,1.2438601,1.3331318,1.0213798
661345253287937408,130.69837370697115,19.71475989696362,0.46142654204398575,0.034160987,15.185954,3783.378,15.486007,816.2048,14.717265,875.5556,1.198277,0.7687416,0.9660571
661332505825000320,130.79833258376138,19.69040332439857,0.17953215326313018,0.13675734,17.708284,1286.7877,18.003065,167.52956,17.27509,125.26846,1.1801084,0.72797585,0.95622945
661331161498322304,130.65325061224266,19.628491614422966,8.04543078721144,0.14349836,17.763203,943.0204,19.555376,27.017448,16.489264,205.6462,1.499963,3.0661125,1.0316104
661332334026311808,130.75670855371945,19.662636161249825,0.5641276387112315,0.028423501,12.47431,3318.7146,12.4812,1820.6262,12.465822,2322.4795,1.1448678,0.015377998,0.98690945
661332540184739200,130.76980423328837,19.69711651146392,2.3311853972644996,0.10631887,17.20097,1382.6874,18.277876,76.76106,16.158937,242.07297,1.36804,2.1189384,1.0431823
661343569660764800,130.60511607366936,19.695244417150203,0.20843203094920365,0.06330373,16.53364,1838.4529,16.847515,240.66325,16.055449,349.32077,1.1970147,0.7920666,1.0879349
661344291216452992,130.58232584699167,19.702500108379265,1.2157697250916348,0.09344122,17.207521,1582.0754,17.997845,82.501015,16.34643,232.47865,1.2805738,1.6514149,0.98432124
661332711982331008,130.82391389966637,19.6931545044845,3.1820876491298313,0.20076303,17.815222,1082.2885,19.21655,31.085518,16.659021,138.44157,1.4204304,2.5575294,1.0192057
661343741460635648,130.67194911784205,19.700038288502924,0.7066800499013652,0.0440069,15.751157,2745.6829,16.132246,408.59137,15.19617,614.6245,1.2123338,0.93607616,1.007978
661343874601539328,130.62215650830208,19.699686797229525,0.3176886802828544,0.10450623,17.441061,1447.4752,17.856579,121.38356,16.876675,143.01126,1.2025009,0.9799042,0.9643986
661344016337359232,130.65260459673993,19.715936459352072,-0.07680239629896622,0.07165542,16.585873,2253.912,17.077698,210.3936,15.944966,385.55115,1.2206217,1.1327314,1.0474037
661254028183867648,130.40088088856396,19.69343280628462,2.4230635109408514,0.036568757,15.555836,2856.5657,16.361906,369.63425,14.677957,918.0082,1.2900283,1.6839495,1.02046
661254126965319936,130.40766260553622,19.699202771807798,0.26534850500749235,0.046686046,16.175959,2344.5012,16.4791,277.7389,15.703155,354.96942,1.1991754,0.7759447,0.96125346
661330302504857344,130.7140172993657,19.61045894658215,1.2111528456541982,0.12612812,17.65825,1222.3279,18.476301,60.245464,16.780825,166.01921,1.2858454,1.6954765,0.9773786
661331028356266880,130.6293746391211,19.610424252087814,0.3591419085088428,0.08031859,16.280685,1292.1976,16.62584,293.70923,15.711873,314.83154,1.2385076,0.9139662,1.5761846
661343393565190016,130.56856610946897,19.662768080040518,0.7470948355756881,0.11356473,17.672035,1263.7864,18.268501,50.253536,16.914936,128.50565,1.264061,1.3535652,0.99933374
661344531733441280,130.54158014686269,19.712771346964,0.677632590472119,0.028206583,14.846894,3627.6282,15.098779,624.08923,14.437459,1020.4654,1.1888055,0.66131973,1.0327626
661237432430333184,130.58740379244418,19.608890452514718,3.037983492841613,0.113620244,17.637512,1099.7567,19.047192,37.480724,16.490171,251.40697,1.4089788,2.5570202,0.9939896
661253405410814976,130.42658208638306,19.700152419737023,0.3223590996241517,0.08958594,17.39328,1341.5109,17.73914,100.8193,16.867252,143.59912,1.2107009,0.8718872,1.0355322
661331990428930304,130.68059401363033,19.695923829640407,0.7825016423705546,0.021568418,12.988817,4859.992,13.258339,2023.782,12.567062,2539.2134,1.1865432,0.69127655,1.1072811
661332299666571008,130.79297181071058,19.678868905611996,0.577039847080625,0.1214884,17.58849,1371.3398,17.953867,118.41793,17.063354,133.93733,1.2007428,0.89051247,1.0269191
661250587911796096,130.53088844764122,19.688963750735354,0.8700371028186356,0.09542205,14.566815,1351.2789,14.794346,940.17584,14.13936,1299.1699,1.2121215,0.6549854,3.837234
661253474130275072,130.4790816839971,19.68439387806331,0.49865634426726707,0.0599377,16.51713,2233.3528,16.936665,205.28726,15.930996,321.9059,1.2149962,1.0056686,0.99573946
661331028357451392,130.63515207100195,19.609787995083405,nan,nan,17.691383,137.51353,19.418907,23.08412,16.244019,48.9087,1.7441854,3.1748886,nan
661253237909888640,130.39601545826682,19.662413005863804,3.1578404320230296,0.024110548,8.194375,7951.0493,8.732021,3541.8035,7.501176,3970.9905,1.2390493,1.2308455,0.96675277
659637333772914688,129.46081266327596,18.287407825425653,4.136875657915059,0.05434291,15.68918,1454.0409,16.81299,161.83551,14.637845,612.556,1.366125,2.1751451,1.0322192
659638398924804224,129.40540183683757,18.32004967723574,3.108681607884967,0.10241101,17.190767,1223.3286,18.266108,56.011696,16.154806,189.23477,1.3622993,2.1113014,1.0003531
659638398924804480,129.39995347919967,18.316426189395195,0.539197659901699,0.053601217,15.894305,2372.216,16.248297,310.8343,15.364303,259.7478,1.2092723,0.8839941,0.9785264
659639292277998976,129.45780418567185,18.351461263112483,2.7697272258459753,0.12976386,17.548368,881.78174,18.85832,34.64333,16.410141,199.29613,1.4179033,2.4481792,1.0491823
659639734657628160,129.48936673993597,18.374450713966837,0.8757762193309166,0.028482327,14.373841,5147.53,14.70834,901.5634,13.877229,1411.6067,1.1979848,0.83111095,0.98575276
659640456212159872,129.4639192414929,18.382877107449477,0.36476469115497967,0.14993547,17.83514,940.9356,18.265347,58.25677,17.208122,92.54892,1.2378896,1.0572243,1.0245715
659639051759829888,129.48255219421907,18.34477980140044,0.28274470007193075,0.13714473,17.64372,942.0416,18.018766,72.214195,17.10336,104.63039,1.2057953,0.9154072,1.0456667
659447285763162368,129.60435871360994,18.251420669122965,3.0335754819365937,0.14339745,17.710676,897.75793,19.024797,29.344278,16.608446,124.92383,1.3779082,2.4163513,1.0727141
659451138350339456,129.4718210137733,18.289704798293574,0.8828388652844482,0.13140562,17.545649,1062.3353,18.135067,73.96878,16.816769,200.97153,1.2450988,1.3182983,0.9433237
659639189198784768,129.43557697403773,18.341247038491083,3.7381895728765544,0.10827123,17.249807,1049.5072,18.619034,51.08407,16.106342,211.92091,1.4121814,2.5126915,1.0221763
659639189199211776,129.43376058904525,18.340726514309914,0.7564419320310617,0.058087755,15.952728,2237.7559,16.434732,298.30692,15.3209095,493.6637,1.2184805,1.1138229,0.9479356
659451035271121408,129.52601246813575,18.30306180291554,0.31724501799832583,0.062777564,15.985507,689.6035,16.133438,185.23639,15.720205,234.07245,1.1702888,0.4132328,0.9643676
659451207069813760,129.51656882297738,18.297341051454655,0.9466976809095876,0.03867552,14.896582,3366.538,15.249023,490.66663,14.376778,1055.5182,1.2036076,0.8722458,0.99420583
659451237133105536,129.520375318022,18.304525989368116,0.680270811389969,0.10694335,17.125322,1263.167,17.659306,135.96962,16.441666,200.00713,1.233569,1.2176399,0.913663
659451344508766336,129.54192061180544,18.297710232005446,2.3371840658691276,0.047838755,15.454411,2526.0254,16.192764,300.30383,14.618221,474.87292,1.2766495,1.574543,1.0173852
659451718169456640,129.53223441416654,18.331095446814064,0.6666637494139386,0.11224309,17.131628,1244.9567,17.672642,85.84926,16.451649,148.97513,1.2280344,1.220993,0.9903415
659451722465887232,129.52801006613893,18.328882313505733,2.9024532934311362,0.02715747,13.823252,5779.411,14.256321,996.5208,13.22442,1734.3319,1.2173873,1.0319014,0.9132145
659640456212157312,129.454327146297,18.374765022627816,0.5407695813122988,0.09659698,17.024279,1320.249,17.367214,131.86328,16.497808,179.26678,1.2124026,0.86940575,1.0149285
659450829112693632,129.51442616491727,18.271085783183647,1.0586227786744824,0.07490415,16.513079,1728.1646,17.142557,162.22562,15.7431965,298.71213,1.2615331,1.3993607,1.0148151
659450897832169984,129.50868004079967,18.28250058033264,2.1340284749350458,0.14560276,17.670599,784.5381,18.950693,38.1789,16.563839,191.44888,1.3896484,2.3868542,1.1533241
659451207069814656,129.51159274492088,18.292929529760745,0.7642896392598302,0.2748292,17.251072,479.20956,18.168076,59.959545,16.263752,140.00854,1.356707,1.9043236,2.241326
659451413228242176,129.53915232584032,18.31312571716997,0.09645559911687622,0.15644732,17.702131,892.29834,17.954777,71.20134,17.32664,94.551636,1.1695119,0.6281376,1.0342895
659637333772914560,129.45790833789948,18.29018413117993,0.904220205323543,0.031540994,14.455737,1006.4473,14.842992,321.27097,13.895636,468.71176,1.2127564,0.9473562,0.92975533
659639322340786944,129.45929787851034,18.356272536234822,0.3138065442491732,0.11552608,17.422777,1102.396,17.744146,84.400116,16.942091,108.447586,1.1947843,0.80205536,0.92620903
659640078255033344,129.46018784999677,18.366866669926672,0.23807637147607252,0.13449535,17.628414,913.0354,18.006027,60.50706,17.066137,47.810043,1.2186995,0.9398899,1.0214452
659639910753291392,129.4188364333789,18.336275810660883,0.2557373476232574,0.239423,17.586185,391.11444,17.879478,85.91791,17.030294,65.38305,1.2559192,0.84918404,1.8198361
659638879961140736,129.44772603517683,18.303361864589906,1.3495339422240853,0.11997527,17.458866,986.95874,18.507101,55.40695,16.4606,123.24696,1.3318155,2.0465012,0.9578118
659640632307792896,129.50293820787502,18.40661854295913,0.5053447714007714,0.12377158,17.168364,1195.0751,17.541494,91.66266,16.615713,138.10612,1.2145804,0.92578125,1.0251548
659640937248510464,129.44506334916673,18.425726103252387,0.7892459946434021,0.081576094,16.804594,1600.8527,17.258684,208.74692,16.193644,203.7511,1.2162584,1.0650406,0.98284215
659646297367705216,129.56364518172572,18.44986357935504,0.7508979926760827,0.08267148,16.717428,1123.2335,17.040518,177.93047,15.693667,264.60226,1.6192857,1.3468504,1.0035608
659646336024357760,129.56995520059252,18.45684167876125,-0.15568040799135524,0.096608624,17.248558,118.82327,17.411127,27.03532,16.97642,33.439846,1.1652094,0.43470764,1.0603532
659646847123517568,129.47738578359377,18.44385033019202,0.328223024222658,0.15054703,17.716545,875.26794,18.342901,48.23017,16.944475,116.585045,1.264428,1.398426,1.1060947
659643759043985408,129.41953042780366,18.420669044305626,0.3041780477975396,0.03673327,14.970233,2829.6692,15.232538,704.8781,14.547817,818.59314,1.1906945,0.684721,1.0781064
659645133433459840,129.35616782195459,18.478144715456875,0.6512882197235258,0.065568775,16.512077,1885.8481,16.962084,185.94193,15.9032755,325.94055,1.2165941,1.0588083,1.0120195
659646336024358016,129.57143811684207,18.453316055829813,1.1022286166394668,0.05923316,16.414747,2029.0078,17.00443,164.20601,15.688611,216.39685,1.2429156,1.3158197,0.9502778
659646885780173696,129.48630875215292,18.46143879767273,0.5925737034498384,0.15337627,17.917606,952.6518,18.577826,38.910378,17.135904,126.50565,1.2595581,1.4419212,0.99973327
659647156361176832,129.54954920573715,18.478298544796882,0.4226817866381617,0.15335864,17.782652,891.391,18.171982,58.243427,17.308031,74.66561,1.158403,0.8639507,0.9545724
659645717549070336,129.54044944902455,18.40689729791321,0.4106065625726784,0.058180735,16.054842,2204.8193,16.307734,293.10858,15.622387,348.00262,1.201423,0.6853466,0.98782307
659645717549070464,129.54217969725485,18.40536572620038,0.11536939775951431,0.07512533,16.576792,1760.6719,16.891602,195.2424,16.094828,300.23376,1.1988233,0.7967739,0.9724572
659645854988022272,129.56273586879414,18.425606002513348,0.571288815684902,0.047730908,15.569061,2614.8853,15.846616,459.74838,15.132285,602.0197,1.1910204,0.7143307,1.0822585
659647366816508032,129.54682542467629,18.48468431718439,0.4618461286427833,0.08072708,16.745874,1523.9408,17.0276,169.05583,16.306541,210.46542,1.1903507,0.7210579,1.0476245
659645026063308416,129.4088241436942,18.48282268254965,8.219125352007518,0.41375226,15.63229,416.37134,nan,nan,nan,nan,nan,nan,7.1700816
659649909437150208,129.4695065887588,18.47392743815287,1.7533432641473605,0.019058403,11.998929,4664.1963,12.282314,1896.6095,11.551632,2938.1528,1.1941416,0.7306824,0.9405175
659645064713980416,129.39391434531962,18.483484371965456,0.5769506589983266,0.1324723,16.0047,518.73236,16.405159,262.99643,15.324827,432.52924,1.288855,1.0803318,2.422137
659647160658078720,129.5443609427338,18.47595713221236,6.785452705620243,0.08821594,16.838118,1026.961,18.39699,41.552357,15.626355,183.6154,1.4575919,2.7706347,0.97779775
659647366816508544,129.54135437200821,18.483735458864725,0.5936281226179843,0.035057668,15.228592,3428.1616,15.531284,549.63324,14.755856,672.8537,1.1993614,0.7754288,1.0034795
659647396879350912,129.5196029075701,18.488041914545022,1.9524430848720797,0.090888865,17.11362,1247.5444,18.03237,75.58031,16.165491,304.03317,1.3191586,1.8668785,1.0449088
659647401176248320,129.5171412114475,18.484433413211057,1.7705830992995377,0.035947,15.136112,3327.0889,15.69745,621.28015,14.429965,851.8361,1.2390722,1.2674847,1.1168672
659647607334675328,129.63761940597075,18.458839195165258,0.5801730177118695,0.11053725,17.356289,1082.233,17.738323,67.42588,16.826305,120.77641,1.1959124,0.9120178,1.0705773
659647671757245824,129.63368502733067,18.465014495043132,0.7658954917452837,0.06410151,16.449436,1981.2448,16.873402,223.94383,15.860103,301.45367,1.2151214,1.013299,1.0252569
659649875077413120,129.45638903879941,18.46661864461976,0.2704546086142811,0.06129671,16.031109,2242.5151,16.321302,299.52585,15.578682,257.54742,1.1936588,0.74262047,1.1037061
659457353166583808,129.68026127142807,18.40135107020778,0.2586261399604067,0.11039463,17.379814,1088.7466,17.728033,116.15554,16.878115,139.49309,1.1944151,0.84991837,1.0076913
659458456974601216,129.64389515265856,18.43274660155657,2.3976807384101657,0.033308785,14.891587,3701.2214,15.4778385,378.77505,14.159661,1167.1041,1.2486417,1.3181772,0.9934672
659643759043985792,129.41602589337577,18.409964718528947,3.752486386626451,0.021494223,11.64818,4863.122,11.957099,1930.533,11.1707325,2083.7483,1.1990522,0.78636646,0.9061698
659643793403723392,129.4295195750832,18.42489735505655,1.6515563997554967,0.13261424,16.494215,772.11597,17.360859,140.03291,15.516905,312.9364,1.3619117,1.8439541,2.0921109
659643965202414848,129.43622726205658,18.442827111577973,0.5488797139555209,0.033000585,14.716609,4349.855,15.216624,718.0301,14.063677,980.3497,1.2256172,1.1529474,1.0058228
659645885050835072,129.53987902494327,18.425958432757376,-0.049291357313250905,0.12105848,17.401806,1188.9396,17.855083,82.1731,16.777845,171.00189,1.2255206,1.0772381,1.0667738
659457048225328512,129.6914349008467,18.367228174917766,0.7761580950457626,0.09503744,15.791214,1113.811,16.228857,406.2773,15.10103,623.38696,1.2794821,1.1278267,1.6941451
659457078288459520,129.6948989743496,18.37793391280757,0.4076987893279904,0.017592594,12.562226,4648.205,13.042029,1530.775,11.921009,2734.765,1.2259729,1.1210203,0.9884392
659457112648390784,129.65359650425611,18.35604427007502,0.8710267582479073,0.047931243,15.8272085,2235.1145,16.23417,249.71626,15.256331,455.41174,1.210659,0.97783947,0.9784025
659458006001601280,129.62711550039978,18.377245935769494,5.055985291388931,0.08141761,16.660067,1277.5591,18.073772,61.072697,15.490744,240.6928,1.4330142,2.5830288,1.105194
659639738954596096,129.48524362875406,18.382239392604262,0.9587063325963283,0.122201025,17.507671,1089.2936,18.098299,70.96841,16.77407,168.86415,1.2482184,1.3242283,0.98490757
659643651667842816,129.3860277802515,18.42869475025092,0.37063599219382215,0.11690764,17.57596,1052.2811,17.885628,99.44268,17.121359,108.05439,1.1850708,0.7642689,0.8935113
659643930842676352,129.44729092938752,18.440334194523867,2.9226832934705005,0.067531325,16.454422,1876.9008,17.468048,124.30172,15.465959,386.8966,1.3312709,2.0020895,1.0121479
659647229377554048,129.5846223990561,18.481212089404075,1.217595026013658,0.08594725,17.089579,1316.4819,17.887856,84.8526,16.22282,278.9428,1.2828857,1.6650352,0.9865914
659658224494249216,129.32707768888667,18.5616320164187,0.9873477074120207,0.0328921,14.966201,2763.1675,15.339446,729.19147,14.416772,685.1337,1.2124524,0.9226742,1.0779772
659663481533739776,129.36448537507795,18.588961974342133,1.6600461091269731,0.2166891,17.89985,368.92386,19.20065,29.748217,16.632996,96.626045,1.5707784,2.5676537,1.6663359
659664198795159424,129.33133507716423,18.59127039427764,0.6409029957567914,0.74815077,13.684094,512.28406,13.785343,734.3264,12.94513,1086.7042,1.4920238,0.8402128,52.21568
659664821563529984,129.41035303047968,18.64204628587824,0.2908387714352449,0.057236187,16.12322,2280.6743,16.409061,231.38432,15.6557255,373.43167,1.2048111,0.75333595,0.9460183
659664924641478784,129.3526139717102,18.633910838646013,0.8328495502368317,0.13076167,17.737047,799.38715,18.539648,37.01347,16.866644,106.06955,1.2846487,1.6730042,0.9866621
659665405679077760,129.47467555451155,18.646087300741602,0.6771766737379428,0.070115685,16.6994,1622.8971,17.226269,183.87248,16.036757,288.451,1.2213391,1.1895123,0.983765
659644102641309696,129.38337385725086,18.444203806428252,0.21627691678802383,0.11662442,17.513134,131.75989,17.966349,32.280434,16.914303,36.89713,1.2084409,1.0520458,0.9377005
659644411878958848,129.33227800389454,18.433760577483703,0.5276868140494669,0.083246164,16.926502,1506.9845,17.312996,169.18561,16.377108,149.13579,1.2061946,0.9358883,0.9235361
659663550253215104,129.4200080812078,18.569460476654342,0.36496677960387985,0.032674845,14.86447,2771.4353,15.022769,645.4319,14.590219,772.5221,1.1687216,0.43255043,0.9841021
659644514958172160,129.33954047985154,18.449858776705625,1.0120971113783084,0.030352952,14.357546,4257.137,14.695091,1277.632,13.85636,1144.604,1.1992971,0.8387308,0.9112266
659644858555553024,129.3757926775423,18.457715853624556,0.6333621728134801,0.1024817,17.297346,1298.4398,17.895548,73.44445,16.570816,178.0007,1.2399219,1.3247318,1.0156983
659656605289232384,129.2922287991098,18.484166838463594,0.255622541431517,0.107167624,17.389143,892.26324,17.730804,90.8102,16.871267,104.32817,1.2076318,0.8595371,0.9985091
659663378454526336,129.34836226275578,18.57501338941597,0.13131515323045326,0.093479335,17.175425,1338.0688,17.492804,113.47353,16.687822,115.41491,1.2009574,0.80498123,1.0056087
659667467263393280,129.2679884597484,18.624957791919226,0.8531965216644822,0.061431665,16.174814,2058.3545,16.596415,203.8804,15.581111,412.9798,1.2191126,1.0153036,0.95034766
659651146387665408,129.44043827468434,18.536573833677615,2.5472576397817277,0.022084277,13.834927,6505.081,14.2877865,982.60785,13.221839,1377.8604,1.2182547,1.0659475,1.044068
659658396292469376,129.2539316387894,18.563920696866674,0.7620272300970605,0.12982889,17.539558,1045.2245,18.153269,66.82557,16.796482,112.06879,1.2466156,1.3567867,0.9998072
659658533731482240,129.28462457559868,18.584835797090033,2.0499119310794995,0.03462911,12.525056,4280.5205,12.882318,1460.6985,12.004846,2256.3364,1.20154,0.8774719,1.8326464
659661454309182976,129.24631288987703,18.586721663736256,0.4141996714986164,0.09461184,16.86216,1210.139,17.210947,98.83708,16.31971,152.87984,1.2196951,0.89123726,1.1109726
659661557388396288,129.25843427135672,18.599668353469735,0.8520666741956552,0.15786333,17.49899,908.6246,18.25325,58.822884,16.663721,183.61443,1.270534,1.589529,0.9285339
659663344094789888,129.3452747394124,18.55726725558135,4.004808235487499,0.14459589,11.444927,3983.6587,11.7876005,1865.3772,10.937867,3117.735,1.2004173,0.84973335,5.361275
659663756411708416,129.43568827489744,18.605705289154933,4.630268025756488,0.027056117,14.388036,4652.5,15.179136,767.4904,13.521332,1726.05,1.2851452,1.6578045,1.0245607
659663893850598144,129.38817663544538,18.605891416812902,1.335647495907249,0.03768326,15.216629,3746.5642,15.678869,324.107,14.592419,675.76697,1.2217675,1.0864506,0.9756448
659664130075157504,129.3337102537543,18.58453222589711,2.7486009047582747,0.020145165,13.550299,4597.4854,14.030107,763.512,12.913091,1169.6305,1.2231709,1.1170158,0.9319442
659664134368770688,129.33400912054418,18.58328999783545,2.7915364642756177,0.024746181,14.29382,1827.2223,14.913785,386.81897,13.538055,625.9263,1.2540569,1.3757296,0.9926398
659664306167461120,129.34025522802196,18.59841703494051,0.820316579334177,0.085300595,16.852652,1470.1559,17.377157,69.61455,16.190063,143.63612,1.2222731,1.1870937,0.9903694
659664581045367168,129.3192625378508,18.629370889319446,4.738414481417449,0.16860531,17.865532,604.5843,19.685307,19.669952,16.624287,152.31708,1.4561077,3.06102,0.92980844
659665474398558080,129.43805400594738,18.627074541698885,0.38594456506953945,0.107520826,17.29036,1304.144,17.713163,82.78377,16.798899,71.6429,1.1532078,0.9142647,1.0552013
659667467263392640,129.28334184377962,18.62002206793295,1.3940449910858752,0.07517617,16.36254,1584.9093,17.12412,170.3431,15.502244,518.9753,1.2892858,1.6218767,1.0299027
659667501623129600,129.2896760483365,18.631252715956155,0.6723406723008652,0.13665359,17.571974,1007.0717,18.078568,88.87052,16.921263,113.85755,1.2212845,1.1573048,0.9780753
659667535982867456,129.30983776402013,18.623904428589206,0.5166577047253202,0.056388397,15.701992,2113.5068,15.993174,416.94528,15.248674,330.38486,1.193678,0.7444992,1.0435319
659667570342604032,129.32367928052827,18.644237187603746,0.8655018650839021,0.025156124,14.043538,4445.8853,14.356216,1197.8873,13.571079,1162.0533,1.1941718,0.7851372,1.0247287
659643960905496960,129.42502815316183,18.44982353330403,1.0792154759840384,0.09089727,17.070478,1381.8224,17.744637,149.18074,16.294285,169.06342,1.2501457,1.4503517,0.9931111
659644961634767616,129.3703051728036,18.47423586285402,2.575977278340492,0.0364821,15.131469,3022.092,15.801701,381.3723,14.342737,768.70953,1.2615504,1.4589634,0.94755113
659645270872410368,129.38181163651896,18.497864414673145,0.315289024342142,0.043184157,14.83308,2443.9001,15.121335,621.7785,14.36976,605.34735,1.2010903,0.75157547,1.4032117
659649875077413248,129.45169722354925,18.464887564334184,0.7306664849265887,0.03193755,14.719796,3686.0623,15.008787,991.336,14.268608,734.5275,1.193546,0.74017906,1.0183709
659656815744507008,129.28708822838036,18.503759438992503,1.5181419478690308,0.07311285,16.71209,1637.8892,17.55476,124.794304,15.799064,217.85358,1.3096715,1.7556963,0.9593908
659656815744507776,129.28578360768842,18.491790292622042,0.5200672661818302,0.11767911,17.605461,1105.877,18.138748,65.91855,16.91633,122.86756,1.2378463,1.2224178,0.9740284
659657262421101952,129.32669081080653,18.525601281331628,1.8161923970146545,0.029800989,14.384619,4033.6729,14.853226,540.7415,13.741843,901.0253,1.2318968,1.1113825,1.1596073
659644446238696448,129.34448757495412,18.43804662529367,0.6562949505510645,0.06361836,16.24149,2034.7662,16.660206,279.23938,15.640334,415.0219,1.2254303,1.0198717,1.0350837
659663103576619776,129.37386002580095,18.552639619765532,0.8647953738303239,0.02028095,13.78632,5154.661,14.086744,970.60516,13.322205,1664.6636,1.1953629,0.7645397,0.9967378
659644755476338944,129.34715760620026,18.469072256904226,2.8657871440468243,0.103123106,17.30681,898.52783,18.618853,59.223915,16.192268,246.82541,1.391571,2.4265842,0.9670347
659644824195816448,129.33279278595526,18.469163861343027,0.4584874846033519,0.106904276,17.362885,1097.492,17.785719,87.80152,16.769676,135.5581,1.2182213,1.0160427,0.9539016
659656437787387264,129.29534154197367,18.466925143837653,0.847338466177858,0.019263819,11.391284,3633.3267,11.985526,1343.4286,10.663473,2896.4458,1.2424191,1.322053,0.8844181
659656918823720832,129.290305561769,18.51564098260058,1.7676930385112641,0.032439798,14.848824,3964.542,15.349241,640.8044,14.174155,431.8075,1.2409788,1.175086,0.93170625
659649875077350144,129.44749976929984,18.468720825591046,0.062243367092399485,0.088819005,16.82175,1637.56,17.234154,172.3096,16.242313,172.01985,1.2138023,0.99184036,1.0180246
659657468579530368,129.32192173833502,18.552882763991843,1.4272787326497325,0.07139942,16.504719,1686.3433,17.245077,121.86634,15.669853,443.67584,1.2748636,1.5752239,1.0724319
659664924642749312,129.3521854649548,18.630423527448873,0.9187057622595928,0.03683054,15.146945,3263.8503,15.519716,465.6006,14.607528,560.1921,1.2062683,0.91218853,0.89508647
659715089860685184,128.98839615287855,18.77158877675391,0.6162222252613604,0.14745864,17.974184,752.3361,18.630411,80.05648,17.193235,107.036804,1.2604129,1.4371758,0.9096119
659715227299635840,129.02278589451046,18.774115828952997,2.011480665621097,0.041456763,13.800105,5583.763,14.138296,1216.4174,13.292762,1632.5624,1.2027806,0.8455343,1.9164652
659715326082470272,129.0238741358856,18.795798951641462,0.9531226411694045,0.13565485,15.717579,414.4695,16.293839,375.30725,14.85238,801.34375,1.3604262,1.4414587,3.59235
659715433458062720,129.03183400443746,18.79454400705165,1.118831904746346,0.020346444,13.918032,4649.106,14.212695,646.05975,13.457906,1608.6345,1.1959226,0.75478935,1.0050277
659715570897018880,128.99623309760273,18.80247243425859,1.3311037433684436,0.06486259,16.484564,1627.7932,17.088707,193.19644,15.740924,286.76126,1.250696,1.3477831,1.0180273
659715673976228992,129.03589080042735,18.812737141130018,0.32505359842257225,0.062463436,16.40053,2003.9518,16.792446,269.5286,15.834166,205.85106,1.2146604,0.95828056,0.99768
659717284587524736,129.15621000595937,18.76674308495845,-0.052971084922327404,0.10665391,17.14055,1281.0642,17.563074,167.57692,16.547543,158.1123,1.2182276,1.0155315,1.0876132
659720548762717184,129.0861947850807,18.811593785637342,2.479806810600193,0.13964681,17.850048,785.68353,19.259386,31.199492,16.685137,167.21147,1.4287987,2.5742493,1.0059677
659720553059074176,129.08745260072297,18.807685379683605,0.25080312405435534,0.102445945,17.303638,1183.5619,17.638052,115.70236,16.778124,116.47861,1.2159674,0.85992813,1.066226
659720724857762048,129.14997300091807,18.813662307480627,0.81710587638215,0.0387852,14.912722,3295.1133,15.271308,670.67676,14.376668,933.35474,1.2108941,0.89463997,0.9951589
659721205894097152,129.14386118217226,18.853621349875322,2.496316902085155,0.018800065,9.667299,8927.767,10.155768,2424.5078,9.015179,3214.98,1.2299356,1.1405897,0.9478038
659721308973317376,129.08470014244597,18.816850680594264,0.6007993079264117,0.14527607,17.975773,834.6806,18.510527,82.545784,17.28203,95.276115,1.2406269,1.2284966,1.009671
659721652570700032,129.05175793281725,18.85295893757521,0.8122631340234208,0.057889096,16.252136,2181.2751,16.746065,260.4495,15.600594,426.2011,1.2272085,1.1454716,1.0533054
659723542356303104,129.14573032060517,18.90077152630818,1.974133020772848,0.07102042,16.336884,1997.9446,17.133028,209.88416,15.465277,374.47748,1.2877548,1.6677513,1.1644255
659723782874469888,129.1488355205026,18.91879240629876,1.7855393662840868,0.025684737,13.934258,5541.345,14.281007,725.28937,13.41924,1744.6245,1.2033759,0.8617668,1.1686403
659727356287278464,128.98956244472757,18.811271125191322,1.5750290440043395,0.01826106,11.74565,4859.558,12.073618,1601.7427,11.256879,3084.9187,1.1964142,0.8167391,1.0456753
659727837323610240,128.97719725297657,18.869432046223974,0.2947187700476862,0.04935489,15.974346,2241.286,16.266861,309.50223,15.514869,312.40533,1.1966329,0.7519922,0.9442055
659733678479128704,129.01644202409673,18.881269834201422,0.2827944417664195,0.15595546,17.987627,844.7857,18.355139,97.69622,17.439491,59.515743,1.214345,0.9156475,1.059741
659734090795983616,129.09873736508237,18.91985261252358,0.12136902711795784,0.03464192,14.855348,4398.893,15.392526,547.58234,14.166542,1412.911,1.2360216,1.2259836,1.0356312
659734503112944640,128.9881969112951,18.89996382342974,0.6229462716295339,0.041276895,15.650702,2687.0322,15.977716,498.7908,15.156381,724.95166,1.2002695,0.8213358,0.9696615
659735602624468224,129.11854260502963,18.94433915954082,0.7508358808122956,0.035128232,14.680734,3975.324,14.954056,729.0941,14.24385,1025.974,1.1932768,0.71020603,1.1540219
659719590986386560,129.2450712924305,18.871466747022634,1.001758737173987,0.058720198,15.975169,2279.9187,16.43703,301.74576,15.342513,361.59616,1.2277738,1.0945177,0.9933813
659719797144809856,129.32617927846678,18.881155678146747,4.78725245037988,0.080382034,15.104508,437.59927,nan,nan,nan,nan,nan,nan,1.316347
659719900224031232,129.26322073377352,18.862166488556895,0.5062946287257346,0.15807208,17.835114,870.87854,18.374155,72.25473,17.147505,102.34639,1.2343873,1.2266502,0.9299012
659715639616492416,129.02734947967647,18.805728167135783,2.290301199501923,0.022013746,14.195022,5733.8877,14.670481,1291.6528,13.564384,1199.8433,1.2204741,1.1060963,1.009727
659715639616492800,129.01535771019851,18.8100609808216,0.739799291798255,0.034614947,15.210741,3277.15,15.54315,437.7979,14.710818,425.03403,1.2010409,0.83233166,0.94751865
659722511564148992,129.23066171833585,18.869116738259653,0.7175138170612113,0.16990854,17.974133,824.5955,18.511236,39.21408,17.254725,104.86025,1.2587441,1.2565117,0.9702669
659723611075777536,129.17785631476485,18.899645691123997,2.829757168938437,0.12471607,13.455533,5672.9746,14.01031,1047.414,12.751662,1596.3264,1.240003,1.2586479,6.286878
659723645435513856,129.1808408408377,18.921464588549412,1.429862839737742,0.27218086,17.403446,380.68945,18.54423,45.32633,16.267849,206.55295,1.4515874,2.2763805,2.5837975
659727459366489472,129.0073774315868,18.830747892021108,0.6782954377790403,0.12869443,17.935398,934.03564,18.800596,38.08994,17.00236,109.66157,1.3209733,1.7982368,0.9139647
659727493726227200,129.01173283946812,18.83553044899256,0.490473686077234,0.034707952,15.053885,3649.671,15.521088,514.2361,14.41987,797.20825,1.2263914,1.1012173,1.0376872
659719247389003008,129.28359732804472,18.839758822206463,2.7480662043781585,0.074751325,16.265722,1771.8583,17.339787,179.85176,15.232349,398.75745,1.3600143,2.1074371,1.0209222
659720346900640896,129.14004424875174,18.80535052425456,1.3655535210319965,0.04515481,15.417542,3157.1384,15.903617,320.56076,14.772923,589.33044,1.2256727,1.1306934,0.95515156
659722752082318976,129.17773145114805,18.895186493805962,5.409086612832165,0.020824175,13.456867,4312.2427,14.196793,1034.8088,12.618774,1701.8375,1.2777127,1.5780182,1.265957
659715261659371520,129.04301701724484,18.781291039941017,1.968612320758382,0.033436485,15.057683,3854.6038,15.6321945,390.37665,14.335615,727.28345,1.2457714,1.2965794,0.9955336
659721377692793984,129.07214922262395,18.82709621576302,1.2428567004870688,0.11837409,17.52478,1013.6446,18.29052,56.68707,16.675587,165.82715,1.2784541,1.614933,1.0118549
659728524518381184,128.936950572335,18.86639663646806,0.49419844433744137,0.042766944,15.79671,2342.1836,16.121597,459.7559,15.308867,474.52246,1.1973721,0.81272984,1.036371
659728868116268928,128.9428607234464,18.895755092629006,0.4254864738661417,0.11690486,11.970312,32.447372,16.397457,4.5663223,9.890425,23.722105,2.870977,6.5070324,1.1888851
659734468753207296,128.98177162902778,18.89065282418884,1.625153035856861,0.105437614,17.300848,1104.4547,18.31446,125.17457,16.307955,225.10147,1.3355517,2.006506,1.0163451
659734640551801472,129.01137876786174,18.91586252952217,0.4051178026384068,0.07139057,16.752092,1709.8694,17.105833,138.46667,16.23277,194.86172,1.2026786,0.87306213,1.0268346
659714471385392000,129.0310220145536,18.765895985831456,0.942187700188075,0.016634444,13.269606,4379.5107,13.500912,1678.8728,12.889619,1723.0397,1.1833862,0.61129284,0.9115802
659716739128110336,129.24063834730188,18.764877146576982,0.5736125308789425,0.055219743,15.957301,2410.6287,16.337942,253.84549,15.406521,489.4527,1.2098315,0.9314213,0.98297757
659723026960219648,129.24267914641192,18.912080148575956,0.652967701060534,0.036721583,14.980692,3197.5444,15.252671,543.3484,14.5474825,605.1118,1.1918482,0.70518875,0.8878861
659723164399170432,129.2609271485449,18.92595800404119,1.286477748353938,0.023401652,12.000762,4332.6904,12.208033,1630.7334,11.653194,2950.5469,1.178934,0.5548382,1.0049633
659734949789366144,128.97276979111604,18.937940842748084,0.3938373350378919,0.10064,17.268711,1241.6116,17.712078,95.35801,16.694921,142.09966,1.1961343,1.0171566,0.9865437
659714299586694784,129.09353856882558,18.763023087841415,1.0711684769753431,0.020257052,13.711671,4370.82,13.981689,1078.175,13.283544,1686.185,1.1899381,0.69814587,1.0433303
659717838639737344,129.19264333285577,18.81348403011671,0.6371049386640056,0.044585843,15.473878,2929.499,15.7900095,407.8245,14.992305,552.9588,1.1979276,0.7977047,0.9134895
659719419187792384,129.21214897735982,18.844412926303367,7.333002918131663,0.028062016,14.516272,2712.388,15.562451,306.8306,13.50077,1346.5778,1.3492308,2.0616817,1.0774981
659721790010197632,129.06584607895118,18.86954320724503,nan,nan,17.84682,127.49373,18.569181,81.225204,16.6285,161.41211,1.665668,1.9406815,nan
659722820801793408,129.20410926513912,18.900041966315303,1.0242540179260728,0.087094985,16.984041,1449.2931,17.686384,110.16889,16.179085,234.26595,1.2632568,1.5072994,1.0579168
659728455798905472,128.94107323336064,18.855271297871813,1.0193583088933997,0.01938653,13.66793,5176.7065,13.968055,1180.9996,13.201371,1935.4257,1.1969693,0.7666836,1.017399
659728661957331584,128.95638076727857,18.881217053540478,0.8934044102257367,0.040763985,15.624246,2742.1658,16.015549,414.52173,15.065736,527.08795,1.2098352,0.9498129,1.0085827
659734159515460224,129.095573729494,18.925475633282876,0.7187873224872613,0.09958881,17.17886,1356.1946,17.714468,129.25333,16.504566,230.29584,1.2261211,1.2099018,0.97811985
659731891772653952,128.92148326063867,18.916075888775055,0.579658058652148,0.06660508,16.60054,1777.9302,17.050602,227.17607,15.984895,194.67921,1.2212329,1.0657072,0.951764
661008424772359936,130.46907031740145,19.113397874861192,2.989928101901943,0.1162497,17.729834,1074.118,19.091057,52.425945,16.588291,196.74745,1.4115638,2.5027657,0.97393596
661031961193139840,130.46169751012087,19.140843333952027,1.4523891150047359,0.0598654,16.421984,2369.4548,17.169538,221.6951,15.566256,374.95447,1.2900598,1.6032829,1.0401628
661032991985283456,130.60519644254757,19.16721944556348,2.0392132670192975,0.06764059,16.83004,1780.1108,17.82771,153.18625,15.841788,445.15866,1.33529,1.9859209,0.9604893
661039589055040768,130.68886732650103,19.246057850695408,1.3123812716623984,0.015948458,13.486217,5114.127,13.76841,2085.6313,13.042554,2104.7754,1.1926314,0.7258558,1.0078729
661220351342091264,130.44033348103048,19.211655672348734,2.037446515116032,0.067888774,16.85166,1853.3663,17.892906,84.50086,15.822701,360.07153,1.3638664,2.0702047,1.0109041
661220424359884160,130.4286288524556,19.22497390691045,1.0297537741911176,0.079894766,17.061863,1596.5818,17.764359,105.83076,16.245598,281.4034,1.2724522,1.5187607,1.0357118
661029006255630848,130.69242777087533,19.128176266181004,0.9684217575100094,0.057826016,16.583702,2420.0972,17.147028,243.45905,15.882424,373.75726,1.2346708,1.2646036,0.9564742
661030002688044672,130.6419256387364,19.153820813407133,1.5917201884698813,0.018844513,13.946898,5376.4478,14.28701,1399.5374,13.441681,1511.6422,1.2005274,0.8453293,0.9973755
661030067111028224,130.62413486345645,19.168707399801512,0.99826444827293,0.10367985,17.651794,1243.1741,18.440792,81.27922,16.794912,179.78401,1.2774012,1.6458797,0.94136834
661030311925687040,130.67587014293667,19.175625892192105,1.0924257623733282,0.074846484,17.071646,1637.5736,17.861576,131.19856,16.196863,259.25006,1.2925056,1.6647129,0.97794235
661030518084116352,130.6718804995352,19.189514323336695,0.3173021734647301,0.045434557,16.04988,2946.461,16.398643,423.7782,15.534289,605.6118,1.2027525,0.86435413,1.0478182
661033610460569088,130.6396348735047,19.21479378902255,-0.012505916747368376,0.080495566,17.247059,1164.0106,17.371286,151.04648,17.016249,122.797035,1.1674525,0.3550377,1.016866
661033816618998784,130.62808239055138,19.231656054064036,0.2211368946758996,0.08230231,17.285421,1551.8259,17.612278,171.78853,16.800377,152.18202,1.1946993,0.8119011,1.0409869
661036565398064512,130.718397941585,19.223411970464443,1.1186003050839373,0.0750628,17.007559,1795.0625,17.748655,157.08278,16.17805,348.51233,1.2701446,1.5706062,0.99404573
661028555282535552,130.60743029039327,19.144758423811183,1.4878246752796043,0.08531242,17.118044,1491.3103,18.245659,134.29787,16.072655,308.50696,1.3591685,2.1730042,1.0351259
661028559579034880,130.6015673659311,19.144911055259435,1.1570878373220042,0.027627345,14.946371,4760.7256,15.336963,649.128,14.385568,1231.0559,1.2116549,0.95139503,0.96734005
661031200982385408,130.51812130673449,19.127579877059247,0.8963939362498548,0.052434683,16.480427,2367.6995,17.010845,248.15341,15.799795,425.53873,1.2328293,1.21105,1.044827
661032098632091776,130.48705670501246,19.152284381512978,0.67977791591182,0.041121714,15.949362,3022.1458,16.291983,430.62674,15.437987,591.5392,1.2031162,0.8539953,0.9647916
661032132991828736,130.4927407134502,19.165328778472123,1.2988356727222312,0.085590206,17.416922,1484.4889,18.29474,87.78902,16.493029,266.83545,1.3088588,1.801712,1.011499
661032751467116928,130.51248235429142,19.192184918373073,0.3530382736791925,0.04524115,16.141106,2660.6245,16.450062,347.56042,15.669361,665.938,1.1956108,0.7807007,1.0727189
661032991986429696,130.60230264359285,19.16177255610756,0.7041241413673116,0.028914582,15.014275,3107.5112,15.347724,804.41895,14.505537,969.3099,1.2059674,0.8421869,1.0634384
661034332015076352,130.58036970417479,19.242372025807118,4.650572562654775,0.045323707,16.158417,1878.7717,17.559277,127.780365,14.998312,516.08563,1.4249142,2.5609646,1.0184755
661034469454031744,130.54209965513328,19.239408358418068,0.6035008519342534,0.02475604,14.854533,5405.5024,15.218106,893.49445,14.331757,1023.46106,1.2001233,0.8863497,1.0034422
661028422140082688,130.58582251448627,19.126710359511893,3.951445030714373,0.065855466,16.860975,1667.9924,18.197369,86.779175,15.727188,395.37872,1.4077808,2.4701805,1.0006516
661029968328306944,130.63522695103268,19.14778505983298,0.4197670963506091,0.08196683,17.121124,1668.4883,17.43753,205.88365,16.638582,200.78261,1.1983758,0.7989483,0.96388775
661030135830428032,130.65657443508198,19.175345430738847,1.4378284120445675,0.0148308575,12.261962,5086.0586,12.623568,2933.5134,11.732421,2683.4827,1.205322,0.89114666,1.0416801
661031342717845632,130.5547434635794,19.123157144024283,0.7663854338373813,0.028218413,15.173636,4131.2397,15.482171,626.44434,14.693442,973.2066,1.2009004,0.7887287,1.0075437
661034366374817792,130.5398532661283,19.221160767368744,0.26199466328568377,0.0961718,17.586456,1282.7795,18.08023,74.12966,16.932814,124.721634,1.2287593,1.1474171,1.0201201
661220080762501120,130.45544967923794,19.196334305369007,5.272297565685513,0.039496206,13.810671,3121.7517,14.701258,728.70233,12.869399,1286.4471,1.320986,1.8318586,2.4177933
661029865249089024,130.6838619171534,19.155994247718024,0.42949188519620557,0.03988446,15.669483,2982.959,15.936806,576.51874,15.242519,637.6057,1.1906753,0.69428635,0.9777524
661031033480200704,130.54030063330134,19.130868818305252,0.9906576255027044,0.055768922,16.4121,2330.6926,16.909336,217.26044,15.745164,419.43463,1.2367606,1.1641722,1.1154447
661031205278894080,130.52352192263365,19.12519372613338,0.45645782020367687,0.045613706,16.123888,2619.292,16.407911,498.6769,15.673932,430.9913,1.1953709,0.7339792,1.0065587
661031205278894592,130.51558876072767,19.12596013443163,0.2614417661378774,0.1086599,17.83073,1123.1248,18.394974,76.06845,17.123156,166.47574,1.2389761,1.2718182,1.0141462
661031407140819840,130.55160377425497,19.14394542854386,1.0765474801562012,0.0474279,16.191628,2803.6501,16.774515,295.3445,15.46944,508.46613,1.2425765,1.3050747,0.9346413
661031686315228672,130.52856978891552,19.148412740664156,0.38233645507614566,0.061553165,16.8483,1889.6448,17.173237,192.70981,16.358164,235.23363,1.1987439,0.815073,1.0063809
661031956896631680,130.46022639830173,19.13513668240221,0.8618102758634737,0.104161344,17.572472,1357.8912,18.222197,71.957664,16.796227,192.30457,1.2590563,1.4259701,0.9917777
661031991256372224,130.47866312019832,19.1437537842016,0.6843113377666471,0.13021247,17.921793,949.97833,18.727003,50.13684,17.043938,143.85648,1.2902806,1.6830654,1.0865939
661032029912615552,130.49874805603653,19.138281385820893,1.2432973949430381,0.074052475,17.131866,1634.472,18.119823,112.137115,16.143042,202.08247,1.3384407,1.9767818,0.9561463
661032064272350976,130.5059404778083,19.163164424608958,1.3900229267730166,0.07600687,16.746422,1916.2256,17.530642,213.12471,15.886672,330.4806,1.2814001,1.6439695,1.1172562
661032064272352512,130.50176776377583,19.150754864718774,1.88039034390912,0.0364563,14.569762,2699.5408,15.015731,951.8514,13.908014,734.5384,1.255234,1.1077166,1.9321313
661032815890103680,130.49170430305293,19.20584778334226,1.7610985333783817,0.27608535,17.779745,293.49057,18.881159,56.915188,16.498549,195.923,1.6328712,2.3826103,2.5559225
661034435094258688,130.52407372083417,19.233212782554,1.5796343362949115,0.016207565,12.90118,5020.8057,13.198422,2063.201,12.439692,2460.3435,1.1954186,0.7587309,0.94684535
661220596158572672,130.49582475078444,19.218969022410892,nan,nan,17.103579,166.99437,17.116068,31.567595,15.503225,185.01703,2.5549572,1.6128426,nan
661220664878049536,130.47694468017846,19.232758727254712,1.2292509336045323,0.02160767,11.979216,3807.0188,12.2142105,2453.9275,11.590063,2100.065,1.1864634,0.6241474,1.4543054
661220767957265664,130.46252339455629,19.2276615387249,1.3428798556286323,0.10153247,17.543673,1263.0238,18.53853,61.515617,16.552734,172.11444,1.3386312,1.985796,1.0263547
661028284701128576,130.62791373218562,19.115980432431172,5.223950080910504,0.10336219,17.651209,822.1429,19.506748,25.118347,16.38788,226.4174,1.478842,3.1188679,0.9415432
661028559579034368,130.6039357265297,19.150154145523278,0.4253928171347664,0.40604427,14.80637,340.55545,15.188455,703.1035,14.132246,1264.741,1.2932565,1.0562086,17.049349
661030071407521536,130.62153877259203,19.163363841920788,0.9313440580263961,0.048105944,16.247808,2610.7861,16.759974,327.43063,15.585945,516.188,1.22687,1.1740284,0.94921374
661034641252719360,130.60992536115046,19.249230376254197,1.3942790055479282,0.10430993,17.566637,1150.5155,18.73704,62.014122,16.486753,200.91124,1.3848381,2.250286,1.0821075
661236225541482752,130.6226512490526,19.55884797554958,0.34044096789945577,0.08519131,17.14909,1618.9288,17.53576,132.21085,16.598751,202.46773,1.206718,0.9370098,1.0183809
661236264199229056,130.65087930737258,19.559771271297368,1.3156941487505278,0.046957333,15.842711,3551.107,16.310335,446.65472,15.211251,626.2377,1.2244345,1.0990839,1.0185641
661330203722545280,130.66765526226916,19.58728637019748,0.6996116695806918,0.026592124,14.556169,4257.679,14.8392105,1052.5743,14.116518,1154.7949,1.1898568,0.7226925,0.95917225
661235263468787328,130.51853762540847,19.54515105154392,4.467866261262703,0.1684069,17.934748,864.4014,19.762575,18.85674,16.639324,203.0399,1.5226644,3.123251,1.2324656
661247293675256576,130.48803657965544,19.572445699979195,0.9158205279050646,0.03148301,15.1095085,3628.1445,15.447531,599.7868,14.595201,632.08496,1.2071856,0.8523302,1.0502174
661250214253007616,130.50728554299224,19.64597787547951,3.287985967219754,0.106978916,17.576227,1041.8304,18.960016,49.608948,16.40886,261.0056,1.4363005,2.551157,0.9513771
661251004526905600,130.33059351095483,19.588424334242436,1.9202299806576621,0.031739004,15.2213125,845.45374,15.957832,189.5458,14.379459,319.69467,1.2820263,1.578373,1.0543137
661252000959316608,130.31618641748247,19.630966353309905,0.47315435869544115,0.057768546,16.675478,1936.2552,17.025385,257.29855,16.165892,238.12016,1.1984687,0.85949326,0.9484527
661343157343906432,130.60566965559514,19.668599722388347,1.1304919716094466,0.023240142,14.167584,4679.558,14.449276,1116.7554,13.726687,1417.7859,1.1912783,0.72258854,1.0250361
661237260633221248,130.6029639968198,19.5879561380658,4.385650336405665,0.025326908,10.850319,4391.541,11.139702,2926.383,10.39131,4378.6157,1.1979556,0.7483921,1.1118098
661248118308977024,130.4645679274178,19.591495054601047,1.2214019104106164,0.019368486,13.942906,5017.2026,14.242923,1808.5846,13.481773,1450.269,1.1937996,0.7611494,1.009707
661236195479754624,130.6197890147002,19.54462675710574,0.8416090990939312,0.06593512,16.294079,2288.661,16.730549,292.19424,15.690201,321.3255,1.2192702,1.040348,0.9842252
661252997391718272,130.42605956499767,19.660478856559905,5.532514567011723,0.024331683,9.475089,6919.257,9.688435,2882.2388,9.109364,4566.9883,1.1853667,0.57907104,1.3210536
661253169190410624,130.4175780355974,19.658613756299985,0.6128434423782245,0.028874643,14.851822,4234.6396,15.160312,967.5754,14.380668,997.9716,1.1954921,0.779644,1.0220119
661299932794333184,130.28287215953216,19.711081054631578,0.7794375108368032,0.02177707,14.362332,4911.8677,14.670631,863.02057,13.890214,1126.529,1.1961641,0.78041744,1.00469
661300791787794944,130.24066902617463,19.72592870804935,0.5392182943162769,0.047541168,16.117577,2423.547,16.45033,262.05154,15.611524,497.30798,1.204648,0.8388071,1.0760278
661301238464388096,130.2463062039508,19.78098160442702,0.4206539483970136,0.069214344,15.749592,2263.1638,16.065903,330.74115,15.235971,385.40045,1.2174867,0.82993126,1.6907145
661301444622810368,130.36934924769508,19.746628341721397,5.75396146097956,0.061640125,10.786195,2144.6804,11.096766,631.40314,10.310611,867.9831,1.1971022,0.7861557,3.2156055
661305464712115072,130.13360373250364,19.83401682859702,1.0103070061737005,0.032879688,15.181867,3508.3591,15.538618,564.8798,14.654957,689.56757,1.2059922,0.88366127,0.9808097
661305945748542336,130.2347288055343,19.81450393921532,0.9370065491659118,0.050124552,16.292141,2282.2942,16.814676,302.62216,15.617026,464.52325,1.2320772,1.19765,0.9399852
661306078889864448,130.2517903903137,19.844407426619323,0.6077334840012307,0.07020345,16.901165,1560.6505,17.266245,165.65083,16.378254,212.64685,1.1994886,0.88799095,0.9905267
661317353181588352,130.1438662729858,19.864205860079018,0.12008996631812123,0.06028515,16.62608,1874.7294,17.051567,249.23,16.02144,323.71155,1.224717,1.0301266,0.9804356
661400293292039680,130.33117249076608,19.878667811407297,0.6829591219441391,0.124819286,17.964844,1017.2555,18.726332,42.734802,17.093523,114.600395,1.2988067,1.6328087,0.98386455
661300104590254592,130.28690215383148,19.724202803047113,1.840092909926375,0.09678641,17.16777,1118.2562,17.998695,79.35701,16.088217,218.45457,1.4750787,1.9104786,1.0552678
661301788220193536,130.33413639854538,19.77560251756745,2.206254168112255,0.021283459,14.253341,4964.566,14.709427,788.2137,13.634107,1348.6857,1.2210389,1.0753202,0.9418085
661302647213660288,130.27684277833202,19.77145751384047,1.1394673262057782,0.02676327,14.909447,4360.0283,15.252551,722.64325,14.39253,885.5393,1.2063305,0.86002064,0.98838055
661303746725299840,130.14133519380457,19.744867744153478,2.5864652395529393,0.039365135,15.725523,2495.8215,16.64224,215.0948,14.777205,648.4249,1.3199145,1.865035,1.0292796
661304571358924544,130.12669388431115,19.757018470901567,0.5947506559815942,0.0420181,15.912374,2555.7678,16.283129,261.58093,15.370379,451.6014,1.2088684,0.9127493,1.0048066
661304743157612800,130.1485940590519,19.788225725096083,2.082234429803961,0.030692134,15.125987,3894.216,15.674242,603.0385,14.424446,1383.7104,1.2408997,1.2497959,0.9231777
661305567791327872,130.17450047525978,19.842127360578296,0.5152668707820883,0.07779429,16.891966,1489.1075,17.381899,146.5537,16.212847,161.45813,1.2486368,1.1690521,1.139035
661305597853528960,130.1634364816821,19.846559098854144,0.1917672587919331,0.12319681,17.924883,894.8609,18.254091,93.19777,17.40992,77.42579,1.2119224,0.8441715,1.0499504
661305632213275904,130.17521431141765,19.858841621341327,0.19406462852415066,0.14820273,17.99945,865.8375,18.557507,67.75473,17.30185,105.91006,1.2340567,1.2556572,0.96397644
661307079619813248,130.19977680360114,19.858632814130157,0.22388934542268638,0.093836434,17.461525,1121.0033,17.753574,103.93137,17.005098,112.90032,1.1950676,0.748476,1.0030477
661307320138067328,130.25481543349534,19.876825972956897,1.8518031745979955,0.017477125,13.029048,4855.6826,13.349892,1836.4167,12.548243,1729.6182,1.1951169,0.8016491,1.1463134
661307457577017600,130.27953703149316,19.899371183996283,1.2542047342209794,0.044096407,15.806117,2469.0242,16.429092,225.32677,15.044814,601.10126,1.257241,1.3842783,1.0257249
661318865010074240,130.1645197115118,19.87923317130063,0.43679800457681345,0.06361645,16.66552,1839.9218,17.041023,161.78465,16.134367,259.5504,1.1997308,0.90665627,1.0936406
661344634812655616,130.55123938923686,19.720945159902403,2.746523393942229,0.024776267,14.3236475,6425.5,14.902748,845.6229,13.602838,1671.1012,1.2430212,1.2999105,1.0709922
661344944050293248,130.63177751709148,19.756544693222803,0.5112041377601886,0.018084042,13.623545,8363.137,14.079643,1296.5065,13.0037565,2677.7603,1.2214136,1.0758867,1.011856
661351163162851200,130.56214415685233,19.88183396908961,0.5558385152806735,0.048715677,16.009716,2771.7097,16.291851,358.1465,15.561379,433.34106,1.195393,0.7304716,1.0206581
661237256336329856,130.60155538779972,19.58828685365086,0.7068792291804444,0.108448304,17.429844,389.61856,17.448664,32.59263,16.251907,33.57183,1.9583809,1.1967564,0.93642384
661244991572702592,130.25926633507214,19.548759759341014,0.9886819355628791,0.048014984,15.932692,2655.9907,16.457335,166.64244,15.24254,462.00473,1.2421404,1.2147942,1.0343261
661245094651909120,130.3144497640751,19.56906372925442,0.9524637768015841,0.05801433,16.521189,2216.3516,17.066093,183.96088,15.824506,343.04697,1.2386663,1.2415876,1.0422888
661251073246382208,130.32045503589367,19.59630096411496,2.561012291722279,0.014803834,13.162445,7766.2373,13.561108,1732.7024,12.60078,2626.897,1.2084665,0.9603281,0.9823232
661252344556697088,130.34470702735754,19.6386298966709,1.2244906395345756,0.10474202,17.712322,1045.5668,18.65121,68.814415,16.746988,124.82832,1.3295397,1.9042225,1.0213298
661252722513815168,130.3218128559045,19.684880943082067,0.4278351137710895,0.06504977,16.838203,1912.5902,17.216799,195.79164,16.299723,208.64407,1.2029197,0.9170761,1.0069491
661294332156990720,130.17287201502157,19.672516276907,1.4981153035668033,0.030102696,15.063219,3932.4963,15.512661,663.5201,14.443519,853.7894,1.2242838,1.0691423,1.0666114
661299073800883328,130.24455826475682,19.639251158981168,0.4127266383424125,0.03800908,15.7896185,2987.5945,16.13202,422.2065,15.278154,570.11005,1.2032778,0.8538666,0.939472
661299795355376896,130.329129225978,19.71458873129186,0.8413311363137723,0.071996294,16.858643,1944.046,17.474033,184.40381,16.108852,288.43762,1.2511544,1.365181,1.022451
661248118308978048,130.46136317546714,19.582489665461864,0.6807283689751396,0.03374629,15.123671,4089.2383,15.448998,667.17645,14.6317005,753.9721,1.1996677,0.81729794,1.023608
661251240747201664,130.38134288500916,19.59703666382639,0.40801282132520783,0.10355455,17.635487,1158.8115,18.173248,96.7079,16.955889,164.52982,1.2290802,1.2173595,1.0414997
661251760441139456,130.38614730173998,19.654342474898137,0.34758137483908613,0.08007568,17.186798,1637.5168,17.47595,149.26897,16.74409,170.58134,1.188503,0.7318611,1.0563173
661253856385165824,130.47244435379088,19.714677961836955,0.8387418444937236,0.022346022,14.469345,5624.575,14.861499,965.8741,13.913379,1542.3091,1.207791,0.9481201,0.95022553
661254303061776000,130.36751630515028,19.7074073702386,0.07727170495308877,0.08502429,17.327188,1562.2173,17.635778,115.54407,16.854027,205.42403,1.1966438,0.78175163,1.0111018
661301509044599680,130.36896709043674,19.762354183788418,0.29734855626351175,0.096557535,17.499393,1279.5122,17.891933,133.86565,16.950935,162.22377,1.2027708,0.9409981,0.9850413
661236126760279168,130.62086339964642,19.537111900876866,0.7631974793578622,0.046679072,15.935304,1104.1235,16.475414,213.088,15.245799,324.85883,1.2353396,1.2296152,0.9976875
661228563319713280,130.4337748331104,19.444954907371454,0.8513139829778337,0.12925231,17.965,1063.3795,18.746683,66.859825,17.098684,124.17029,1.2878594,1.6479988,1.0318493
661233408045539712,130.50608400408296,19.4278144269683,1.0188921291281887,0.028328348,11.61963,4450.532,12.1003275,1656.5553,10.974025,3530.9207,1.2286667,1.1263027,1.5241704
661235130327877504,130.49012261885883,19.51736754482869,2.98723356681602,0.068166964,16.725307,1463.6931,18.080132,75.205864,15.571187,391.64258,1.426825,2.5089445,1.0269061
661238531941997440,130.28891073713677,19.412158041624004,2.3048096044513087,0.07944374,16.962864,1457.3887,18.03833,74.1733,15.935988,338.79977,1.3531619,2.1023417,0.92409337
661240554868421504,130.37420086095864,19.475476317611776,0.6590443848029821,0.09511884,17.489346,1431.6439,18.121107,140.43355,16.753498,189.27571,1.2342819,1.367609,0.9558909
661241761757290624,130.34088017281516,19.5180065297979,1.5336460411272264,0.07825807,17.013876,1659.0568,18.161053,62.18251,15.949165,409.28674,1.37438,2.2118874,1.0625511
661246469041540224,130.47023978813797,19.508204077493765,1.3851874972233311,0.027117144,14.81852,4600.5176,15.174818,703.0924,14.291071,920.5246,1.2065495,0.8837471,1.0017955
661246469041541248,130.4599780192368,19.504449358813698,0.3940442896715747,0.06755038,16.85836,1900.0404,17.226336,215.28548,16.337442,209.77774,1.1968596,0.8888931,0.96898746
661247117578516992,130.45950291658482,19.53864428589875,-0.13235601690990031,0.106913224,17.59493,1178.489,17.918655,138.79482,17.13289,167.36897,1.1824547,0.7857647,1.042453
661227330667281024,130.45419225077845,19.37697833290373,0.6496161975316181,0.123451024,17.791878,1036.345,18.491875,68.47027,16.988346,109.65696,1.2629186,1.5035286,1.0441755
661228567617858048,130.42479213864985,19.439768103424633,0.783697017727273,0.051859874,16.359465,2405.4607,16.789822,296.34372,15.759189,464.86313,1.2195774,1.030633,0.9541371
661240662245761536,130.38318193117863,19.483520482991214,0.1348812667062976,0.07288231,16.968353,1863.3562,17.286083,253.94765,16.491133,236.6097,1.1945053,0.7949505,1.0552264
661241315080700800,130.29998418776307,19.499990917724737,0.4947291842068383,0.047601636,15.963494,2383.205,16.260698,388.11816,15.497326,504.0647,1.1982182,0.7633724,1.0980418
661241521239219456,130.37343128535846,19.517901406425967,0.5219077209967785,0.0529605,16.402016,2390.9844,16.747663,316.29596,15.887488,348.23016,1.203604,0.86017513,0.9518431
661241658678076544,130.32775387899468,19.51751999123239,0.7450437639934403,0.020090938,14.134542,5717.2305,14.413576,1292.9792,13.694762,1651.5378,1.1919996,0.7188139,0.98127174
661241830476766976,130.32437502608636,19.532348169419176,0.8199373038877185,0.057635136,16.581324,1858.227,17.027018,146.4978,15.942248,288.7193,1.2393525,1.0847692,0.98794013
661244682335053056,130.3071444060527,19.53310151947673,0.017484967827221545,0.108914085,17.717653,1136.942,18.022955,101.30784,17.227257,130.39813,1.208712,0.79569817,1.0180924
661227502465966080,130.48510845132316,19.411056706636145,0.12837296142546428,0.075434566,17.042324,1705.7422,17.346087,118.65007,16.569086,242.28387,1.1991216,0.7770004,0.9890524
661238566301734784,130.29010768397805,19.42254928091196,0.5547567732994033,0.044730034,15.731925,2865.6108,16.104181,362.8858,15.199909,520.2394,1.2018129,0.9042721,1.046569
661239700173099776,130.3403443725113,19.397660878200575,0.21786888997562273,0.060048178,16.427965,2177.593,16.837065,278.1826,15.845539,320.92444,1.2172937,0.99152565,1.0820867
661230388683982848,130.6244580061604,19.413502461625015,0.2594028955529014,0.06366048,16.673283,2154.5903,16.99095,188.1431,16.201475,353.9261,1.1912872,0.7894745,0.9829197
661230835360580224,130.5941711600112,19.460771889710735,0.6822238861203564,0.029545462,15.040556,3212.8525,15.395081,745.81683,14.517233,1022.9555,1.2048084,0.8778477,1.0297202
661236470357669760,130.54850450738198,19.538205645873607,1.2635890586006508,0.031721767,15.179713,4332.7983,15.586876,565.0787,14.602532,1100.2357,1.2147126,0.9843435,0.94775534
661236504717407744,130.5549942119638,19.539412311371944,0.9127534919192211,0.08028105,17.021095,1805.107,17.624968,97.61348,16.285746,196.32788,1.2444458,1.339222,1.0053446
661230560482673664,130.61426993433548,19.43735939303681,0.6324429284659507,0.07557697,16.997622,1727.9609,17.373549,165.99469,16.447952,237.34393,1.21134,0.92559624,0.972046
661234408773375104,130.48657293404656,19.47215183605071,0.1940021516139851,0.04703144,16.076454,2728.753,16.504286,396.44232,15.476511,363.26425,1.2204894,1.0277748,1.0002868
661234855449970816,130.51296361183688,19.497973953918805,1.1226537308500966,0.021056812,13.894827,4901.234,14.198236,1459.4305,13.427437,1783.0099,1.1958039,0.77079964,1.0082421
661235405205779072,130.61151550455833,19.50484937620618,0.14982503305168438,0.07441399,16.980238,1557.5797,17.146074,140.42834,16.688175,136.43588,1.1733482,0.4578991,0.970499
661246846998661888,130.47205524159654,19.512457545679467,-0.08645640974695804,0.08157979,15.708245,1650.9684,16.040247,417.45084,15.175299,356.09067,1.221843,0.8649483,2.0338907
661235473925252096,130.64124180945382,19.513195884096763,1.268566981797454,0.01618142,12.746813,5531.921,13.113622,2180.5256,12.220253,2022.2037,1.2009571,0.8933687,0.96129805
661235748803158528,130.6157893832198,19.536208632589016,0.45620964122148405,0.0599152,16.314354,2298.4739,16.65133,199.79568,15.802631,391.82568,1.206089,0.84869957,1.0871336
661239768892576256,130.33114488221733,19.41211312452862,0.1255293138246309,0.061873253,16.568628,2009.327,16.878925,199.52263,16.095457,270.4699,1.1957912,0.78346825,0.97861373
661241826178808448,130.33247889911675,19.53780974404123,0.3335862999424355,0.099821,17.567627,1227.2262,17.891233,103.44998,17.074001,124.261536,1.2015303,0.81723213,0.9840043
661230319964508416,130.5586143181487,19.428401705498494,0.8739587953394757,0.048550695,15.804984,3258.0676,16.180403,379.05768,15.258297,657.69293,1.2096632,0.9221058,0.9545875
661232278471167488,130.62154089264817,19.457599041462657,0.6437255128404017,0.0172251,13.47285,5765.091,13.948595,1791.728,12.836306,2643.3271,1.2244562,1.1122894,0.9391687
661233755939918720,130.55900878322655,19.453921511560903,0.9990493592229686,0.032106016,14.899277,3199.67,15.253456,1206.4264,14.373693,1229.0503,1.2063955,0.87976265,1.0307169
661233790298235520,130.5841476025131,19.45616009880689,0.7357988303131113,0.089519106,17.321945,1501.186,17.864042,90.88229,16.619175,217.36807,1.2442985,1.2448673,0.93148357
661234133895463808,130.54815756073035,19.48976871893776,1.6107687062246536,0.29865906,17.16897,352.442,17.757597,148.40266,16.278214,267.93076,1.3778386,1.4793835,3.303291
661234168255201152,130.56175072926703,19.500777081038237,0.4782183965591267,0.09508192,17.272297,1495.0841,17.582586,147.69249,16.800692,142.32982,1.1948595,0.7818947,1.0157517
661234924169444864,130.549165366154,19.515579955828713,2.187849458158251,0.101443306,17.380663,1197.8984,18.479422,60.095184,16.323679,233.15073,1.3779204,2.1557426,0.9708941
661235645723949184,130.5781423595452,19.510126602919858,0.38963575990219823,0.08292726,17.022469,1651.3395,17.443855,157.97163,16.44656,196.25507,1.2073863,0.9972954,0.98857063
661235783162899968,130.59736963111712,19.530028960275327,0.5611743212387299,0.09218426,17.282482,1533.2024,17.78232,123.91956,16.615898,162.14984,1.2354096,1.1664219,1.0159184
661229976367124992,130.59887806238652,19.395232849296438,1.3604721694657909,0.037330993,15.513259,3661.4683,16.062029,543.13135,14.819251,964.1835,1.235138,1.2427778,1.0320325
661230010726865152,130.5691744904684,19.388104164862153,0.7697544192178695,0.044347577,15.7952175,2924.7393,16.131416,312.70068,15.286687,476.77756,1.2044898,0.8447294,1.0322237
661230040788432128,130.58436217250554,19.403593004091704,0.1192702263622187,0.11088241,17.658068,1208.0792,17.890118,133.0264,17.274168,133.80496,1.1851417,0.61594963,1.0277915
661239287856241024,130.2832433007884,19.421470586313877,1.3295928488034212,0.09056283,17.220884,1348.0511,18.003073,73.59855,16.357277,211.9467,1.2853646,1.6457958,0.9068305
661244338737678336,130.2749111972067,19.51392251796946,1.149383671481737,0.015761903,12.38193,4699.179,12.725551,1516.5605,11.874364,2660.4863,1.2002692,0.85118675,1.0336198
661227261947800192,130.48513304436705,19.393450108691727,0.1505253213418479,0.05148589,16.219158,2379.825,16.473513,280.02164,15.808441,422.65387,1.1882238,0.6650715,0.9377285
661227846063357312,130.40637522489226,19.398146088441646,0.17754006383524418,0.03272527,14.53626,3893.2195,15.037305,966.22144,13.871653,1465.5035,1.2334872,1.1656523,1.4354736
661228224020478080,130.42053410474836,19.416980157244186,0.8127084789361858,0.06845637,16.888258,1821.7803,17.437607,149.00528,16.19035,244.1711,1.2377756,1.2472572,0.96710396
661233201884904320,130.51225400532087,19.417646507158665,0.5371781201532769,0.11371962,17.7857,1146.7557,18.478067,77.07698,16.976355,129.7161,1.2703384,1.5017128,1.0009403
661233579841517056,130.50669437336606,19.4503483811385,6.192103627412029,0.094904214,17.312246,936.679,19.072985,43.999287,16.054901,299.63126,1.4834144,3.0180836,0.98699844
661233614201262592,130.51729952880962,19.463818268431083,2.2174308631321193,0.13158141,17.857983,892.6403,19.161058,38.838436,16.741522,197.44511,1.3954469,2.4195366,1.0485733
661234473194513664,130.4506113643906,19.45860595032571,5.6214665350076025,0.050252236,13.22031,4456.3145,13.888696,1032.3616,12.429819,1448.2698,1.2636287,1.4588766,3.2343285
661234786730494208,130.52685985533594,19.48415111728699,0.539826588223933,0.06436092,16.443758,2244.4111,16.839224,214.73048,15.878228,250.99426,1.2124652,0.9609957,1.0256107
661235027248663552,130.49375115686425,19.494043245403002,5.375634565644529,0.12914757,17.835424,927.06696,19.541317,26.69832,16.58133,204.47072,1.4868325,2.9599876,1.049548
661240623587901568,130.3691022441509,19.480612190009715,1.921061662825368,0.08547824,17.264883,1382.8757,18.188873,88.32424,16.308004,216.6549,1.3258129,1.8808689,1.0135276
661240730965239424,130.37480755579034,19.48329710046625,0.7722119852295657,0.051813763,16.252123,2385.3125,16.572874,320.22156,15.7591915,374.01,1.2025232,0.81368256,0.9950693
661241418160010880,130.33014089840418,19.489305941885842,0.5608506845617042,0.03147386,15.301618,3747.3787,15.611921,627.02936,14.822678,915.2076,1.1992553,0.7892437,0.9579695
661246778279186048,130.41913681844943,19.53714860581289,0.3435321904440346,0.047636688,16.048256,2818.043,16.423828,330.24542,15.496653,421.4681,1.2127508,0.9271755,1.0427881
661247426815874560,130.3973930836043,19.536533168753056,1.0175434632995537,0.016380994,12.811526,4778.9004,13.094849,2487.3997,12.371558,2604.8918,1.1898984,0.72329044,0.9549767
661247465473956480,130.380627198211,19.52629960866765,4.043469862693403,0.027204543,11.293729,3116.3691,11.592379,2311.9849,10.835297,3633.7568,1.192894,0.757082,1.3569347
661247671632285824,130.35989743475673,19.542052408907352,0.49418572211325834,0.04078175,15.74939,2883.095,16.037588,258.43622,15.2664385,254.43735,1.2128867,0.77114964,1.0565101
659668085738676608,129.3486608816801,18.670558472117126,0.7227652799483251,0.03313527,13.594388,3492.3955,13.884417,1473.734,13.147035,1303.2904,1.1907669,0.73738194,1.5479745
659669150890566144,129.29253212029877,18.712526590079136,0.7779704368686448,0.041961666,13.699223,5616.159,14.143314,1200.8602,13.084125,2282.782,1.2235008,1.0591898,2.3184097
659669597567160704,129.37237976557773,18.69313019648488,5.857908385808072,0.090097085,16.809513,1141.9955,18.338148,58.665485,15.610817,258.36697,1.4470919,2.7273312,1.0172384
659671281194332672,129.38585665770682,18.789193220236726,2.0529542636135014,0.06744998,16.258371,1517.9796,17.327541,117.63584,15.2216,413.14343,1.3646513,2.1059418,1.1113287
659716459953789696,129.26351286605342,18.754703350174225,0.813643476365928,0.12703656,17.764086,885.96075,18.682259,35.35172,16.841532,100.484665,1.2958554,1.8407269,0.92243195
659716739128109184,129.24395291921445,18.77620651825678,0.31125025017754904,0.093942516,16.842697,1508.4858,17.170225,120.014656,16.344475,192.40132,1.202402,0.82575035,1.0866634
659718250956596352,129.26120634154714,18.78609806825258,0.518164512898607,0.026484704,14.475729,3841.2986,14.714682,954.79193,14.079438,983.38904,1.1883115,0.6352434,1.0259316
659718835072139008,129.3278790760322,18.84164526386521,0.9787797540322146,0.048272964,15.558021,2808.0647,15.951339,303.59747,14.997066,551.78467,1.2104838,0.9542732,1.0271207
659719384827959552,129.23922492883054,18.841234531120726,-0.5968618683841128,0.34859455,17.268082,240.63412,17.335825,152.24657,16.652971,162.55495,1.4231006,0.6828537,3.5162382
659690522647814016,129.51523468387694,18.74207573051334,0.6048759343881299,0.098929174,17.137655,1328.2692,17.674868,113.36036,16.439997,131.931,1.2425058,1.2348709,1.0291935
659690655790245632,129.53431203511533,18.756982873851822,7.130859228268387,0.017773826,11.937287,4613.381,12.458843,1653.2456,11.266032,2517.7776,1.2297009,1.192811,1.0352225
659695058133274368,129.4534356504154,18.842921162041375,0.8758940000760966,0.15218472,17.857756,815.69104,18.723114,54.892082,16.967985,98.60566,1.28209,1.7551289,1.0608374
659666573910183936,129.40576098439314,18.673004535908206,0.6728684866650088,0.17839843,17.596426,943.41223,18.118635,52.18652,16.882526,111.09415,1.2607211,1.2361088,0.97101104
659669146593876096,129.28696536213073,18.70716943495605,2.191164941109989,0.101379976,17.106632,1146.5796,18.137869,97.72542,16.095142,177.47952,1.3491094,2.0427265,1.0024102
659716464250297984,129.26544787392154,18.74148079855015,1.3476889352245243,0.12948324,17.562143,1013.51855,18.423298,47.302002,16.644838,138.2207,1.3078923,1.7784595,1.0130001
659718319676072448,129.25689607911846,18.801557248339257,1.509285102730305,0.0364868,15.161773,3724.826,15.637478,465.24136,14.525223,572.1166,1.2244766,1.1122551,1.0547109
659695775391415680,129.42490676180464,18.876880597909977,0.3114450049942591,0.1626843,17.69856,901.94666,18.311625,53.26819,16.966568,106.37452,1.2383846,1.3450565,1.0550323
659671624791715840,129.36260602865778,18.810901461628823,5.475478914538756,0.11771124,17.364876,749.11835,19.03347,25.668087,16.118225,179.50514,1.482969,2.915245,0.99750155
659742337133269376,129.39766079499572,18.87937955471053,0.7862245937922254,0.051868193,15.913081,2397.1057,16.271883,229.52008,15.385288,559.8545,1.2055643,0.8865948,0.9073127
659743814601921920,129.37647410259171,18.92839752532186,0.11140870603218439,0.3998903,17.802483,232.04591,18.409748,52.842525,16.900326,104.22344,1.3807532,1.5094223,2.8472974
659718079157903104,129.2819351004848,18.79098378928933,1.2382428203629123,0.03524497,14.754293,3880.3127,15.131181,578.2023,14.208724,923.4959,1.2082528,0.92245674,1.0567751
659719178669529216,129.24972821000793,18.833261729574396,1.5616323544448465,0.12710528,17.445332,1094.4344,18.500216,62.969734,16.409674,181.64442,1.3671163,2.0905418,0.96488905
659719178670078464,129.24416497082913,18.831107782515875,nan,nan,17.648724,66.54433,19.160866,30.71799,15.996605,166.81386,2.1079273,3.1642609,nan
659719797143239296,129.3257226998744,18.881050014741167,4.825196668794788,0.053913247,14.637481,1548.8176,15.483317,91.36199,13.506769,39.037724,1.525367,1.9765482,1.459209
659666466534310144,129.4478384478753,18.680361035932993,0.6136181129311046,0.27751854,16.752003,221.78825,17.6495,52.532654,15.584755,200.89363,1.5507197,2.064745,4.1421056
659666642629661696,129.381934642369,18.677612735645408,0.4928956602928796,0.046329338,15.41432,3276.0588,15.826874,562.6952,14.841111,744.8461,1.2096279,0.9857626,1.0263177
659667192385468672,129.43030202137155,18.727820893190085,1.0651202497724321,0.048377745,15.770352,2488.625,16.281883,246.94487,15.070657,372.13895,1.2545927,1.2112265,0.95789915
659668390679413632,129.34185003000866,18.70576215524019,1.8493646303786107,0.020977791,12.771129,4274.8506,13.048411,1827.5675,12.33413,2082.2346,1.1912904,0.7142811,0.9284836
659668394976319744,129.34272152787926,18.69626533629271,2.5217874123552795,0.017955955,10.628249,5564.701,10.841095,2062.3862,10.270064,3529.5408,1.1815609,0.5710306,0.8151425
659668429336059392,129.31549212652075,18.704359394171906,0.3203357950981967,0.055603046,16.194588,1972.366,16.552385,240.01184,15.680743,396.48212,1.1973099,0.8716421,1.0188587
659669013451615360,129.24119877468482,18.7080066189119,1.6789426532203853,0.17144346,17.487873,796.0099,18.427202,52.77897,16.463526,121.57876,1.386618,1.9636765,1.3666633
659669460128210816,129.28678308734035,18.72155473016257,0.25805986177975787,0.09250916,16.962255,1405.8491,17.398693,89.72375,16.344133,159.19583,1.228979,1.0545597,0.97548515
659669631926897536,129.39030231505055,18.703763502356765,0.5599562035017689,0.12277189,17.397255,1091.006,17.978205,78.13278,16.687452,124.51069,1.2340505,1.2907524,0.941406
659670147322969984,129.41831186471796,18.72368602110856,0.4281396696998526,0.04424795,15.534392,2879.6785,15.85843,451.09293,15.047611,517.0071,1.1971483,0.8108187,0.98218995
659670490920352768,129.38688128760293,18.754297198200412,0.6143948957895734,0.032964636,14.837201,3649.813,15.163975,698.57697,14.345475,963.4678,1.1988024,0.81849957,0.9481408
659670697078788224,129.33298652283702,18.723448820549475,0.3643635497903049,0.06427951,16.204882,1842.9818,16.5113,304.8467,15.727603,374.30817,1.2002094,0.7836962,1.029276
659690591365940608,129.51549731910734,18.7518783250576,nan,nan,15.342344,394.21786,nan,nan,nan,nan,nan,nan,nan
659665027721962880,129.35370723026094,18.65551874681178,0.044526331771882824,0.13727693,17.519392,1033.5637,17.916037,67.86776,16.944572,85.22218,1.2180092,0.97146416,1.0573952
659665749276458112,129.50736811397783,18.658347459866057,2.0710144162777055,0.23498014,17.644226,364.81955,18.753683,43.88017,16.502419,83.075966,1.4658837,2.2512646,1.7724345
659742955608553728,129.43548306523155,18.928012473787692,0.9278553664781981,0.039389867,15.31657,3631.624,15.698321,446.35004,14.764961,601.46387,1.2098432,0.9333601,1.0257716
659743093047413632,129.39554049865183,18.93542822199251,4.769124824937993,0.11714509,16.358175,1482.1876,17.705072,76.02948,15.199,387.00912,1.4340358,2.506072,1.6737635
659743952040871808,129.3905016221994,18.944289807587666,1.2785882840023115,0.045692146,15.635295,2895.5913,16.099894,398.0496,15.010293,443.0315,1.2212845,1.0896006,1.0209041
659746632100473984,129.2783707386922,18.932299144892575,0.021386939895459357,0.05176025,15.949163,154.9816,16.06426,45.461426,15.725264,69.01371,1.1696103,0.3389969,1.0967594
659671143755381632,129.34704432004352,18.784939780239036,0.7509775864524061,0.10722579,16.994762,1349.8202,17.459332,107.91833,16.362343,170.57736,1.2264292,1.0969887,1.0583074
659694199139816448,129.4711407295025,18.8112922643938,5.527433117780327,0.019693572,11.137689,3666.0151,11.455596,1637.9574,10.653482,2593.8376,1.1986341,0.80211353,0.8862934
659694955054063616,129.41527098721198,18.81758454476816,1.0990782973207065,0.033789042,15.068393,3600.3057,15.413553,551.47943,14.549993,614.6071,1.2062571,0.8635607,0.9092908
659695710968302464,129.44337965839827,18.871283862535858,1.6324943258477354,0.040098704,15.48695,3096.23,16.051235,290.1692,14.7796545,940.876,1.238752,1.2715807,0.98832583
659695848407253632,129.45925275095968,18.886198689314767,0.5022526197683052,0.07779446,16.868116,1610.8177,17.280497,138.12764,16.297297,179.25052,1.2081394,0.9832001,1.076044
659695882766989824,129.47549487275975,18.894203712698843,7.209898803193438,0.017396457,13.4703,3261.2615,14.348075,1001.8395,12.547388,1367.3798,1.3079804,1.8006868,1.0354642
659695917126730240,129.4547551787008,18.891816677445053,1.508724381802836,0.062894225,16.262465,1910.4938,16.994633,225.56229,15.432814,541.5262,1.2732898,1.5618191,1.0955127
659718731993017344,129.34555121012957,18.834340086613572,0.7257269041829115,0.09426529,16.95389,1180.7089,17.443481,83.59261,16.301966,145.1883,1.2293196,1.1415157,1.0016696
659715983212356480,129.21117111256527,18.714926816185145,nan,nan,17.945322,318.13687,18.385727,46.95575,16.80739,82.02554,1.6839626,1.5783367,nan
659718835072140544,129.31584594395554,18.83739512618797,0.7715495308235809,0.023441043,13.745768,3947.3525,14.023989,1367.0074,13.303088,1599.4243,1.1941069,0.72090054,1.0398177
659742302773531520,129.39819127311958,18.8681255102692,0.28943822549218223,0.13802193,17.706621,946.333,17.953098,61.964832,17.303349,75.66529,1.1882029,0.64974976,0.95695984
659744364357825664,129.46224362785793,18.924373434998934,1.3725331837395967,0.038473032,15.427168,2871.893,15.948985,503.3239,14.754145,733.8906,1.2308652,1.1948404,0.96972793
659452375300913280,129.7110574359278,18.268978209381892,0.7049183198244572,0.022362866,14.088486,5332.4204,14.468097,894.56683,13.544314,1596.4789,1.2060732,0.92378235,0.96704054
659453474812540928,129.66879613546334,18.304631930518866,0.7205845758077924,0.05464932,16.130228,2116.7861,16.508213,333.946,15.581689,375.32956,1.2096397,0.92652416,0.9411351
659440108874380544,129.76244277578735,18.2090924151688,0.7787930022145234,0.033547103,15.017504,3652.5645,15.364105,521.4473,14.507119,772.6881,1.2005655,0.85698605,0.90660495
659446293627375232,129.6975564108271,18.225287298845057,0.24834276479967163,0.093131445,17.16239,1344.5731,17.527727,120.27082,16.643578,214.89276,1.196798,0.88414955,0.9963114
659447083901207040,129.66111090089765,18.244344923814765,1.151178924419895,0.03035664,14.91423,3835.5818,15.299766,462.42288,14.363691,1007.5065,1.2073783,0.93607426,1.021956
659450244997138688,129.5888423580532,18.261278099926677,0.9459817510919759,0.05472857,15.875697,2558.3948,16.337582,218.30835,15.249713,358.41583,1.2231449,1.0878687,1.0104253
659450382436089984,129.61395020996932,18.281621846868124,2.3521216775769846,0.017935848,12.038466,4276.905,12.353055,1842.8214,11.56168,3452.8596,1.1958128,0.79137516,0.9435631
659450382436090112,129.6176969404679,18.27754484765118,0.5218349374033295,0.14224821,17.840294,825.8015,18.30715,44.567364,17.245167,77.82184,1.1999868,1.0619831,1.0277036
659452272221698432,129.70703803938113,18.26581015315567,5.358541989345123,0.015488405,12.30858,3088.367,12.788989,592.7276,11.6734915,1180.2589,1.2214365,1.1154976,0.9664996
659453062495681792,129.66968200155813,18.273616674628027,1.0777285585295222,0.024773085,14.338196,4531.008,14.680293,1522.3239,13.829397,966.0721,1.201774,0.8508959,0.9919666
659453264357653632,129.66940466353296,18.279633169095668,0.9344998284279938,0.1639354,17.85167,941.83594,18.642658,41.712032,17.00908,109.85245,1.264639,1.6335773,1.0147425
663061041183713280,128.6284567869696,20.073787512006156,1.7195618050825403,0.03868191,15.350068,3777.3838,15.865209,459.54965,14.674569,677.7938,1.2354183,1.1906395,0.94959646
664374476542240512,128.71092876278,20.088503127835867,0.3072528227617859,0.079173215,16.716618,1625.2861,17.017242,176.98462,16.24765,196.92194,1.1981522,0.7695923,0.9556333
663061522220047872,128.6123616008601,20.122464646964136,0.500305404974249,0.088279605,17.037302,1469.4775,17.376186,132.73883,16.54345,197.25998,1.1941462,0.83273697,1.058398
663062003256389888,128.54230404286747,20.111018708298037,0.3864692759740554,0.075688206,16.344017,1327.8969,16.816713,270.54578,15.683726,379.57413,1.2424992,1.132987,1.3224566
663062381213505280,128.60185127066237,20.15233726773743,0.44257594256577343,0.098858304,17.21966,1265.6437,17.715496,107.5826,16.574774,169.36656,1.2217124,1.1407223,1.0218441
664563760044561024,128.65312970407064,20.198867600982005,nan,nan,15.658031,139.63945,16.455584,241.18462,14.300648,625.412,1.8173801,2.1549358,nan
664563867420181632,128.59741008515545,20.18900718655376,0.5269121926145206,0.08922534,17.011776,1551.5957,17.387033,122.99216,16.42008,181.41594,1.2392173,0.9669533,0.9345305
664564348456514176,128.6553329058183,20.21562519811564,0.472128960582507,0.08240207,16.96445,1392.7771,17.380028,151.99133,16.37715,259.58527,1.2175733,1.0028782,0.98719466
662873196493257344,128.70047734584696,20.06296794540877,0.2987998778881117,0.024763485,14.171717,1905.86,14.2625675,625.3096,14.015835,593.16656,1.1529254,0.24673271,0.944675
663060903743078272,128.586033103542,20.075409417973813,-1.0729642442357032,0.383368,15.228103,290.3859,15.480616,522.69415,14.607465,440.81735,1.3202636,0.8731508,11.286099
663061174325454336,128.65562856274767,20.09744378737855,0.3623011194532675,0.027450055,14.70395,4961.312,15.201592,828.5882,14.047063,749.6863,1.2294216,1.1545296,0.9750747
664374442182502016,128.71981219749063,20.082708201845563,0.7515527723791436,0.12638478,17.431198,1019.27686,18.022234,104.40359,16.731947,161.75975,1.2222952,1.290287,1.10249
664562630469599360,128.6812192811928,20.149386767184776,1.0952680982631688,0.020472443,13.028384,6517.7593,13.496302,1775.3446,12.397916,1917.9231,1.2236192,1.0983858,1.1223341
663062140695340032,128.58824634304185,20.11673231567749,0.7999715237167123,0.06365639,16.446991,2037.7657,16.870668,145.34346,15.848672,288.781,1.2212692,1.0219965,0.9983389
663065645388650880,128.55704430271297,20.18257967356978,0.5728390302664277,0.030247781,14.743572,4200.4023,15.048944,636.1163,14.266166,897.5725,1.2008134,0.78277874,0.94662625
664566822357682176,128.58154868710986,20.188855861890065,0.377759393419135,0.102740325,17.356735,1288.719,17.67153,110.65128,16.893417,117.70298,1.1876599,0.7781124,1.0173621
663060800665548800,128.58010132612966,20.062565896340903,0.19030450442130067,0.14321493,17.824684,902.66656,18.226799,89.30499,17.222855,116.99986,1.2334824,1.0039444,1.1257066
663060903745248128,128.58204248793578,20.071449521914346,0.7572945380773126,0.108358115,16.615292,711.84375,17.366264,152.72467,15.726153,384.82162,1.3178463,1.640111,1.5912861
662873368291930880,128.64165064781048,20.065048087827318,1.0063400464828234,0.06575495,16.390217,2016.8812,16.961933,214.9654,15.676434,388.70935,1.24065,1.2854996,0.93286616
662873540090622592,128.66281703964984,20.097329846516526,0.6223676210135287,0.14325015,17.87565,883.3003,18.518301,59.81327,17.114119,91.69157,1.2500807,1.4041824,1.0558354
663061041183713024,128.6299072246391,20.079244978354275,0.3283419497477332,0.073129244,16.687965,1691.1321,17.146183,209.29819,16.069887,250.54556,1.219313,1.0762959,0.98887795
663061144262926464,128.62501633871443,20.097959154962695,1.1776570315591337,0.065917596,16.509314,2072.642,17.191092,181.64726,15.722324,323.64883,1.2560174,1.4687672,1.0036427
663061625299269760,128.5533444086459,20.08106103398833,0.3635518001888634,0.054162633,16.362764,2274.3691,16.67078,367.75458,15.886371,354.66092,1.1988733,0.7844095,0.9243739
663062037616126208,128.5516670244067,20.132649609727192,0.018405852415260666,0.07688042,16.811054,1733.8065,17.227972,132.69257,16.204151,295.86646,1.2301327,1.0238209,0.9824539
663062140695340672,128.588221539033,20.113529894177955,1.3873174021221455,0.035250273,15.108571,3751.659,15.519458,614.98987,14.528699,1000.4084,1.2147841,0.9907589,0.998775
663062415573247232,128.56090985378307,20.138028430662086,nan,nan,13.161984,842.367,13.46873,1634.2375,12.656282,2105.6716,1.2173729,0.81244755,nan
664373583189043328,128.7375101451868,20.06281437880014,0.37461311293622385,0.0432774,15.367811,2975.3557,15.681421,424.14886,14.884173,653.2415,1.200436,0.7972479,1.0364461
664374717060308864,128.70111546048796,20.111001725390988,0.34132070857554636,0.048968595,15.755687,2558.5176,16.11817,360.10825,15.236845,466.89972,1.1981804,0.88132477,1.0361401
664562424311170944,128.67705229541687,20.113820192298867,0.6637133972395615,0.04660884,15.86635,2569.8975,16.200302,481.72504,15.363875,395.4284,1.2018521,0.83642673,0.9783508
664562493030647296,128.6660835692281,20.1304992740297,2.825831888938146,0.05749888,16.294964,1861.8451,17.291845,158.3039,15.30524,474.71918,1.3369192,1.9866056,0.96714866
664562870987766016,128.6845514959393,20.173143800013317,1.3097291682402863,0.02905085,14.319931,5193.7427,14.682733,1006.0729,13.783577,1311.8713,1.2090648,0.8991556,1.231566
664562870987766656,128.68462270574958,20.163235992280995,0.6827377743748426,0.072630115,16.740438,1764.2236,17.13282,148.67552,16.18707,260.1377,1.2060066,0.9457493,0.9378537
664562935410838784,128.66884356557884,20.169535877088858,2.750366467330876,0.09434995,17.062973,1100.0482,18.375572,80.884964,15.93601,356.5173,1.4049782,2.4395618,1.0600429
664563626902012544,128.63864701138957,20.174854940563083,0.5676660982837,0.046301972,15.829977,2939.4084,16.214537,319.97675,15.279561,469.7152,1.2077566,0.9349756,0.9830498
663062381213583616,128.60443661246975,20.149349002562996,0.534123490530741,0.12276973,17.594423,1029.8785,18.03172,84.83554,17.033037,183.11295,1.1907239,0.998682,0.93531936
663062518652461312,128.55568109394187,20.152526124633162,0.6238223790063142,0.023266973,14.00833,3260.9915,14.308132,705.3564,13.543438,1383.0234,1.1961408,0.7646942,0.90582037
663065611028911488,128.56662509792739,20.18471412291881,0.2669615412610086,0.08167206,16.792809,1575.461,17.175785,157.56287,16.244637,159.11414,1.2070556,0.9311485,0.943409
663065679748388352,128.55876248856973,20.190724032166713,0.9523837069333135,0.021047061,13.736549,5228.3506,14.024975,1394.0461,13.282233,1277.9434,1.1956755,0.7427416,1.001854
664563729981241472,128.6388226843448,20.186989046555816,0.4941405092949637,0.041413933,15.599848,2721.374,15.912659,360.03497,15.112743,591.7249,1.202938,0.7999153,0.9493521
664564004859133440,128.61509247151724,20.205069254584583,7.334943898878837,0.01656195,13.162,4791.532,13.941291,1037.89,12.298505,1946.5813,1.2862116,1.642786,1.0169952
664564417175991168,128.63525657211315,20.228215036390857,1.8695701621630028,0.0214442,12.906437,3725.1096,13.18987,1286.1761,12.461996,2034.1155,1.1924472,0.7278738,1.0452741
664566955500240640,128.6033146349677,20.221134786686996,0.7388863687532905,0.09046393,17.100965,1458.6716,17.708433,137.15823,16.375687,241.87791,1.2354227,1.3327465,1.0512493
664567127298932992,128.57537044480912,20.223953185909508,0.9854708332691414,0.0675689,16.406923,2005.8425,17.008171,180.93382,15.671292,259.84317,1.2456685,1.3368788,1.0277073
664567406473227520,128.6339455161159,20.247671689836565,1.6810234573111296,0.044146813,15.736549,2871.2798,16.336506,314.08716,14.9910555,508.2985,1.2537278,1.3454504,0.9807424
664373651908520192,128.73212122133225,20.0661520294385,1.1897012612065532,0.027555112,14.274109,3980.1907,14.5861025,816.6008,13.796968,1201.3151,1.1973245,0.789134,1.0413113
664374442182501248,128.72477506887896,20.085161807935332,1.3693756097179346,0.06911921,14.2071495,4261.415,14.556352,787.0624,13.692447,911.0327,1.2019888,0.86390495,2.8214314
663060113470851712,128.5246184686099,20.064675115443862,0.680936439839245,0.084326625,17.149115,1406.5177,17.777292,88.12811,16.372087,185.13513,1.2676667,1.4052048,1.0451277
663061659659009664,128.5278822423167,20.07917572181801,0.5717713701588739,0.08603311,17.129717,1399.6528,17.5256,103.14087,16.547745,225.85825,1.223085,0.9778557,1.0493648
663061762738220416,128.5709170160306,20.100028763345502,0.2860205712855083,0.05769203,16.181253,2333.8726,16.483229,247.68852,15.714597,309.95715,1.1960918,0.76863194,1.0365317
663062003256390144,128.5403439841381,20.11150799852137,0.631482135384714,0.12503874,17.59411,1146.419,18.203909,62.177395,16.850727,109.72947,1.248337,1.3531818,1.0219253
663062621731675392,128.5667695738076,20.160810574004472,0.4996908482063684,0.06275391,16.403976,2090.5583,16.760754,259.68466,15.877883,317.07645,1.2054671,0.8828707,0.9282462
663062656091412096,128.58173001865146,20.17110044993733,1.5399652849632268,0.062592454,16.302738,2181.1636,16.97549,265.52847,15.507261,422.25214,1.2660673,1.4682293,0.9852528
664567131595325824,128.58133956215423,20.224392002937538,0.8962109579860335,0.032538947,15.041043,4268.3804,15.372941,590.0745,14.5384445,561.6053,1.2029394,0.8344965,0.97922415
662871890823205632,128.67311931060144,20.01416253897939,0.8732317861489938,0.122061074,17.199398,1085.6453,17.865639,95.11912,16.439367,209.7898,1.2402843,1.4262714,1.0047113
662873093414047488,128.6583782030352,20.04130777725985,1.4320454983522615,0.022047851,13.5973015,4879.1167,13.907075,1138.2925,13.125885,2215.4666,1.1950029,0.7811899,0.9712042
662871714728369920,128.64301872934738,19.99062165695874,1.0552434381129767,0.062230986,16.235117,1856.6058,16.791548,231.82472,15.536172,333.51526,1.2356972,1.2553759,0.9959056
662871856463469312,128.6599167989124,20.00401398396168,2.7644728584045124,0.016446862,12.673291,4816.9917,13.029594,1842.4031,12.157117,2984.3628,1.1994789,0.87247753,0.82723916
662872200060849408,128.6900285664592,20.018501859164555,1.2643645434320387,0.08575438,16.698812,1340.2269,17.425655,113.87216,15.8597145,230.14581,1.2830045,1.5659409,1.0292321
662872440579012864,128.72136565335379,20.05524905492069,0.23287735391755152,0.085845485,16.952658,1317.3613,17.239449,200.1097,16.492968,166.64622,1.1996871,0.74648094,0.9779301
662872955975070848,128.61422217164184,20.05254665896581,0.4357586509762514,0.04972045,15.814616,2497.0713,16.105469,538.253,15.361545,604.9953,1.1937015,0.74392414,1.0293373
662873059054305920,128.6922616848282,20.04706421410414,0.05252737429905295,0.1452048,17.934673,843.3871,18.246185,67.763405,17.480873,65.715195,1.1836724,0.7653122,0.9894683
663060560147381376,128.57727664550498,20.041468551110537,0.37579384032520025,0.07051251,16.802593,1878.7815,17.137833,166.62117,16.298796,256.69064,1.2020367,0.83903694,0.9936479
663060491427905280,128.5781395955441,20.036058615465848,0.8982722971987644,0.02497144,14.373357,4477.7666,14.671152,814.7927,13.906691,1181.0262,1.1982149,0.7644615,1.0241046
662869000309010816,128.7419400722634,20.0012838408482,3.5956302598767502,0.1621684,17.97298,680.6416,19.58592,17.676138,16.747896,134.98854,1.4650743,2.8380241,1.0772179
662869103388225792,128.74792610187404,19.998590508796028,2.341229842170282,0.3453786,17.87113,246.92345,18.273558,94.7018,16.962324,118.78981,1.4727608,1.3112335,2.181825
664373377030614528,128.73984909454194,20.04437297436361,0.4491915289890649,0.10857145,17.294243,1204.2008,17.791092,111.02468,16.639835,126.26371,1.2279999,1.1512566,0.97475153
662871306707629696,128.579296159081,20.006595747784772,0.58235220125528,0.051056538,16.124193,2367.2957,16.463114,281.38242,15.612999,377.63934,1.2048092,0.8501148,1.0404313
662871753384255360,128.6500971149115,20.00310954838453,0.4825094505157393,0.07657538,16.612104,1557.1438,17.062496,180.22836,16.00393,241.7402,1.215998,1.058567,1.00415
662871890823205248,128.67492927450945,20.01641196996285,0.8606746850427461,0.036283847,15.0743065,3016.1284,15.389105,808.40796,14.595051,898.11346,1.1971948,0.79405403,1.0136865
662872062621893120,128.73498276327302,20.016701650368844,1.485080637924899,0.047133494,15.807125,2605.8567,16.533115,276.98517,14.972339,582.8033,1.2796824,1.5607767,1.0259252
662872165701106176,128.73241631054938,20.03886365440399,0.7621091635792547,0.13272132,16.420464,744.05225,16.922443,185.4234,15.65158,254.79257,1.3113542,1.2708635,1.911334
662872337499799936,128.7129790950261,20.034013097647243,0.23128451054097487,0.13762796,16.912645,992.5813,17.209553,100.7246,16.211678,77.74053,1.3544877,0.9978752,1.8448374
662872406219277056,128.70307517541391,20.03846079820664,0.34120318811638306,0.07533689,16.75511,1659.4518,17.155046,127.99497,16.178326,257.84943,1.2177806,0.9767208,0.96965784
662872440579013632,128.70908280713434,20.05207602392273,0.4549839824135907,0.078155525,16.740324,1473.9491,17.123903,222.15915,16.184832,248.37553,1.2114923,0.93907166,0.9959159
662872784176379392,128.61830283374798,20.02516152295993,0.5546217755294195,0.07366776,16.47095,1642.9712,16.804459,190.3403,15.956105,235.1081,1.2097324,0.8483534,0.9757183
662872917319214976,128.64411537912252,20.044764346070913,0.4446530146671801,0.15820645,17.803314,768.444,17.885433,66.18991,17.637974,62.86195,1.162563,0.24745941,0.98888654
662872955975070976,128.61628414821269,20.04301929448738,0.6056902572705227,0.14250384,17.791414,984.73267,18.491533,64.1838,16.975632,125.67743,1.2728875,1.5159016,0.9890364
662872955975096320,128.61005123820868,20.049480861815194,1.6823173585590063,0.0433729,15.544701,2833.7983,16.217398,422.5922,14.753045,791.1389,1.2630117,1.4643526,1.0137631
662873024694571008,128.66181329479141,20.03569044275592,0.7271984063677706,0.060554206,16.055342,2245.465,16.458668,291.54642,15.494204,351.4286,1.2059706,0.9644642,1.0460293
662873093414046464,128.6572401207793,20.048573345003785,2.274184106814124,0.0198939,12.482165,4738.593,12.761712,1605.9282,12.0385895,2083.3674,1.193945,0.7231226,0.9167687
663060560147381632,128.56937294415118,20.046457452232872,0.35315853553860355,0.07716726,16.965023,1582.8907,17.306011,172.68779,16.469086,218.53804,1.194395,0.8369255,0.9917259
663060766305811328,128.56584350865796,20.055059455661567,0.7042465748677147,0.12343612,17.7871,916.53046,18.468391,55.993263,16.88143,75.66584,1.3565636,1.5869617,1.0311795
659649084803424384,129.57341340820824,18.526327757754313,3.741076193481824,0.26937413,16.117207,357.41962,17.151943,129.78374,14.935656,651.8011,1.5294006,2.2162876,5.1725616
659651008948714752,129.42228077891758,18.50973064177192,0.769654883848401,0.107673116,17.428743,1107.7019,18.156252,57.108574,16.679325,58.46527,1.2104986,1.4769268,1.0736136
659651696143473920,129.49115136840769,18.57480178423612,0.5896186918559673,0.05521759,16.002373,2238.3347,16.326815,270.42438,15.511165,332.3833,1.1996405,0.81565,0.96940416
659652314618830080,129.53971582269114,18.56279642142433,0.4941746589953749,0.11664107,17.65688,1027.8467,18.15033,73.305824,17.001982,124.709274,1.2297828,1.1483479,0.99291456
659652452057782528,129.56902196658913,18.583439659165006,0.1241240357706207,0.111329466,17.559965,1041.1241,17.839302,118.72566,17.149113,119.9585,1.1752484,0.69018936,1.0248055
659652898734310400,129.56133109507633,18.601206117738204,0.507319867308726,0.03726705,15.4310055,3335.4766,15.760018,597.7802,14.935232,618.63025,1.2001696,0.8247862,1.0216527
659653104892744832,129.5057300211036,18.58217338928806,0.7715130187650238,0.040757816,15.51756,3351.16,15.877154,650.6695,14.991708,333.5391,1.2039611,0.88544655,1.025543
659653311051173248,129.5111869971434,18.599245126924245,0.8234764572568102,0.026029171,14.530756,4671.8574,14.81516,874.1816,14.078351,957.41406,1.1966143,0.7368088,1.0050633
659653959589462016,129.5397472374099,18.64460894070651,0.13747871814321252,0.11063189,17.609413,1028.427,17.907906,108.60624,17.152418,95.89748,1.1921237,0.75548744,1.0187671
659653998245937664,129.5144731816124,18.638687133721433,0.39706990015660165,0.058077183,15.936493,2123.9783,16.23198,262.2396,15.458738,446.29324,1.2060298,0.77324104,1.2203525
659645270872410880,129.37171769110333,18.498745686087904,0.9346250337659576,0.14919636,17.924852,887.46686,18.750349,55.249767,17.065483,140.33122,1.2679361,1.684866,1.0515716
659648809925517568,129.5943737781249,18.508975654021683,3.68517518388877,0.07303965,16.729929,1243.2443,17.990631,84.97227,15.65038,202.73492,1.364795,2.340251,0.98831844
659665886715410048,129.52908515998794,18.66375649092372,5.672489417357313,0.1682903,16.449291,278.98892,18.000912,105.23861,15.131389,518.80817,1.5907177,2.869523,2.8050127
659650592335040256,129.52679153128355,18.532308618538757,0.46992965556108374,0.14114612,17.985397,837.0307,18.348713,64.0317,17.448387,72.17305,1.2092357,0.9003258,0.9123324
659652447760818560,129.55756172005923,18.577828378072464,0.8723869429528093,0.01734022,12.463535,4872.6055,12.906085,1991.8785,11.844114,3008.3162,1.2271452,1.0619707,1.1103022
659653650351799680,129.5475455823011,18.615426918310618,0.21543871702281406,0.12345656,17.6454,971.57965,17.907381,121.79397,17.215565,69.59236,1.195123,0.69181633,1.1014628
659665336959600896,129.49075080369477,18.636392281918557,0.653314136489022,0.029168421,14.565144,3188.632,14.832446,697.93384,14.139238,892.6228,1.1900784,0.69320774,1.0816399
659654165747731584,129.5535693503756,18.674051921368147,0.7964233164917245,0.01626076,12.124193,5245.318,12.664785,1333.4393,11.436912,2683.5706,1.2335197,1.2278738,1.063766
659666195953127424,129.51547337699648,18.695790888626917,5.1707824141061725,0.018962141,13.714144,4720.9565,14.408015,822.8453,12.907409,1634.8806,1.2676784,1.5006065,0.9543324
659666535253744512,129.43583463394256,18.69136440614408,0.18853847293761,0.13155437,17.563904,976.76245,17.893555,84.13756,17.113129,97.3636,1.1728767,0.780426,1.038374
659650768430540800,129.50271331759834,18.538312799734452,2.292267792494774,0.10016164,17.235342,1218.0813,18.3786,77.04966,16.165335,215.96234,1.3807834,2.2132645,1.0771163
659650802790343936,129.51671663702774,18.537263954540222,0.7248717527197465,0.05146454,16.090034,2149.822,16.530905,283.83136,15.491853,355.47623,1.213467,1.039052,0.98913544
659650832853116288,129.49205644755597,18.539941400361872,0.28542087765258456,0.022751713,11.478485,2555.5115,12.17509,1210.662,10.675741,1989.2769,1.2634693,1.4993486,1.1648651
659651867942168064,129.46453183277774,18.570878971869323,0.4186598810064044,0.11388878,17.390902,1129.8843,17.960402,70.172165,16.67463,149.5406,1.2433906,1.2857723,0.9141448
659651936661644160,129.45756027587592,18.580960971403687,-0.005859035700243017,0.055356726,16.030178,2218.76,16.54981,214.85703,15.349197,430.5916,1.237524,1.200613,1.0317296
659652039740923904,129.55433596184668,18.544496691078876,1.368567355469822,0.04584181,15.8701515,2724.4402,16.494755,303.84525,15.116846,368.50876,1.2504,1.3779087,0.94250107
659652104163435776,129.55207076961594,18.550467863967558,2.1679214308104893,0.017880514,12.706667,4239.365,12.994498,1766.3171,12.254575,2866.1677,1.1946707,0.7399235,1.0646027
659652314618830720,129.5364137674296,18.558689090250436,0.5216772947313243,0.08275413,17.04328,1425.7794,17.474401,115.42017,16.45401,168.17517,1.2118542,1.0203915,0.92427284
659652417698044672,129.54671577847915,18.577175388337018,0.2855087399174791,0.057993494,16.37634,2111.774,16.71056,259.47415,15.875932,365.22565,1.2004507,0.8346281,0.98326534
659652761295426688,129.6052212561222,18.596000108515963,1.0128977191965292,0.09625229,17.319115,1269.483,17.988409,58.356228,16.544819,162.20122,1.2503924,1.4435902,1.0021912
659653242331696128,129.52895320537934,18.591579430097347,9.422843236230143,0.13327259,17.663094,818.7748,19.703922,20.169262,16.335752,190.15962,1.5400778,3.3681698,1.0494907
659663034857206912,129.3813075138641,18.540356065903932,2.0240186627291834,0.095989764,16.93249,1327.862,17.93428,97.83102,15.954696,320.9284,1.3241663,1.9795847,1.2599449
659652967453856512,129.59012475722514,18.61105325283808,7.368979296125483,0.018520273,12.741872,3459.0132,13.457522,735.73755,11.924109,1230.0408,1.2691103,1.5334129,1.0629398
659653036173260160,129.58189794212745,18.625181888901075,3.788302779453265,0.04004791,15.478577,2778.4492,16.424479,195.08777,14.510156,983.4711,1.3304871,1.9143229,0.8928252
659653860806981504,129.55573468066814,18.64145952027097,0.5020607173372088,0.051651374,16.12786,2217.9368,16.50299,298.5357,15.573895,391.40918,1.2144818,0.92909527,1.0354549
659653998245936768,129.52179315652222,18.645229999131747,-0.14085723513152537,0.17233004,17.473064,377.97244,17.77493,120.4091,16.909988,137.72556,1.2562287,0.86494064,1.7088344
659665233880387456,129.47485825718547,18.62206929962336,1.0815581849150324,0.06665986,16.636135,1543.7719,17.26298,186.98323,15.890138,387.86856,1.2439073,1.3728418,1.0310721
659645305232147840,129.38951186605897,18.505003355100417,0.581151362494923,0.030657891,14.64194,3406.2727,14.970427,668.674,14.14979,1223.342,1.1982155,0.82063675,1.010641
659647504255460736,129.55674027829156,18.50308326968709,0.8493183549177139,0.031505503,14.839485,3772.317,15.15754,698.0979,14.353519,981.8651,1.1996267,0.8040209,1.0309476
659650459192961536,129.50996988626878,18.509561871058832,0.7527807935962927,0.06791933,16.547497,1919.9513,17.081024,190.92166,15.865454,267.04337,1.2325811,1.2155704,1.0549666
659651215107145088,129.40866663446698,18.519311434554815,1.7339211327733923,0.039740942,15.491597,3039.7173,16.056398,511.83612,14.788471,814.0438,1.235454,1.2679272,1.0020909
659651867942167680,129.46636147717507,18.57028995039925,1.1118858229205082,0.106238835,17.271284,1242.7327,18.06211,94.91957,16.401262,250.47055,1.2880951,1.6608486,0.9515477
659652177179875840,129.57425667050234,18.56394760742589,1.8847483017277604,0.15781604,17.214798,510.77295,18.3457,57.032013,16.053007,214.97023,1.4831599,2.2926922,1.6557806
659653723368030208,129.54242212296674,18.6261051835984,0.6830806828481919,0.06915469,15.118717,1086.8376,15.495212,720.35944,14.507324,853.14056,1.2519222,0.9878874,2.1496382
661026566714286592,130.6389851491701,19.04091146628725,1.457661476726344,0.023366014,14.577072,5634.0513,14.989604,1129.9128,14.001036,1670.3282,1.2114991,0.9885683,1.0404092
661027082108770944,130.67411417518042,19.06497175340257,1.1480282802677493,0.12433225,17.971115,1079.1206,19.177956,42.197624,16.855701,124.79825,1.414553,2.3222542,1.0324686
661027460067407616,130.65080343182535,19.09914993267631,0.5251090167583744,0.06465947,16.869617,1870.2653,17.254612,215.87804,16.32018,322.27652,1.206922,0.9344311,0.970141
661030823025256832,130.53063117607923,19.093208598084654,0.613155759870267,0.07957501,17.203226,1512.1218,17.698452,140.76393,16.562418,217.46884,1.2191118,1.136034,1.0430139
661003133372654592,130.53211322710715,19.005512453376816,1.3670585762129204,0.02581302,14.539709,5156.9126,14.89374,1049.6936,14.012412,1223.0006,1.2075468,0.8813276,1.0283396
661014369007098112,130.64657877936654,18.97571462036494,0.6089633962232397,0.022883076,11.862921,4129.608,12.390497,2863.1248,11.179537,3256.5916,1.2359946,1.2109604,1.5458617
661014570869292416,130.6232694991581,18.98649553307928,0.5904065724653876,0.086863376,17.31128,1354.4578,17.642727,175.47258,16.722862,160.61984,1.2581625,0.91986465,1.0334202
661014815683693440,130.64409764437966,19.022197911653542,1.1583360645318246,0.06134599,16.586552,2040.237,17.184805,179.62943,15.85262,389.49152,1.2455242,1.3321848,1.047006
661014506446049280,130.65591857443408,18.99489586501387,3.297579032505231,0.2994273,16.025017,402.3773,16.380182,382.51956,15.390901,662.9885,1.2777287,0.98928165,7.0052395
661028658362077568,130.68399634757267,19.100555725337546,0.4153386617105222,0.052733764,16.012323,2478.205,16.439419,239.35837,15.401401,553.5457,1.2282547,1.0380182,1.2396382
661028662658249344,130.67689728969054,19.09964788902502,5.569695290023819,0.030762857,11.43601,1542.9668,11.810861,679.6549,10.890447,1080.9183,1.2092115,0.920414,1.4697711
661007359620471808,130.48472219150008,19.077267701559784,0.8698919180690224,0.035341427,15.478621,3793.6858,15.863179,481.73956,14.921265,673.50323,1.2122382,0.94191456,0.9999586
661026738511407616,130.57899113000065,19.034419288798578,0.9415698847622199,0.31115866,17.67505,674.89813,17.795454,51.12472,16.81499,49.629387,1.578567,0.98046494,3.2939622
661004262947487872,130.51540955940803,19.04406418904084,0.39546241970298796,0.11473746,17.69666,1217.292,18.13137,79.19985,17.082294,110.25075,1.227181,1.0490761,0.9586479
661004267245117312,130.51736911753625,19.053823448294366,2.685220717448486,0.05330558,13.447268,1579.6515,13.889541,2075.3184,12.748165,2068.908,1.2839756,1.1413755,3.363019
661007290901069568,130.49746122659744,19.059176750924074,0.7010445989877603,0.10364975,17.560587,1193.4231,18.185383,82.0186,16.816387,173.05835,1.2432915,1.3689957,1.0116932
661007668858115456,130.48021844574112,19.10640222370946,0.5132353659363477,0.09340904,17.425781,1396.9313,18.009968,117.27187,16.715448,170.96121,1.2331805,1.2945194,1.0399463
661026974734876800,130.65624339796878,19.05316397902892,0.7404860539398032,0.092325896,17.323244,1436.3896,18.0555,93.22221,16.49669,231.34814,1.2706835,1.5588093,1.0956357
661030861681512704,130.50674745360539,19.10438170483733,0.5497966751250761,0.0678302,16.760326,2178.915,17.193123,90.4834,16.2498,87.61937,1.1604325,0.94332314,0.9958858
661003133372654720,130.53949086039935,18.998471188044064,0.6748275994590659,0.16377358,17.67139,729.9229,18.359812,76.23275,16.752958,210.8761,1.3654914,1.6068535,1.4396735
661003614408995072,130.47048571728632,18.99657108476839,0.8362918153645862,0.023046795,14.304435,5096.586,14.606146,1108.7839,13.835444,1430.8092,1.1976166,0.7707014,0.98594296
661004370323233152,130.51263522388578,19.06707484996187,0.2679665796097583,0.062227935,16.58982,2210.6306,16.893482,303.95068,16.116594,399.16052,1.199165,0.7768879,1.0606748
661007187821780864,130.48178426237746,19.05834485841796,0.523603841362455,0.112956084,17.631893,1327.8302,18.08756,87.179726,17.064245,122.91619,1.1866733,1.0233154,1.0474647
661027700585581824,130.56743316687815,19.075910348687223,0.5783852697809524,0.060293715,16.62382,2186.6436,17.015305,253.79349,16.064182,511.7241,1.2104803,0.9511223,0.9980466
661027730648801152,130.5819400928386,19.08428909756279,1.1240704541614144,0.10770766,17.656984,1257.6447,18.479586,62.13436,16.786879,148.06473,1.2780716,1.6927071,1.0126822
661027803664797184,130.54889711924375,19.078966855836125,0.13159194945456598,0.110165395,17.817562,1232.2885,18.341383,80.121895,17.154825,128.31563,1.2226604,1.1865578,0.9882393
661027906744011904,130.56359260350285,19.080332378012226,0.39128200406822006,0.036337487,15.508946,3677.0144,15.794401,556.16284,15.062497,874.25226,1.1925818,0.73190403,1.0250944
661028009823225472,130.5604782258731,19.10459341853262,0.3409524585862131,0.041868187,16.015446,2676.315,16.267225,471.22385,15.6035595,460.47842,1.1902481,0.6636658,0.98003954
661013716172066176,130.6845225554095,18.988216115018822,1.360248994247515,0.111285634,17.77438,1194.2678,19.09314,42.762966,16.634163,198.41136,1.4183528,2.4589767,0.9862413
661014570869106048,130.62569122145666,18.993923531096268,1.3674831803012473,0.016653674,12.7960205,5635.0024,13.272746,2382.3516,12.1617775,3529.802,1.2224317,1.1109686,0.9552156
661014746964216832,130.65567454643224,19.01202920955355,2.306183568678712,0.016480265,13.425778,7820.785,13.8225155,1720.6708,12.868226,2275.6665,1.2066882,0.95428944,1.0299631
661015120625124480,130.66447645115517,19.02701194246958,0.30523028308408345,0.12042607,17.925844,1054.4321,18.204935,73.085205,17.449305,132.78728,1.2137039,0.7556305,1.0454439
661015193640813184,130.6648238782122,19.037216902470036,0.7301302859978622,0.08275027,17.189642,1677.1189,17.73071,156.3031,16.512785,230.89244,1.2257515,1.2179241,1.0403575
661026566714215168,130.63829647071853,19.029438140016087,0.6747130652506362,0.060126655,16.589699,2284.9504,17.047604,226.13522,15.966999,275.54276,1.2226233,1.0806046,0.9605274
661026802935856256,130.60565277287984,19.04092264216126,0.5111818308939742,0.10248566,17.442696,1304.6913,17.938087,105.509155,16.811045,234.81067,1.212662,1.1270428,1.1294491
661026944671335424,130.6464465929273,19.044777408383307,0.32228273724152423,0.023827141,14.614063,5735.7827,15.050454,750.8004,14.008453,1428.9065,1.2204763,1.0420008,0.97777325
661027460067406720,130.65889532915972,19.106554021952455,1.7393279616709225,0.11991159,17.829788,1048.722,19.056602,43.37081,16.74105,228.99602,1.3816619,2.3155518,0.96592796
661028039886447232,130.61018688293268,19.08689266376469,0.6318096836985584,0.105866924,17.72301,1220.5875,18.320633,80.91384,17.004858,152.41028,1.2338258,1.3157749,1.0676064
661028215981652096,130.63887574124016,19.106257521231456,1.1412574501838393,0.025766755,14.892072,2336.4685,15.398409,468.24557,14.231205,799.7878,1.2285943,1.1672039,0.9894254
661015262360287872,130.69393143195384,19.044803146650704,0.9795670670199841,0.028343545,14.682843,4124.7217,14.979027,1012.40784,14.220584,1023.6242,1.1964139,0.7584429,1.0541384
661002785478725248,130.5752540925579,18.98467100890018,0.6652173250981678,0.13445441,17.985237,1040.7694,18.710962,52.16679,17.186058,149.63313,1.2504762,1.5249043,1.0605837
661026665496900480,130.57812133629557,19.028960240381476,0.8754669340020588,0.09034478,17.393345,1409.3881,18.104218,79.51077,16.512253,201.42662,1.3244582,1.5919647,1.0466361
661026669793433600,130.58068911091013,19.02520122146728,1.2694600445488362,0.09130083,17.455349,1285.7599,18.497274,66.423355,16.444538,204.45882,1.3456918,2.0527363,0.96925306
659642625172573824,129.2384175337773,18.39271940727785,2.5751200172508666,0.08138145,16.98168,1292.3058,18.02461,70.162834,15.954892,348.59247,1.3612665,2.0697184,1.0420064
659643037489430016,129.26992445783847,18.417864020901202,0.7753894008311042,0.14795505,17.991627,765.1774,18.811972,62.230114,17.130026,124.73849,1.2714579,1.6819458,1.0005046
659654891599166464,129.26380221899922,18.428959394783636,2.0372338086097557,0.11450682,17.561182,959.34015,18.751253,59.25309,16.495459,164.6631,1.3656627,2.2557945,1.0554147
659642865690738048,129.29458225346812,18.40187472687737,0.3487823844807886,0.11348105,17.476103,1012.8059,17.715456,85.66466,17.105917,118.99955,1.1736919,0.60953903,1.0080355
659643071849166464,129.28895737943515,18.420904751175037,4.103524165429897,0.033252183,10.721543,3580.0198,11.030478,1326.5947,10.250265,2386.3235,1.1953427,0.7802124,1.8640537
659642522093359872,129.2381402704891,18.381108801910777,0.8193460220826015,0.08660971,17.078632,1267.1848,17.83736,95.45015,16.249157,238.37225,1.2642144,1.5882034,0.98226726
659654749863333376,129.2426763873974,18.419711729185575,0.9677691354916121,0.053289786,16.242365,2009.8944,16.717543,162.49211,15.606392,292.53815,1.2243032,1.1111507,0.9867631
659654822879690752,129.23999713211109,18.428258081206085,2.1838244399156492,0.031003533,11.482674,3539.373,11.692662,1842.9386,11.131835,2741.7847,1.1791846,0.56082726,1.3726336
659654822880154112,129.23390799203474,18.42486807416167,0.8525158123022792,0.047621917,15.756308,2264.1477,16.127481,346.81296,15.214897,310.09268,1.2082964,0.9125843,1.0161163
659654925958902016,129.27079982265826,18.447685432422656,1.3292928797591446,0.04150216,15.530565,3150.2104,16.005308,406.9437,14.897994,473.10812,1.2221245,1.1073141,1.0039405
659641560020682752,129.33883274213176,18.334961052309716,1.0206854953198026,0.108336695,17.384737,1149.4956,18.36437,54.117493,16.427063,75.31606,1.3110888,1.9373074,1.0237486
659641972338003968,129.3355164420913,18.377052648303668,0.6704503511331733,0.045368165,15.400219,2422.5176,15.710341,324.9928,14.92276,605.2227,1.1984552,0.78758144,1.1143316
659642075416753280,129.3354633533413,18.39278566027835,1.0235199892559557,0.029845772,14.711568,3626.898,15.034056,539.41437,14.215171,1283.1616,1.2037808,0.81888485,0.96187365
659638776881925760,129.3678992328618,18.3604052615425,0.8895060275837411,0.1186768,17.521406,1042.2887,18.176586,61.763657,16.744942,131.54027,1.2572345,1.4316444,1.0385915
659640219990935552,129.4070007964809,18.373118740679697,0.9064897894468267,0.016823916,12.361135,5739.791,12.88157,1413.4877,11.691487,3226.0361,1.229008,1.1900826,1.0026712
659642041057016448,129.31789995767977,18.388964695892394,0.20313731304197422,0.10861478,17.561062,1099.6519,17.916283,166.71198,17.046951,98.11492,1.1987145,0.86933136,1.031101
659643346727126656,129.3974444488137,18.39192145688169,0.7148216242516885,0.09601324,17.112223,1285.3239,17.66017,96.51385,16.421085,151.00536,1.2333647,1.2390842,1.0429202
659641731819369984,129.35869841935835,18.369531482653628,1.8489785967328984,0.022186792,13.906539,3989.3564,14.270807,955.055,13.379489,1353.5135,1.2024778,0.8913183,0.92633104
659643204991227520,129.38208054412013,18.37592022316986,0.6049276000783648,0.19710866,17.80595,899.6134,18.197401,116.069244,17.239449,63.54326,1.214968,0.9579525,1.0656846
659643209288118144,129.3670105046307,18.377032482367117,1.749086706320573,0.12749821,17.462482,1047.4723,18.416092,64.143616,16.496193,157.66113,1.3263259,1.919899,1.1675136
659641697459633280,129.3526912911754,18.35933798280109,0.30308082032777445,0.087494716,16.615986,1726.9852,16.911016,224.06041,16.149588,258.64334,1.1994607,0.76142883,1.1770153
659643243647912064,129.38613789105366,18.38069210008983,0.618515084696123,0.060050726,16.050352,2312.6682,16.410301,267.37207,15.518713,249.86604,1.2074423,0.8915882,1.0010839
659711482088171904,128.9364357813179,18.63395722961962,0.7060024633443558,0.036458507,15.284038,2743.1316,15.621327,413.40067,14.777342,418.93173,1.2028213,0.84398556,0.99527144
659712749101845248,128.87231246401603,18.678064941127488,1.323130547637059,0.2746848,17.714537,368.3375,18.634914,32.115498,16.614744,129.36446,1.4698035,2.0201702,2.204657
659617886160826496,128.88884111192658,18.63633928481972,1.0510126854922606,0.04431948,15.553905,2842.2427,15.962701,338.97064,14.9806595,577.8667,1.2113718,0.98204136,1.0250719
659712753398492800,128.86815788315633,18.67575184186781,4.702258874055873,0.15875542,17.805443,674.11505,19.581848,14.447369,16.53064,182.76834,1.5030853,3.0512085,0.967414
659617817441350272,128.90326393383026,18.617185671354115,0.6329554443794937,0.024971714,11.282846,2683.2866,11.773598,1747.1366,10.635223,3504.6975,1.2257919,1.1383743,1.0468094
659707152761134592,129.0591414106406,18.57102568934728,0.5544604582087793,0.022352673,14.155683,5827.684,14.606078,917.4861,13.543595,1376.898,1.2186586,1.0624828,0.92379874
659708763372155264,129.03698365181683,18.631130580633503,0.9070697648110837,0.08411384,16.26813,1419.1586,16.688654,226.27448,15.659799,315.49844,1.2294638,1.0288553,1.4220413
659710485655747072,129.0773694328308,18.673824283936174,0.813776340280985,0.019069267,13.467923,4043.0356,13.687613,1204.9736,13.098474,1228.9004,1.1839218,0.589139,1.0605525
659710691814176640,129.05882671744754,18.693505003586758,1.0142026211444606,0.14676885,17.918678,778.95233,18.478157,49.739353,17.20772,65.594955,1.2433964,1.2704372,0.9797347
659659598883318144,129.16949535759525,18.542656337466074,1.8267917350351452,0.1256237,17.643484,891.9329,18.689363,41.14218,16.626839,233.1971,1.3504361,2.0625248,0.85121506
659661213791017600,129.19612936692064,18.579646551639193,5.021755206574767,0.018195214,12.496139,3638.8674,12.979455,996.86755,11.858408,1541.2753,1.2220314,1.121047,1.0056514
659709454863598080,129.09757350446765,18.633640086623334,1.0695349754292418,0.060859833,16.24133,2198.9985,16.903627,163.52298,15.458209,445.0043,1.2599329,1.4454184,0.95119214
659709935899924352,129.16581580109047,18.687146383938007,1.6018530601080592,0.026764229,14.337968,4771.557,14.726497,1126.4432,13.782622,805.3087,1.2090795,0.94387436,0.9268422
659660526596167936,129.09261467713003,18.557943370852634,1.4367121958531235,0.08937139,16.89967,1383.6008,17.887482,89.53371,15.90914,328.65234,1.3401251,1.978342,1.0500495
659660865896819712,129.1822932390772,18.54227770876692,0.984553426460902,0.096095376,17.247326,1193.2794,17.967733,79.91547,16.443764,111.198006,1.2558541,1.5239697,1.0251899
659707152761135104,129.05454681492378,18.56443199630139,2.809478573178262,0.0517441,15.972802,1885.25,16.912163,241.07094,15.012002,589.8123,1.3251373,1.9001608,0.9815749
659707290200091904,129.02081219458555,18.562511240174004,0.1086635248281366,0.15430321,17.921106,902.523,18.307817,70.94609,17.331757,76.07068,1.2322638,0.97606087,1.1587836
659707427639041920,129.03784883267554,18.584159964906107,0.8319568118853415,0.05546485,15.882318,1951.7318,16.38785,281.75223,15.208571,427.42838,1.2381641,1.1792784,1.238573
659707427639042432,129.03503895412422,18.57768506161714,0.29173544395781414,0.03593826,15.136847,3559.1924,15.588649,420.86972,14.512002,799.0132,1.2267812,1.0766468,0.95973176
659707874315638528,129.03698869198456,18.60706810857924,0.3709448110388837,0.030323466,14.813799,4322.2275,15.321075,596.54877,14.153572,828.5388,1.2277455,1.1675034,0.816143
659707874315638784,129.0347638399359,18.603493641011603,0.6379505766850772,0.024214802,14.096194,4031.2822,14.3584795,985.73376,13.675573,1589.0193,1.1896794,0.68290615,0.948245
659708733309096960,129.02083270471095,18.629328057850774,0.1268856210256868,0.030379515,14.686058,4193.552,15.194456,683.4188,14.019381,1173.4471,1.2318832,1.1750755,0.9835111
659660560955996032,129.10416802053942,18.558285380321593,0.5917302327646637,0.60686314,16.768843,173.95305,17.067583,176.47028,16.108723,246.64485,1.3239182,0.9588604,7.801719
659709042546740608,129.02740464706483,18.646089015872725,0.4739172892430772,0.06549396,16.42554,1741.0122,16.784735,181.62146,15.910148,264.5433,1.1976037,0.87458706,1.0200251
659613144516932480,129.01803262818666,18.523914830884724,0.8809605288797665,0.034437273,15.171921,3539.7207,15.530682,584.7732,14.644867,680.67444,1.2051173,0.88581467,1.0375406
659655475714722816,129.17922183932228,18.447071426968638,0.28466190199496694,0.12529628,17.432383,805.15857,17.75703,103.11792,16.869879,156.4739,1.2444515,0.8871517,1.2422647
659655716232892416,129.15155736787267,18.45231927981609,0.5738336256718823,0.02717937,14.502235,3731.4414,14.76635,652.58826,14.078498,1037.3184,1.1905023,0.6878519,0.87710094
659655750592628352,129.16677210109575,18.468757199938253,9.412705404535949,0.26899892,8.702547,5719.862,8.940148,3455.5107,8.302574,2506.5842,1.1910952,0.6375742,12.46024
659655952454199168,129.20003864049153,18.473750159693278,0.9482308520859583,0.13878846,17.700956,619.9329,18.408539,69.106544,16.670452,201.99368,1.4654133,1.7380867,1.1074281
659655991110792448,129.219776500595,18.48056779404516,0.5265599470135307,0.049220942,16.230223,2406.3442,16.656027,273.83252,15.6393,363.0273,1.2153524,1.0167265,0.980482
659656197269225856,129.1638313258141,18.483462483284082,0.8685075124917325,0.039025202,15.386614,3143.5156,15.791245,474.63956,14.823102,536.1661,1.2069149,0.96814346,1.0668845
659658598154043520,129.11543100046228,18.449862136518394,0.1677345790131162,0.06416733,16.489248,1750.4446,16.674408,272.37552,16.16279,205.29477,1.1800961,0.51161766,0.9690458
659659873761231616,129.0996818109798,18.528061743358997,0.56781310271568,0.19910337,17.974014,748.48254,18.676435,59.727085,17.166468,114.677444,1.2653365,1.5099678,1.0433321
659659976840360960,129.0458036407552,18.506297760514045,0.45237869814102943,0.07781921,16.87453,1542.8926,17.223862,159.85043,16.364065,183.52664,1.1992929,0.8597965,0.9284596
659659976840361088,129.03959313176617,18.51007064726574,0.6386876774736873,0.02354099,14.34908,3239.855,14.597294,896.50604,13.945909,1044.5817,1.1872228,0.6513853,0.9511155
659655200836809344,129.24499616609472,18.464138972390938,0.3952744806730186,0.06601364,16.601557,1664.8589,16.88653,237.50293,16.15962,294.0076,1.1901946,0.72690964,1.0480734
659655475714722304,129.19109156031985,18.44025412161162,0.24976311572159457,0.1285335,17.861961,898.1431,18.260649,73.15405,17.318882,75.52039,1.1964703,0.94176674,0.95668817
659656094190006400,129.22150738267123,18.487044027012583,0.6109200753509529,0.060234353,16.594194,1852.5092,17.082905,160.31696,15.938678,339.54114,1.2322385,1.144227,0.97543275
659658911688561664,129.09865687731497,18.48221460747578,0.5687934301508734,0.045561716,15.7799835,2662.7373,16.139221,364.47675,15.257278,535.32666,1.2021543,0.88194275,1.0127903
659659770682023040,129.05244081263788,18.498440401942343,1.1948531145088626,0.033883933,15.168483,3940.6523,15.609136,502.91656,14.565384,342.14407,1.2168775,1.0437517,0.95242995
659659873761232000,129.10451354219273,18.52290918023993,1.396887588664305,0.060620334,15.882092,2323.3157,16.457672,212.94775,15.167308,390.00116,1.2398793,1.2903643,1.0728045
659657880896397824,129.21715154142177,18.536005067661293,1.1037723910647854,0.058055975,16.042612,2285.8018,16.523525,329.61105,15.388453,444.08786,1.2346073,1.1350727,0.97546256
659659938183883136,129.08963366051807,18.539464713386046,0.7399211115593112,0.11358544,17.384972,1185.5011,17.961716,111.036514,16.678385,169.69217,1.2333049,1.2833309,1.0602895
659655716232891648,129.15921022843253,18.458788840475858,1.7362443525145992,0.11551637,16.964378,392.75333,17.941065,118.84959,15.868375,257.02496,1.4500635,2.07269,1.4591706
659656059830324608,129.20580162623546,18.487969657871698,1.8282554423975776,0.029022764,14.877405,4378.8047,15.38913,569.2933,14.211952,856.70416,1.2296177,1.1771774,0.9604123
659656162909485312,129.19549666161842,18.487397267564607,3.855844191431684,0.06889284,16.571327,1212.5901,17.878641,81.34193,15.442655,258.0106,1.4079087,2.4359865,0.99137414
659656747025033728,129.25340852127326,18.47803582838681,0.8739630864900212,0.0367104,15.411157,3265.2026,15.774308,476.76813,14.87769,451.9743,1.207065,0.8966179,0.9554581
659659285348839808,129.17639087764107,18.508190630429763,0.5751231572609073,0.09285503,17.071775,1403.5038,17.55575,133.88019,16.42906,157.79366,1.2252353,1.1266899,0.9111115
659655441354985216,129.1803518539458,18.43446208175272,0.8708535409623954,0.1464542,14.147083,1420.9728,14.329775,1133.5148,13.585048,1683.4296,1.3192649,0.74472713,7.309614
659655406995248640,129.15507118701262,18.43433017113475,2.4352249993880037,0.13863099,17.672323,956.5247,18.954529,28.9594,16.552849,146.66093,1.4029559,2.40168,0.9421465
659655475714721280,129.1933171527982,18.450427050412923,0.601851460447289,0.022524195,14.3140545,4739.3545,14.652045,868.65497,13.809461,1238.3656,1.2011789,0.8425846,0.9635031
659655647513418240,129.12502586675768,18.446735993601035,0.9984636704129584,0.16240574,16.757301,747.6991,17.356949,110.65553,15.912391,251.33597,1.3340489,1.4445581,2.1807775
659655681873155456,129.13481475332497,18.452776899327382,0.8341716660772867,0.04696127,15.734786,2581.9993,16.057283,379.42563,15.245549,452.982,1.1994051,0.8117342,0.89986926
659655956751055232,129.20643265612955,18.475770825278826,0.7704897830499491,0.09738992,17.399113,1097.3667,17.9994,88.30534,16.70133,166.35687,1.2176423,1.298069,0.95573425
659658838672233600,129.13344896537632,18.494223018146865,2.02533470715291,0.14980339,17.793966,719.98914,18.955486,25.082565,16.712809,150.95844,1.3882041,2.2426777,0.9777072
659659942480708224,129.0892660457653,18.536200187882383,0.2971220150981178,0.051980495,15.82395,2475.296,16.104834,281.99435,15.380922,543.2462,1.1929351,0.7239113,1.0286095
659659942480709504,129.08151313399983,18.531642169582497,1.080307718313831,0.07385569,16.297934,1719.762,16.888485,163.65775,15.610513,151.78055,1.2137972,1.2779722,1.0772637
659659014767773952,129.1191564387286,18.497664895116795,0.38491183666424417,0.08097612,16.589941,1684.1095,16.976454,203.76947,16.027273,238.74442,1.214771,0.9491806,0.97658
659659014767775616,129.1051081617513,18.491554081450065,1.151977821925298,0.14639255,17.386595,473.32465,18.367828,43.091316,16.361647,220.67122,1.3756578,2.0061817,1.2343758
659659083487251328,129.10317445916553,18.506131910886477,0.6149868719408886,0.06271482,16.2584,1836.3363,16.640696,369.83606,15.711161,285.4716,1.2067767,0.9295349,1.0429741
659659289645674240,129.18125545765287,18.518387618314357,0.4803506149358928,0.09176746,16.94001,1390.2439,17.378517,141.0293,16.339579,194.83641,1.2160336,1.0389385,1.0576113
664382551080722176,128.94915869358752,20.23997468164239,0.6096353370760388,0.19178128,17.942122,740.3286,18.3743,46.008354,17.371733,75.6125,1.1988924,1.0025673,1.0781307
664382654159935872,128.97394110712196,20.232771161125427,1.36174867260529,0.1364563,17.498247,790.1045,18.427326,47.722794,16.571825,80.30407,1.2962582,1.8555012,1.0073826
664384647024750208,128.99304688370887,20.30232917068339,0.4208193355856023,0.10839426,17.382505,1080.6512,17.832,69.61252,16.794418,118.51458,1.2028842,1.0375824,0.95629185
664385918335065728,128.97566092944632,20.371896242137076,0.4977869304672736,0.06608911,16.51536,1598.047,16.838243,129.19164,16.022837,178.26521,1.2012146,0.8154068,1.0313618
664385918335178752,128.9721901869124,20.37077377721822,0.6377109712078678,0.13444747,17.6301,867.26746,18.25094,58.172337,16.88923,142.31387,1.242224,1.3617096,1.0523313
664384543945530368,129.05019207852698,20.318705834789686,3.0412278052187336,0.034579717,14.95991,3603.0935,15.719791,362.0933,14.112255,637.1482,1.2790896,1.6075363,0.99885374
664384578305273984,128.99228248994677,20.295590466260297,1.2155305575161992,0.13621242,17.682327,890.33374,18.467623,37.535164,16.834988,145.99216,1.2704883,1.6326351,1.0409565
664385609097421824,128.99053282462478,20.342381846723907,1.5225088187732807,0.11480699,17.307558,1058.4775,18.337812,72.21889,16.29378,123.57029,1.3516178,2.044033,1.0695218
664386158853228544,129.0366988119498,20.390701211047016,0.8923747701322309,0.033964586,14.965748,3294.8845,15.313415,698.1782,14.453154,710.20734,1.2014214,0.86026096,1.0232562
664386158853229184,129.0287146846007,20.385026454581983,0.12990869403623284,0.072491385,16.588629,1617.2603,16.965601,136.97298,16.06086,241.67819,1.1968995,0.9047413,1.0000873
664379561783477376,129.0282747884037,20.2277322993906,1.0472769701577516,0.03952085,15.392839,3283.5107,15.796952,321.38858,14.811073,562.3875,1.2191464,0.98587894,0.9024599
664382241843079168,128.95233058254587,20.214598498772688,1.6071162582503797,0.09119148,16.898977,1199.0308,17.758053,82.17371,16.00475,208.65495,1.2879151,1.7533035,0.892591
664382413641773184,128.92830757564604,20.21821125376126,1.2147093648499734,0.09781572,16.958532,1021.29205,17.914719,56.5534,15.992174,186.03688,1.3256764,1.9225445,0.98484457
664382516720985088,128.94246006248954,20.232014882129597,0.9324908272726549,0.14998712,17.65888,803.9567,18.590508,25.79446,16.692913,130.6413,1.3321865,1.8975945,0.9475758
664382310562555264,128.9489409015078,20.22257392365368,0.5838320039630718,0.07151627,16.286192,1663.1139,16.659788,167.44096,15.718249,167.57639,1.2242936,0.9415388,0.96395886
664384161692162304,128.94235698406357,20.313947592355767,0.5292402153538756,0.12275219,17.672186,840.93164,18.153486,57.920868,17.030819,62.316635,1.2254364,1.1226673,1.0354869
664384818823438464,129.02169634864066,20.328615338293577,2.354367386074753,0.12096102,17.590492,821.5088,18.877169,27.059036,16.47881,156.07086,1.3936001,2.3983593,1.0051825
664385780896114304,128.95860483187946,20.36263113584988,0.7450869107061298,0.03515024,15.037052,3128.8901,15.374995,524.4225,14.532325,624.5146,1.2012851,0.84267044,1.0316373
664381863885935232,129.09971717738264,20.307748589678823,0.5501240251149196,0.10264861,16.967995,1177.4824,17.28313,104.41565,16.460691,110.36776,1.2141541,0.8224392,0.993491
664379561783478016,129.02585143576405,20.225643166014606,0.26985644663355146,0.049133204,15.708156,2530.4685,16.109179,310.15048,15.128992,308.8094,1.2188485,0.98018646,1.0879346
664382207483342592,128.93118662119156,20.217194320171295,0.6885582126298357,0.03067692,14.486781,983.9638,14.830443,236.9339,13.965467,296.8207,1.208809,0.8649759,0.963703
664382276202815872,128.96240730827392,20.222387048791564,0.39389493308764306,0.13912375,17.583223,898.4465,17.870682,88.615456,17.140253,66.89417,1.1895208,0.7304287,1.089965
664386261932446592,129.01173259666606,20.375346376575816,2.343137093889616,0.09012901,16.990084,1261.2909,18.123493,79.78516,15.922494,360.47003,1.3805782,2.2009993,0.97103727
664379733582172288,128.9962309440375,20.23632041858187,0.4212272726025262,0.026223058,14.208565,5005.3057,14.6722355,956.776,13.583254,918.348,1.221902,1.0889816,1.0199397
664381309833950848,129.0534851911545,20.261837349766115,1.7896567236028103,0.018305713,13.156013,4548.563,13.450538,652.23944,12.66112,462.34097,1.2169176,0.78941727,0.9765819
664382516720985984,128.92709230910475,20.235423112369354,1.7215676756672948,0.051702626,15.643543,2264.0503,16.264015,212.77916,14.879752,354.2716,1.2601298,1.384263,1.0776087
664382551080721664,128.95156684684073,20.24117055512501,0.22104683341149226,0.085329704,16.77605,1257.3662,17.109934,132.02791,16.28428,156.36496,1.1953261,0.8256531,1.0110588
664382619800199168,128.93000079280495,20.254051463270603,1.2327652435204526,0.02298308,14.1247835,3752.9175,14.411314,799.36975,13.6730385,1256.9015,1.1951342,0.7382755,0.96513075
664383032117054976,128.9625409496356,20.269552195238614,0.42971343560319264,0.023179643,13.97891,6092.8325,14.476323,903.0066,13.328226,1428.877,1.2251269,1.148097,0.9855291
664383096545132032,128.98231546039486,20.28429993559893,-0.24612297398672367,0.3688572,17.77493,200.71915,18.298798,62.496014,16.87051,118.255615,1.4158646,1.4282875,3.9065933
664383822391038208,128.93492973482702,20.28399324977363,1.0232161938615327,0.05099438,15.995339,2190.1104,16.515764,335.79016,15.319355,205.36322,1.2335784,1.1964092,0.96919847
664384200348153600,128.93816947024686,20.322954904378225,1.709421458034943,0.119459756,17.532497,856.0597,18.537401,41.31929,16.53985,70.27189,1.3376101,1.997551,0.90612906
664384269067629824,128.93036732251153,20.33025923964614,5.093047739617841,0.03979284,8.271905,3151.0142,8.335375,1580.4015,8.130987,2038.1747,1.1633086,0.20438766,1.2770158
664384475226055040,129.04786369704954,20.30637808523736,0.5876090207113734,0.063333035,16.298096,1728.6554,16.66683,147.6269,15.73316,235.91214,1.2246372,0.93367004,0.99438024
664384612665010432,129.0173847300254,20.30380027839783,0.15787838160635217,0.14367366,17.845308,808.67236,18.209038,42.813625,17.320211,71.91775,1.2015051,0.8888264,0.92980266
664384677088434560,129.00037574140362,20.30764212428983,0.8036590328511182,0.06607378,16.44597,1762.6033,16.93451,183.17726,15.799008,264.00992,1.2262691,1.1355009,1.0508648
664384921902650880,129.0565512199305,20.326815881387578,0.843479527313415,0.03280422,14.8328495,3419.5186,15.12375,710.43463,14.375026,475.02533,1.1964793,0.748724,0.9680374
664385059341602560,129.07251472849214,20.34144598200539,5.48823891007088,0.051797736,7.4582815,2578.4238,7.505546,1378.4551,7.3411694,2246.5999,1.1632015,0.16437674,1.1467216
664385162420817920,129.0594899030213,20.346745236140976,0.7563686973839319,0.050052587,15.92375,2271.5442,16.287537,309.47757,15.393399,288.6722,1.2047901,0.8941374,0.99536514
664385540377944704,129.00695786689815,20.333431452392244,0.22097676949101927,0.062094353,16.402588,1910.1935,16.702602,161.46082,15.923516,219.3445,1.2045239,0.7790861,1.0078038
664365955327097472,129.03296501771484,20.110591699561507,0.6227968133107018,0.12692016,17.81398,888.18646,18.336021,46.86516,17.13059,110.24408,1.2382784,1.205431,0.9482441
664372861634514176,128.93702290236388,20.132905600609508,0.22505866741938443,0.0844665,17.029467,1269.3246,17.400223,149.44438,16.513311,101.76658,1.1925602,0.8869114,0.9906333
664372999073463808,128.9597665441594,20.151210130514052,2.80871641686519,0.065959916,16.378021,1453.8759,17.610497,77.26887,15.267776,291.5284,1.4033986,2.342721,1.0658004
664373102152684288,128.89908874481972,20.14901181553838,0.3034661618354699,0.069373116,16.293915,1684.2227,16.658136,226.50726,15.769069,332.07114,1.201114,0.88906765,1.0663254
664373269655251456,128.92850024368806,20.177450757270517,4.37964993186915,0.15481657,17.836672,615.0331,19.436758,16.466448,16.627182,201.24953,1.448477,2.809576,0.97499126
664378118674474496,129.03222188870524,20.155716402574726,0.4522161751956126,0.015604214,12.577236,4319.777,13.083383,1113.3627,11.910574,1903.5032,1.2328161,1.1728086,1.017653
664379110810775168,128.9638928489737,20.18063472400705,0.4020935253865407,0.1261751,17.639097,897.4239,18.036999,80.47176,17.082247,93.90504,1.205696,0.95475197,0.9172029
664371830842359808,129.0122873711332,20.103511349836165,0.4612852961506777,0.082319215,16.997953,1303.2836,17.363567,57.908195,16.459484,164.99399,1.2090671,0.90408325,1.0675105
664372518037259264,128.873395111824,20.107736326744252,0.6961380655807298,0.05365712,15.994209,2214.4062,16.444843,281.4991,15.395963,323.82864,1.2091837,1.0488806,1.0990855
664377981235525248,129.00080885373936,20.143571252497253,0.24902868924471977,0.09606592,17.150976,1110.8021,17.438988,101.45423,16.71804,121.54812,1.1834136,0.72094727,1.0493802
664378805869246720,128.98252791502404,20.154746402583367,0.737990893402477,0.02854861,14.692682,3966.211,14.996698,820.399,14.228322,619.2395,1.193693,0.76837635,0.979701
664378908948458752,128.9858381501642,20.17680543462146,1.381509148059059,0.05498103,16.010408,2113.1345,16.60523,114.806046,15.2779,481.0535,1.2457621,1.3273306,0.9736743
664379115106889216,128.97202838350074,20.185875220148045,0.6675455177017298,0.06699085,16.362589,930.7964,16.916246,114.103325,15.653469,202.39986,1.2443534,1.2627773,1.1226671
664376091449920000,128.9043689852145,20.164179244817372,0.6741140389437587,0.075697504,16.5358,1478.6399,16.951551,143.65363,15.951855,242.31723,1.2152623,0.99969673,0.98921055
664379012027673600,128.98054920422902,20.185002739530074,1.4685239107519925,0.03462838,14.992015,3952.1243,15.415936,394.61194,14.398624,1005.50085,1.2178526,1.017312,1.0154172
664382138763866368,128.9428599618876,20.20498281671613,0.366642912488895,0.051087145,15.669828,2371.2769,15.99012,238.83572,15.176844,388.1518,1.2027857,0.8132763,1.0184126
664372724195684992,128.8906758507919,20.128650461494964,3.5459357276723726,0.015526437,12.169769,3707.7847,12.5217085,1601.5619,11.651503,2420.8872,1.2028881,0.8702059,0.87619954
664372758555300736,128.9425346110035,20.114333873309334,1.785566785716971,0.020523658,10.909175,1628.5371,11.08076,469.14105,10.603291,781.4483,1.1771193,0.47746944,0.8988811
664372930353987712,128.95859085936593,20.145967290198538,0.5370926890943327,0.06825974,16.634312,1582.5941,16.99246,114.7114,16.095942,115.94573,1.2125775,0.8965187,0.9248422
664373033433208192,128.9042562687197,20.134084358266893,0.7296566874275606,0.028694775,14.839642,3074.8967,15.136425,622.3695,14.373326,501.46234,1.1985205,0.7630987,0.89210355
664373067792944256,128.92228441696102,20.14535596833319,0.9274534168602873,0.080720164,16.899145,1187.0364,17.655909,132.63567,16.04123,232.5533,1.2888495,1.6146793,1.0077813
664373136512539648,128.91616345565808,20.154425709333495,0.873112801026786,0.06923259,16.587553,1621.6144,17.10574,94.05422,15.904838,252.90762,1.2393844,1.200902,0.9762454
664377740718091136,129.03804636511984,20.12789454635401,1.8352024227308166,0.0746533,16.638641,1548.8265,17.517925,111.483246,15.70479,321.6502,1.3175069,1.8131351,1.0624387
664377981235526528,129.00044062950715,20.133318586843142,0.6910534972924866,0.049420644,16.076742,2227.1824,16.471424,277.88486,15.519078,186.14557,1.2077138,0.95234585,0.9906946
664378084314739968,129.00058315594902,20.15354375265101,1.2535178987055986,0.0156491,12.280289,4704.5703,12.822862,1196.6736,11.593451,2947.7996,1.2323912,1.2294111,0.95825714
664378427912109056,129.0982378358711,20.18791385022836,0.6403272096497514,0.04138324,15.666459,3062.2761,16.093555,383.08795,15.0789,392.6517,1.2125247,1.0146551,1.0170102
664378634070545408,129.03921565022995,20.194734185807803,0.4837025632136437,0.104877904,16.275043,842.7562,16.678461,290.01105,15.608955,384.29486,1.277556,1.0695057,1.7716012
664378943308196608,128.99782754398797,20.174448301141123,0.031473222657650984,0.046404544,15.860048,2373.398,16.393547,269.67496,15.168188,406.70758,1.2397588,1.225359,0.9710646
664378977667932032,129.02021451307954,20.182854002337564,2.4069316020135774,0.01735068,10.308648,4699.4546,10.515393,2413.059,9.954278,4254.7793,1.1828672,0.56111526,0.83322
664379183826483584,128.9592647951652,20.20116587788904,0.4763875956373338,0.14210609,17.799349,725.4402,18.221111,57.524277,17.331034,49.22811,1.1397192,0.8900776,1.0213494
664382207483343488,128.93758783655375,20.207230397160146,1.0581188891624649,0.019928573,13.539959,4162.8413,13.833121,1128.2417,13.087622,1416.199,1.1920909,0.7454996,0.9904381
664372311878705664,128.89872713334606,20.097763906609643,0.6278765796581808,0.07836019,16.903969,1370.788,17.410273,112.50174,16.255669,229.59535,1.2197062,1.154604,0.9815052
664372311878705920,128.90108375281898,20.095165761673442,0.7582070503624305,0.021821905,13.784939,3899.037,14.020633,1498.1321,13.402277,1370.7915,1.1824963,0.61835575,1.0938919
664365027614155264,129.11702826908436,20.097377804631577,0.9609284380611117,0.1307987,17.825136,914.8725,18.751108,34.77812,16.884176,104.81741,1.3104608,1.8669319,0.97581285
664365852247876480,129.08525669079097,20.119487790521212,3.2767676665568874,0.08534489,17.00386,1298.2695,18.19051,79.330536,15.93648,217.22752,1.3681438,2.2540302,1.0633568
664366676881587840,129.10926356676666,20.17305658396235,0.480540757545199,0.11280176,17.556723,920.44086,18.040606,62.60369,16.92344,100.84718,1.2186915,1.1171646,0.96382684
664411649482293888,129.2434155003691,20.521672080852085,3.872102945961716,0.017625539,12.14924,2091.294,12.489826,515.18024,11.643597,903.9607,1.2005583,0.84622955,0.8690343
664408454026641024,129.2869323989302,20.4887676836653,1.29623026323749,0.086964205,16.717329,1404.3474,17.51729,99.16992,15.843486,300.32462,1.2884685,1.6738043,1.021461
664414196399709312,129.33375776778135,20.503942896168713,0.938040423940724,0.06843314,16.132118,1728.4984,16.562439,173.24016,15.53169,250.07663,1.2196965,1.0307493,0.9181395
664414230759446272,129.35866056822707,20.510251435055732,0.7086963121231397,0.10206026,17.066046,983.5898,17.865969,66.67974,16.203184,146.23941,1.279008,1.6627846,1.0345442
664414368198401664,129.30619189704558,20.515788092994818,0.8010716553505863,0.058829583,16.11918,2219.9844,16.570692,166.54543,15.50421,396.25266,1.220133,1.0664816,0.9997302
664419724020849920,129.39160551029337,20.629797532457168,0.6711436395744496,0.4263245,17.907663,272.75024,19.085014,31.01272,16.550808,160.6334,1.7139738,2.5342064,2.6459584
664418628805957120,129.26152793168387,20.590801468424925,0.511383634461159,0.03956997,14.7003355,3128.6953,14.999535,608.0585,14.229803,654.2209,1.199811,0.7697315,1.1977959
664420656030514432,129.3226105038911,20.637300768294015,0.4523989594807748,0.05469061,15.563407,2398.984,15.879066,372.21277,15.073559,358.73474,1.2031808,0.80550766,1.0609169
664413371765987712,129.36013735650383,20.487116419093613,9.524792460836174,0.034367792,7.901653,3716.713,8.165132,1313.5717,7.462043,575.17236,1.1999934,0.70308876,0.94159853
664418250848830976,129.3310834180122,20.59277371676722,0.16162161495459038,0.040537417,15.246172,3003.7861,15.689945,393.71024,14.63026,707.6439,1.224198,1.0596848,0.9150993
664419556518886272,129.3684114424142,20.607863082559692,5.647790338373768,0.03848973,14.732194,1179.0997,15.797956,157.42197,13.699581,347.69247,1.361321,2.0983753,1.0188429
664411374604387200,129.2713177689378,20.494107003370715,0.6449237046761184,0.0353322,14.903231,2735.7654,15.158477,413.38184,14.474861,948.69635,1.1978251,0.6836157,0.9943523
664411756858287360,129.24676624647518,20.530619247507587,0.49934566746469156,0.1409683,17.718672,832.88934,18.0583,47.54403,17.21857,68.8064,1.1976113,0.8397293,1.0663381
664413371763825152,129.35971945493424,20.487211786312542,9.790310277214271,0.09906553,12.240763,142.14912,nan,nan,nan,nan,nan,nan,3.0328135
664414024601017856,129.33900053637552,20.49014586288164,0.26662667534525636,0.05301236,15.7547035,2117.4216,15.9592285,301.14127,15.403756,517.12213,1.1822579,0.5554724,0.9393793
664414024601125760,129.3516769392778,20.484482102089153,0.4704774677368007,0.16760284,17.621815,976.10986,18.21292,56.90544,16.912233,79.02273,1.2299328,1.3006859,1.0151738
664414638779558656,129.3728537632096,20.53626771412564,0.1292012028388882,0.108361915,17.225025,1110.8098,17.538673,136.59024,16.769154,118.26756,1.1838237,0.7695198,1.0289886
664414814874996480,129.35423277779023,20.538016994473224,0.7406478275355002,0.10392959,17.15419,1090.0458,17.756552,73.98883,16.401854,100.337555,1.2580932,1.3546982,0.96628386
664416292343741184,129.4157876409267,20.571886935727584,0.2776727830489364,0.11032445,17.180265,1154.3807,17.472593,134.41956,16.74531,112.37635,1.1823748,0.7272835,1.0090665
664417323135901440,129.29519662413378,20.51900026308089,0.32120888883929116,0.16134597,17.681719,894.5648,18.209896,55.67896,17.008125,107.33494,1.2286555,1.2017708,1.022812
664417872891709952,129.34135637959463,20.563595374632566,0.46228845304788446,0.15042567,17.875654,794.7268,18.395052,40.11257,17.23594,60.77475,1.2082267,1.159111,1.0537972
664418113409879680,129.30616252934004,20.577992477584168,0.5125054258680738,0.073216125,16.522152,1579.255,16.902435,135.11636,15.976697,217.48961,1.2065792,0.92573833,1.0357594
664416666004130816,129.40409129833955,20.59730470282626,0.3631999400566344,0.15272155,17.830755,838.128,18.303696,55.31326,17.202639,78.17792,1.2198167,1.101057,0.9890147
664419041122814336,129.28014961186713,20.614876039494977,0.49281439994108545,0.08513215,16.823263,1345.3617,17.207462,177.1481,16.283716,155.23682,1.2009635,0.9237461,1.0612766
664419075482551552,129.30546040750718,20.61480892924171,3.8552963596851235,0.047783945,15.498996,1831.1346,16.553843,162.77443,14.475482,361.6566,1.3549733,2.0783606,0.97326565
664419212921506560,129.27295233212774,20.613740571109915,0.233115116582355,0.09697037,17.060057,1219.7561,17.404726,91.78108,16.546003,106.82195,1.2037852,0.8587227,1.0466604
664419212921506944,129.26400099304522,20.619927542723318,0.7037471009422747,0.027354816,13.936699,2771.7964,14.161596,1164.608,13.5673275,605.7905,1.1810445,0.5942688,0.92701775
664419242984511872,129.2711629335024,20.62510850037746,0.12606167494325807,0.10539338,17.249268,1066.991,17.513819,48.059303,16.77943,73.87237,1.217247,0.73438835,0.98965955
664419797037054080,129.36036192111544,20.62802379144466,0.4347198557682798,0.07603506,16.295656,2003.262,16.58737,363.9357,15.843577,159.46161,1.1926779,0.74379253,0.96938354
664419934476005376,129.3863960304993,20.636677557429586,1.6417549414212504,0.030476961,14.476798,4472.002,14.946601,959.8574,13.855324,1247.1527,1.2165958,1.0912771,0.97510874
664420724749988352,129.3589673655464,20.65446847151539,2.6999683692647354,0.023202913,13.701099,4734.0347,14.042382,1226.6216,13.185939,1481.6184,1.2061232,0.8564434,0.9536246
664420862188944512,129.30272423441858,20.653907307049,0.5330396002736723,0.06185769,16.109842,1984.2794,16.436329,181.49918,15.608956,232.075,1.2045549,0.82737255,0.9193292
664607091971053184,129.26581559709712,20.64542668647745,0.6484736029908231,0.057431184,15.88481,2306.4202,16.2413,214.36394,15.3478565,306.74466,1.2124734,0.89344406,0.99647015
664607091971053312,129.2650992329382,20.644278042662297,0.925965011999808,0.028758215,14.204421,3450.418,14.495688,682.8483,13.749175,803.5728,1.1947694,0.74651337,0.9578578
664414844937989760,129.35939026459684,20.53964778696703,0.6061759653081292,0.06611572,16.221237,1994.0914,16.574202,180.40465,15.670453,271.17087,1.2230208,0.9037485,0.93180484
664416666004131840,129.41135990281848,20.60241775515736,1.1177561420226156,0.15313998,17.810904,827.23334,18.397926,46.737953,16.975449,178.49463,1.3309827,1.4224777,0.97526205
664417975970923904,129.3579408582369,20.572684717655182,1.370581593334588,0.044261895,15.4186945,2838.3748,15.911208,432.0476,14.765106,494.90128,1.2292544,1.146102,0.9756757
664418250848829824,129.3337332336833,20.59780211676427,1.9845637242207335,0.15432197,17.897665,728.78375,19.314802,25.726068,16.715122,98.599785,1.4475306,2.59968,0.9679724
664418560086478848,129.2811513787899,20.587448345803494,0.8483024716889748,0.061054442,16.106415,1997.5844,16.571812,237.23497,15.4682255,301.2138,1.2300851,1.1035862,0.99111086
664418590149478656,129.2542134633445,20.58769184315848,-0.030108563672019962,0.114996836,17.282824,1058.0,17.533577,119.38267,16.857304,130.00717,1.1985642,0.67627335,0.98660314
664419350360457856,129.28225712184545,20.637296166656938,1.21548955556494,0.09191188,16.89058,1445.4841,17.535427,92.24203,16.109058,157.99103,1.2650436,1.4263687,0.94810975
664419556518886912,129.36673500372842,20.59973962202407,0.9642393974873893,0.13492961,17.509783,921.92365,18.14678,44.05698,16.765532,119.0168,1.2387735,1.3812485,0.95451826
664420003195481856,129.37806646273353,20.64702992638535,2.4778726624393403,0.061190587,11.5049305,3865.747,11.9313345,1652.7754,10.912757,2125.5706,1.2159172,1.0185776,2.0277755
664576683602552576,128.80709972985207,20.45220331309849,0.4466700135778269,0.09672101,17.119097,1277.3392,17.613325,115.98448,16.457777,204.74788,1.2340181,1.1555481,1.1528816
664577538298998400,128.73350783431684,20.45695538315586,0.14734095816669757,0.1296117,15.062764,1768.7172,15.297764,600.2877,14.442964,897.8593,1.3290356,0.8548002,4.2164726
664578126711560448,128.8384744731801,20.466439520431216,0.7932630063518008,0.030416243,14.992729,3562.2056,15.295206,561.67145,14.518955,589.21906,1.2000924,0.77625084,0.92973167
664578332869986816,128.8537305605758,20.49238120235253,1.0037288461215876,0.23583807,16.461105,280.6418,16.916159,239.05417,15.651404,403.5417,1.3642664,1.2647543,4.810388
664578951345280512,128.81667786223372,20.490961792024,0.4245660997957915,0.033130225,14.889401,4608.888,15.239802,694.50214,14.365121,1354.7992,1.2074006,0.8746815,1.1995865
664579088784231296,128.83768600084878,20.504060844016127,0.3669701093084653,0.09035362,17.204567,1292.3025,17.598696,95.1039,16.64838,147.79352,1.2070159,0.9503155,1.0066763
664589018748637312,128.68419689210543,20.457704937458246,2.2251796328868547,0.08931355,17.258516,1094.4692,18.38779,105.52967,16.199055,337.0046,1.3731622,2.188736,1.0162271
664569880374377088,128.7016640246739,20.34287997116568,0.09032807064037912,0.084504426,17.03156,1465.7152,17.34262,120.58555,16.557459,205.94965,1.1959661,0.785162,1.0484797
664576030767532672,128.76149274330734,20.401726257673513,1.140757676148344,0.037230585,15.572042,3351.1956,15.986801,340.59082,14.986725,563.79614,1.216626,1.0000763,0.9898984
664576099487450240,128.75064726081018,20.39705466391325,0.8536035189512431,0.07799038,17.011665,1470.6217,17.603958,181.01363,16.285418,200.27661,1.241988,1.3185406,0.97075725
664576236925959424,128.79765011402588,20.40756243838913,1.3135938592236143,0.036506277,15.400853,3272.2656,15.910763,562.40564,14.739394,765.7999,1.2275217,1.1713686,1.0058882
664589121827853312,128.66656651936756,20.45964729797575,0.31285869173143527,0.040083215,15.751787,3325.0679,16.25788,351.1027,15.093024,692.1096,1.2271996,1.164855,1.0213035
664589637223922560,128.69419097112316,20.49474732754644,0.835864724595331,0.04356011,15.937925,2751.0173,16.38738,220.47719,15.323848,583.15845,1.2204303,1.0635328,1.0239741
664575721529890688,128.75888034986042,20.377646580111936,2.885785960938426,0.20170431,12.913317,1366.1179,13.172533,745.8028,12.122631,1572.8678,1.4431328,1.049902,9.7720375
664576271285697152,128.79579233738298,20.41573498094246,0.5946515868042622,0.07023281,16.733864,1763.8036,17.19878,134.44615,16.104681,285.63232,1.2240338,1.094099,1.0442445
664577302076489088,128.76470284702043,20.445879307673,2.3822937863520983,0.018508093,11.752247,3704.4607,12.000209,1766.8062,11.345978,3275.3013,1.1890993,0.6542311,1.0621557
664577473876536320,128.77599241057638,20.46676932397997,0.9228544219377022,0.04495859,15.975267,2548.4893,16.434404,307.40042,15.354037,568.80945,1.2210723,1.0803671,1.0186927
664577920553130624,128.8506151923135,20.453130660870933,1.256587571979348,0.03691161,15.474987,3165.2603,15.935888,445.8328,14.8511505,620.66003,1.2220939,1.0847378,0.996548
664578951345281408,128.81708610253065,20.482209838609062,0.3509144839150044,0.10839233,17.531837,1083.5704,18.061066,92.890366,16.864645,163.12727,1.2236236,1.1964207,1.0672246
664579466741349248,128.85419728974745,20.516535325490427,-0.12758315112792704,0.08496527,16.980787,1589.1696,17.427902,135.67691,16.37235,196.46597,1.2176254,1.0555515,0.986619
664583005794428160,128.65766965262068,20.43533088837817,0.846321084876278,0.018399565,13.885874,5476.5674,14.168143,1437.291,13.442201,1370.8173,1.1925977,0.7259426,0.87442124
664569777295159424,128.72950581107597,20.347423998190337,0.9323929556001452,0.12882262,17.690922,996.21857,18.575811,48.59621,16.754234,135.63152,1.3184452,1.8215771,1.0546776
664570808087310336,128.69028037867633,20.37938825999109,2.4034945988179452,0.017676389,13.742003,1971.9158,14.165334,387.03967,13.1529455,642.96246,1.2152244,1.0123882,0.9188215
664570808087310848,128.69007264541307,20.377894440500608,2.40640808776116,0.053349994,16.247555,2190.5933,17.21956,179.20193,15.269919,393.3061,1.3320309,1.9496412,1.0051923
664570911166524800,128.69093784732348,20.39093467031126,0.3813057775846792,0.09241502,17.350605,1293.8887,17.827406,113.39546,16.735847,187.37294,1.2089714,1.0915585,1.0019338
664573385067670912,128.83781990581767,20.41364702760298,0.5342021666537262,0.037658826,15.247551,3131.0117,15.548775,519.7971,14.777416,666.596,1.1985469,0.7713585,0.92902845
664575858968840576,128.77547730407372,20.392705584494255,0.6716249901450464,0.03415408,15.10656,3228.717,15.445257,453.10663,14.592308,749.1408,1.2068194,0.85294914,1.0626767
664576095193766144,128.75055409805972,20.409196829136437,0.47129850967579,0.041631866,15.773863,2694.7092,16.064243,540.81024,15.319795,466.78284,1.1945295,0.74444866,0.97500336
664576236925960448,128.79782323371134,20.399763580013182,2.3011794467951177,0.05563545,16.207232,1881.1571,17.207684,179.93993,15.205719,443.27954,1.3474028,2.0019646,1.0400401
664576305645433984,128.81513138370113,20.413719106733428,0.6875760270648511,0.048301715,15.863694,2642.7756,16.232439,256.91766,15.324478,457.41034,1.208052,0.9079609,1.0067189
664577095919424768,128.6987110178741,20.431200157544094,0.7432036818765279,0.06363328,16.594582,1949.8768,17.070625,140.648,15.954299,194.60135,1.2269359,1.1163263,0.9844711
664577302077847424,128.7661849226076,20.444989249343074,0.4335665283858575,0.04844686,16.054087,1744.7161,16.389107,116.25194,15.446224,111.94502,1.2694874,0.94288254,1.0965317
664583005794429184,128.65107974795987,20.430593517019062,2.754487554019484,0.026937343,14.884405,3533.978,15.566346,409.04022,14.086482,985.7864,1.2647547,1.4798641,0.9532015
664577645675229440,128.7415241727684,20.47901468385932,1.2176353045386505,0.0845303,17.054064,1367.7101,17.967173,79.99427,16.11461,293.91037,1.3127553,1.852562,1.0340382
664577645675230208,128.73566925590114,20.479463714565522,1.1550442087980457,0.022768656,14.277918,6399.6353,14.69396,925.4229,13.699938,962.6707,1.2111803,0.99402237,1.070452
664577778817165312,128.75929359155165,20.486687832424547,0.8893714538151867,0.024717707,14.556116,3871.964,14.856994,666.00214,14.049797,328.06256,1.2207171,0.8071966,1.0093217
664577783114180992,128.75965542038134,20.48693377193851,nan,nan,17.909826,33.439644,16.257498,5.019823,14.231023,67.23709,15.788182,2.026475,nan
664578264150510592,128.8583272217317,20.485425389404195,2.0202283082537895,0.084615044,17.068167,1431.593,18.073824,106.7034,16.084002,295.78882,1.329238,1.9898224,1.0024097
664578298510250624,128.83408269671457,20.487026018152232,3.058199928658761,0.78050673,13.992158,652.89355,14.550338,794.9374,13.224696,1696.93,1.2871941,1.3256416,24.002293
664578916985544576,128.80620684016296,20.468525797150935,0.6134135943570842,0.09205155,17.114422,1436.9224,17.598831,95.962845,16.462225,159.64133,1.2317218,1.1366062,0.9305167
664589053108372096,128.70078111721327,20.474073195363232,0.7741879798425579,0.07426385,16.919748,1747.7808,17.421207,97.54755,16.26058,252.71564,1.229433,1.1606274,1.0059426
664589465425228288,128.72002630123555,20.49546916833275,0.9135392841196829,0.08136044,17.153137,1429.6431,17.79596,126.22911,16.402817,223.4017,1.2412989,1.3931427,1.0328959
664589465425229568,128.71335666899043,20.488126451535525,4.205325305768377,0.102722704,17.502493,945.6585,19.235914,28.618212,16.267149,277.70087,1.4601812,2.9687653,1.0077436
664591007316492160,128.76363742245047,20.515089344957456,0.3914669889559996,0.08314416,17.067259,1417.2821,17.384523,128.99492,16.595709,159.70483,1.1913338,0.78881454,0.9816411
664578985705020416,128.7918070390639,20.492315105814722,1.4583395013823046,0.07905252,16.761347,1656.9257,17.556456,121.00071,15.89113,388.72586,1.2868857,1.6653252,1.025842
664579294942664320,128.79042459495037,20.51118687349939,0.569423423442058,0.088536605,17.199633,1316.7665,17.673721,156.03012,16.578709,192.53685,1.2143643,1.0950127,1.03718
664589224907066112,128.67525231087743,20.471316430151628,0.24378353658120028,0.10849104,17.648409,1094.8699,18.03448,90.14188,17.09444,117.91727,1.2093383,0.9400387,1.0209446
664589534144701824,128.75437716183478,20.498762637546434,0.052554920288051116,0.085475504,17.18317,1485.1674,17.664587,134.82324,16.557186,210.48746,1.2146956,1.1074009,1.001133
664589671583658368,128.7065531430921,20.506561618390514,1.5890306418534121,0.1137807,17.597412,1008.3034,18.632902,49.323917,16.597332,156.41068,1.3368413,2.0355701,0.9209944
661390539423043712,131.19218879168787,20.268509550853533,0.36803373575351084,0.055481695,16.496435,2212.1375,16.840506,181.8708,15.985144,275.70877,1.2023584,0.85536194,1.0216944
661390741284616960,131.1831293284594,20.277835185051526,0.6650974149698007,0.033580482,15.4103775,3682.7168,15.737956,598.62225,14.913969,813.0011,1.2012659,0.823987,0.9228317
661391260977546496,131.19185582370528,20.31213616872147,0.5809625669076196,0.051165182,16.322525,2460.177,16.725025,262.05014,15.7598715,403.2833,1.2073375,0.9651537,0.98067194
661753893655949056,131.42702208877677,20.30661048154847,0.699553774373632,0.017275188,13.578316,8177.57,14.014741,1486.9034,12.97889,2115.0535,1.2162852,1.0358505,0.9931682
661754202893594752,131.3860957167851,20.330625682865815,0.9366438815583432,0.037188068,15.415352,3969.1597,15.803567,577.95844,14.865989,698.9287,1.205369,0.9375782,1.0041387
661755405484434944,131.4478208766225,20.32525949300823,0.9717900007662134,0.06392429,16.453497,2349.7249,17.070261,272.84692,15.71267,460.31424,1.2437295,1.3575907,0.98983103
661755508563649152,131.46025249867392,20.332937415260446,1.1330289196654222,0.018417843,13.317332,8213.596,13.698211,1801.47,12.766378,2462.444,1.2098311,0.9318323,1.0057449
661765369808568576,131.31488774061026,20.29010731533558,1.410589994133115,0.043404225,14.616857,4713.8555,15.149557,815.25977,13.919736,1430.052,1.2439519,1.2298212,1.8745638
661766228802023808,131.3542994668562,20.354350792880222,3.075575652736587,0.07675124,17.005754,1273.7697,18.602325,52.174606,15.772236,353.96387,1.4777124,2.8300896,1.0399023
661766675478625664,131.26025643935046,20.340069692500755,0.8041007543672383,0.017672123,13.2095,2746.931,13.337356,1449.0889,12.956843,1830.8989,1.1758754,0.38051224,1.0340996
661766744198102656,131.23927567286898,20.353884985367944,0.32280339345781217,0.08016985,17.217873,1361.3875,17.486753,159.09995,16.808464,173.85278,1.1798594,0.6782894,0.952071
661766778557840000,131.26743868335944,20.357683208463655,5.593809539954151,0.035427213,10.246242,4129.934,10.509762,1653.789,9.823963,2172.3025,1.189979,0.68579865,1.7683729
661766915996792576,131.30353371932384,20.352832233990704,0.9495770940348631,0.05715393,16.275553,1937.2955,16.886974,266.5025,15.513207,379.7349,1.2624282,1.3737669,1.1156698
661766984716269184,131.30392982920074,20.365334443037344,0.8131098644518969,0.09562697,17.49703,1239.3483,18.16327,82.314926,16.722841,154.85457,1.2514112,1.4404297,0.9315152
661767014779453952,131.31108872266174,20.37178411102132,0.5248094098352485,0.035630632,15.528749,3540.4873,15.873616,612.0051,15.016751,682.9534,1.2024103,0.8568649,0.9431296
661767053435744512,131.32618285807712,20.37610271709673,0.3766542148650847,0.07544576,17.059381,1684.5905,17.4678,212.24193,16.488098,188.31834,1.2102574,0.979702,0.96082544
661767603191554816,131.41235329310382,20.369511062310476,1.4291069066011532,0.04549,15.826024,3154.3496,16.45746,239.14369,15.07248,559.337,1.2480255,1.3849802,0.9572663
661769664775864832,131.22204909609877,20.359608015635438,0.7462903769766995,0.112617746,17.72436,1048.7787,18.620289,41.267845,16.795738,117.28976,1.3078171,1.8245506,1.0439972
