source_id,ra,dec,parallax,parallax_error,phot_g_mean_mag,phot_g_mean_flux_over_error,phot_bp_mean_mag,phot_bp_mean_flux_over_error,phot_rp_mean_mag,phot_rp_mean_flux_over_error,phot_bp_rp_excess_factor,bp_rp,ruwe
5337711035359450880,166.94053588304504,-60.165862734396015,-0.843876821617987,0.2713047,17.68051,235.56888,18.110529,145.65031,16.828777,212.53366,1.4104146,1.2817516,3.4857442
5337711039701705344,166.95093541244168,-60.17148265556261,0.2306832866644168,0.08194601,17.78279,1125.3378,18.395254,114.713356,17.047195,177.03355,1.2413553,1.3480587,1.0069093
5337711039701705856,166.9458869297931,-60.16819971678101,1.5157790792410915,0.32968095,17.514977,265.51572,18.025587,169.30505,16.61775,222.52927,1.4149697,1.4078369,4.4917445
5337711074061427584,166.90329374808303,-60.173627835993905,0.18931453157097394,0.08506386,17.823425,1013.91046,18.460802,80.38949,17.083471,146.3112,1.2353336,1.3773308,1.0213801
5337711074061428224,166.89680971996395,-60.17052850459396,0.3543530266246352,0.041441232,16.55991,1972.9384,17.172037,308.655,15.785301,435.19882,1.2718078,1.3867359,0.965391
5337711074061429760,166.9053786649206,-60.17180040610572,0.8699726717710958,0.07221019,17.584492,1066.6365,18.420656,102.32973,16.70097,210.67044,1.2855157,1.7196865,1.0172989
5337711074061434496,166.92286879833324,-60.17336728979821,0.3972598202953793,0.06411125,17.360699,1460.5807,17.999979,178.1923,16.60134,224.35704,1.2496321,1.3986397,1.0438474
5337711104078923264,166.92145678404395,-60.17031259140986,0.3148178769790939,0.08285017,17.558043,658.54645,18.16386,102.3311,16.738354,190.53581,1.3106351,1.4255066,1.1915641
5337711104078931328,166.91769091530585,-60.16352725624093,0.299347660650992,0.036233936,16.333712,2136.7832,16.809797,284.54507,15.670394,316.61792,1.2431958,1.1394033,1.0255615
5337711108397422464,166.91130894249463,-60.159620057201735,0.22646805769104078,0.052966665,17.081642,1523.4385,17.54006,137.93585,16.418299,196.1288,1.2508882,1.1217613,0.93891567
5337711108421180160,166.91702638320476,-60.16484758536455,0.2892705397500548,0.07587301,17.723867,1091.3274,18.288248,82.52672,16.965603,122.84671,1.277525,1.3226452,0.9955566
5337711108421181056,166.9182739952783,-60.16442490065502,-0.07809953107999787,0.096256286,17.968796,230.98674,19.772408,6.4035897,16.51418,7.7503657,1.7448857,3.2582283,0.9855543
5337711108421181568,166.91038016640923,-60.160261514089264,0.584082265748006,0.033336643,16.160854,1718.378,16.603867,250.92813,15.525032,539.13806,1.2382733,1.0788345,1.0378307
5337711108421182464,166.92144540315738,-60.1602684724266,0.2935802917705607,0.08413516,17.845615,836.38635,18.398083,52.75627,16.977818,79.108284,1.3721164,1.4202652,1.0444434
5337713032543662592,166.67997448487867,-60.18623658230985,-0.10021238332444327,0.28418553,17.365608,467.32785,17.76894,142.1972,16.411734,356.41287,1.5135467,1.3572063,4.9017887
5337713032566593408,166.68261939693764,-60.18474694209089,0.6460806713449031,0.09737627,16.953062,1065.7823,17.31712,175.9283,16.071978,237.83737,1.4662626,1.245142,1.8907952
5337713032566594176,166.68584195742386,-60.188162907609836,0.5779593423390672,0.02449612,15.410266,3587.5732,15.892914,370.3863,14.748355,971.73486,1.2393738,1.1445589,0.8904048
5337713032566596736,166.69505237427606,-60.1901460977472,0.8385289305023321,0.027829293,14.588292,2197.645,14.952063,831.69006,14.011917,1041.3641,1.2345046,0.9401455,2.0499895
5337713032566598016,166.70116688899864,-60.19064812227619,0.1677412461543574,0.065253474,17.270237,1192.7628,18.435946,86.3449,16.219456,360.7959,1.3558083,2.2164898,0.9490308
5337713032566602112,166.71193392901066,-60.189720862728635,0.499601392018538,0.08788531,17.866936,640.137,18.496386,94.757935,17.119743,153.76538,1.2438537,1.3766422,1.0091715
5337713032566602752,166.71291639100184,-60.187224111620075,0.33297965326120443,0.06900037,17.27603,1347.061,18.022205,141.02744,16.453285,256.13876,1.2628208,1.5689201,1.067329
5337713101286049408,166.64161812379865,-60.19352370473009,0.44067064602397477,0.070350625,15.917847,1262.4546,16.39585,456.05444,15.214073,600.22784,1.2718097,1.181776,2.1873007
5337713101286052352,166.64565577355955,-60.19072829519308,0.567169542680047,0.04014273,16.513132,1987.653,17.04927,272.79425,15.829823,483.9974,1.2324358,1.2194481,0.96285295
5337713101286052864,166.64829501566226,-60.19221630853212,0.253750137210518,0.06825997,17.399982,1293.3123,17.966932,127.49918,16.689598,261.03412,1.2399963,1.2773342,1.0804108
5337713101286053248,166.64730062804267,-60.188230502350976,0.2656061812408166,0.061920747,17.341688,1247.2938,17.920715,160.0257,16.598604,268.43723,1.2599956,1.3221111,0.98917913
5337713101286054144,166.65138880133333,-60.189796358399335,0.44802315823249145,0.05516411,17.073156,1484.0212,17.664993,154.8315,16.350996,288.14462,1.239077,1.3139973,1.0142759
5337713101286054784,166.65379950451933,-60.19022418488634,0.26772186257451286,0.08074052,17.806702,1075.6975,18.331831,77.4212,17.097506,185.74098,1.2560054,1.2343254,0.98831767
5337713131303785472,166.6190893716792,-60.190249941213374,0.33609177550764535,0.07926572,17.700253,1004.8027,18.286713,116.923584,17.002338,149.79837,1.223087,1.2843742,0.9682785
5337713135645772288,166.6082559035287,-60.1941239301315,0.2663841062064641,0.044840023,16.648886,1756.652,17.107052,219.94072,15.999026,313.2273,1.2414298,1.1080256,1.0796064
5337713135645773568,166.6119119320364,-60.192933834067034,0.2559083260842796,0.043951303,16.664495,1764.7284,17.023611,240.92226,16.114744,375.88602,1.2193954,0.9088669,0.96107805
5337713135645776384,166.61883034235512,-60.191916510683555,0.43821646181390655,0.07021165,17.360582,1182.7532,17.910686,148.01634,16.662146,254.27556,1.2378603,1.2485409,1.1151676
5337713165663224448,166.61171522149368,-60.1835248667246,0.20110798905169033,0.07633313,17.663006,1167.1533,18.310013,96.266785,16.917051,196.22917,1.2363842,1.3929615,1.0574452
5337713165663229440,166.6176944238018,-60.177645491374314,0.34586401558504126,0.07299396,17.502625,1253.1332,18.195908,106.829575,16.728172,195.52083,1.2419612,1.4677353,1.1047573
5337713165663366272,166.61549799865773,-60.1750790552664,0.34517656691652576,0.08429509,17.85727,1003.2105,18.455278,100.20063,17.113766,129.43704,1.2529455,1.3415127,1.0205884
5337713165663524864,166.6236402594538,-60.18288185524386,0.221601262547278,0.09316766,17.969822,926.67053,18.618723,81.286514,17.240555,195.29674,1.2229245,1.3781681,1.0424402
5337713165667865856,166.6120997256908,-60.18140111629194,0.6145766431409102,0.05773021,17.161604,1377.3999,17.768995,116.38836,16.32544,156.56622,1.3237262,1.4435558,1.0531942
5337713170005516928,166.62165301201114,-60.18600128908217,0.2352199009944638,0.07284254,17.602682,1118.5013,18.124638,98.68126,16.936243,208.85495,1.2260795,1.1883945,1.0510938
5337713170005518848,166.62825774642425,-60.19242856878089,0.22788516683457335,0.020005511,14.919399,4145.981,15.203435,798.54645,14.461903,1097.5258,1.1998051,0.7415323,1.001173
5337713170005519360,166.6264003700938,-60.18391997078251,0.408781151415997,0.069141425,17.515738,1165.1725,18.0835,128.20058,16.81752,169.5732,1.2306507,1.2659798,0.9639639
5337713170005520768,166.62984741406999,-60.18800966480034,0.27271146406098573,0.046513237,16.826813,1751.6097,17.403625,169.75438,16.10963,409.2027,1.241191,1.2939949,0.99606645
5337713170005521792,166.62953192916302,-60.183560452332294,0.2594870207848953,0.093389794,17.959146,871.0302,18.55832,76.68301,17.22606,121.72879,1.2445251,1.3322582,1.026018
5337713170005522304,166.6318175195052,-60.184859168519274,0.17257899125388196,0.06628166,17.022675,559.80927,19.588282,29.889988,15.5524845,348.6136,1.6986434,4.035797,0.9699338
5337713170005522688,166.63077377435337,-60.184195203019534,0.5847541669026967,0.05522589,17.081684,1571.1481,17.68074,145.84406,16.32263,263.89304,1.2645847,1.3581104,0.9878224
5337713170005524096,166.6367302568903,-60.192504593532085,0.31553106129900016,0.043162614,16.566404,1707.591,17.087358,254.5534,15.878328,523.0265,1.2421438,1.2090302,1.0364493
5337713170005526272,166.63837728356785,-60.18573978757053,0.3989845170144349,0.10299808,17.922207,792.5725,18.539385,95.14623,17.090912,163.36618,1.3159384,1.448473,1.1613282
5337713200022954368,166.6667068639148,-60.1884777703338,0.8483380747650082,0.056606475,17.077427,1133.8224,17.749651,116.312454,16.294683,207.0216,1.2560482,1.4549675,0.979465
5337713200022967424,166.65252661729912,-60.17721806616515,0.38407623757512116,0.06415138,17.388561,1299.0847,17.94645,111.55547,16.690672,291.65164,1.2343351,1.2557774,0.9660186
5337713200027610112,166.66495155688617,-60.181582652520376,0.40236008580000054,0.2472531,16.376492,332.99127,16.69558,258.11197,15.675591,399.35043,1.3432819,1.0199881,6.264385
5337713204342283264,166.65966293853214,-60.19056716843765,0.12546756103103957,0.070935465,17.558077,1128.3257,18.037716,96.84058,16.81074,101.52528,1.304059,1.2269764,1.0395311
5337713204342285056,166.6523958859781,-60.17560509844227,0.29765819506839686,0.08752221,17.843401,887.2263,18.223034,19.747578,17.028753,79.69653,1.4026275,1.1942806,1.060218
5337713204342286464,166.65579262870472,-60.18246901259029,0.20752657037154873,0.080555946,17.788631,1002.3218,18.448578,82.74793,17.041954,155.4105,1.2322061,1.4066238,1.0063454
5337713204365271808,166.65371794840974,-60.18107075878279,0.5241601386701515,0.1602135,17.03012,435.96344,17.534502,131.76273,16.207708,319.70477,1.3535324,1.3267937,3.2388618
5337713204365273856,166.66310800469233,-60.19269645376377,0.498965173880123,0.035293836,16.074417,2187.213,16.524769,168.72736,15.390652,155.74892,1.2691575,1.1341171,1.0112097
5337713204365274624,166.658406991516,-60.1795542716873,0.2764497403178032,0.03326465,15.989561,2313.5657,16.483143,224.13548,15.287194,418.29697,1.264115,1.1959486,1.0445955
5337713204365275136,166.66156890399543,-60.184489635928095,0.30145558259055444,0.05408963,17.087692,1502.0306,17.609386,126.83414,16.398872,326.87802,1.242382,1.2105141,1.0048462
5337713204365275776,166.66012140078973,-60.17973546853563,0.5128069750385188,0.063427545,15.242465,1256.9613,15.952774,456.48486,14.373386,1114.74,1.3142273,1.5793877,2.8244004
5337713204365276544,166.66293943332448,-60.18354513076216,0.5017984583098934,0.032848347,16.057743,2377.9927,16.523619,335.8748,15.415439,695.7103,1.2327522,1.10818,1.043024
5337713204365278336,166.66990582360052,-60.19161465486681,0.3083679701975145,0.0128273405,13.635228,5294.975,14.327461,1051.7339,12.825577,1534.1897,1.2706372,1.5018845,0.8849024
5337713204365279104,166.6673053666984,-60.182332851399075,0.8935572746088333,0.014784942,14.171745,5176.87,14.546551,1164.4696,13.629804,1802.4135,1.2069159,0.9167471,0.9426954
5337713204365279616,166.6705570380638,-60.18667457878506,0.4077781797396859,0.013950926,12.594939,2966.8948,12.725501,878.4544,12.346776,1189.5267,1.1720762,0.37872505,1.0001777
5337713204365281152,166.67437148545352,-60.1854560414042,0.19840972346439534,0.019079356,14.832913,4293.568,15.660865,537.2767,13.939805,1317.701,1.2964873,1.7210598,1.0287827
5337713204365282560,166.6770790482003,-60.18712213796337,0.13582385784415396,0.06788437,17.424501,1235.4138,17.922028,118.327,16.75878,206.87022,1.235768,1.1632481,0.9832686
5337713234382710272,166.65117595096194,-60.173121507187716,0.2331492192589165,0.072354145,17.57605,1102.0228,18.131653,78.02289,16.898726,182.593,1.2202318,1.2329273,1.0285066
5337713234382910336,166.68032181869654,-60.18130076389986,0.1605178820898914,0.06869386,17.344952,1081.539,19.01103,56.358112,16.13136,278.29214,1.4435368,2.879671,0.96000904
5337713234383001088,166.6726874192256,-60.18255436937937,0.20469058257276762,0.096124366,17.929134,888.05457,18.640675,69.5912,17.133055,152.91222,1.2528583,1.5076199,1.0388678
5337713238702050560,166.66215948573102,-60.17877080711377,0.19495884371715952,0.09317416,17.789515,901.98096,18.303637,67.82552,16.613913,2.0648468,1.6946166,1.689724,1.0646502
5337713238702058880,166.66440981457671,-60.179435885006455,0.16551057525322477,0.08682527,17.893661,934.46783,18.438662,53.23484,17.201155,115.343155,1.2355578,1.2375069,0.99063313
5337713238702075520,166.67004547667753,-60.177927437607714,0.15140296421875096,0.078540586,17.512833,969.9282,19.158274,41.983326,16.302507,382.6498,1.44267,2.8557663,1.0367676
5337713238702100096,166.67951682132386,-60.17869878301654,0.20810768264790047,0.08914475,17.809067,969.1645,18.372307,71.06696,17.093367,121.83258,1.245444,1.2789402,1.0057099
5337713238702113280,166.68187669314207,-60.175425808915364,0.22170302256625765,0.08852966,17.860556,719.1101,18.170658,42.65372,16.971073,40.56365,1.5000434,1.199585,1.011181
5337713238725011328,166.65347940248128,-60.175278977482215,0.40651905595201804,0.03471223,16.22995,2279.666,16.850441,132.20442,15.434917,275.02856,1.284955,1.4155235,0.9442459
5337713238725011968,166.65196112419972,-60.16977095294497,0.41544809931702303,0.05532978,16.980013,1392.2052,17.564947,139.97568,16.237665,222.74294,1.2571219,1.327282,0.94630206
5337713238725014400,166.65963296493555,-60.177568383873144,0.16261972917613163,0.034338,16.214552,2359.0173,16.731321,260.16516,15.531671,774.8337,1.2400908,1.1996508,1.0251479
5337713238725015040,166.65467950506974,-60.165191309831805,0.2860378223813444,0.03695267,16.323776,2396.344,16.781809,340.82162,15.697648,556.7282,1.2249283,1.0841608,0.97518086
5337713238725015296,166.65461454659945,-60.163975513252765,0.21210484804214386,0.037080716,16.109127,2081.5928,16.608046,246.08354,15.39523,490.45676,1.2704402,1.2128153,1.1164377
5337713238725015424,166.66061825958002,-60.17634921533491,0.21959242845814073,0.06500085,17.347414,1141.0283,17.88597,98.372375,16.565325,230.69655,1.3066821,1.3206444,1.0245311
5337713238725016192,166.661119855428,-60.17477744832509,0.36681428201713373,0.03761161,16.259947,2043.0524,17.004574,361.97195,15.416924,477.72348,1.2802731,1.5876493,1.0216582
5337713238725016448,166.65695131899247,-60.16438589584048,0.5331926262914769,0.065226555,17.372017,1301.5947,17.921928,144.10106,16.638971,256.08777,1.2638813,1.2829571,1.0581326
5337713238725017088,166.6631032221825,-60.175704419066086,0.16534638230042273,0.035393603,16.198158,2124.733,16.528328,467.70383,15.703106,453.25418,1.1991581,0.825222,1.0277357
5337713238725017600,166.6595042177916,-60.16458628695296,0.2104115751077206,0.031729423,15.984272,2624.6863,16.374924,370.08157,15.424209,610.3564,1.211146,0.95071507,1.0157645
5337713238725017856,166.66102183063003,-60.16669870997737,0.38383356891094833,0.07124068,17.558254,1172.0413,18.125257,147.7278,16.861265,216.6881,1.2300451,1.2639923,1.0219463
5337713238725018496,166.66956648290534,-60.17936546954293,0.3691749452594596,0.057966024,17.09104,1383.7145,17.588314,165.10048,16.442497,235.07385,1.2236739,1.1458168,0.9575601
5337713238725019008,166.67071834787467,-60.18020052919178,0.3447919573646018,0.09258456,17.74066,611.14545,18.350418,35.080563,16.656849,51.291664,1.5557711,1.6935692,1.0869687
5337713238725020160,166.67204210561056,-60.17836543486843,0.4118357572924077,0.040033206,16.28439,2080.3882,16.731192,289.64734,15.649084,274.8685,1.2362347,1.0821075,0.9882574
5337713238725021312,166.67110363159085,-60.17203738277327,0.4347110917307275,0.041643657,16.528801,1876.7833,17.142614,270.43478,15.787166,618.6089,1.2454687,1.3554487,1.0271769
5337713238725022208,166.67463117116776,-60.1747815903497,0.32057593526606115,0.04608765,16.632507,1848.3723,17.139591,234.11632,15.96327,403.7348,1.2342688,1.176321,0.99784374
5337713238725022464,166.67717035893094,-60.17924774011984,0.49688847981426265,0.027160335,15.635385,3324.188,16.151875,395.97757,14.951199,791.8422,1.2411574,1.200676,0.93357104
5337713238725022976,166.67528194193645,-60.17277158714106,0.4806694571201222,0.086351484,17.75042,992.9103,18.361097,92.597824,16.992777,125.47603,1.2590377,1.3683205,1.0656027
5337713238725129600,166.66283557687035,-60.17921141966122,0.2943847139493745,0.059190057,17.146906,901.81616,18.588663,17.940044,15.815871,81.43686,1.6264579,2.7727919,0.9498658
5337713268742447232,166.62905141674722,-60.175667382704006,0.2781760083610149,0.050973963,16.880638,1554.8076,17.375786,161.31332,16.228958,244.755,1.2267897,1.1468277,1.0133297
5337713268742450432,166.6271676356117,-60.17230849268257,0.26160158636553354,0.046232447,16.735798,1815.1147,17.23425,203.49832,16.082859,230.52472,1.2262824,1.1513901,1.023872
5337713268742451456,166.620148919812,-60.17068985244005,0.27098739794914767,0.060056623,17.223696,1405.6583,17.748613,142.35297,16.56529,241.15866,1.2191224,1.1833229,1.0127046
5337713268742740224,166.63879958423374,-60.18106004558589,0.021219514163561937,0.0755277,17.532934,1058.4255,19.22886,33.869297,16.256788,265.08505,1.5156356,2.9720726,1.0403478
5337713273084734848,166.61881907569173,-60.16692497912692,0.45810162468208016,0.04489283,16.57644,1761.8193,17.10554,259.9797,15.89294,377.4266,1.2354558,1.2125998,0.97106916
5337713273084735744,166.61951210051947,-60.165928664590716,0.349584687136137,0.057580948,17.015581,1484.2407,17.54265,195.9177,16.327976,282.32037,1.2392794,1.214674,1.0660206
5337713273084739712,166.6254834543763,-60.16555940572101,0.7243923703222175,0.06533086,17.30744,1151.2104,17.89453,155.00995,16.586756,169.05193,1.2398076,1.3077736,0.9889581
5337713273084741504,166.6331064504011,-60.173866221449444,0.4115050894326317,0.046651095,16.779139,1699.5608,17.381384,143.90944,16.044386,389.85297,1.2446163,1.336998,0.93567544
5337713273084744320,166.6443851603694,-60.184604701119426,0.3102568732805286,0.084682204,17.853054,930.3535,18.481228,80.17643,17.085686,190.04886,1.260044,1.3955421,1.0138197
5337713273084744576,166.63892168196406,-60.17168244523803,0.5276992168681056,0.036690384,15.810493,2546.0088,16.329588,317.2053,15.114923,580.2029,1.2484099,1.2146654,1.2762278
5337713303102202112,166.63442268415756,-60.15839341540378,0.15891637666241368,0.060742613,17.179909,1409.3639,17.69241,147.41653,16.538628,259.26416,1.2121893,1.1537819,1.032466
5337713307421458688,166.63066005530328,-60.15986419989645,0.13805130650343791,0.09621723,17.418,437.27704,17.571209,24.66423,15.591577,97.6049,2.893275,1.9796324,1.0892744
5337713307421461632,166.63334216988747,-60.163613139305134,0.4773808228964057,0.0755404,17.475119,1058.5361,nan,nan,nan,nan,nan,nan,1.0085891
5337713307421484160,166.641561217246,-60.162251658990364,0.27942467757365325,0.07128342,17.566853,1154.5135,18.065226,97.41537,16.934874,185.674,1.2116301,1.130352,1.0057242
5337713307444475520,166.62039762524222,-60.162593745844845,0.5414242309331343,0.014297214,14.002523,4767.0405,14.282375,1384.9312,13.559265,1596.1678,1.1936022,0.7231102,0.89131844
5337713307444477184,166.622790133171,-60.16247659224578,0.3256702349691178,0.07155743,17.387226,1270.8584,17.900177,77.70638,16.638964,169.74866,1.2906822,1.2612133,1.0661876
5337713307444480000,166.62942437340698,-60.16477596500617,0.2580369658870846,0.06377328,16.941536,877.59796,17.326454,120.7987,16.152815,115.12197,1.37911,1.1736393,1.2624216
5337713307444481024,166.62554555061715,-60.1544127573077,0.334243383468524,0.01599696,11.707023,4219.4253,11.791936,1664.0626,11.522768,2823.6436,1.1694491,0.2691679,0.9194144
5337713307444481920,166.6325528384851,-60.164453365647496,0.3979499650418626,0.07121681,17.52636,1032.8057,17.976885,48.036495,16.7555,67.105965,1.3350788,1.221384,1.0405314
5337713307444482048,166.6323088022073,-60.16382492813608,0.32772855784673016,0.0675102,17.317247,727.9433,17.602163,29.124403,16.299982,62.37328,1.6321143,1.3021812,1.0426674
5337713307444482176,166.63110190764712,-60.159784076284204,0.3835844355644568,0.09623138,17.236807,769.9833,17.566326,122.82614,15.660497,69.645706,2.3331537,1.9058294,1.404921
5337713307444482304,166.63213981268441,-60.162774957456016,0.43156818137922587,0.058317304,14.415311,2393.3093,15.182141,785.088,13.543643,1955.8666,1.2973408,1.6384983,3.5902412
5337713307444483584,166.63891753075367,-60.16763037591084,0.3103180445295884,0.03355547,16.033192,2240.0151,16.43224,148.16664,15.392602,307.88428,1.2615284,1.0396376,1.0360901
5337713307444483968,166.64025993848367,-60.1683180773218,0.39665587551686565,0.013810315,13.852397,3879.2097,14.060672,1613.1228,13.502402,1933.2283,1.1796775,0.5582695,0.8938056
5337713307444484096,166.6385207339988,-60.16175243062783,0.1970380898393158,0.02475992,15.435651,3065.3032,15.70087,620.6376,15.011443,700.1136,1.1901946,0.6894264,0.9705814
5337713307444488192,166.64814697790706,-60.16274300143398,0.4349966492206118,0.033421867,16.105354,2467.9436,16.799963,306.5994,15.29299,666.31683,1.2720194,1.5069733,0.99208426
5337713307444491904,166.65406788969335,-60.16322529041959,0.35248237868563437,0.042531293,16.53194,1662.905,17.022598,180.24678,15.850745,224.96043,1.2498351,1.1718531,1.0177646
5337713307449492224,166.6402526906961,-60.16093153768208,0.3545255930569168,0.05125074,16.883024,1546.0765,17.497725,165.6801,16.126465,304.92877,1.2566668,1.3712597,0.97430736
5337713577980078848,166.82615553708683,-60.1802152541601,0.21638653870312413,0.0678378,17.552345,1223.8633,18.240051,113.86142,16.800705,200.49406,1.2260742,1.4393463,0.9998766
5337713577984763392,166.82899017011547,-60.17831435084228,0.16887582075457352,0.074501485,17.341118,1081.6226,17.860502,113.10296,16.61658,248.49844,1.2698876,1.2439232,1.2277851
5337713582322293632,166.83590199992213,-60.179237891203655,0.4331169128426994,0.041495472,16.622269,1956.9817,17.157354,209.59846,15.894115,377.55136,1.2661716,1.2632389,0.99289703
5337713582322294272,166.82947622401304,-60.176813984910666,0.2395459314123195,0.01720343,14.691622,3683.492,14.954383,795.39874,14.249697,1002.46606,1.2017168,0.70468616,1.072268
5337713582322294400,166.82417811338343,-60.1749246154209,0.14551743324972977,0.053915605,17.054455,1482.465,18.768953,66.746864,15.802263,442.60352,1.4833006,2.96669,0.9942057
5337713715419029248,166.77035549364922,-60.184979483454036,0.538542723300174,0.04687027,16.670795,1640.9493,17.20753,320.0996,15.981732,335.7696,1.2363898,1.2257967,0.9389471
5337713715419565824,166.75406869977186,-60.18015674496407,0.2700270259483876,0.08932031,17.69075,1042.764,19.255487,55.36597,16.49554,244.79442,1.4372191,2.7599468,1.1070547
5337713719738596352,166.75281097606182,-60.18685711742422,0.519553241872538,0.26913166,14.680265,523.3832,15.086157,844.6922,13.973108,1444.575,1.3063884,1.1130486,14.485135
5337713719738606592,166.7522110562112,-60.181677327749355,0.21967829069752373,0.03720675,16.169823,1578.6855,nan,nan,nan,nan,nan,nan,0.9057105
5337713719738628608,166.76240077748452,-60.18292048918727,0.7581656323658438,0.1439707,17.19356,483.22034,17.896658,27.261696,16.010344,153.4761,1.6312103,1.8863144,2.2982128
5337713719761380992,166.7518927363331,-60.181203711659855,0.6309904516994103,0.028580092,15.747576,2164.6396,16.045334,43.5832,14.982238,49.9382,1.4030906,1.063096,1.0478274
5337713719761383424,166.75959151654138,-60.18350057850027,0.35939786215199226,0.0409992,16.457428,2015.2373,17.05328,210.17896,15.707845,423.16943,1.2584647,1.3454351,1.0666575
5337713719761383680,166.75900637283945,-60.180518941353824,nan,nan,16.50005,101.701775,16.749882,206.24907,15.562842,368.8504,1.5740688,1.1870394,nan
5337713719761385216,166.76229580176678,-60.18205231954037,1.182954367013648,0.014047983,14.0258665,5843.9243,14.409815,1411.9667,13.475197,1759.2953,1.2082065,0.934618,0.9368098
5337713719761387264,166.77330436803658,-60.18254962746719,0.3243381609467598,0.07926943,17.706367,1080.2588,18.302156,88.05134,16.947437,146.12114,1.2657466,1.3547192,1.007994
5337713754120960384,166.79130462855647,-60.182160807149096,0.4656298534152518,0.038583662,16.454275,1773.3064,16.940672,163.2772,15.735804,167.14145,1.279182,1.2048683,1.0132269
5337713754120963968,166.80367934993282,-60.18382083253057,0.2857190469726305,0.08520291,17.895441,1031.8297,18.550257,87.4601,17.18348,143.87488,1.2077283,1.3667774,1.0221359
5337713754120967296,166.79661942615155,-60.17918047093638,0.20809102209268976,0.05039218,17.004738,1633.2201,17.604204,230.40298,16.27878,235.76361,1.2390026,1.3254242,1.0082533
5337713784138513152,166.80956413453188,-60.17736791751278,0.15785549164757756,0.066769585,17.48556,1248.5155,17.996992,119.943886,16.83288,227.25179,1.2206523,1.1641121,1.0540006
5337713784138725888,166.79444306240612,-60.1718738875278,0.23600561496745992,0.08838265,17.875637,883.2925,18.376505,69.53416,17.127201,80.31635,1.295878,1.2493038,1.021474
5337713784143187712,166.79975362855114,-60.17662496175575,0.24225762827086988,0.03223812,16.116331,2532.666,16.956871,275.2064,15.219266,694.8735,1.2960857,1.7376051,0.9281497
5337713788456626688,166.81430080463576,-60.17896955962192,0.3555452625759217,0.07955835,17.808365,976.08514,18.325611,16.224693,16.926958,43.429836,1.3982978,1.398653,0.9517965
5337713788480707072,166.8084760058874,-60.18120433771538,0.4318149373162042,0.020920852,15.176349,4125.932,15.581896,747.9587,14.589726,712.57605,1.2217109,0.9921694,1.0111356
5337713788480707712,166.79986050182163,-60.178303914759155,0.24904240378546955,0.047174957,16.790194,1761.2919,17.333519,199.98068,16.08737,327.61362,1.2438406,1.2461491,0.9886896
5337713788480710272,166.802447350427,-60.17704690673367,0.1377962434721802,0.039657824,16.51109,1566.7341,17.938679,116.60533,15.29199,415.0692,1.4884844,2.6466885,0.94622105
5337713788480711296,166.7981918433561,-60.17523629464603,1.8932694800179877,0.07483659,17.649996,1016.58826,18.883745,54.303635,16.574396,231.72531,1.3663704,2.309349,0.98613596
5337713788480711808,166.81793695191277,-60.18143573766118,0.21525393883846516,0.03311206,16.17119,2516.364,16.605793,378.48868,15.559823,559.85974,1.2251859,1.04597,1.0044272
5337713788480712064,166.80187978532138,-60.17604190350885,0.33793212155687313,0.025982758,15.676557,3289.0103,16.22185,478.3379,14.964858,623.07623,1.2496454,1.2569914,1.0455899
5337713788480714368,166.79778030512105,-60.173839949726144,0.17356609949835744,0.074487895,17.538218,1135.6082,18.17659,98.69999,16.8123,292.84335,1.2242748,1.3642902,1.0385622
5337713788480715008,166.81355586329715,-60.17852778851942,0.3771918777626895,0.035108335,16.315502,2201.5427,16.861895,155.9713,15.556057,162.93163,1.2856493,1.3058376,1.0027224
5337713788480722432,166.8145585225114,-60.173124535135145,0.2590723126338624,0.061504506,17.347544,1358.5933,17.846186,142.18213,16.696884,189.12923,1.2245911,1.1493015,1.0522782
5337713788480722688,166.823437888392,-60.17605400857454,0.2519012109465697,0.07202931,17.650948,1166.1326,18.312616,77.598595,16.84686,190.12117,1.2770454,1.4657555,0.931133
5337713788480874240,166.7994696249181,-60.16592876402723,0.5013802721709824,0.092891455,17.956106,928.4282,18.696236,70.725586,17.136518,137.13187,1.2622521,1.5597172,0.95259583
5337713818497635328,166.7572358313875,-60.17201987170952,0.44039741034316954,0.010395111,12.232041,5889.3516,13.085385,1643.3683,11.322959,2880.3364,1.3028698,1.7624264,0.97498906
5337713818498251136,166.78137686412427,-60.17896298595183,0.5453650316486697,0.045841295,16.446106,1655.1091,17.002981,176.92307,15.66999,397.18295,1.2945461,1.3329916,1.1150084
5337713818498256512,166.7829541194686,-60.17591034637164,0.8693639252625944,0.15413737,14.556648,804.1029,15.35055,610.0754,13.624998,1085.388,1.34189,1.7255516,10.220389
5337713818502922752,166.77866718502278,-60.17933134086563,0.25669080057241656,0.08604562,17.846989,1094.7311,18.45686,78.028015,17.08827,225.56125,1.2601836,1.3685894,1.0346014
5337713818502922880,166.77929091718,-60.17400115847353,0.5306137678720111,0.0764994,17.632956,1132.7017,18.24025,140.60684,16.885992,173.00868,1.2520496,1.3542576,0.9567035
5337713822817841664,166.75709188724284,-60.174248045745536,1.2643836640807975,0.16470967,17.207699,605.32794,17.669872,102.83152,16.282352,114.04635,1.4608809,1.3875198,3.572665
5337713822817847808,166.7579946609244,-60.17132308745624,0.28508007565569254,0.03225185,15.123463,1600.6854,15.896208,55.98927,14.0363,113.0859,1.5016512,1.8599081,1.2642771
5337713822840602240,166.77161149722312,-60.17959986314719,0.03719045516821022,0.061451606,17.198742,847.3283,17.785685,171.19081,16.449087,256.71866,1.2619721,1.3365974,1.1248047
5337713822840603008,166.77377077216198,-60.177664312436924,0.12152282839576657,0.033881463,16.123577,1996.7106,16.983267,258.12228,15.197975,742.7361,1.3158506,1.7852917,0.94118524
5337713822840603136,166.77102214656347,-60.170653787588215,0.6485286590031764,0.020083964,14.959752,3626.4988,15.314857,979.7195,14.433972,1011.31006,1.2060728,0.8808842,0.94424045
5337713822840603776,166.7741233840626,-60.172770371576135,0.2820777805370657,0.08721919,17.906574,935.41003,18.512884,78.904274,17.214434,164.20389,1.2111845,1.2984505,0.99297196
5337713822840604928,166.77971425124085,-60.17727396040972,0.15971563339904127,0.06725495,17.444553,1176.2844,18.01117,154.9187,16.69053,210.9059,1.2733372,1.3206387,0.97751766
5337713822840606592,166.78321462333003,-60.17458667920482,0.354243839124649,0.01813818,14.643018,4713.9727,15.431498,607.5617,13.767173,1509.7716,1.2938976,1.6643248,0.9919038
5337713852858007424,166.777037229887,-60.16256696887456,0.40098674006611085,0.035921194,16.249308,2221.7944,16.799555,338.0518,15.528622,561.7391,1.2543852,1.2709332,1.0213541
5337713852858139008,166.77564900582894,-60.15659176545036,0.17686102962497685,0.0673508,17.407877,1129.7335,17.952997,76.59017,16.69048,242.21078,1.2539811,1.2625179,1.0335696
5337713852858491904,166.7636832084227,-60.158703355779984,0.22421779776671422,0.09232957,17.84115,387.2503,19.392452,44.538174,16.639269,100.02885,1.4471586,2.7531834,1.0413765
5337713852862661632,166.78027330826575,-60.16732061672082,0.23346311562798955,0.07791801,17.601103,1091.1921,18.131605,104.14882,16.876316,143.15877,1.265497,1.2552891,1.0170184
5337713857177618048,166.76666123644765,-60.16139024475607,0.0815198247024762,0.0988574,17.904625,703.7072,18.292084,49.439804,17.07833,111.14533,1.4085692,1.2137547,1.1143754
5337713857200341248,166.76573342894827,-60.16097893592076,0.2919489346120283,0.03320605,16.04184,2184.245,16.59008,222.47395,15.293188,253.91983,1.2765249,1.2968922,0.9649211
5337713857200341632,166.7666984462196,-60.15794699249759,0.3218126917179829,0.06895227,17.020012,1183.8246,17.462486,137.7793,16.28211,226.47339,1.3130429,1.180376,1.2924204
5337713857200342912,166.77336752161403,-60.1649885018015,0.5987025397784477,0.02107558,15.0676985,3887.7437,15.504864,668.449,14.449516,1199.8687,1.2286946,1.0553474,0.9432533
5337713857200343424,166.7701004456874,-60.15604941059532,0.28608301164226557,0.048843358,16.779167,1275.0297,17.499191,146.28973,15.919832,427.46988,1.3024958,1.579359,1.0206441
5337713857200343680,166.7733694708784,-60.16106214444583,0.19324505222971627,0.07019942,17.448061,1034.8036,19.04635,58.425766,16.235521,363.4738,1.4523594,2.8108292,0.97176677
5337713857200344320,166.7775902170823,-60.164990738837545,0.16281487927723745,0.0646575,17.332956,1391.4528,17.858788,206.72026,16.662777,331.34744,1.2271634,1.1960106,1.0475438
5337713857200344704,166.77410235125942,-60.15615016056006,0.577684270390984,0.0675288,17.225828,1154.1244,17.786264,130.12848,16.431644,212.95589,1.3075601,1.35462,1.108545
5337713857200345216,166.77966131784484,-60.16459986989558,0.1631357388144583,0.049845785,16.8037,1290.9033,18.44975,100.570656,15.581925,494.94934,1.4561821,2.8678255,0.9578957
5337713857200345600,166.77809295725515,-60.1580175461865,0.07844316648219148,0.2939077,17.928434,166.29433,18.412374,105.69656,17.012806,214.02594,1.442683,1.3995686,3.0995803
5337713857200345984,166.78342430082722,-60.1677929701396,0.4367983839913318,0.014477414,14.0062475,4131.737,14.317306,1398.1091,13.527043,1377.9991,1.1990372,0.7902622,0.98446286
5337713857200347520,166.78999261910528,-60.169932603101216,0.20462428714088296,0.016588517,14.444393,4188.3716,14.693511,1162.7767,14.031844,1238.7086,1.192035,0.66166687,1.0211908
5337713857200348288,166.7914012548058,-60.16259090266816,0.1691211706491915,0.057596665,17.111042,1356.2441,18.03762,107.06303,16.150576,304.30734,1.3284409,1.8870449,1.0327581
5337713857205326848,166.77478183818712,-60.16331820569669,0.1509256359641243,0.13166782,17.75446,454.84396,17.989683,37.054104,16.561226,50.178253,1.8472522,1.4284573,1.8200184
5337713891559951872,166.8601890819491,-60.175854437694525,0.51529657615545,0.022326833,15.3886595,3996.2407,15.891662,554.07135,14.708017,903.0524,1.2442144,1.1836443,0.88609403
5337713925895805952,166.87396306043752,-60.17741083902577,0.5549690179328909,0.06551209,17.075426,1199.6,nan,nan,nan,nan,nan,nan,1.0662014
5337713925919691264,166.8632528601616,-60.175788077302606,0.20651818939033323,0.013548511,14.0156765,5038.996,15.032248,884.5475,13.024293,2774.5596,1.3333169,2.0079546,0.9608768
5337713925919693824,166.87406547018563,-60.17780780369618,0.6538712802759342,0.04743013,16.49223,752.467,16.792995,51.649406,15.480445,59.43323,1.6186193,1.3125505,1.2513411
5337713925919699200,166.88248571984596,-60.17648905805665,0.3006525767563614,0.06555127,17.491293,1337.9331,18.07385,126.603134,16.765604,197.054,1.245352,1.3082466,1.0177102
5337713925919701120,166.87107278008045,-60.17120863686902,0.36677822956130324,0.03590522,16.046787,906.0934,16.712496,261.1576,15.2110815,350.46567,1.3016664,1.5014143,1.1903101
5337713925919701760,166.87981836055508,-60.17388092499796,0.30543743000677487,0.03382667,16.14082,2533.0884,16.746431,328.89197,15.39563,627.6286,1.2513254,1.3508015,1.0104637
5337713925919704064,166.86468278772776,-60.167415677258504,0.2820087761784864,0.050269354,16.968752,1529.6897,17.876993,182.34486,16.042057,303.49658,1.3024787,1.8349361,0.9410216
5337713925919704448,166.88336205941852,-60.17305252034412,0.2755669363736405,0.02269216,15.280318,3439.2751,16.106586,441.64914,14.388047,1284.2025,1.2962734,1.7185392,0.90875226
5337713925919708416,166.88617018295145,-60.17174115152179,0.4965545499703016,0.03329791,16.160692,2694.6926,16.64457,423.10608,15.504474,542.12616,1.234798,1.1400957,0.96571577
5337713925919709184,166.87840498544796,-60.168366350773994,0.29237613228654913,0.07852132,17.667244,1054.331,18.26412,116.03031,16.935486,169.96631,1.2444004,1.3286343,1.0481732
5337713925919709312,166.8650449464234,-60.163810360186694,1.03046176625478,0.04249817,16.64396,1788.8584,17.279715,215.95467,15.8797865,255.00945,1.2547079,1.3999281,1.02487
5337713925924766336,166.8685720170565,-60.16603912385493,0.24568115442004806,0.030086286,15.884086,2397.7866,16.220034,472.2445,15.374407,505.8834,1.2053248,0.84562683,1.0521225
5337713955937734272,166.85333716379867,-60.17698262747884,0.3571041885258281,0.09901118,17.912643,649.93164,18.425817,42.93726,16.823906,59.73901,1.599443,1.6019115,1.291099
5337713960279416960,166.83692904360382,-60.17871479110212,0.3121748952424921,0.07980925,17.792923,984.3963,18.415035,84.66056,16.949629,149.13191,1.3241348,1.4654064,1.0427331
5337713960279419264,166.82635164389063,-60.17355109367924,0.22299396406332717,0.046945184,16.896698,1675.7611,17.403528,180.53555,16.231209,291.03635,1.23169,1.1723194,0.97319865
5337713960279421568,166.82607155449537,-60.172037048655156,0.5730606928743133,0.0355959,16.301079,2328.6333,16.899954,327.59802,15.552532,419.07483,1.2564986,1.3474216,1.0337358
5337713960279421952,166.83841672109762,-60.17561497492308,0.20370357833158598,0.06745041,16.836454,931.8548,19.398182,47.96956,15.417493,729.32404,1.6237496,3.980689,1.0439484
5337713960279423616,166.85096726940714,-60.177894933371476,0.31290955067088194,0.046035487,16.778328,1487.2751,17.334185,130.04568,15.978621,162.63306,1.3138514,1.3555641,1.0600172
5337713960279424896,166.8287871016894,-60.16880592364596,0.08267303917459887,0.06380659,17.304798,979.7419,17.793316,186.77808,16.434896,84.96027,1.400382,1.3584194,1.006344
5337713990296959488,166.83573223691607,-60.160998943433604,0.30056635609650967,0.033354983,16.143064,2385.6301,16.874695,312.06613,15.302087,591.0903,1.2829514,1.572608,1.0050343
5337713990297090688,166.8526194223602,-60.163619901669946,0.24781780233962972,0.1269176,17.830097,594.6134,18.531855,92.25347,16.91906,183.78291,1.3541359,1.6127949,1.6502789
5337713990297445888,166.832148216086,-60.16098650763878,0.18760773460259667,0.09561507,17.90308,884.50714,19.30325,31.65849,16.747255,184.51692,1.4202205,2.555994,1.0560149
5337713994615337984,166.85956621622174,-60.1667262797781,0.3061666219313616,0.08476506,17.837927,904.4841,18.334314,83.62664,16.982775,106.70523,1.3843863,1.3515396,1.0011986
5337713994615364992,166.8470251967996,-60.15854286518463,0.3235857553964664,0.08412914,17.824535,1002.44653,18.492311,106.49334,17.051666,216.03229,1.2498149,1.4406452,1.0045996
5337713994639170816,166.83363553933245,-60.164228082433844,0.3275050382517543,0.037348606,16.267588,2303.9536,16.851076,209.95064,15.530015,481.79623,1.254026,1.3210611,1.0329622
5337713994639171072,166.84798080682683,-60.16890057953321,0.21828816801059908,0.05450952,17.045036,1494.8296,17.583036,170.2154,16.305023,158.825,1.2740246,1.2780132,1.0494539
5337713994639171200,166.84577069502072,-60.16805125530868,0.3264784841529982,0.05607763,17.156595,1490.062,17.682196,68.39424,16.35615,98.720634,1.3267313,1.326046,0.9956727
5337713994639171712,166.845478071687,-60.16738217981619,0.5628816486610405,0.06917763,17.522234,1171.0172,18.157259,83.843956,16.740461,146.97371,1.2688825,1.4167976,1.0340769
5337713994639172096,166.84900457259323,-60.168324159372936,0.25318985187638454,0.055823952,16.966053,1588.1296,17.74516,164.33835,16.033918,260.35236,1.3471234,1.7112408,1.1154952
5337713994639176576,166.8568408739725,-60.1672199739638,0.240714400645844,0.016153805,14.531426,4771.7734,15.468019,666.1833,13.579191,2147.7168,1.3179042,1.8888273,1.0046643
5337713994639179904,166.8486882103915,-60.1629063511707,0.4606520775152538,0.03834196,16.407738,2011.9004,16.940857,259.59164,15.715296,493.89392,1.240341,1.2255611,0.9832352
5337713994639184384,166.84818374499665,-60.159340402525274,-0.8065737922265936,0.33248994,17.623857,713.19885,17.782328,126.766,16.415329,178.61462,1.9079491,1.3669987,4.431496
5337713994639188096,166.835688467057,-60.151393148034835,0.32600451895762694,0.082340084,14.895139,1480.574,15.176716,919.3864,14.333831,956.28046,1.2654372,0.842885,4.4866734
5337714024656689920,166.8801687297994,-60.166837430310636,0.3861410266235275,0.05441973,17.106802,1481.6901,17.710852,195.58604,16.364573,328.58676,1.2496452,1.3462791,0.9431419
5337714024656697344,166.88721387964108,-60.15965909797178,0.3193437470781537,0.0347635,16.212126,2346.973,16.69759,355.06854,15.546696,481.49835,1.2406844,1.1508942,0.96711236
5337714024656698880,166.86928944959627,-60.15934303488575,0.26631156151021496,0.11106265,16.5004,675.89,17.074053,319.83652,15.710778,524.3793,1.2986578,1.3632746,2.768849
5337714024656831232,166.87640024175164,-60.15659851970293,0.219877506686849,0.07071538,17.571526,1208.5057,18.370619,107.62527,16.685425,180.51408,1.2994332,1.685194,1.010932
5337714028976550016,166.88448641568834,-60.15781754479172,0.2293823461775112,0.09746483,17.970486,928.8844,18.466383,42.284496,17.17053,74.57115,1.3387288,1.2958527,0.96817815
5337714028998925056,166.88303243334266,-60.16900061369843,0.17298175262609458,0.09557002,17.979694,844.2967,18.600126,71.869576,17.230625,157.91061,1.2486904,1.3695011,1.0636815
5337714028998928384,166.87881128693016,-60.164300524235884,0.7685406139031877,0.014902579,14.225887,5867.675,14.563978,960.372,13.707931,1111.7749,1.2094278,0.85604763,1.0127233
5337714028998929152,166.8780807548157,-60.16282690515348,0.17909736481266494,0.052471906,17.018793,1695.7351,17.511011,177.16878,16.336578,255.50081,1.2499117,1.1744328,0.9874288
5337714028998931328,166.88840668525577,-60.164672539609825,0.5792162324172879,0.08976299,17.838657,948.9989,18.505705,105.13908,17.087545,173.3147,1.2330589,1.4181595,1.0958971
5337714028998936832,166.8702478328407,-60.153631043260035,0.14118102742872746,0.116471246,17.921051,449.42612,18.499073,58.704967,17.088453,110.87818,1.3321103,1.4106197,1.337029
5337714029003981696,166.8893159333737,-60.172185905932,0.39697232921436504,0.067840025,17.51084,1121.6561,18.112177,120.21769,16.776272,165.90231,1.2448224,1.3359051,0.9888304
5337714059016442368,166.8832850004412,-60.153563385575545,0.34876995534062394,0.045934428,16.77355,1846.9133,17.290218,255.06749,16.101728,349.87915,1.2321323,1.1884899,0.9795633
5337714059016443904,166.87865357086505,-60.151848396835156,0.8155401162902284,0.050209478,16.880774,1739.2246,17.516678,180.45213,16.114126,438.17838,1.2565922,1.4025517,1.0387365
5337714059016924416,166.8912105596173,-60.15530641107638,0.21298432978407633,0.07488177,17.659906,1030.6298,18.245941,80.59457,16.884796,193.4081,1.2822429,1.361145,0.9927833
5337714063334907648,166.87829242517768,-60.154372618131305,0.3781329694740438,0.08765663,17.674679,649.765,18.24245,90.213356,16.7702,143.85316,1.3981775,1.47225,1.3267026
5337714063334919808,166.87230847873246,-60.14838114850326,0.22112298007559686,0.08177833,17.789206,1070.4547,18.351809,77.1363,17.085312,147.89763,1.236895,1.2664967,1.0918485
5337714063358679040,166.8873516594904,-60.155742009765355,0.40956160257943436,0.01647812,14.474513,3698.2876,14.700406,807.0684,14.07457,763.0155,1.1973959,0.6258364,0.8974263
5337714063358680448,166.87135471671073,-60.14932952846703,0.36344916355844886,0.037469402,16.402695,2225.3455,16.901484,185.83089,15.733109,255.05225,1.2380048,1.1683741,1.0253054
5337714063358681984,166.8840131641046,-60.14803095000986,0.43706975967793793,0.054090742,17.117174,1542.6497,17.73118,133.063,16.359509,271.4424,1.2577903,1.3716717,1.0272524
5337714063358683264,166.88511873962943,-60.14534078910482,0.220563986263683,0.085623726,17.835386,930.68195,18.47871,125.01258,17.095303,148.73445,1.2332281,1.3834076,0.9593204
5337714063358683392,166.89124529425555,-60.14735634843592,0.30831387104396685,0.03363391,16.068876,2426.8696,16.9535,264.31088,15.1468525,634.4926,1.3051437,1.8066483,0.98635215
5337714063358683648,166.8834622090936,-60.14388740566079,0.20434268726909963,0.034155328,16.195616,2493.6467,16.731693,369.23917,15.502712,448.8357,1.2394714,1.228981,0.9504573
5337714063360419328,166.89860364696014,-60.14888961389416,1.1715371175672487,0.09886713,15.687796,169.35216,16.162327,57.242943,14.94062,61.564972,1.306131,1.2217064,3.9855673
5337714093380841728,166.84690449473854,-60.15062692269557,0.2354649033072276,0.06348275,17.412191,1291.3499,17.882029,82.13835,16.703588,185.28816,1.2789218,1.1784401,0.98370206
5337714097694615040,166.84544949669018,-60.15144816162078,0.2748806462079384,0.05269888,16.948782,1141.4677,17.16971,108.32875,15.909927,209.12222,1.6875508,1.2597828,0.996468
5337714097718403328,166.84014882781497,-60.15276548493828,0.38799872175282707,0.02377242,15.213294,2244.093,15.693235,688.83185,14.522179,1359.965,1.2616478,1.1710567,1.1222824
5337714097718403584,166.85778354062256,-60.158588217892486,0.36482860911358156,0.043247193,16.692276,1802.0505,17.234661,301.08875,16.001823,361.61234,1.2351105,1.2328377,0.92972624
5337714097718404864,166.85451800528267,-60.1562762136548,0.5035235223362321,0.04195205,16.612703,2039.6388,17.26248,243.69345,15.844094,491.03928,1.2530079,1.4183855,0.9858832
5337714097718405248,166.839309541434,-60.15099121441465,0.04032208000684941,0.06039453,16.663267,1084.9554,19.618204,35.50085,15.170117,762.098,1.7129159,4.4480867,1.0377576
5337714097718414080,166.86664588173127,-60.151340433888436,1.8333026189497166,0.010950444,11.731228,6491.0596,12.006058,2413.7256,11.294329,4411.9185,1.1925025,0.71172905,0.8067092
5337714097718414976,166.85543747246038,-60.147295679726625,0.3228422921519774,0.09823843,17.960604,937.9399,18.54497,65.44195,17.207409,109.78783,1.2657177,1.3375607,1.0807382
5337714097718416512,166.84833681239604,-60.14344821148581,0.6491023164591978,0.059246767,17.1472,1536.2665,17.762104,122.164566,16.394947,304.56396,1.2532438,1.367157,1.0065109
5337714097723458944,166.8521678236268,-60.15761391234925,0.2554465933061152,0.06934961,17.476515,1263.6431,18.089808,127.067024,16.751617,215.3319,1.2329153,1.3381901,1.0728221
5337714127736427008,166.86238193529445,-60.14027763531179,0.21227801485548434,0.11520448,17.91658,654.8882,20.001976,30.210955,16.502314,245.43008,1.654769,3.4996624,1.2600337
5337714132054393216,166.84919700831682,-60.14217515664393,nan,nan,16.26139,754.87616,nan,nan,nan,nan,nan,nan,nan
5337714132078156672,166.84901515177984,-60.142015064047115,0.511545744935242,0.052835055,15.542365,906.416,15.920848,164.11519,14.233405,305.5778,1.9171573,1.6874428,1.9457332
5337714132078157568,166.8571585180269,-60.14331919186701,0.28049088699300134,0.046209045,16.677568,1982.9573,17.32638,206.48772,15.900158,489.56104,1.260317,1.4262218,1.008725
5337714132078159232,166.86554846388415,-60.14053142864921,0.20158902704085593,0.05425834,17.120815,1449.212,17.724997,119.055984,16.349022,214.60329,1.2726141,1.3759747,0.99690294
5337714132078159488,166.87216444804542,-60.14224503559778,0.636506208851713,0.013677223,13.9654875,312.99652,14.287748,103.239235,13.475111,103.439186,1.2002165,0.8126373,1.0101897
5337714132078160256,166.87011256511457,-60.13944934015562,0.16609449907244558,0.048373956,16.82673,1717.808,17.422888,231.30997,16.085684,308.18607,1.251771,1.337204,1.0203263
5337714132078160512,166.86803872353948,-60.13868054530732,0.2853050193594495,0.071644455,17.556934,1110.1608,18.16603,91.45208,16.757889,138.97281,1.2925167,1.4081421,0.9865976
5337714162095018880,166.82753504075887,-60.16230792804553,0.9066160648590524,0.023669384,12.647063,5850.947,12.80421,1325.6239,12.3612995,1189.6437,1.1751648,0.4429102,1.9795882
5337714162095643008,166.81653903361018,-60.170155018674386,0.30480326619721543,0.04133191,16.610983,1767.2969,17.15599,195.93172,15.876873,419.05518,1.2666698,1.2791176,0.99507225
5337714162100312320,166.8146837387129,-60.169430138878184,0.3637546108396185,0.05770696,17.19053,1328.4061,17.768759,157.55743,16.455011,311.87787,1.2545152,1.3137474,0.99094427
5337714166413849856,166.8186694888775,-60.17071963694978,0.2347747027348991,0.060038354,17.218634,1126.783,17.666857,58.145584,16.285156,42.79459,1.4744262,1.3817005,1.0955628
5337714166415329024,166.79524655591229,-60.16151869724266,0.3778633687766792,0.031212896,15.543276,139.78511,nan,nan,nan,nan,nan,nan,1.0360904
5337714166415349376,166.80192096312913,-60.153890201347885,0.1466019979626881,0.1122874,17.38502,606.4993,17.806446,74.626526,16.45911,60.073334,1.479512,1.3473358,1.9166396
5337714166437855360,166.81610686349288,-60.16428852317881,0.24609187258435236,0.07167102,17.53039,1151.3577,18.291273,73.07702,16.649586,199.68983,1.3072461,1.6416874,0.9993807
5337714166437861632,166.82644530086552,-60.16213135766146,0.8612073651741731,0.12017854,16.953766,503.28284,16.564354,9.232941,15.659756,22.966555,2.4242563,0.90459824,2.2422616
5337714166437994496,166.79572085293768,-60.16193929049279,1.0241723296511966,0.015490975,14.341179,3723.4453,14.617568,105.346146,13.689055,86.28341,1.329699,0.9285126,0.9916069
5337714166437996800,166.8007346427979,-60.16381272807344,0.6557863982243544,0.1623792,16.778833,805.2313,17.155363,128.51147,15.730336,185.47021,1.6183255,1.4250269,4.151315
5337714166437997184,166.79921827603349,-60.15221859168036,0.6764596343129314,0.059194487,17.248322,1496.4042,17.900364,102.63541,16.465052,245.46767,1.2637923,1.4353123,0.9602691
5337714166437998464,166.80382475256707,-60.154678220034626,0.3294485586574905,0.03796986,16.311304,2220.1072,16.836174,305.9041,15.62696,440.10266,1.2378061,1.2092142,1.0853862
5337714166437999744,166.80998849680557,-60.15761058759048,0.5288042801537732,0.02552767,15.591974,3297.737,16.055805,722.1245,14.947651,832.593,1.2350587,1.1081543,1.0500041
5337714166438000256,166.81283726342272,-60.15983896173848,0.20114182888845716,0.041800804,16.607988,1760.3077,17.050797,216.42557,15.99818,338.72632,1.2204658,1.0526161,0.9320036
5337714196455393152,166.8231595058981,-60.15888089159617,0.3387825080035064,0.035086125,16.176285,1789.5355,16.742441,145.79231,15.341702,106.87278,1.3384473,1.4007387,1.0520099
5337714196455403136,166.80420400810664,-60.14897827243162,0.2591698995447268,0.031516284,15.971796,2513.2444,16.449522,418.98865,15.306057,310.53406,1.2442214,1.143465,0.995235
5337714196470968704,166.8058024760548,-60.152899256000815,0.2967227265854469,0.0450353,16.338856,992.5327,16.641914,416.0044,15.71484,393.5411,1.2964432,0.92707443,1.2588967
5337714196471011328,166.8179828514633,-60.15466129295246,0.5671176601347052,0.07620022,17.693312,1153.1653,18.427837,100.26049,16.904917,238.02048,1.2387893,1.5229206,1.0189176
5337714200775127936,166.81685903006652,-60.14560134343812,0.3328748097913744,0.103187986,17.637756,656.4478,18.015514,44.545357,16.76114,65.13146,1.4558665,1.2543736,1.0910761
5337714200797606272,166.82162166296726,-60.15615986256392,0.985838399814859,0.054315586,17.087563,1383.7578,17.85077,221.38266,16.265354,275.92776,1.2567002,1.5854168,1.0169936
5337714200797612672,166.82682982928796,-60.15369611264701,0.3518260955432732,0.06712253,17.418686,1200.7522,18.0601,157.1494,16.63164,251.16391,1.2707226,1.4284611,0.978125
5337714200797618944,166.82944365939386,-60.1490640160399,0.266788026031227,0.042388897,16.661455,2005.6362,17.154215,235.32443,16.002678,447.90576,1.2328316,1.151537,0.9118008
5337714200797737216,166.8021717253565,-60.1473025734633,0.38443405166833444,0.061727773,17.16703,486.0815,18.020327,87.169945,16.258318,179.28279,1.3025539,1.7620087,1.0649137
5337714200797737856,166.8056883188118,-60.15017605881536,0.3884120245800106,0.031784713,15.995728,2582.6853,16.505053,428.86057,15.310834,747.6314,1.2446568,1.1942186,0.9652018
5337714200797739520,166.81053400101004,-60.146262129458016,0.8728854163592067,0.0161011,14.249334,4674.096,14.65334,1386.338,13.630369,1817.905,1.2442662,1.0229712,1.0678335
5337714200797740288,166.81714778703923,-60.144822362153704,0.34545319386422413,0.022283418,14.751433,3612.5122,15.41181,610.2247,13.95462,836.9677,1.2716213,1.4571896,1.1988946
5337714200797740800,166.8203180831602,-60.14712878295782,0.8027253697682748,0.09523412,17.995722,876.3494,18.748676,77.43901,17.193487,193.23335,1.2437469,1.5551891,1.0133907
5337714200797740928,166.8220095638682,-60.149610676970134,0.3382918013583197,0.03997063,16.40075,1951.9698,17.00507,355.6371,15.640291,435.21127,1.2636603,1.3647785,1.0376929
5337714230830627456,166.78021267429241,-60.15271915059205,0.22830549480269954,0.0867067,17.84713,987.8837,18.432978,92.60035,17.091515,163.60179,1.2670195,1.3414631,0.9882461
5337714235134806528,166.79303968878378,-60.15602731491355,0.18522895166353842,0.081376635,17.682508,1033.862,19.257975,42.14351,16.456997,170.99158,1.4713504,2.8009777,1.0669228
5337714235157464832,166.7668287921137,-60.1514087719536,0.17568717195660402,0.0269036,15.649802,2712.5618,15.93875,590.90546,15.17248,672.86816,1.209106,0.76627064,0.99330163
5337714235157466496,166.7716978175361,-60.15166388806705,0.19229111565151502,0.02344843,15.357714,3464.2317,15.628672,711.4957,14.908034,920.1324,1.201968,0.7206373,0.9774927
5337714235157466880,166.77151282617086,-60.150479132627154,1.2877663645074582,0.020757891,15.067632,4454.7007,15.524263,853.7313,14.442449,989.03845,1.2248906,1.0818148,0.9896019
5337714235157467904,166.77213595832023,-60.14412458082619,0.3302574190675822,0.01127203,13.086087,1609.8153,13.367917,566.9171,12.632258,624.60895,1.1987765,0.73565865,0.9167714
5337714235157469056,166.775450158325,-60.14456261037487,0.16566344775794078,0.08324628,16.392046,528.2769,16.921225,198.43492,15.592477,499.25977,1.3245516,1.3287477,2.3688486
5337714235157469952,166.7863864099311,-60.15608940230353,0.2075128679656415,0.06635768,17.45066,1311.9042,17.98649,111.21815,16.728868,243.74477,1.2610589,1.2576218,1.0245936
5337714235157470208,166.78818038813256,-60.15621129963991,0.2608152315796785,0.044654354,16.744781,1818.3632,17.199965,243.04742,16.104448,282.28156,1.236047,1.0955162,0.97604144
5337714235157470592,166.79096880523934,-60.16012395897663,0.5036328036813663,0.062196482,17.348976,1314.3989,18.003912,118.71684,16.559515,212.13945,1.2676865,1.444397,0.9253475
5337714235157470720,166.78975569429693,-60.15424604410739,0.6678616711271363,0.08841021,17.841959,967.8285,18.652336,75.44377,16.989855,181.56764,1.2664969,1.6624813,1.0395546
5337714235157471616,166.79357750163345,-60.15693228295673,0.12779375333145349,0.044379536,16.641104,1642.5486,18.166529,97.94464,15.443656,645.5312,1.4461583,2.7228727,1.0013348
5337714235157472768,166.79071430116062,-60.147505976563565,0.25289915510254407,0.02959587,15.659601,2669.7656,15.952301,426.76498,15.115715,274.68268,1.248497,0.836586,1.2171948
5337714235157473792,166.79692884463702,-60.15024168052989,0.275867127021481,0.08843091,17.932354,923.67316,18.587347,71.6747,17.198555,174.16357,1.2241406,1.388792,0.99911046
5337714265179523584,166.788177276531,-60.1373724438831,0.41661803816497006,0.053894397,17.039045,1613.1316,17.59059,165.72289,16.340311,360.655,1.2375009,1.2502785,0.93637186
5337714265179525376,166.80240552248821,-60.141404313407996,0.42651504866872375,0.09351748,17.96796,916.5083,18.54973,83.76657,17.228022,141.98021,1.2565097,1.3217087,0.9697684
5337714265190379904,166.7842894247372,-60.13234356662445,0.21045450405760208,0.063104056,17.250305,1193.8102,19.078684,71.26619,15.984969,306.16235,1.4846603,3.0937147,0.9731573
5337714269494550144,166.7861951047035,-60.13567253260521,0.050981579958970354,0.06033657,17.031137,1172.3308,18.93962,25.438444,15.697803,243.3307,1.5623425,3.2418165,1.0414444
5337714269494565632,166.7947043404865,-60.137244609299,0.1352652802201485,0.07845505,17.614767,703.9371,18.037138,30.590702,16.866915,87.56551,1.3297076,1.1702232,1.0715425
5337714269517211264,166.79074772446526,-60.146521731768104,0.8464055365509934,0.11066478,17.122784,871.54095,17.358624,146.35886,16.280664,180.77385,1.4978638,1.0779591,2.048526
5337714269517211520,166.78856207088364,-60.141490168080274,0.18674444771514864,0.031370472,15.885237,1946.7572,17.724527,119.47578,14.583962,369.55682,1.5287485,3.140565,1.0142903
5337714269517212416,166.79760047059864,-60.146672705751456,0.3145819105668375,0.03356237,16.113832,2574.703,16.865244,318.31125,15.258631,569.54456,1.2883182,1.6066132,0.9695095
5337714269517212800,166.79533072476326,-60.140676303815084,0.5271794768516411,0.030184023,15.907441,2852.1814,16.51919,437.6063,15.145275,550.4204,1.2621619,1.3739147,1.027241
5337714269517212928,166.79450678894247,-60.137798436055164,0.27123614840793203,0.042395964,16.596916,1496.6361,16.935383,73.07464,15.91124,89.46613,1.3225441,1.0241432,0.9300988
5337714269517213312,166.80032667147228,-60.14833715118789,0.19434079134641494,0.03298482,16.12693,2333.5854,16.670439,477.0629,15.421102,570.18665,1.2459956,1.2493372,1.0236596
5337714269517214720,166.80271534699835,-60.14265059212365,0.0017590228095533816,0.18587454,17.475456,688.1552,17.629251,115.11296,16.23228,178.80617,1.9521974,1.3969707,2.5938137
5337714269517266432,166.77446239850147,-60.13064901300787,0.3220265567778804,0.10972441,17.770657,694.1397,18.456314,80.36344,16.926472,156.37825,1.3016413,1.5298424,1.3151112
5337714299534624128,166.81384523471695,-60.14020656573544,0.83966677083654,0.086557046,17.660158,1087.0735,18.4743,92.338036,16.806814,192.22365,1.2663591,1.6674862,1.0680294
5337714299534629376,166.82429407172017,-60.13533218114731,0.3568867060741331,0.023686279,15.39734,2778.074,15.840584,442.19318,14.772148,732.7682,1.2308049,1.0684357,0.98095435
5337714299550274304,166.83484406586626,-60.14538536466343,0.18975278386028085,0.09268652,17.807062,961.9104,18.644901,60.028015,16.908972,134.2727,1.2978276,1.7359295,1.1054521
5337714303854367360,166.82694329817684,-60.138737217150464,0.3628673044620343,0.07897358,17.411713,1003.8699,nan,nan,nan,nan,nan,nan,1.0205802
5337714303854371328,166.8300753826875,-60.13832199346962,0.20741376959381214,0.045371726,16.652939,1539.1593,17.197224,230.74232,15.940212,420.99567,1.2508214,1.2570114,1.0576007
5337714303876837376,166.83248590308506,-60.14672311839411,0.27307731827056003,0.0939909,17.953585,874.00696,18.700539,62.043762,17.12708,226.0072,1.265674,1.5734577,1.0313126
5337714303876955264,166.81201409795804,-60.136868073954545,0.32767894027724964,0.07399096,17.295504,912.6446,17.87381,150.72296,16.55185,286.02884,1.2607185,1.3219604,1.1747866
5337714303876956544,166.81652331553767,-60.13319206059592,0.21576149719092363,0.021120636,15.10973,3698.0955,15.974883,319.54352,14.17456,623.3986,1.3229417,1.8003235,0.9991715
5337714303876956800,166.8218730653582,-60.13963042149427,0.4165263792439927,0.06789103,17.407312,1315.6194,18.05852,98.225685,16.645758,178.36534,1.2469492,1.4127617,0.9871001
5337714303876957568,166.82797223645213,-60.14633502194478,0.19833051558963896,0.025851754,15.559018,2928.0688,16.590254,462.37885,14.560399,1009.88336,1.3365157,2.0298548,0.9100752
5337714303876957824,166.826819319259,-60.138378879240584,0.7688603236950368,0.031312816,15.6137705,1626.2367,15.95145,143.85112,14.892333,137.22835,1.3494335,1.0591173,1.2704872
5337714303876957952,166.8260191123586,-60.13389725880106,0.33523402004691694,0.064591534,17.351677,1263.3512,18.091139,165.49693,16.52585,418.43622,1.2676388,1.5652885,0.9884958
5337714303876958976,166.83683069974057,-60.14239760526766,0.29131398984838697,0.0451068,16.68554,1853.357,17.557367,187.3419,15.773894,564.1272,1.2995887,1.783473,0.9197324
5337714303877002112,166.81170432825596,-60.131604605628176,0.6217805183057634,0.04713979,16.800493,1101.441,17.350765,300.7912,16.08729,296.88034,1.2487621,1.2634754,0.96727216
5337714333894374784,166.81227724604526,-60.12360480084781,0.462668721203339,0.03580691,16.212732,2252.2327,16.746271,270.89578,15.507931,586.2549,1.2492865,1.2383404,0.9617782
5337714333894376576,166.8197123159213,-60.12044530383706,0.7762533998404682,0.05978484,17.23782,1296.85,17.961466,160.87514,16.425089,252.64381,1.2622252,1.536377,1.0290278
5337714333899003648,166.8128101744762,-60.121515885340365,0.18342685798629252,0.045897618,16.708632,1694.939,17.276403,73.30816,15.885433,143.21129,1.3283386,1.3909702,1.0129596
5337714333899004032,166.81436078663629,-60.12337468458392,0.2531425391022096,0.09518333,17.943325,938.3495,18.643894,95.992744,17.094229,192.9526,1.300534,1.5496655,1.035372
5337714333899008896,166.83564507655905,-60.12805560300566,0.24372955885998732,0.08999771,17.91801,975.0048,18.553095,59.410057,17.110195,127.66149,1.2898538,1.4428997,1.0594404
5337714333909963648,166.81786504740302,-60.12892712486786,0.3910511801549888,0.06276761,17.330648,1289.6619,17.973839,213.22554,16.548191,233.93617,1.2664018,1.4256477,0.91143835
5337714338236697216,166.83273692754273,-60.134241505449445,0.21819643409365067,0.061854642,17.217201,1354.2362,17.829672,114.022095,16.42253,129.32553,1.2877016,1.4071426,1.0782357
5337714338236697600,166.83469966245292,-60.13046619922697,0.2843324041121114,0.07318248,17.625751,1141.4098,18.565502,98.257484,16.69236,290.76422,1.2996063,1.8731422,0.97699887
5337714338236698624,166.84340562725484,-60.129193969466165,0.29539245744671466,0.055537473,17.080187,1527.0359,17.869362,162.6211,16.202803,259.42957,1.2950113,1.6665592,1.038997
5337714338236728832,166.81601087383723,-60.11599760380551,0.16677453049107416,0.056617785,17.075182,1094.5447,18.858387,58.176044,15.811034,416.80173,1.4889028,3.0473528,0.98409873
5337714338236732160,166.83332790486068,-60.12443383282802,0.420827078432184,0.047496762,16.808384,1711.9434,17.505394,147.7101,15.966754,332.72604,1.2954779,1.53864,0.9703407
5337714338236734336,166.84092070054024,-60.128533969351615,0.28796330209650317,0.06403897,17.35743,1361.7788,18.198284,119.65817,16.475618,297.14395,1.2825706,1.7226658,1.0383657
5337714338236735744,166.8115022560204,-60.12611641565363,0.24933476856250242,0.07980141,17.745966,988.1817,18.370628,99.82364,16.998796,234.15953,1.2456297,1.3718319,0.9560712
5337714368254108032,166.80168867552277,-60.13255407735301,0.16940613960629425,0.02331398,15.296285,3073.9448,16.220716,475.8482,14.339879,738.60266,1.3252455,1.8808374,0.9774098
5337714372596430336,166.80102832938192,-60.135463902184526,1.0620262010783785,0.031730693,15.998061,2710.1892,16.51937,411.97977,15.323747,725.71313,1.2320075,1.1956224,0.9415008
5337714372596472960,166.79511770590406,-60.1222784288047,0.24874282216468946,0.013457603,13.838536,2604.781,14.063363,966.0891,13.445423,805.00104,1.194159,0.61793995,1.0253538
5337714372596473216,166.7999394873173,-60.123422751741884,-0.023779711440720403,0.17737637,14.708917,1279.1821,14.978166,743.4782,14.010632,1053.1293,1.3667425,0.96753407,12.354708
5337714372596477056,166.79684886452077,-60.12630794483405,0.3816682755357622,0.027580742,15.715426,3012.6204,16.203058,540.0009,15.055033,865.5236,1.2361634,1.1480255,0.91370636
5337714372596478208,166.7875511018197,-60.12719651753757,0.4488841622277461,0.04754134,16.777702,1730.9038,17.354042,214.43828,16.042759,384.15787,1.2548164,1.3112831,1.0401514
5337714372596479360,166.78386959450285,-60.128237483923364,0.20666099561571885,0.09208737,16.690733,853.63293,17.093952,204.76907,15.841882,258.28845,1.420169,1.2520704,2.3012211
5337714372596480768,166.79456795920427,-60.13108440946466,0.2883743834349602,0.076767065,17.655489,1145.7759,18.271177,124.17008,16.925678,191.65723,1.2357305,1.345499,1.0180153
5337714372601404032,166.8021991553805,-60.13413429972653,0.1918712454918472,0.052833553,16.914919,1607.4897,17.350567,226.66066,16.295147,348.50253,1.2304627,1.0554199,1.029815
5337714402613857664,166.80423146288499,-60.115040738886094,0.6865743232905771,0.0134092625,12.948663,4880.275,13.169311,1587.9838,12.582355,3214.6067,1.18169,0.586956,0.9259537
5337714406935258240,166.80811560735614,-60.11394925135691,0.6181761431157258,0.0999444,17.879562,829.1855,18.510107,63.289276,17.069757,152.6412,1.2931732,1.4403496,1.1154448
5337714406935260544,166.81440132715156,-60.115860606064025,0.22112481222038005,0.09870884,17.911983,900.9699,18.667706,46.100395,17.014378,126.44925,1.3237351,1.653328,1.0700798
5337714406956205312,166.79067571258634,-60.11140728652679,0.2575398109108493,0.5906136,16.857767,205.8942,17.339563,185.35027,15.969859,272.73947,1.4189378,1.3697042,11.298444
5337714406956206080,166.8121240455098,-60.11646145580154,0.6803791326761943,0.021027796,15.09568,3688.8413,15.637139,525.5133,14.379614,650.3694,1.2544653,1.2575254,1.0312173
5337714406956206592,166.79510048724603,-60.114502842199066,0.31636753624989244,0.075055994,17.456459,1080.7052,18.096348,99.88448,16.716146,208.74042,1.2346753,1.3802013,1.034626
5337714406956207104,166.8071027299433,-60.11737980825049,0.19218327836431578,0.07949535,17.677904,1137.5164,18.33411,91.76315,16.901102,173.52824,1.2571267,1.4330082,1.0467529
5337714406956207616,166.7925598288068,-60.116165923980134,0.39461316077963327,0.061894428,17.16533,1029.3804,17.80331,154.72606,16.375704,185.95569,1.2740636,1.4276066,1.0531502
5337714406956208256,166.7965561916664,-60.11842683087125,0.1973340043922212,0.03635536,16.253456,2135.3066,16.692585,300.34732,15.62543,443.9552,1.2345926,1.0671549,0.9422578
5337714406956209664,166.79771336463875,-60.12091291439051,0.11956656039692685,0.076779895,17.38908,970.3855,nan,nan,nan,nan,nan,nan,1.1652627
5337714406956209792,166.7985975482234,-60.121163636161285,0.27924827455336254,0.034821335,16.129726,1791.3982,16.437038,70.976,15.4118,79.93944,1.3618653,1.025238,1.0761181
5337714406961147264,166.8113928436203,-60.121268590018516,0.30365618131967914,0.05736571,17.102018,1141.7289,17.569761,56.23767,16.11633,61.512436,1.5148705,1.4534321,0.9651529
5337714436973532672,166.72522861293254,-60.18856491577833,0.1811744059240455,0.028757151,15.8332,2733.3853,16.294844,570.39526,15.198553,671.2173,1.229252,1.0962906,0.9419986
5337714436973535104,166.73978186398176,-60.18599054738056,0.5792636595368044,0.053173855,16.946503,1441.157,17.60082,198.53888,16.18665,269.47836,1.2444816,1.4141712,1.0226575
5337714441315877376,166.71862025868356,-60.18625518061725,0.325519739053414,0.13736296,17.888575,602.7802,18.298641,113.75474,17.024727,131.2909,1.4298196,1.2739143,1.7523446
5337714441315878656,166.72208916139863,-60.1883252250955,0.14173101555002157,0.08400804,17.731474,906.38763,19.24553,38.605213,16.506147,288.65344,1.48102,2.7393818,0.98723155
5337714441315879296,166.71923478694922,-60.17737306930445,0.1461316500719385,0.08563586,17.81869,933.19666,18.350157,100.34899,17.107721,110.243835,1.2547231,1.2424355,1.0263811
5337714441315879680,166.72183750237147,-60.17979800705502,0.3733959609945998,0.03321406,16.049778,2213.2126,16.396124,324.01248,15.526829,556.4348,1.208529,0.8692951,0.98925215
5337714441315879808,166.72484007519037,-60.18365764849938,0.3271615200215841,0.042110458,16.582706,1853.1134,17.132353,253.46727,15.868581,500.8304,1.2497022,1.263772,1.0161364
5337714441315879936,166.721799323811,-60.17629898742353,0.10944498418330924,0.04597375,16.0758,1181.4076,16.451591,403.65875,15.489874,379.2332,1.235118,0.9617176,1.4460168
5337714471333284224,166.74972199358635,-60.17675528794936,0.8122295965330916,0.036484145,15.631528,1623.6927,16.013697,110.56963,14.863022,83.68672,1.3643456,1.1506748,1.393748
5337714471333286656,166.7434760967584,-60.174137239037485,0.2852082435901744,0.054794937,16.881638,1546.6749,17.787174,100.50145,15.951433,359.84494,1.30646,1.835741,0.9339674
5337714471333777280,166.73478953793204,-60.16985231822345,-0.013185483713599299,0.07100899,17.412298,859.3495,19.624228,37.795574,16.034939,459.07428,1.5913286,3.5892887,0.9545628
5337714471337942144,166.72562581276534,-60.17187726835729,0.25062936476646636,0.066344224,17.36274,1254.3391,17.926155,132.63101,16.633423,203.95935,1.2556432,1.2927322,1.0433874
5337714471337946368,166.7482486625976,-60.18000503283146,0.278982284408337,0.088442944,17.846916,969.83344,18.468048,123.61664,17.096989,113.419426,1.2490903,1.3710594,0.99808294
5337714471348714368,166.73750688680295,-60.16864976452955,0.49730183926957056,0.084714465,17.73726,925.33844,18.26984,89.72814,16.98295,96.865486,1.2872676,1.28689,0.96260065
5337714475652848512,166.7495420602953,-60.17727836424819,0.42250586500543397,0.07382782,16.8979,721.6165,nan,nan,nan,nan,nan,nan,1.6216514
5337714475652850944,166.74931212132128,-60.17553140890557,0.011830137992256545,0.09192415,17.799728,796.2326,20.54173,16.038685,16.336792,327.5373,1.6775508,4.204939,0.99926835
5337714475675620608,166.72782934138542,-60.17106372385509,0.43466824134105564,0.034433533,16.050137,2233.7397,16.544952,413.26288,15.378979,552.2006,1.2408168,1.1659737,0.97349775
5337714475675621120,166.73173034354835,-60.175084903364095,0.27014073851413284,0.031417053,15.995448,2289.1838,16.313917,498.92593,15.499545,561.0392,1.2054757,0.81437206,1.0147158
5337714475675621632,166.73076470346746,-60.16671345308534,0.4793268625242418,0.07902565,17.644445,1022.1486,18.332825,98.07565,16.80629,157.95973,1.2956023,1.526535,0.9783639
5337714475675622016,166.73619377212776,-60.1728473853299,0.12585844218853715,0.037227005,16.16335,1299.0122,18.222902,113.81831,14.829709,643.29443,1.546501,3.3931932,0.97404957
5337714475675624320,166.74513381310564,-60.17139822679725,0.16747058468700513,0.04228085,16.35731,1549.2642,17.51296,154.07832,15.26697,298.59378,1.3992282,2.2459908,0.99481463
5337714505697674880,166.6961206423503,-60.16841363364539,0.29821240109626734,0.083801836,17.621458,968.7106,18.241976,82.84845,16.80518,143.88289,1.3022436,1.4367962,1.1174389
5337714505708424704,166.71537880886638,-60.17780145256346,0.485111732196071,0.042242397,16.535898,1941.9137,17.123915,176.91386,15.804631,412.71707,1.2474554,1.3192835,0.996156
5337714510035348736,166.6918536859785,-60.16566118715984,0.7106355136596172,0.08874078,17.815578,753.4698,18.634504,61.066467,16.830187,134.84312,1.3843164,1.8043175,1.0545372
5337714510035349888,166.69684986559497,-60.17116197572258,0.16639245971119576,0.04146675,16.559355,335.27557,17.047667,69.81203,15.884387,101.823204,1.2463247,1.1632795,1.0209706
5337714510035350016,166.69525712548335,-60.16506055481136,0.22908785505005708,0.05514324,17.079468,1384.9552,17.536879,137.18907,16.451935,221.53282,1.2261723,1.0849438,1.003207
5337714510035350144,166.69981119376396,-60.17242176368118,0.2256366726143244,0.044588372,15.948804,965.938,16.329054,231.99445,15.308254,541.93475,1.270271,1.0207996,1.71664
5337714510035350656,166.70050345678726,-60.173610647318455,0.5259442529389371,0.05190869,16.591528,1189.4641,17.071138,300.09354,15.8704405,370.49188,1.2840573,1.2006979,1.211692
5337714510035351680,166.7069655068924,-60.17869215819096,0.19798302780673963,0.024192493,15.346479,483.91348,16.16606,150.34694,14.432416,200.75476,1.3177792,1.7336435,0.9556998
5337714510035352960,166.7104507051372,-60.17909008617558,0.28438988054988595,0.05619858,16.96137,1306.4049,18.685583,86.019646,15.715595,452.65723,1.474111,2.9699879,0.9926358
5337714510035354624,166.71308360450075,-60.173420642753676,0.2872342907227605,0.053471446,16.946177,1494.12,17.4262,242.05688,16.304926,274.18253,1.2259026,1.121275,1.0259978
5337714510035355264,166.71508678025342,-60.17372697193042,0.4355013157900894,0.056491252,17.058924,1156.0391,17.566116,150.70111,16.388903,267.4399,1.234786,1.1772137,0.9811546
5337714510040339456,166.68712359124314,-60.17400004904721,nan,nan,14.61176,87.21514,14.971918,680.2088,13.496546,1740.8075,1.6961846,1.4753723,nan
5337714510040340480,166.69225477652478,-60.168808664825015,0.7668048691689491,0.22316515,13.038193,422.3945,13.093559,1522.102,12.552323,2370.1545,1.3476709,0.5412359,16.955544
5337714540052784896,166.70306211918637,-60.15488675146417,0.19068154217503758,0.16429095,17.645067,659.42664,nan,nan,nan,nan,nan,nan,1.1796427
5337714540052905600,166.69971110902713,-60.15570759181066,0.18430850877933064,0.08770083,17.793018,968.64655,18.347225,91.99731,17.083683,133.09348,1.2442933,1.2635422,0.95029575
5337714540057414272,166.7008388044844,-60.163548476352126,0.3041012421148596,0.08296248,17.79365,994.00574,18.320253,86.91238,17.10772,138.33334,1.2382485,1.212534,0.950412
5337714544372243456,166.7015984972005,-60.154320002391124,0.5348935979400933,0.09455424,17.91087,893.9528,18.624987,49.950127,17.129763,100.134674,1.2399639,1.495224,1.0041288
5337714544372244864,166.7066678580013,-60.16481693290798,0.32623335796769026,0.09992831,17.95245,794.501,18.545647,62.750557,17.154898,121.709625,1.2974138,1.390749,1.0764536
5337714544372246912,166.70366674293123,-60.155109574499996,0.5575259039537418,0.11240148,17.424143,353.59726,17.345806,8.144769,16.111979,20.268044,2.1890206,1.2338276,1.7845622
5337714544372247040,166.70313151430375,-60.154655410175785,-0.7873379803753077,0.17737067,17.420391,575.61847,17.30728,29.184074,16.022675,43.424686,2.329947,1.284605,3.5178716
5337714544395091584,166.70301979169471,-60.15831182774523,-0.021594965954804667,0.055208307,16.869864,1255.9805,18.507723,57.274544,15.603111,214.24174,1.5122448,2.9046116,1.0380032
5337714544395091712,166.70734505611267,-60.165728081760065,0.3664527267155412,0.02529682,15.503912,3401.5923,15.858697,669.0929,14.975875,648.4506,1.207649,0.88282204,0.9687485
5337714544395091840,166.70370121138424,-60.15700065311887,0.20810954559746986,0.013444294,13.764713,4990.671,14.757719,950.1526,12.784862,2517.442,1.3284739,1.9728575,1.0507001
5337714544395091968,166.71020139729032,-60.16730768376619,0.31752550111408895,0.038124792,16.31387,2021.0891,16.906504,195.4983,15.536126,206.06786,1.2817683,1.3703775,1.0228344
5337714544395094528,166.7109019809158,-60.15818456707104,0.3089785245948091,0.059367973,16.962168,1150.9512,17.58385,111.00958,16.10968,142.6181,1.3320804,1.4741707,1.175827
5337714544395095424,166.71516938267527,-60.15983931131018,1.3013627349364112,0.09246246,17.787037,869.4196,18.8659,60.49298,16.751919,174.08273,1.360577,2.1139812,1.0596918
5337714544395095808,166.719250293849,-60.1643302792607,0.1069354115243438,0.03703097,14.731809,1363.1187,17.57868,152.1456,13.277201,790.63495,1.6598333,4.3014793,1.0953593
5337714578732047872,166.73661841096998,-60.16175414195687,0.6197001287240901,0.09480433,17.774723,887.6381,18.382914,82.43446,16.952429,147.18349,1.3118811,1.4304848,1.1566544
5337714578732048512,166.73264999214214,-60.152823690917906,0.5358785657520158,0.10182954,17.911663,439.06665,18.09995,27.658642,16.84871,34.565987,1.7302048,1.2512417,1.1530339
5337714578732052864,166.73836580671937,-60.16141819214297,0.4056253246186184,0.065706536,17.209318,1280.597,17.86795,142.83528,16.39351,237.86806,1.2877295,1.4744396,1.0409632
5337714578754836352,166.72699944890738,-60.16084870761589,0.3838405455010306,0.16858158,14.303754,979.8799,14.599258,1304.4324,13.785792,1627.1295,1.2306777,0.8134661,10.686469
5337714578754838784,166.739858317701,-60.16500901755299,0.07789270090165007,0.08838459,17.79121,925.3839,18.664692,69.57276,16.888556,220.77489,1.2910568,1.7761364,0.9626142
5337714578754841472,166.74458691871192,-60.15865763683076,0.4629532355638927,0.07272396,17.526672,1040.56,18.140629,104.84112,16.774395,165.48723,1.2536238,1.3662338,0.9957592
5337714578754841600,166.74939085189615,-60.1689112331432,0.6759454924516197,0.026800953,15.544524,3295.5989,15.936087,642.8317,14.970515,586.52954,1.2198361,0.9655714,0.920953
5337714578754844928,166.75677085062745,-60.16219501647263,1.002399005677618,0.02739124,15.040904,4028.9438,15.506643,598.6908,14.386057,1061.373,1.2416495,1.1205864,1.2886045
5337714578754924160,166.7562221877666,-60.16856882259889,0.14548276164703663,0.07682817,17.536285,905.6817,19.15807,32.874325,16.331938,304.99265,1.4391329,2.8261318,0.98424554
5337714608772261376,166.75894543651344,-60.15289799171484,0.38864101746701446,0.027708666,15.666033,3026.698,16.203161,429.94565,14.957444,889.2223,1.2506387,1.245717,1.0173337
5337714608772382976,166.7562069889183,-60.155480591982496,0.05301634438935267,0.06703501,17.268002,1260.4668,18.154419,134.48305,16.353647,272.1372,1.2976878,1.8007717,0.9422433
5337714608772448512,166.75117635318867,-60.14717353208444,0.21146717727690273,0.089353256,17.816135,972.5867,18.417833,70.872856,17.099201,135.74203,1.2313464,1.3186321,0.93152183
5337714608776898560,166.7456694845263,-60.14410692938486,1.2185097184985971,0.30797416,17.996283,194.33852,18.50889,57.015625,17.15225,112.14049,1.3681496,1.3566399,2.8034315
5337714608776901632,166.75705794149852,-60.16021361473432,0.3680537356821881,0.09276418,17.922152,893.7028,18.520153,100.2324,17.20042,111.68091,1.2363728,1.3197327,1.0201838
5337714613091839616,166.75603790788375,-60.157733344145846,-0.0881160412588935,0.13358249,17.79644,726.61383,nan,nan,nan,nan,nan,nan,1.1895653
5337714613114579072,166.74259484675048,-60.15576620312939,0.2216342629082507,0.068282716,16.635998,803.51587,17.377182,210.04709,15.735477,559.4265,1.331195,1.6417046,1.5908451
5337714613114579328,166.73974598542122,-60.14816271286623,nan,nan,15.455898,204.90218,15.107276,513.71765,14.206468,325.42453,2.330218,0.90080833,nan
5337714613114581120,166.74270945609388,-60.14652367731846,0.15363778920997542,0.057042733,16.961252,1530.901,17.543636,164.01881,16.235287,285.21307,1.2456294,1.3083496,0.94811875
5337714613114581504,166.7445006116771,-60.14830640220327,0.28082067636682584,0.059356526,16.979755,1473.9589,17.595562,137.71399,16.220669,281.63385,1.2582171,1.3748932,1.0497774
5337714613114583680,166.755888589468,-60.158142979455896,0.41276661887372373,0.03018978,15.57805,1608.898,15.968878,205.25386,14.888845,151.8097,1.3001198,1.0800323,1.1968381
5337714613119569280,166.73965667782352,-60.148227740966774,nan,nan,15.117546,46.746735,15.108604,676.2111,14.198278,502.73117,1.7127823,0.910326,nan
5337714643132002560,166.71431962958755,-60.15074578832205,0.3372487127527801,0.08217089,16.787273,652.10004,17.218721,220.12239,16.11839,213.96999,1.2668138,1.1003323,1.6407484
5337714643154440576,166.72335127411284,-60.159684238159954,0.28771603900640286,0.053143878,16.833723,1387.157,17.315807,216.17044,16.150053,300.44717,1.2552912,1.1657543,1.056731
5337714647474308608,166.7043028076404,-60.15118268092903,0.1744317338539637,0.053662684,16.282923,1439.5331,17.084211,194.90018,15.295452,404.2853,1.391902,1.7887592,1.6367638
5337714647474309120,166.7046154715798,-60.14893891117661,0.46986283205154145,0.23704456,17.973179,549.923,18.23497,107.3994,16.92561,159.82883,1.674529,1.3093605,2.62797
5337714647474311168,166.71069816906314,-60.1434512050328,0.32557906926412217,0.054860655,16.817053,1563.798,17.298435,213.78033,16.17994,330.12784,1.2224295,1.118496,1.0684866
5337714647474311680,166.72140780896945,-60.160173634959136,0.2575963420820822,0.069406554,17.037043,997.289,17.43569,192.41478,16.312637,88.87161,1.3226569,1.1230526,1.3173772
5337714647474312576,166.71882958138997,-60.15004788351676,0.10881851256012258,0.03256051,16.000097,2456.307,16.42742,483.4005,15.390986,499.73828,1.2269217,1.0364332,0.97997403
5337714647474312832,166.721788204369,-60.15473043106141,0.3837828120007336,0.06893856,17.392994,1224.9756,18.031042,151.14107,16.651436,200.93983,1.2363137,1.3796062,0.9819743
5337714647474396672,166.70104803452392,-60.14248955005148,0.2849732602939127,0.06998682,17.413078,1165.5211,17.916265,117.298775,16.718998,143.43301,1.2539489,1.1972675,1.0335785
5337714677491744000,166.72839647595876,-60.14670535695307,0.05619302113266217,0.08786977,17.80877,976.7386,18.379648,104.459175,17.121517,149.3015,1.2213713,1.258131,0.9595152
5337714677491751168,166.70810316331202,-60.13913380331182,0.2712559135607406,0.06583554,17.328281,1089.5747,18.012344,106.32568,16.531382,332.75665,1.2631724,1.4809628,1.0049276
5337714677491861760,166.72088346817492,-60.144102575032086,0.300705027884309,0.09806999,17.971548,942.0938,18.685547,97.78162,17.210093,153.12209,1.2245011,1.4754543,1.0282645
5337714677496372992,166.73216020242,-60.14040485241698,1.2836069646352868,0.28418368,17.347303,340.26196,18.12825,108.84156,16.307655,323.02942,1.4499135,1.8205948,3.9263744
5337714681813244416,166.7037908505157,-60.13088754764198,0.10642459333195885,0.08828572,17.41246,614.4109,18.257582,14.717951,15.983473,30.720413,1.9026455,2.274109,1.2397939
5337714681813244672,166.7046183731063,-60.130080469641264,0.9911111656692081,0.16268134,17.221355,448.6744,16.969051,23.264795,15.496146,73.451195,2.9769707,1.4729052,2.2927094
5337714681813256192,166.7140815634631,-60.136961537175246,0.09125764478660216,0.06958149,17.385263,1146.9879,18.249908,85.01832,16.434908,213.31094,1.3371241,1.8150005,0.96436775
5337714681834052352,166.72514761372565,-60.145222987690225,0.2701751263318025,0.07566986,17.416815,1135.5605,18.121328,134.35533,16.56958,247.31891,1.2975773,1.5517483,1.132612
5337714681834131072,166.70435541759744,-60.13054398517322,0.19686872027884839,0.12751955,17.738558,471.96573,nan,nan,nan,nan,nan,nan,1.1072463
5337714681834131328,166.71194054526947,-60.131995672226644,0.7230918722176748,0.021024607,15.110769,3819.6865,15.516481,540.6149,14.52576,775.0555,1.2205626,0.9907217,0.9429132
5337714681834132992,166.73144064024765,-60.13922861048374,0.7594061854709724,0.01950464,14.821233,4263.6562,15.260871,966.63715,14.206892,1590.2805,1.2249645,1.0539789,1.0456545
5337714681834133376,166.713177797833,-60.137644029769746,1.8057327355708228,0.059222586,17.138159,1260.4454,18.25425,110.64739,16.083162,390.0029,1.3717072,2.1710873,1.0463767
5337714711851462528,166.67259943792527,-60.16921714507977,0.2797053362905628,0.06263442,17.2468,1270.9362,17.792688,129.929,16.556602,238.04297,1.233507,1.2360859,1.0290107
5337714711851465472,166.67250295073416,-60.16650730960339,0.20986431719601076,0.06581904,17.412592,1256.9323,17.938559,110.0047,16.731379,264.461,1.235079,1.20718,0.98039055
5337714711851479168,166.66002916280686,-60.15331127985565,0.6435030021169779,0.05194716,15.973905,1281.4346,16.418533,444.72592,15.300629,547.7247,1.2640929,1.1179047,1.8498441
5337714711851754496,166.6641233564273,-60.158454069984025,0.20495926219487387,0.09700142,17.936562,977.64154,18.577427,110.69794,17.22809,134.57362,1.2102554,1.3493366,1.064189
5337714711851754752,166.6710313711258,-60.15611672092956,0.3878288416685893,0.063799925,17.306837,1193.7086,17.824692,144.5852,16.647945,218.73418,1.2223879,1.1767464,1.0458087
5337714711851947904,166.68056097880833,-60.161141002937995,0.25755025720751684,0.09166976,17.913227,787.10156,18.576115,96.65696,17.128162,169.04794,1.2612723,1.4479523,1.0114594
5337714716170864512,166.68069155934307,-60.171537067857095,0.285834545843086,0.06606833,17.394184,1269.4689,17.889439,134.9347,16.690279,203.37811,1.2645459,1.1991596,0.94087166
5337714716193768064,166.65953369122778,-60.16062672345337,0.15903688257899426,0.06179516,17.278688,1215.1057,17.868118,124.627,16.559858,327.41336,1.237503,1.30826,0.99698746
5337714716193768576,166.66381848947412,-60.16539480031869,0.28965443007537894,0.09760996,17.955671,955.1053,18.568825,64.64976,17.197575,149.16833,1.2584504,1.3712502,1.0630262
5337714716193768960,166.66215684658758,-60.16006618687194,0.3250311743809446,0.04230541,16.518087,2009.2551,16.962358,281.12943,15.913345,404.1991,1.2163807,1.0490131,1.0832734
5337714716193771008,166.66558016342887,-60.16013699954292,-0.08860574436246821,0.09432917,17.904127,888.71936,18.530422,96.65604,17.11353,175.31088,1.279202,1.416893,1.0295683
5337714716193776128,166.68355580190035,-60.171634021220186,0.28353261420557724,0.029761598,15.875718,2672.093,16.434107,367.49335,15.154491,585.76465,1.2515292,1.2796154,0.9825923
5337714716193776256,166.68066883116862,-60.16469696951136,0.3911099908761473,0.053407986,16.919273,1526.177,17.406061,200.0694,16.27604,364.3927,1.2243971,1.130022,0.99750465
5337714716193777920,166.68831740940263,-60.162598423293055,0.2998776046371865,0.041652113,16.504782,1907.1716,16.95399,217.86263,15.868293,477.48886,1.2359947,1.0856981,1.0346906
5337714716193778560,166.68951949778315,-60.163247616267554,0.39104013885304345,0.050198566,16.81932,1579.6398,17.327923,189.5435,16.127209,234.94775,1.2502346,1.2007141,1.0423203
5337714746211218048,166.66892188424504,-60.15180616450432,0.20397874747072967,0.06562034,17.34859,1320.6965,17.887371,106.81768,16.635876,227.63669,1.2530448,1.2514954,0.99546754
5337714746211222400,166.68694923816295,-60.14913406299783,0.23084760972897744,0.045351967,16.609926,1712.0354,17.120295,287.25888,15.9042015,258.84818,1.2595438,1.2160931,1.0407586
5337714746211494144,166.66830161038467,-60.14763595404557,0.1666030149278432,0.08168032,17.726946,1003.3475,18.289217,100.59468,17.071037,173.41815,1.202228,1.2181797,0.9880093
5337714750530643456,166.69127213441297,-60.157665116420745,0.2923717457176752,0.052526463,16.83695,1600.439,17.302538,134.95299,16.185968,246.12856,1.2389814,1.1165695,1.0606518
5337714750553512832,166.67163816994895,-60.15397595842232,0.15969066724106384,0.031487785,13.972293,1053.2319,16.76304,149.87976,12.528426,468.51837,1.6468071,4.2346144,1.046214
5337714750553513472,166.6720533483383,-60.1529549115516,0.46853007290232446,0.04534831,16.348282,1800.7638,16.869532,260.1057,15.585444,159.71034,1.2985724,1.2840872,1.2233334
5337714750553513600,166.6705434932766,-60.14915588175074,1.1953693545843218,0.023753028,15.316079,3650.2349,15.789011,661.4493,14.68481,917.5033,1.2220036,1.1042013,0.9171592
5337714750553513728,166.67325267944975,-60.1546305991599,0.2811836267278367,0.029834228,15.862767,2557.4565,16.28895,331.0935,15.206719,246.00716,1.2600234,1.0822306,0.98517674
5337714750553514368,166.67644683241855,-60.15619630539385,0.3573294956994445,0.06797606,17.348948,763.41376,18.099117,139.67084,16.487791,261.1989,1.2938232,1.6113262,1.1054533
5337714750553514752,166.67477401443676,-60.14922983474685,0.2400616344881872,0.075035974,17.614567,1097.1119,18.24672,102.82325,16.841007,130.00705,1.2634362,1.4057121,0.9463548
5337714750553516160,166.6866127458189,-60.15902911753941,0.5648086694546685,0.01391842,13.91343,6104.195,14.574303,1254.545,13.122914,1732.5303,1.2663698,1.4513884,0.9242857
5337714750553517184,166.68661328784705,-60.15471473073015,0.16343931358398991,0.05665133,17.011759,1482.255,17.607698,212.60338,16.269884,299.6927,1.2524912,1.3378143,1.0105935
5337714750553517824,166.68922613801962,-60.15591152145034,0.21586054881547828,0.024207622,15.391238,3282.248,16.285557,454.95596,14.459679,1070.5493,1.3109701,1.8258781,1.0344617
5337714750553612672,166.67156836733955,-60.1417221402878,0.4006527395740508,0.046066396,16.63667,1691.747,17.107008,243.73402,15.957442,302.9945,1.2571256,1.1495657,1.0187013
5337714750553612928,166.67400035395022,-60.14266137148455,0.1706495018897305,0.05906094,17.130196,1345.3636,18.073263,150.49733,16.166258,403.81454,1.3270488,1.9070053,1.0065824
5337714750553613440,166.6791722248013,-60.14460987089868,0.4281104775274307,0.032807674,16.036217,2201.02,16.557592,353.35147,15.36154,575.9544,1.2322394,1.1960526,0.960447
5337714780570961792,166.6366122511771,-60.14742436721181,0.567957394068446,0.012287889,13.45714,4290.179,13.713349,821.18335,13.029702,955.6202,1.1967804,0.68364716,1.0165589
5337714780571072384,166.6561133131748,-60.159439627042154,0.08530794495322716,0.06392124,17.30331,1330.4152,17.911222,135.88712,16.589727,253.10864,1.2264552,1.321495,1.0253907
5337714780571074560,166.65306925152166,-60.152097690972674,0.21692921796983625,0.07394385,17.556744,1150.4825,18.170286,93.28609,16.840279,144.25395,1.2264727,1.3300076,1.0543648
5337714780571231744,166.65159144445076,-60.15420103306246,0.25116472969919484,0.101962835,17.991257,699.1348,18.642494,41.985794,17.20197,101.0994,1.2689018,1.440525,1.0786688
5337714780575570816,166.63192476396694,-60.15249167691936,0.44772653744092417,0.075234,17.616182,1042.4818,18.246397,98.00826,16.845133,127.01979,1.2621794,1.4012642,1.0042425
5337714784890241024,166.64159748394823,-60.15683061384793,0.19261021398260852,0.08655995,17.568027,986.4852,18.114336,90.146706,16.78367,100.21701,1.3053477,1.3306656,1.0598922
5337714784890249216,166.64598599709342,-60.155789662182784,0.9589459576239684,0.08527585,17.192476,802.0988,17.258354,22.637041,15.519799,12.7093935,2.6471617,1.738555,1.3108792
5337714784892499968,166.6310800535013,-60.15153252819219,0.24400201751744036,0.12184817,17.933546,688.5208,nan,nan,nan,nan,nan,nan,1.0912124
5337714784913238144,166.6453952099292,-60.15634488659419,0.24109865708421635,0.012188065,12.646409,3772.703,13.794334,733.9192,11.594521,1804.498,1.3610319,2.1998138,1.0210751
5337714784913244288,166.65709334099796,-60.15730203545038,0.39775676704039714,0.017950049,14.192991,3164.0508,14.353724,1134.6572,13.874333,994.8334,1.1899418,0.47939014,1.2442883
5337714784913353344,166.64172736826285,-60.145824919785106,0.27223020814696464,0.048998207,16.802902,1718.0468,17.460396,179.04066,16.023401,328.5554,1.2587978,1.4369946,0.9466442
5337714784913353600,166.63136202420742,-60.146047308497636,0.31116947400097156,0.07304113,17.550526,1082.8733,18.088526,100.297264,16.85797,177.91626,1.238432,1.2305565,0.9932685
5337714784913353728,166.6354577628196,-60.14771314089575,0.5895222821962244,0.057491254,16.534813,1013.28864,16.69443,24.367788,15.568578,46.635887,1.6510272,1.1258516,1.3938367
5337714784913353856,166.63117309330858,-60.147734508983234,0.48545196814868374,0.10372403,16.926449,637.7667,18.367228,97.87065,15.680253,436.2904,1.518827,2.6869745,1.9657841
5337714784913353984,166.63462374403824,-60.1506829062454,0.37635653612221576,0.05618993,16.962284,1215.9048,17.470648,70.378525,16.110838,92.41952,1.3761958,1.3598099,1.072544
5337714784913354496,166.63122696819954,-60.15125773306841,0.9290644345992479,0.10790826,16.241938,661.3064,16.515528,92.44699,15.265019,158.87775,1.5987749,1.2505083,3.415679
5337714784913354624,166.62964947788694,-60.15182870670936,0.38083374399087466,0.08445554,17.826225,884.2369,18.30187,36.42075,17.062353,74.76945,1.3186321,1.2395172,1.0030335
5337714814930704128,166.6627814181756,-60.14146722719549,0.46399678852979154,0.028223218,15.711301,3041.5276,16.485313,372.93414,14.854891,945.58636,1.2818718,1.6304226,0.91553646
5337714814930706304,166.6593530292758,-60.13847808257234,0.2298687173189881,0.03226184,15.948711,2407.2356,16.326574,411.80258,15.358647,489.77393,1.2368968,0.967927,1.018316
5337714814930713472,166.63613838777854,-60.12803858423394,0.26245584800343763,0.038455017,16.234644,2048.4797,16.61662,306.59943,15.643519,482.82196,1.235668,0.9730997,1.0062103
5337714814945998336,166.65479319996885,-60.14171446005741,0.17988119557799417,0.050086733,16.759884,1516.882,17.319134,152.60052,15.996005,212.91278,1.2839535,1.3231287,1.0173796
5337714814953149056,166.639094871174,-60.14229637478415,0.7433223388731224,0.03368933,15.959173,2303.719,16.416101,283.17014,15.263918,173.39699,1.2746724,1.1521835,1.0529803
5337714819252230016,166.65044903102137,-60.14389164460333,0.1619447212552853,0.08897118,17.813803,953.40405,18.395897,79.62708,17.083954,168.03416,1.248684,1.311943,1.0652978
5337714819272986496,166.66108185962455,-60.14882769675584,0.16172956199715885,0.08599412,17.79783,923.7311,18.486029,89.05615,17.013062,99.275894,1.2519597,1.4729671,0.9927769
5337714819273087872,166.64016251568592,-60.13009852641351,0.3122445099234656,0.056585297,17.039661,1552.7177,17.531992,159.09138,16.37764,257.25623,1.2353235,1.1543522,1.0334048
5337714819273088640,166.65689992933477,-60.13610105393396,0.44686832265649773,0.044350307,15.847901,1608.1813,16.283903,386.6887,15.217856,671.9891,1.2373866,1.0660467,1.491095
5337714819273089536,166.63193646268118,-60.135957746648934,0.27965415427840234,0.057004735,17.101282,1419.9937,17.657211,215.15715,16.407003,318.57492,1.2324604,1.2502079,0.97494036
5337714819273089792,166.63362351441262,-60.13690084078924,0.42071693105475233,0.058855116,17.165169,1343.2257,17.728981,172.99419,16.423231,264.39886,1.2651199,1.3057499,0.99528664
5337714819273090048,166.63418856208105,-60.137911807334824,0.3824240755770276,0.042981528,16.52178,1825.5065,17.029945,213.728,15.806135,200.88176,1.2678642,1.2238102,1.0394096
5337714819273090688,166.64111928830621,-60.141030805904236,0.24728977425809748,0.054981146,17.014809,1502.1888,17.494116,213.84163,16.373169,290.60275,1.2264826,1.1209469,1.0195888
5337714819273090816,166.6336869555903,-60.14017004694585,0.38448383549177106,0.052301347,16.907162,1626.6876,17.394445,180.6595,16.241535,339.5453,1.2400485,1.1529102,0.99668086
5337714819273091200,166.64611448227942,-60.14344454989762,0.26423747500985567,0.045827787,16.713997,1349.4749,17.084305,44.63239,15.871797,42.857643,1.4299476,1.2125082,1.0298176
5337714819273091328,166.64608608319838,-60.14394357963791,0.6516942218994616,0.065764256,17.119383,1114.1256,nan,nan,nan,nan,nan,nan,1.0911539
5337714819273091456,166.65073906712814,-60.145075412065424,0.6845179922093623,0.034126826,16.019073,2399.6252,16.546827,399.98105,15.312916,698.5721,1.2526647,1.2339115,1.0891625
5337714849290443392,166.6695651812637,-60.14007712063038,0.35664738827010095,0.07050294,16.98822,922.58875,17.613424,180.60497,16.178616,269.48886,1.2950102,1.4348087,1.3543149
5337714853611946880,166.68032840819384,-60.13216801813981,0.44408184967678893,0.11202659,17.484911,534.4664,nan,nan,nan,nan,nan,nan,1.6341887
5337714853611954048,166.6751894580724,-60.135281692364714,0.19982024103100535,0.09370379,17.978888,844.49316,18.554977,32.951084,17.241802,67.466576,1.2565509,1.3131752,1.014348
5337714853632734208,166.6888608377875,-60.14809619354006,0.13974604274121433,0.045699164,16.555872,1469.46,17.984688,101.02148,15.38642,514.7607,1.4304359,2.5982676,1.0213335
5337714853632734976,166.69021561435167,-60.14663704899046,0.42091351287095174,0.015255784,14.012857,3459.7268,14.2151785,1064.7383,13.643044,540.39124,1.1936716,0.572134,1.0552016
5337714853632735744,166.69416961578662,-60.148338556711124,0.4005588223368645,0.049832307,16.557297,1237.8834,17.03507,197.20901,15.75581,252.21742,1.3477025,1.2792606,1.2444099
5337714853632824320,166.67788479339532,-60.13068517942315,0.3325036168317747,0.011842893,13.241534,6780.031,13.979036,1645.6484,12.4056425,2936.3186,1.2766888,1.5733938,0.97187334
5337714853632824448,166.67373561916423,-60.1301418823573,0.08455835863967096,0.10572157,15.119727,651.804,15.441619,666.8075,14.487719,813.34454,1.2925363,0.95390034,5.008983
5337714853632824704,166.68049739480776,-60.131679008430574,0.19818718372994126,0.020648815,14.961778,793.8724,15.7930565,151.60052,14.019742,208.42123,1.3396201,1.7733145,1.039416
5337714853632825600,166.68017842596538,-60.13370963199933,0.2532922661546017,0.026190003,15.588232,2933.4333,15.847107,471.66983,15.164995,676.7502,1.1929663,0.68211174,0.9583194
5337714853632825856,166.676278173441,-60.134960082025245,0.3365825547192811,0.111791015,17.493774,515.52295,17.818064,54.52656,16.465017,65.178986,1.6236784,1.3530464,1.8654215
5337714853632825984,166.68427954254457,-60.13628456546315,0.2142697258107077,0.070617646,16.543531,957.1373,19.227766,49.70366,15.104422,590.9505,1.64557,4.1233444,1.0381746
5337714853632826112,166.67167487182616,-60.134608849584986,0.44035551631247155,0.024571253,15.456295,2100.6638,15.863589,436.9333,14.86185,600.06573,1.2261326,1.0017395,1.0268832
5337714853632826496,166.678553398066,-60.13655653774639,0.1831421029283002,0.03885601,16.377487,1948.0564,16.970627,208.60608,15.634741,531.4915,1.2542437,1.335886,1.033473
5337714853632826624,166.6700142528777,-60.13636152809703,0.3113670624036237,0.063166164,17.272192,1236.8562,17.821213,124.42405,16.568447,233.89366,1.2422229,1.2527657,1.0479624
5337714853632827392,166.6691928796386,-60.13810320520882,0.8538810094718852,0.018032838,14.659837,4399.987,14.993727,965.9271,14.153929,1657.0416,1.204001,0.839798,0.988356
5337714853632827648,166.68627555525285,-60.142179681415215,0.1966868550719957,0.04710878,16.5811,1589.59,17.025608,298.70508,15.959466,429.61914,1.2277949,1.0661421,1.0991181
5337714883650182656,166.69731611430763,-60.13778806907501,0.19668630475007953,0.03615842,16.202581,2117.2961,17.013128,291.62955,15.31017,572.5329,1.3013386,1.7029581,0.94225013
5337714883650185728,166.68769904582612,-60.132805360013634,0.7216475423410393,0.048013795,16.543444,1719.5222,17.095839,281.77127,15.842261,348.00357,1.2389672,1.2535772,1.1142472
5337714883650186880,166.7043197705214,-60.130187807321356,0.778380897367279,0.2185188,17.11566,286.50156,16.825699,65.59601,15.403469,74.80883,2.9846833,1.4222298,4.28604
5337714883650191616,166.685161379365,-60.12463017636003,0.34676205461254506,0.040852804,16.44676,1954.6862,17.026447,326.51825,15.7146225,581.3821,1.2513659,1.3118248,0.9980733
5337714883650449024,166.68872417060652,-60.122458275368174,0.6798015297313444,0.08785432,17.818916,906.73157,18.580791,73.76736,16.995625,164.44366,1.2580394,1.5851669,1.0317849
5337714883654798080,166.70175739355525,-60.12591573258912,0.5091833788385487,0.06657374,17.419273,1260.4747,17.967834,129.34084,16.696798,255.058,1.2564125,1.2710361,1.0022663
5337714887992559360,166.67985178484022,-60.12224822073963,0.21200674301620806,0.041464895,16.439304,1945.4806,17.016222,312.6313,15.712513,553.82153,1.2483953,1.303709,1.0602584
5337714887992560128,166.67750334675827,-60.12329840908263,0.6186874986424297,0.081448175,15.812274,529.7306,16.163872,409.75708,14.988944,387.68213,1.4231555,1.1749277,3.2021487
5337714887992561408,166.703162889972,-60.1303142364179,0.08987920842082658,0.06972595,17.333792,981.9137,17.67691,16.706263,16.314623,15.808808,1.6048824,1.3622875,1.0807027
5337714887992562048,166.67810448780395,-60.12834772431262,0.32471438902162075,0.06525247,17.296257,1257.2356,17.81727,124.11256,16.621918,189.95828,1.232146,1.1953526,1.0299945
5337714887992562432,166.6880462113958,-60.13203399431625,0.28429366842937076,0.094836585,17.932535,824.33704,18.4526,37.756252,17.204573,78.30224,1.2721965,1.2480278,0.9576795
5337714918010187776,166.63846523054931,-60.12137162937929,0.1998336096782859,0.07838907,17.582476,960.7736,19.02527,43.506844,16.41484,282.925,1.4258808,2.6104298,1.0117642
5337714918010387584,166.66348488605996,-60.13378472086512,1.02761237643579,0.093565695,17.897709,853.00616,18.954659,61.53054,16.910275,154.526,1.319127,2.044384,0.9529902
5337714918025204736,166.64532273993663,-60.13061527764616,0.2293448244402661,0.06984564,17.364462,1196.3474,17.842735,187.95334,16.696737,278.5507,1.245409,1.145998,1.0405711
5337714922331409280,166.64902466958426,-60.120151767146396,-0.05672792790916156,0.065285236,17.238892,1015.63367,19.243015,46.8707,15.915196,399.6928,1.5390928,3.3278189,0.9673878
5337714922352299008,166.6468259806874,-60.11995023459456,0.5106817053772995,0.047780994,16.665028,1685.0077,17.231773,263.62415,15.926813,401.38287,1.2611009,1.3049603,1.0625175
5337714922352300032,166.64352969797014,-60.12242107479159,0.25206992729933214,0.03405095,16.002092,2220.3916,16.774212,285.4244,15.146143,576.3611,1.2820984,1.6280689,0.9592811
5337714922352300672,166.66943675136736,-60.128078677873226,0.2644075555134651,0.023278775,15.26211,3665.481,15.755425,483.70508,14.596092,1023.69257,1.2377627,1.1593332,0.94899803
5337714922352300928,166.64063945770022,-60.125474804365666,0.30402384486818357,0.08514245,16.546356,862.6109,17.030725,220.83453,15.680011,273.28928,1.3990858,1.3507147,2.0816536
5337714922352301312,166.66078733408403,-60.12829081766331,0.2531677507103445,0.040144715,16.358454,1996.3823,16.966846,223.5626,15.602021,482.3131,1.2589669,1.3648252,0.9583551
5337714922352301696,166.65609187426904,-60.12845873251692,0.29456675379281005,0.0835296,17.691103,1043.7601,18.312235,80.33381,16.92408,162.43839,1.2624165,1.388155,0.9963203
5337714922352301824,166.6583323897916,-60.12908778463629,-0.008544418881339465,0.08785687,17.296831,762.725,20.049067,18.849478,15.826959,367.44086,1.6873851,4.222108,1.014506
5337714922352302080,166.6607562645156,-60.13040972041163,0.19174331335401315,0.06331272,17.314692,1333.5299,17.815401,122.907814,16.619457,163.1553,1.2558402,1.1959438,0.96715313
5337714922352303104,166.64706844771635,-60.131460116729585,-0.002030398571818616,0.0649616,16.426203,368.92123,20.556292,12.089088,14.813592,161.32776,1.8750577,5.7426996,0.9331851
5337714952369673728,166.64948726412402,-60.113305879176686,0.6368958536291087,0.0591097,17.095377,1388.7302,17.706306,130.83792,16.32495,256.7024,1.2689606,1.3813572,1.0191048
5337714952369674752,166.64557755537925,-60.109646059828975,0.11837072067182343,0.08907868,17.811739,879.3433,18.41507,132.11916,17.086187,187.47223,1.2372103,1.3288822,0.9930944
5337714952369676032,166.649974228982,-60.10706033437216,0.5130868402198162,0.04569768,15.318743,634.8493,15.208755,42.814957,14.19099,73.300804,1.9918947,1.0177641,1.7493047
5337714952369925888,166.66480822217096,-60.12125423103154,0.5800535243494647,0.089788005,17.862043,940.25446,18.61125,99.65991,17.071548,140.7501,1.2355224,1.5397015,1.0023515
5337714952374267520,166.66837390860505,-60.12453109804947,-0.04618698788043415,0.07910581,17.384876,385.98953,18.539656,13.235309,15.958641,79.42103,1.8160462,2.5810146,1.1110696
5337714956691150464,166.6674179575656,-60.12441294702836,0.692878413150254,0.08808236,17.636927,883.055,nan,nan,nan,nan,nan,nan,1.064891
5337714956712030592,166.65047636254857,-60.10719707332447,0.3651340255523824,0.034237396,15.50944,1346.5624,nan,nan,nan,nan,nan,nan,0.9913951
5337714956712034176,166.66108107154702,-60.1158251220611,1.0890983747435166,0.056552485,17.076353,1392.8804,17.862902,144.68935,16.223186,361.6041,1.2750272,1.6397152,0.9396538
5337714956712035200,166.64706482088872,-60.11481506063273,0.30262604740589316,0.058274843,17.135593,1400.3729,17.725971,150.76898,16.404884,300.08838,1.2461139,1.3210869,0.9967978
5337714956712035712,166.6721177950261,-60.120464427557174,0.39603448625489207,0.06940451,17.456247,1153.4344,18.068491,143.84264,16.722723,239.14723,1.2398604,1.345768,0.95752317
5337714956712037888,166.67037875570244,-60.12504973778052,2.7577716296713164,0.061836794,14.934397,883.6474,15.75522,616.6188,13.991677,1304.1465,1.3435143,1.7635431,3.1037817
5337714986729399040,166.7465783263076,-60.135528669290956,2.2470388717157603,0.100512855,17.621382,683.2722,nan,nan,nan,nan,nan,nan,1.0040667
5337714986729399936,166.74445016308067,-60.13289769467511,0.23942789811723952,0.06665524,17.108242,427.3668,18.026613,15.2788105,15.723002,53.798576,1.8189325,2.3036108,1.0532377
5337714986734021760,166.7477382542485,-60.14198788439191,0.40143657300406077,0.01978536,14.809503,3991.7603,15.148624,727.76355,14.26559,1111.072,1.2253332,0.8830347,1.0034997
5337714991048976128,166.7575325891073,-60.14631692050787,0.31033959126126764,0.07006139,16.930693,1088.5521,nan,nan,nan,nan,nan,nan,0.9956775
5337714991050873856,166.7401138173301,-60.12804781440993,0.4069344458487769,0.09351484,17.935333,887.04095,18.569658,100.188416,17.185589,103.2444,1.2440056,1.3840694,0.99619
5337714991050882816,166.74366128601775,-60.13260171167276,0.551772404933132,0.06363966,17.186275,888.56134,17.800932,52.31589,16.293615,15.762214,1.3695272,1.5073166,0.961907
5337714991071705216,166.74660338113762,-60.141102460958415,0.7343846435085858,0.017351149,14.478627,4630.15,14.812619,984.553,13.96681,1381.54,1.2076113,0.845809,0.9436401
5337714991071707136,166.75583410640525,-60.14156180466259,0.3176333243990506,0.046007946,16.592001,1805.5413,17.38397,162.57227,15.703738,359.62363,1.3036196,1.680232,1.0001336
5337714991071708160,166.7592725706162,-60.140737545503406,0.47741266400594357,0.025922697,15.518763,3271.4436,16.013681,383.16818,14.85306,539.7746,1.2368579,1.1606216,0.88689137
5337714991071709184,166.76232290143844,-60.13996557018999,0.2638868562568131,0.0606574,17.097118,1321.1687,17.837894,122.63827,16.213247,259.75745,1.316652,1.6246471,1.0485725
5337714991071773696,166.74061833949537,-60.12889244131467,0.30985947398779734,0.053773772,17.008049,1435.6133,17.560371,197.63791,16.304422,287.68634,1.2408066,1.255949,1.0392747
5337714991071774720,166.74120808307754,-60.13213955491,0.4228009293300669,0.08012377,17.687675,904.1752,18.200226,48.66025,16.840246,70.68145,1.3710433,1.3599796,0.98496044
5337714991071776896,166.75165486518168,-60.13837203636195,0.236311038919181,0.05570422,17.036451,1404.1608,17.774126,176.57155,16.20787,366.79153,1.2705292,1.5662556,0.9566638
5337714991071777024,166.73699841977472,-60.13636400910872,0.2347564728395916,0.017162845,14.563565,4225.9287,15.408183,534.89,13.65632,1274.1887,1.3038925,1.7518635,0.9800055
5337714991071795840,166.74598589439407,-60.13415160428404,0.259222872859328,0.04815995,16.73066,1615.118,17.22498,176.54816,15.983448,238.2013,1.2976983,1.2415314,1.0460508
5337714991071795968,166.74679038301448,-60.135189124054314,0.3185232983225411,0.051237144,16.44527,1190.9152,16.86723,99.847534,15.518707,54.349297,1.4798667,1.3485222,1.3186556
5337714991071796224,166.75040639157197,-60.136301082512794,0.8841847942466445,0.047773816,16.69327,705.58746,17.323622,143.06052,15.900515,258.71054,1.2794173,1.4231071,1.0255612
5337714991076692736,166.75683109097858,-60.14614053798776,0.13395647863670662,0.025604336,14.68944,2017.5708,15.432471,138.62553,13.744796,245.71555,1.3705871,1.6876755,1.2082616
5337715021088476800,166.74957122630227,-60.11835634979374,1.140124755471971,0.009776548,12.400651,5784.156,12.689878,2065.627,11.946222,3882.3955,1.195331,0.74365616,0.8224561
5337715021089142528,166.7528727329954,-60.12482730371834,0.37958388746427263,0.07177624,17.534876,703.4208,17.933983,74.624,16.644674,82.63071,1.4577796,1.2893085,1.0311403
5337715021093760768,166.74984262417286,-60.12796694693059,0.10682771828602422,0.08150472,17.764751,1005.93335,18.516432,92.77903,16.929808,157.94588,1.2711257,1.5866241,1.0556273
5337715025410601856,166.7600474523536,-60.12645208607298,-0.0004143761301465265,0.061669234,16.47954,938.53613,16.893877,199.3136,15.581633,201.57484,1.4575894,1.3122444,1.3560857
5337715025410837760,166.74918842110117,-60.12707434402882,0.7895516361107572,0.06854628,17.41985,1020.72766,17.986416,77.44199,16.543686,107.5135,1.3737295,1.44273,1.0793686
5337715025431450752,166.77048933715741,-60.13727209102225,0.28354721114302184,0.051997993,16.951067,1634.5549,17.539295,156.27507,16.234928,436.86404,1.2359501,1.3043671,0.97789294
5337715025431510144,166.7437916432182,-60.124196926747,0.2848792410615164,0.059342816,17.199612,1316.1896,17.78274,189.40681,16.414375,235.01082,1.2914286,1.3683643,1.0235044
5337715025431511296,166.76247615074467,-60.13131624265697,0.48304692364533713,0.08742851,17.076294,667.5538,17.633514,168.41219,16.288675,213.84048,1.3035719,1.3448391,1.6514467
5337715025431533824,166.7536164879021,-60.12261364817574,0.3000706886199521,0.122221574,17.703669,517.0064,17.809061,58.52797,16.477297,45.667847,1.9605788,1.3317642,1.6943216
5337715025436440192,166.74245795873995,-60.12326270527939,nan,nan,17.77731,69.647896,18.037205,117.09193,16.552742,256.24713,1.8711201,1.4844627,nan
5337715055448215680,166.71959961254927,-60.132281301225305,0.2623630277923259,0.017508384,11.992723,3303.8694,13.244771,714.98004,10.899302,1577.4055,1.3812408,2.3454695,1.2024869
5337715055448879104,166.72684452105187,-60.12813960382927,0.2584449540244545,0.06295613,17.309916,1291.2795,17.848415,149.63326,16.617891,178.63916,1.2378397,1.2305241,1.0166093
5337715055448881024,166.72578669101856,-60.12587891145415,0.31338356782833204,0.04611876,16.738758,1629.2369,17.246258,142.34721,16.05668,360.20642,1.2433707,1.1895771,0.9883388
5337715055448883200,166.72074619900002,-60.12363276986364,0.2782248800605481,0.056696042,17.066559,1518.3677,17.607113,122.61284,16.338783,222.83307,1.2636583,1.2683296,0.93304634
5337715055470996992,166.71887504932766,-60.124861237593606,0.2834154342091119,0.07239307,17.542028,1124.1053,18.140686,114.12818,16.753344,229.01883,1.2881713,1.3873425,1.0301772
5337715059770367232,166.72113382263927,-60.133114058832604,0.14528928427253074,0.058698494,16.694445,1068.9164,17.067694,73.90721,15.718132,43.644974,1.5487602,1.3495617,1.2285968
5337715059791247104,166.7134812068889,-60.118426284008116,0.24393549696877445,0.022615684,15.240715,3157.8855,15.524194,872.97955,14.792968,795.39777,1.1943566,0.73122597,0.96682787
5337715059791250688,166.7355319578306,-60.1294845905291,0.47642177443153816,0.049211897,16.765987,1658.2037,17.341238,270.15546,16.024664,306.02048,1.2601267,1.3165741,0.9746938
5337715059791251072,166.70658256190768,-60.126009375732316,0.30479015300617984,0.037508182,16.298782,1732.2766,16.699703,361.94962,15.700995,414.6146,1.2313101,0.9987078,1.0556558
5337715059791251328,166.71265672073798,-60.12711542861353,0.7688262354340826,0.01571891,14.309933,3731.7004,14.636082,912.23236,13.795687,1530.9058,1.212988,0.840395,1.0430051
5337715059791252352,166.71915637938974,-60.130323781133065,0.297154106176251,0.03424877,16.092325,2125.299,16.459555,400.81665,15.534136,261.28635,1.2209654,0.92541885,0.9592381
5337715089808624256,166.73761819018296,-60.11816515463205,0.20426628319274384,0.08492206,17.797623,716.38226,18.244492,34.31627,16.79157,40.70136,1.5437757,1.4529209,0.98004586
5337715089808626688,166.71905346836635,-60.11240175868205,0.2786943469099395,0.04653918,16.739893,1584.3949,17.273468,243.18668,16.053705,371.54337,1.2355788,1.2197628,0.99456936
5337715089808626816,166.73440503599883,-60.1115497308246,0.19954054131601942,0.033575606,16.120474,2184.1003,16.438807,268.66718,15.588316,265.07974,1.2281102,0.85049057,0.9983657
5337715089808628480,166.71629932540452,-60.1060636912318,0.16438626740664192,0.060251296,17.249758,1261.6414,17.860527,117.10039,16.475447,268.62802,1.2720883,1.3850803,0.9264694
5337715089808724224,166.71063256713964,-60.11469605209136,0.26767604759429464,0.065297246,17.37126,1199.3505,18.002403,133.4791,16.630068,298.96994,1.2386036,1.3723354,0.9571888
5337715089808879872,166.72896178948176,-60.113557880598655,-0.002244692074406876,0.101878464,17.940697,772.3326,18.521126,45.33809,17.128435,101.908905,1.3143518,1.3926907,1.1363281
5337715089813231104,166.71742486843502,-60.106699439690914,0.2861753347854267,0.072604924,17.58304,1045.9753,18.17361,102.241905,16.826937,253.6076,1.2655638,1.346674,0.98260117
5337715094130045312,166.73144002155857,-60.11184096859699,0.15588448431005852,0.07647146,17.473225,1016.0978,17.929539,65.47726,16.708622,91.463875,1.3276119,1.2209167,1.1863636
5337715094130072576,166.72343601998628,-60.11915459208207,0.2658777955758427,0.05523576,16.967627,1285.4192,17.482626,85.07378,16.208883,180.25052,1.297966,1.2737427,1.0010239
5337715094150978816,166.71422170115918,-60.11053307901703,0.28736971449886717,0.04393495,16.590044,1785.7216,17.189775,233.68192,15.841625,404.4713,1.2560697,1.3481503,1.0280362
5337715094150981376,166.7141267566366,-60.11350578935714,0.3498863337141309,0.04232475,16.433971,1885.658,16.948454,310.24274,15.752634,339.77734,1.2399209,1.1958199,1.0379726
5337715094150987136,166.73512102008982,-60.12414553458789,0.1346812533298837,0.1403971,17.629585,471.45172,18.549112,66.03286,16.556417,242.4818,1.4419701,1.9926949,1.8263054
5337715094155917184,166.72443572725624,-60.11989734594985,0.31498571252837665,0.019744761,14.889893,2565.4993,15.190206,789.1617,14.406324,1019.4577,1.2070888,0.7838812,0.9826384
5337715124167692160,166.77381050708766,-60.12310838883893,0.2791635263258211,0.011727853,11.848515,4097.716,11.96674,1562.7211,11.6115055,2214.395,1.174018,0.35523415,0.79474974
5337715124168363904,166.75446167186092,-60.11528430834936,0.2045785375600095,0.059243843,17.17793,1364.666,17.739317,180.06996,16.477364,251.97012,1.2349179,1.2619534,0.9785013
5337715128510713216,166.74986689702845,-60.109650065077254,1.2313221829883165,0.034068603,15.348396,2139.2053,15.803062,517.4253,14.692913,1155.2795,1.2469406,1.1101494,1.4394654
5337715128510716672,166.76374362168744,-60.11713061307083,0.21864463198308676,0.01935436,14.853223,3769.1719,15.672874,642.5214,13.960265,1128.8499,1.29895,1.7126093,0.9351999
5337715128510718464,166.76604865781204,-60.11969810235385,0.3555026974645259,0.066346854,17.323645,1251.2725,17.90744,123.54639,16.612856,269.95496,1.233674,1.2945843,1.0168064
5337715128510720128,166.76783451658235,-60.12125373889005,0.13571910084059952,0.06408505,17.10537,1100.6343,17.65863,104.49295,16.31567,157.65485,1.3068238,1.3429604,1.1420825
5337715128510721536,166.77611883240021,-60.12401010846861,0.13411505488513814,0.08263044,15.752533,97.493225,19.141788,8.541364,14.059559,78.45472,2.0336819,5.0822296,1.2433347
5337715128510753280,166.75863411945096,-60.111345873198005,0.4360084628261051,0.055196695,17.044556,1614.1873,17.646759,247.27432,16.30647,371.43405,1.2471777,1.3402882,0.9915342
5337715158528105728,166.76608705862833,-60.105133081474655,1.8552548280249523,0.03907108,16.378965,1731.4292,17.085398,192.59863,15.444735,306.0488,1.3735379,1.6406631,0.9849439
5337715158528106112,166.77512403292306,-60.10242535082244,0.1381705899290089,0.06916904,17.117407,852.1731,17.605381,104.78902,16.344387,170.56256,1.3205452,1.260994,1.2072498
5337715162849490176,166.76443642781376,-60.096097125271896,1.3906177758340295,0.039235704,14.830354,1487.0258,14.974961,46.979927,13.920517,56.553856,1.6078604,1.0544443,1.9813124
5337715162870445696,166.76367881054819,-60.09614620156112,0.7747099502684218,0.030365882,15.303106,2025.1549,nan,nan,nan,nan,nan,nan,1.0219547
5337715162870446208,166.76108541377863,-60.09863062102496,0.2691869626998936,0.024678169,15.489935,2785.0337,15.897021,571.07715,14.853033,570.278,1.2552509,1.0439882,1.0425897
5337715162870446464,166.7798858836855,-60.10161533560123,0.536176415931591,0.08832348,17.602995,787.1054,18.288769,117.155045,16.625126,259.89703,1.4216195,1.6636429,1.1530334
5337715162870447616,166.78370497342695,-60.10547932474623,0.6043428267319662,0.09019884,17.854446,954.9703,18.536089,61.556217,17.015017,126.20984,1.2990677,1.5210724,1.0190026
5337715162870447872,166.75161409347027,-60.10169921219703,0.35524314631251286,0.045920584,16.71002,1750.6678,17.364136,132.34506,15.909871,459.61206,1.2766025,1.4542646,0.9885491
5337715162870448000,166.77730052810134,-60.1054800790139,0.1139978386058226,0.050310083,16.370768,1136.4594,18.8898,65.99904,14.930708,421.69302,1.6570129,3.9590912,1.0455545
5337715162870449024,166.75824124150043,-60.10630602430162,0.28108662802738316,0.05319732,16.395952,1474.5056,17.00893,287.80383,15.595897,551.0876,1.2918572,1.4130335,1.4142979
5337715162870450816,166.7806789829136,-60.11246003360113,0.3844785961002057,0.04548685,16.614197,1846.9357,17.190546,297.53165,15.881868,423.46207,1.2528207,1.3086777,0.9832839
5337715162870486144,166.76434985448125,-60.103619392646834,-1.5553471772336793,0.39006272,15.672493,286.4461,15.998527,436.55942,14.871702,810.9128,1.4171937,1.1268244,14.558776
5337715192887843456,166.72733861056415,-60.10663503194946,0.13871066959594414,0.039691437,16.414858,1012.95404,17.583084,130.73909,15.341336,197.73047,1.3786844,2.2417479,1.0616574
5337715192892675200,166.72257170081662,-60.09870339068758,0.5042782813275878,0.09518648,17.909061,895.1513,18.48499,81.27853,17.134115,162.09789,1.2860669,1.350874,1.0778507
5337715197230185088,166.72549372424476,-60.09526932994213,0.45734117071464847,0.07937348,17.711302,1009.5033,18.259384,124.984985,16.966864,154.16142,1.2733389,1.2925205,1.0096159
5337715197230185600,166.72975291668934,-60.09722904327834,0.35649011188756957,0.08277135,17.774132,959.1665,18.448612,99.512764,16.944345,132.70839,1.2935646,1.5042667,0.95463896
5337715197230186880,166.72629998846438,-60.10007701265487,0.24509606743429477,0.05047662,16.819721,1469.3134,18.61003,89.70442,15.565308,653.2013,1.4759518,3.0447216,0.9766471
5337715197230187264,166.74627362068372,-60.104502495190474,0.29051750789115505,0.045946322,16.6392,1871.418,17.127491,213.13411,15.9742985,351.65292,1.239101,1.1531925,1.0660633
5337715197230187648,166.74817129153885,-60.10501474541911,0.17708056194159816,0.043847803,16.539595,1668.2021,17.138884,210.11348,15.76955,437.09344,1.2731128,1.3693333,1.1070346
5337715197230188160,166.72084993667005,-60.10218034968906,0.41228249006859957,0.04901183,16.849113,1677.8872,17.406855,219.97319,16.124111,295.26505,1.2546368,1.2827435,0.9793361
5337715197230189440,166.7405103508787,-60.107801552327004,0.2548370167759368,0.038800508,16.403881,2140.9558,16.79777,326.6984,15.816255,318.17303,1.2277683,0.98151493,0.9449925
5337715197230189824,166.7473637455207,-60.109081624552786,0.1399786335937701,0.06270431,17.225159,1380.514,17.753641,126.5826,16.520643,283.56845,1.2511464,1.2329979,1.0341074
5337715227247585920,166.72796991212041,-60.09378804312072,0.3969200699752416,0.03746233,16.336588,2149.8606,16.993492,333.3031,15.5536175,488.15543,1.2617763,1.4398746,0.9497823
5337715227248040320,166.7305390217251,-60.0894389234605,0.25809691577990135,0.08722681,17.812845,873.70605,19.675652,34.205185,16.556046,204.20107,1.4698852,3.119606,1.0165116
5337715227248501376,166.74440191732606,-60.088669062901445,0.18093343388525407,0.039454695,16.399237,1767.5482,17.717913,70.46098,15.226934,252.66998,1.4544528,2.4909782,0.9841226
5337715227248502656,166.73791087056324,-60.08804394494054,0.24630385760714552,0.0318986,15.99215,2454.4033,16.312202,398.65405,15.485967,372.13626,1.2110109,0.8262358,0.9447168
5337715231566465920,166.73939796299746,-60.087972074045005,0.18727143015790867,0.06614141,17.388788,1204.2246,18.077206,58.470894,16.52575,90.633606,1.3167063,1.5514565,0.93905175
5337715231566466560,166.74517081462116,-60.089144309737364,0.9941098248594203,0.034033448,16.144064,395.20013,16.636593,60.636425,15.255123,48.56028,1.4152684,1.3814697,1.0048256
5337715231568969856,166.751493166626,-60.09773903997955,0.19687498936160455,0.050849766,16.891588,1275.8037,17.339317,69.093834,16.052715,51.536877,1.391662,1.286602,0.92530537
5337715231589804416,166.72779814065822,-60.08922439425595,0.1946207204401666,0.06633111,17.393171,1301.3246,18.070576,121.91975,16.61933,213.67897,1.2471198,1.4512463,0.9986267
5337715231589804544,166.72814048365032,-60.08726985894752,0.31248559938192094,0.026944036,15.679612,3298.0576,16.215748,449.62286,14.977644,699.2783,1.2461275,1.2381039,0.9437089
5337715231589804672,166.73456341639235,-60.09012534769422,0.5103054807162297,0.021566419,15.130195,3388.4585,15.5039625,771.7864,14.5809765,924.6122,1.2120702,0.92298603,0.95331526
5337715231589804800,166.733679152089,-60.08792667056201,0.40311557037809587,0.028596235,15.758078,3153.897,16.160776,596.94104,15.177212,609.92804,1.2192014,0.9835644,1.0279056
5337715231589922560,166.740921163025,-60.09450070132665,1.1482661906667568,0.032941516,16.096193,2436.507,16.677088,318.1156,15.376119,635.613,1.2417659,1.3009691,0.9401145
5337715231589922816,166.7508342108465,-60.097217229963476,0.384101480349176,0.05347736,17.006313,1507.159,17.771603,167.74963,16.101519,194.78339,1.326955,1.670084,1.0110694
5337715231589923072,166.73921310988786,-60.09548046998411,0.2022641530266573,0.09866698,17.959417,809.01135,19.559597,37.906853,16.73988,202.9998,1.4603859,2.8197174,1.0420834
5337715261607314176,166.70193292309696,-60.12264839047011,0.6753363597570369,0.075057864,17.41885,1104.1111,18.081858,89.77608,16.623083,206.2283,1.2698213,1.4587746,1.0595527
5337715261607316352,166.69719105608974,-60.118927231223175,0.49257799445279093,0.059131235,17.116774,1434.7471,17.693642,156.25449,16.395807,330.9172,1.2440149,1.2978344,1.0310204
5337715261607316608,166.6866229838664,-60.11903955160142,0.29431663784530016,0.05273389,16.973253,1514.562,17.519,165.16425,16.238255,204.6171,1.2670492,1.2807446,1.0066072
5337715261607317504,166.69328964710488,-60.117433655718564,0.29010582135118373,0.047888726,16.792814,1648.3434,17.273224,242.86891,16.134497,382.2235,1.2377743,1.1387272,0.95957714
5337715265928761088,166.70414865778693,-60.11514616068856,0.49595008255101514,0.098953456,16.920584,702.7771,nan,nan,nan,nan,nan,nan,0.99475217
5337715265949671552,166.68533230088926,-60.107491560460474,0.22743085237833002,0.098914355,17.910322,947.10614,18.5471,51.727608,17.17083,140.04228,1.2352023,1.3762703,1.0842477
5337715265949672448,166.68564425266894,-60.10850190307048,-0.03685531737751235,0.09992285,17.883942,810.4592,19.679062,27.193544,16.607407,182.33397,1.5028458,3.0716553,1.0407944
5337715265949674368,166.67938255801366,-60.10898488064757,0.28517113955842227,0.038270075,16.322014,2154.8135,16.841442,405.39584,15.630344,457.7235,1.2454063,1.2110977,0.9931039
5337715265949675136,166.68740790862256,-60.11185348776867,0.23995183877036605,0.012192336,13.459743,5110.583,14.397151,1180.2719,12.50644,2497.3079,1.3186694,1.8907108,0.89985967
5337715265949675264,166.68523377351914,-60.11107187708374,0.5329910986643606,0.03885342,16.359045,2017.7277,16.88828,232.89388,15.58257,261.90558,1.306026,1.3057108,1.054704
5337715265949675648,166.69407942571772,-60.113137525003644,0.26139821547506387,0.013747192,13.8705845,1147.0017,14.104746,508.6961,13.473456,331.52402,1.1913521,0.6312895,1.0296685
5337715265949676160,166.70441431744058,-60.115344300584205,0.4955615828759154,0.03290592,15.35023,1523.6827,15.612047,220.26457,14.482965,220.61623,1.5054857,1.1290817,1.3417711
5337715265949677056,166.70088991431015,-60.11615677918486,0.1373436429784992,0.040609714,16.395227,1477.7728,18.43581,86.492,15.057945,554.2961,1.553251,3.3778648,0.9085858
5337715265949678464,166.69397828612782,-60.11643996784072,0.279761422922982,0.07264195,17.553638,1074.5198,18.22374,87.416504,16.764574,225.84679,1.2618642,1.4591656,1.0048563
5337715265949678848,166.6828596897106,-60.11591850767729,0.4024707525443958,0.03760945,16.377213,2192.983,16.844841,340.49454,15.735899,459.0808,1.2312971,1.108942,0.96973646
5337715265949679232,166.70542418850744,-60.12138954908202,0.23472587066444267,0.09353133,17.536592,823.2882,18.148123,109.06034,16.68708,197.07614,1.3333972,1.4610424,1.4063586
5337715265949681152,166.70443606635055,-60.125545771287925,0.4141766289575123,0.035373323,16.235205,2042.7208,16.682766,271.47845,15.593688,455.92365,1.2402331,1.089078,0.97076887
5337715295967062528,166.69040479251117,-60.096553276363174,0.25121894975032927,0.027071344,14.855548,2532.7336,15.634343,323.42563,13.941533,954.68353,1.3307848,1.69281,1.5013264
5337715295967154816,166.7110816112221,-60.11123291092361,0.225528982944544,0.07390365,17.547157,1054.5327,18.3656,124.78619,16.677965,174.09236,1.2785873,1.6876354,0.9667596
5337715295967155200,166.6967867410293,-60.10226052053915,0.25261015105532764,0.07629809,17.687,1096.4009,18.277369,97.65536,16.971958,196.67227,1.2342981,1.3054104,0.9529281
5337715295971659008,166.7029166780735,-60.10618683701236,0.2509198174531925,0.07170403,17.513819,1169.8168,18.052961,94.15291,16.813396,214.77287,1.243761,1.2395649,0.9907129
5337715300288474496,166.70377646916916,-60.107513133533146,-0.08054806518474686,0.12385923,17.234213,383.25284,17.116928,89.051094,15.840979,123.098694,2.326766,1.2759495,1.9910394
5337715300309403008,166.6959212420118,-60.098222038134935,0.18925972673239982,0.019577479,14.932631,3275.8884,15.170385,1191.7703,14.530591,992.8997,1.1921724,0.63979435,0.9391204
5337715300309403776,166.6887108656577,-60.098414634589375,0.4273071346986483,0.055992316,17.102331,1464.319,17.65783,148.58157,16.40902,266.0886,1.2319242,1.2488098,1.0115672
5337715300309406208,166.68514736586616,-60.10238209570876,0.1921899901632669,0.011373076,13.323782,3569.124,13.5074625,1713.89,12.997138,1953.3444,1.1810292,0.5103245,0.8357572
5337715300309406720,166.71092602263542,-60.10662519587942,0.27888440800223535,0.1302514,17.752924,232.40181,18.914457,27.548395,16.355642,88.6984,1.773293,2.558815,1.6658571
5337715300309407744,166.703528661681,-60.10732393551568,0.17033618152259244,0.08809226,17.392258,903.7831,nan,nan,nan,nan,nan,nan,1.0608125
5337715330326798208,166.67036910556956,-60.10514997040067,0.5520563176048126,0.07424166,17.607649,1011.63696,18.336182,100.6251,16.7858,216.44919,1.2680557,1.5503807,0.9889356
5337715330331391232,166.67788413346412,-60.10986794059523,0.2670047819384554,0.10197921,17.42415,493.1169,17.67339,47.973785,16.32709,45.648743,1.732674,1.3463001,1.5592839
5337715334648225408,166.66471664791968,-60.10539914070132,0.5060879286877767,0.09000229,17.727232,577.84546,18.202673,77.296455,16.504194,31.223969,1.7665079,1.6984787,1.187276
5337715334669011456,166.65247886179552,-60.092704977478164,0.1836039273247876,0.053984597,16.942902,1431.4266,17.451595,200.59123,16.278175,313.96573,1.2303629,1.17342,0.9831295
5337715334669144064,166.66658111685157,-60.09937083836778,0.22181971947141593,0.03860481,16.386047,2056.148,16.86128,362.96988,15.743587,579.2741,1.2288113,1.1176939,1.0255151
5337715334669146368,166.6544093050055,-60.10064612240031,0.15072723969096793,0.037413783,16.358713,1970.8997,16.77347,290.087,15.730819,267.82367,1.2454882,1.0426512,1.0150647
5337715334669146496,166.67833535505483,-60.104234950861795,0.2545917000007812,0.067543566,17.459621,1185.0491,18.053204,130.89763,16.748243,315.59323,1.2303139,1.3049603,0.91098964
5337715334669146752,166.67325684889485,-60.103711459559314,0.3991937591008537,0.07231213,17.48105,1169.8112,18.134708,111.614044,16.714437,204.46771,1.2500165,1.4202709,1.0579134
5337715334669148160,166.6578570164784,-60.103443512690006,0.45695432282582366,0.030049913,15.881567,2571.3193,16.444492,391.46814,15.153478,831.6294,1.2549071,1.2910147,0.9619432
5337715334669149056,166.67263432911355,-60.10644996555336,0.19740838503357067,0.03373562,16.134499,2149.4883,16.65293,262.4953,15.423178,425.7617,1.2603554,1.2297516,1.0195389
5337715334669150464,166.66237842331427,-60.10618831374387,0.5286946535855693,0.03564368,15.927526,2017.3809,16.483736,384.84235,15.194117,417.86926,1.261629,1.2896194,1.2240388
5337715334669150720,166.66608328594987,-60.10679077294066,0.4633097133874087,0.048047874,16.780325,1619.5571,17.390171,202.92659,16.039352,355.46967,1.2464683,1.3508186,0.9413346
5337715334669151616,166.67807397837672,-60.109505440168554,0.37232059877870455,0.115465306,17.892103,760.6338,nan,nan,nan,nan,nan,nan,1.0900935
5337715334669153024,166.66405105587077,-60.10993561267484,0.03347043364011082,0.046918392,15.432424,347.31445,18.859533,47.391987,13.904581,115.0524,1.7501632,4.9549522,1.0182164
5337715364686541184,166.6647537327213,-60.08702349441905,0.09599328582823732,0.07677174,17.539476,864.92487,18.250027,117.72016,16.685652,165.4773,1.3010684,1.5643749,1.0614146
5337715364686632448,166.68369647279215,-60.09101552400034,0.2176234466568409,0.08094107,17.660173,1042.9985,18.250437,81.85305,16.92875,148.5762,1.2467021,1.3216877,1.0217098
5337715364686632960,166.65664063071347,-60.08292159410006,0.29209331198864646,0.047543764,16.769602,1697.7327,17.23774,199.81491,16.127676,348.00217,1.2315038,1.1100636,1.0333033
5337715364691359104,166.65636412532942,-60.08197131096759,0.12309539778194223,0.10104339,17.929855,345.60803,19.817055,18.893764,16.50966,198.65648,1.6845262,3.307394,1.0252272
5337715369005380864,166.65644786288803,-60.08810694136551,0.40438204339129447,0.08993885,17.847097,827.9102,18.354357,87.38541,16.992191,56.569714,1.3796027,1.3621655,0.9848468
5337715369005384448,166.6667084711226,-60.094166467913865,0.22941595748017277,0.05696193,17.02855,1056.905,17.641901,99.36229,16.053743,37.324013,1.445301,1.5881577,0.9851234
5337715369028750208,166.66017941477122,-60.08880801267275,0.3118799735131097,0.013920508,12.957258,5500.4424,13.841792,1546.0933,12.035852,2827.066,1.3046103,1.8059397,1.0242627
5337715369028750464,166.66404477890836,-60.09598055383959,0.2999200110666616,0.075643666,17.5659,978.0627,18.188072,124.27213,16.786388,229.19138,1.2718978,1.4016838,1.0341499
5337715369028750848,166.66768153023216,-60.09417972504602,0.21953118869099725,0.078947425,17.45891,952.1661,nan,nan,nan,nan,nan,nan,0.93282527
5337715369028750976,166.6651497616279,-60.08442993835024,0.25774766061879056,0.07981853,17.727802,1013.94806,18.35518,104.53844,16.970432,180.59383,1.2525171,1.3847485,0.97543085
5337715369028751104,166.67040539756564,-60.09094432247831,0.13333426005858715,0.03423162,15.159568,2017.8217,16.168644,402.45737,14.14849,1509.3984,1.3544877,2.020154,1.6420267
5337715369028752512,166.68091835880722,-60.09362718963602,0.4475151620849758,0.04360752,16.580418,1841.53,17.234556,348.0294,15.800174,415.47256,1.2606143,1.4343824,0.9413956
5337715369028883584,166.68122215360108,-60.102367484388715,0.10988450354103825,0.06567295,17.119844,1144.8892,18.647371,63.699112,15.877556,415.80887,1.4992878,2.7698154,1.1285088
5337715399046276096,166.7091810754934,-60.09994504203293,0.24534940408563405,0.04664926,16.67961,1625.3591,17.174204,220.96672,16.019613,369.4451,1.232922,1.1545906,0.9660632
5337715399046276736,166.70531878282696,-60.09839487701592,0.3186630749730303,0.06906531,17.36501,1162.7017,17.938839,154.17245,16.654053,266.30197,1.2377057,1.2847862,0.90520614
5337715399046279296,166.69112950829506,-60.0881379973554,0.7079239015436796,0.018262532,13.8464155,2465.8826,13.976277,78.587685,13.2537985,112.96444,1.3700042,0.72247887,1.5493051
5337715403365139072,166.68977384140496,-60.08834244981761,0.5267627134889293,0.1268633,17.547617,482.77472,nan,nan,nan,nan,nan,nan,1.0663426
5337715403367662720,166.70914323071582,-60.09332437360775,0.20828851794335468,0.0915278,17.864521,881.72614,18.445189,103.01654,17.148497,115.00562,1.238813,1.2966919,1.0254452
5337715403388491648,166.68756524697525,-60.0886759475634,0.301054750668858,0.058462225,17.09513,1366.8555,17.686844,128.3646,16.349747,280.15054,1.256824,1.3370972,1.002202
5337715403388492160,166.69031952365032,-60.088337479205386,1.018846767759557,0.04531049,15.169516,938.88306,nan,nan,nan,nan,nan,nan,2.1582863
5337715403388492544,166.69036714529597,-60.087766161393304,0.4982482441021297,0.048570283,15.841208,1047.8105,nan,nan,nan,nan,nan,nan,1.3891495
5337715403388492928,166.69296383044005,-60.080866369519,0.4675142623979814,0.07536777,17.560423,1025.088,18.170443,102.38354,16.841335,188.12656,1.2297809,1.3291073,1.0898708
5337715403388493440,166.6996343581902,-60.08700093964583,0.33230321467357354,0.018517544,14.681194,3174.7566,15.352112,816.1514,13.880432,1228.8314,1.2710015,1.4716797,0.9379907
5337715403388493696,166.69918216439046,-60.08557618700872,0.3498833654602369,0.05656287,17.074934,1496.0842,17.641018,152.58228,16.362923,237.66556,1.241554,1.2780952,1.0078994
5337715403388494336,166.70334251665687,-60.087570856685105,0.24514751615973276,0.0145259015,14.017767,5486.848,14.78473,1310.379,13.161177,2797.2349,1.2843419,1.6235533,0.96700495
5337715403388494720,166.70770463239094,-60.08794859488961,0.18239369742281525,0.04466422,16.344803,1330.5945,18.590557,84.94671,14.968844,729.7871,1.586498,3.6217127,1.0203336
5337715403388615552,166.71074661367626,-60.094122479875686,0.3007055595074998,0.04060985,16.4305,1981.322,16.835659,282.82385,15.860694,381.33994,1.2107853,0.9749651,1.0151042
5337715403388616320,166.71450143786998,-60.09600422441716,0.17495941652090963,0.05674394,16.979416,1448.697,17.471478,175.53781,16.33126,265.48105,1.2256103,1.1402168,1.0553203
5337715403388616704,166.71511133870447,-60.09744117096957,0.3296749603275091,0.03963492,16.331236,953.99896,16.921663,223.68898,15.571958,235.90297,1.2680933,1.3497057,1.0428323
5337715403388653696,166.70646230740508,-60.0939654089568,0.19654816182389334,0.05206521,16.911509,1579.4567,17.368156,187.28712,16.27102,292.03802,1.235511,1.0971355,0.93465024
5337715433410842880,166.71714618689455,-60.08680744781786,0.4247126226478907,0.098026276,17.944517,877.6202,18.660515,85.63688,17.170858,142.39182,1.2334061,1.4896564,1.0111692
5337715437724886784,166.70274628271545,-60.0820174549081,0.36681404997770806,0.08038226,17.655975,587.8194,18.293602,87.63395,16.917183,180.29303,1.2343497,1.3764191,1.0358388
5337715437724891520,166.7130701451197,-60.082994677782345,0.20129314121723635,0.08999281,17.709837,783.8202,nan,nan,nan,nan,nan,nan,1.046531
5337715437748231424,166.6930904398947,-60.07693475974572,0.34586783138353633,0.019152151,14.733412,3821.5298,15.065513,994.29846,14.220122,1073.9784,1.209456,0.8453903,1.0046664
5337715437748231680,166.69391418859675,-60.07623057085395,0.27094213418030005,0.047238328,16.670902,1273.3229,17.161226,102.49249,15.882934,273.34073,1.3314375,1.2782927,1.015332
5337715437748231936,166.69725194344807,-60.08137376759308,0.38444988210079684,0.10398951,17.98194,889.08795,18.618973,63.556152,17.246466,134.29993,1.2320325,1.3725071,1.0462424
5337715437748232320,166.69862348347763,-60.08016140227371,0.23957176850289552,0.0301208,15.748059,2928.2283,16.107397,301.5768,15.205394,757.1486,1.2147461,0.9020033,1.0394284
5337715437748232448,166.6985399201115,-60.07845855389463,0.553293399819358,0.042400163,16.442465,1695.6821,17.114466,199.78035,15.643115,569.13617,1.2694671,1.4713507,0.91024053
5337715437748232832,166.70184412375784,-60.080242486324146,0.31940878986220594,0.047394164,16.71998,1687.1486,17.300684,208.41837,15.993778,439.52985,1.2464651,1.3069057,0.9382727
5337715437748233344,166.69994050211193,-60.06988122744335,1.4658605309888542,0.0964702,17.952713,820.256,18.973454,64.4311,16.94685,160.74252,1.3463109,2.0266037,1.0461575
5337715437748233600,166.70791421808693,-60.07808587870657,0.24996243442868013,0.066094846,17.328669,1254.4347,17.956274,116.581894,16.548632,238.13823,1.2702713,1.4076424,0.9875334
5337715437748233728,166.71226036397607,-60.08333430095203,0.29738648960927505,0.07032688,17.452597,1037.742,17.913395,43.36745,16.551907,41.996418,1.4393178,1.3614883,1.0126364
5337715437748233856,166.71077930397664,-60.074449158426155,0.2050043816308686,0.057243578,17.030157,1393.3102,17.835194,140.98602,16.131168,310.40768,1.3089062,1.7040253,1.0361233
5337715437748233984,166.7138223744872,-60.077643143389174,0.20360453135458095,0.045887213,16.653786,1673.411,17.18479,278.60648,15.967093,271.31497,1.236999,1.2176962,1.0033727
5337715437748234368,166.71975821065035,-60.08439332449263,0.4450719718961502,0.022477902,15.214023,3410.9602,16.080395,362.9868,14.295314,907.5837,1.3075875,1.7850809,0.9716352
5337715437748234496,166.72108357826326,-60.08724056070429,0.2683551156723142,0.06079074,17.2457,1281.8417,17.80811,122.058655,16.499512,290.1413,1.268948,1.3085976,1.0392673
5337715467765847808,166.6803379948446,-60.088326437598155,0.4590891531467742,0.07629081,17.569294,1037.9084,18.192661,95.97368,16.84593,172.05217,1.2279502,1.3467312,1.0209867
5337715467766701184,166.68544634081587,-60.07772315152573,0.9746632569199734,0.037517782,16.253222,1097.3278,16.855522,268.08606,15.487348,399.9726,1.268676,1.3681746,1.0621718
5337715467766706304,166.67908797186075,-60.075231193555126,0.1256811161072214,0.07301726,17.505577,1009.21387,18.53555,86.343,16.522547,263.71637,1.3217887,2.0130024,0.99073535
5337715472084604032,166.6720552268964,-60.08462317278614,0.6853101068614931,0.023452329,15.318119,3274.1494,15.74782,335.3282,14.669082,338.02374,1.2534813,1.0787382,1.0197444
5337715472084604288,166.66995392475076,-60.078236113371304,0.34280971524067216,0.093803376,17.928717,941.01373,18.641043,84.73544,17.112679,153.20068,1.2688417,1.5283642,0.9215869
5337715472107966592,166.66623972639744,-60.072570110324214,0.0961051172039538,0.08486729,17.235596,789.7645,18.709127,64.78054,15.986448,304.0172,1.5167208,2.7226791,1.4263749
5337715472107966848,166.67011828772027,-60.077004846893026,0.2393886484913006,0.026679005,15.594079,2827.2964,16.330322,343.26266,14.755857,698.94354,1.2790674,1.5744648,0.9454202
5337715472107966976,166.67179793315486,-60.08014693230393,0.18848634447558837,0.044404298,16.658377,1809.4503,17.184765,199.02515,15.982641,469.90262,1.2309391,1.2021236,0.9539572
5337715472107967872,166.6733235624751,-60.07494597060289,0.30156361546304433,0.056528874,17.108591,1296.9471,17.659609,138.12112,16.384449,358.9653,1.2566818,1.2751598,1.0082026
5337715472107968512,166.68642645299613,-60.085353937903875,0.28949442056902286,0.036454905,16.19231,2096.8145,16.699503,255.9046,15.525412,319.28522,1.2325466,1.1740913,1.0119398
5337715472107968768,166.68513024702642,-60.080285134857505,0.3264260323363677,0.07234448,15.628671,1005.876,16.073124,608.78186,14.973964,835.8192,1.2509001,1.0991602,2.9916124
5337715502127114880,166.67792609629035,-60.06106185916148,0.2674120054009504,0.087208025,17.79561,811.8469,18.398207,67.92126,17.053331,177.62929,1.2502416,1.3448753,1.0576385
5337715502149396352,166.68776872718377,-60.07429983238265,0.20112292981042218,0.08913846,17.822224,851.2024,18.42935,77.85985,17.09163,173.20282,1.2395811,1.337719,1.0263747
5337715506444343680,166.66615709393912,-60.0676643114873,0.3885256313764285,0.08790432,17.780014,1011.23627,18.30811,75.19505,17.019165,121.2089,1.2941967,1.2889442,0.9684148
5337715506444349568,166.67117607674214,-60.06061087192416,0.16589387486265977,0.086173035,17.744167,958.74994,18.296272,37.982464,16.911222,80.42846,1.3426869,1.3850498,0.97216076
5337715506444350208,166.6706603983692,-60.05825570088669,-2.4372409691413384,0.50767124,17.986921,420.7676,18.23706,128.07454,16.78185,208.24458,1.8531317,1.4552097,5.636585
5337715506444359168,166.6884997908611,-60.065046786711925,0.36382368841568685,0.09381858,17.91691,697.8941,18.689013,63.754837,17.062662,165.20317,1.2806553,1.6263504,1.01384
5337715506467705600,166.66778723548862,-60.06742439980883,0.2082501678828564,0.040339876,16.39945,1814.9082,16.892954,309.73294,15.727601,483.71024,1.2418705,1.1653528,1.0566101
5337715506467705856,166.67079688973385,-60.071534561038106,0.6025918083523888,0.021361433,15.123166,2722.3645,15.564132,452.5025,14.510786,938.15814,1.223036,1.0533457,0.9694217
5337715506467706624,166.67238216680727,-60.06183403420731,0.1631859588925585,0.040037487,16.259012,1577.2015,17.9805,126.89153,14.99536,651.96075,1.4964951,2.985139,1.0211661
5337715506467707008,166.68290538939388,-60.07554797273587,0.26093041483348317,0.08877561,17.746769,1019.6551,18.26324,128.01863,17.076744,173.21896,1.230922,1.1864967,1.0796386
5337723168690133120,167.33767286059327,-60.11814511306996,0.9029751816050919,0.012570865,11.287258,3429.8826,11.82907,1835.8485,10.5966835,2115.0237,1.2354316,1.2323866,0.8241798
5337723168690183424,167.34200150988653,-60.11781856721083,0.8369739564006918,0.03841981,16.339745,2321.041,16.892696,135.04352,15.595927,209.5891,1.2709029,1.2967691,0.99540305
5337723198707534336,167.35294685694555,-60.115139295239715,0.32969032043507157,0.0130987065,12.216014,2780.704,12.335399,873.43427,11.974747,901.98126,1.1753818,0.36065197,0.87713504
5337723198707701248,167.36495104955483,-60.1141339323155,0.3729531125890308,0.020540573,15.044268,3006.2698,15.332856,709.2377,14.557308,277.96423,1.2151154,0.775548,0.97547776
5337723203031299712,167.35005586612806,-60.109729420352714,-0.043893408822713295,0.083213344,17.711061,814.5887,18.996717,40.337498,16.529524,161.5584,1.4716866,2.4671936,0.96338147
5337723203031474944,167.34903876555543,-60.116462907704516,0.42262135794969524,0.042020928,16.500956,1679.3492,16.936577,65.81639,15.72872,97.0735,1.3427831,1.2078571,1.0491807
5337723203031475712,167.35576556319972,-60.11286313873898,0.4382543631076922,0.050554056,16.40748,1359.869,16.800695,180.69627,15.661174,287.80695,1.3418906,1.1395216,1.3422201
5337723203049882880,167.3570019314202,-60.113623779048595,0.08786385900132503,0.050387736,16.657331,1468.9775,18.600836,31.282415,15.333693,414.31668,1.5455949,3.2671432,1.0255554
5337723203049922816,167.3521368214718,-60.10982465121054,0.6785213316579419,0.070444375,17.34126,703.3465,18.006815,165.61879,16.590721,203.69394,1.2331543,1.4160938,1.0076516
5337723203054550016,167.33983604869223,-60.11582282286825,0.15842242520917024,0.05316319,16.96952,1581.6616,17.5223,107.69705,16.19505,145.84654,1.2948848,1.3272514,1.0032953
5337723576664788608,167.19057061576368,-60.14126139961561,0.11492576696489884,0.07606779,17.564152,1195.9116,18.217781,115.822014,16.714981,102.54714,1.3174033,1.5028,1.0228999
5337723615347529088,167.19485548397975,-60.138579512630436,0.24144336520178844,0.08867233,17.727669,923.08453,18.22105,92.145874,16.918518,86.82819,1.3472749,1.3025322,1.0505595
5337723615347599744,167.20302118845555,-60.13284172966563,0.42340313594176493,0.08525257,16.691946,920.26654,16.910658,169.29907,15.747649,335.27878,1.5973601,1.1630087,1.6215796
5337723615366577792,167.1965897415292,-60.141756209710216,0.2865444328639174,0.08700209,17.88589,814.9253,18.395016,56.100845,16.97792,61.954887,1.4251556,1.4170952,1.0338684
5337723615366587392,167.19521860585658,-60.137508490841626,0.3115286945442825,0.08668773,17.820498,1136.7046,18.410326,124.06263,17.100477,206.2696,1.2382439,1.3098488,1.027508
5337723615366597504,167.20020332595186,-60.13492804345474,0.36994548005052447,0.031890128,16.12053,2754.1733,16.58112,361.86108,15.482501,634.58905,1.2320671,1.0986185,1.0128653
5337723615366600704,167.20336262658017,-60.134467604005465,0.37785131337599026,0.051221326,17.026777,1593.3811,17.498981,201.28801,16.386541,394.46832,1.2285618,1.1124401,1.024854
5337723615366604288,167.1941102354353,-60.129975646632815,0.23818593011396474,0.03119494,15.9831,2696.1794,16.241982,418.41864,15.561584,462.871,1.1919788,0.68039703,1.032821
5337723615366604928,167.20298422549266,-60.13258167784465,-0.02386517360410188,0.12559992,17.91037,812.03,nan,nan,nan,nan,nan,nan,1.1622853
5337723615366607104,167.1962831884868,-60.1295347831419,0.3968268721402495,0.0570316,17.14022,1592.2888,17.736147,148.10097,16.384418,343.39587,1.2632583,1.3517284,1.0228155
5337723645384285952,167.2284020340381,-60.128645785815486,-0.4704715968863285,0.15014203,15.174251,504.64908,15.457038,542.4987,14.528886,707.7087,1.3216333,0.9281521,6.5416937
5337723649726363520,167.23333316136183,-60.13334060354364,0.3136657338064347,0.014850721,14.135014,5086.0767,14.992355,1185.584,13.224813,2149.7915,1.3026559,1.7675419,0.9036166
5337723679744025088,167.23266108252292,-60.12728275994173,0.27003583876885323,0.06577271,17.407562,1331.6344,17.983782,85.926,16.699879,292.12332,1.234328,1.2839031,0.938087
5337723679744026496,167.2570671630728,-60.12624725020152,0.4128825863193051,0.024144385,14.487353,2654.3037,14.948133,791.2946,13.837962,790.3127,1.2399546,1.1101713,1.4742736
5337723679744037760,167.24137488058872,-60.119073862632675,0.6348388952572165,0.027441988,15.258769,2683.691,15.691877,570.86194,14.614572,766.2423,1.2485471,1.0773058,1.2095242
5337723679766922240,167.24162813776724,-60.12920529782355,0.2668448971412279,0.098634705,17.962107,900.46326,18.60015,43.666866,17.057375,81.04466,1.3714613,1.5427742,1.0230427
5337723684067199104,167.229602213253,-60.12797918942941,0.30178171558881495,0.074347466,17.427654,1035.8827,17.94469,97.28538,16.584301,65.25915,1.3657368,1.3603897,1.1350656
5337723684086117504,167.23881683352465,-60.1279463975076,0.40078108285747155,0.022286646,15.1774025,4188.4155,15.673621,614.78845,14.510043,1221.7297,1.2374947,1.163578,0.9573382
5337723684086119808,167.25222122299567,-60.13137595707738,0.1668524166926655,0.04262268,16.563618,1427.7688,17.025068,234.60776,15.929692,352.90225,1.2288338,1.095376,0.92127854
5337723684086120448,167.2494528784112,-60.1301917367236,0.253601371533999,0.03592705,16.250668,2367.1963,16.722397,393.64932,15.612188,512.95996,1.2275376,1.1102085,0.938257
5337723684086267648,167.24636742337253,-60.130674205432875,0.14088275285120705,0.11570018,17.7136,415.18,18.93596,67.028786,16.549837,192.54521,1.4647162,2.3861237,1.4412469
5337723714103761280,167.21734899147594,-60.1296547095128,1.1828225564487012,0.06537586,17.236029,1094.3152,18.094093,22.40909,16.080463,69.349625,1.5492548,2.01363,1.0108131
5337723714107641088,167.20326863054038,-60.12626868053131,0.2411748838695538,0.094736874,17.975086,957.55023,18.551556,86.2863,17.188581,122.95534,1.29505,1.3629742,0.9973001
5337723714107644032,167.21984765157924,-60.12486334646469,0.294298431203286,0.080846846,17.67252,1112.056,18.247324,108.86344,16.995792,233.00555,1.2121786,1.2515316,1.0404273
5337723718445823360,167.21056795988488,-60.13400553526507,0.20389722172952038,0.0604459,17.267956,1477.2876,17.856968,184.03098,16.5486,334.8407,1.2380607,1.3083687,0.98096585
5337723718445824000,167.20202923103707,-60.13059541887941,0.12485115035143608,0.0597159,17.116175,1174.8068,18.412466,70.79309,15.914074,236.77951,1.4934161,2.498392,0.92003345
5337723718445824896,167.20744155869477,-60.132206698209515,0.1503520222320117,0.043179203,16.635258,1745.2472,18.035822,159.43459,15.491018,696.62427,1.4071941,2.5448036,1.0055453
5337723718445831040,167.20370957384907,-60.12769672802348,0.18306388101843715,0.047768608,16.738188,1878.7986,17.473812,178.36266,15.908196,582.45636,1.272398,1.5656157,1.0316046
5337723718445833472,167.20970001930567,-60.12825019563505,0.34314192960921613,0.072048105,17.518604,1225.2557,18.064552,117.01896,16.831488,235.22954,1.2312299,1.2330647,1.0243654
5337723718445836672,167.21650737734993,-60.12928680194137,0.3432853394732414,0.08109002,17.656372,1027.9082,18.15384,38.9069,16.895073,46.617172,1.3073059,1.2587662,1.0104253
5337723718445843328,167.20099017432966,-60.12111167347364,0.17382903167415092,0.05026115,16.669275,1833.8899,17.257877,219.72746,15.910139,465.01413,1.2686915,1.3477383,1.0970623
5337723718445843712,167.22024822712498,-60.12737037615492,0.18269204080136922,0.06400049,17.322254,1344.9592,17.852499,194.7107,16.63334,219.59174,1.2389343,1.2191582,0.9907786
5337723718445847168,167.20096498605085,-60.119544284389185,0.20015917388929727,0.02933548,15.842798,2046.2009,16.25444,426.35068,15.244845,545.2526,1.2264963,1.0095949,1.0092225
5337723718445849472,167.20358673790443,-60.11930428483601,0.2811916866212756,0.04554824,16.65094,1780.465,17.15848,209.44081,15.972808,420.1638,1.2404933,1.1856718,0.98872226
5337723748463515392,167.21673333689944,-60.119579084416074,0.26700783198524564,0.08092118,17.500786,1209.7181,18.000654,52.821457,16.687464,70.32837,1.3479468,1.3131905,1.086197
5337723748463525248,167.20763437743943,-60.11490555402097,0.4889068916498532,0.0387904,16.128485,2287.6536,16.706156,249.52583,15.389135,580.9872,1.257662,1.3170204,1.1092786
5337723748467379200,167.20233077150968,-60.11094748986412,0.22510208029928314,0.059946913,17.120584,1474.3705,17.646294,162.63556,16.409138,213.1825,1.2574449,1.2371559,1.0385832
5337723748467379968,167.20566343885858,-60.11264874849669,0.9050359819432657,0.32242757,16.911173,203.732,17.196312,138.7294,16.08314,173.9252,1.4601707,1.1131725,6.3036366
5337723752786716416,167.2169825388111,-60.118956948261996,0.4315876266359169,0.095407404,17.98681,952.0401,18.668787,37.757282,17.20897,60.270485,1.2486556,1.4598179,1.019918
5337723752786727936,167.20164234234247,-60.112727934968724,0.22107288070368586,0.09117906,17.75425,260.21777,17.799955,16.801105,16.411888,30.352163,2.1446157,1.3880672,1.0977595
5337723752786766976,167.21442523764827,-60.11258723392753,0.41872625327406515,0.03143874,15.542799,2564.7258,15.892701,165.46053,14.933825,333.09085,1.2629896,0.9588766,1.1855512
5337723752786781184,167.21588380291024,-60.111292381799004,0.1287957848528291,0.09596319,17.921526,922.9372,18.448904,82.58805,17.191074,100.72419,1.2710736,1.2578297,0.99866486
5337723752805600256,167.21131429282815,-60.11646663194975,0.3742868505081464,0.042232163,16.517511,2089.37,16.953373,197.38585,15.91068,402.63486,1.2215419,1.0426931,0.92475003
5337723752805602048,167.2030093493518,-60.112705676766964,0.6774780345759222,0.011295462,13.18328,8501.171,13.773111,1419.401,12.444942,3060.218,1.252143,1.3281689,0.8811715
5337723752805605248,167.22130050245886,-60.11793185391293,0.19723189253579118,0.03607271,16.223848,2387.1807,17.135546,229.37209,15.28661,695.77966,1.3111242,1.8489361,1.0640813
5337723752805610240,167.22481242111596,-60.1168739034532,0.3636881995838949,0.061684214,17.232218,1431.5044,17.836613,142.81032,16.494333,306.2396,1.2461836,1.3422794,1.0092063
5337723752805612288,167.2133317598088,-60.112129434885404,0.23481486228735662,0.018229239,14.655148,4606.7134,15.005268,350.36334,14.084638,226.28119,1.2372122,0.92063046,1.0031661
5337723752805618048,167.20440127686587,-60.10708295730422,0.22323163980229632,0.08746316,17.761969,1149.0094,18.419788,92.204216,16.965445,184.98438,1.2723174,1.4543438,1.1032518
5337723752805622016,167.20991430322087,-60.107202484258764,0.22309700408437128,0.049360376,16.784845,1802.1443,17.382303,185.04842,16.062622,383.23782,1.2369533,1.3196812,0.9988744
5337723817182984320,167.30884361076713,-60.12157368322783,1.5176494333205628,0.061025392,17.117802,1219.2228,18.029577,49.781937,16.124699,127.12836,1.3637925,1.9048786,0.97824466
5337723821525130112,167.30328839595964,-60.12331936570802,0.5224248622989434,0.021386398,15.12523,4194.8955,15.528117,724.26685,14.535626,758.1021,1.2249221,0.99249077,0.9969553
5337723821525135616,167.3080466614698,-60.12199536145946,0.2400720344571692,0.041562773,16.49729,2017.259,16.83751,219.76025,15.818369,54.90579,1.3167777,1.0191402,0.9594056
5337723851543387008,167.27843292578692,-60.12560932504834,0.6440408128469758,0.07823733,17.662113,1185.3749,18.32872,118.020584,16.903324,223.1485,1.2391831,1.425396,0.9407033
5337723855866076544,167.27964876351987,-60.12180033372918,0.15133478209394272,0.05286188,16.964987,934.69305,17.363407,44.10374,15.8771515,45.13978,1.6488847,1.4862556,0.98467934
5337723855866076672,167.27848654121556,-60.1214196120733,0.2627263356945556,0.087622076,17.81345,750.94336,18.301527,64.86367,16.866108,49.511723,1.4699111,1.4354191,0.96229213
5337723855884829824,167.2687454787233,-60.12950617964888,0.12385233424559741,0.04189657,16.52891,2139.125,16.979652,266.49817,15.880048,392.16516,1.2439878,1.0996046,1.0034972
5337723855884830848,167.26657875503497,-60.12831830823579,0.4118535749116845,0.042283922,16.456362,2327.1726,16.953905,270.7204,15.799031,491.9537,1.2297796,1.1548738,1.0728202
5337723855884832000,167.27186727249713,-60.12974325588075,0.22277095326759966,0.017265065,14.478282,1572.5101,14.866129,374.54022,13.88347,614.3661,1.2353859,0.98265934,1.0893525
5337723855884836608,167.26688542409792,-60.126183132749226,0.41961237553542446,0.050498426,15.317345,1916.1567,15.657847,641.9419,14.772477,847.3554,1.2252691,0.88537025,2.1126678
5337723855884845952,167.28152775399695,-60.12638364141255,0.19801203643608098,0.07944649,16.996075,1288.883,17.354519,106.471855,15.983059,193.95496,1.5913895,1.37146,1.632769
5337723855884848512,167.2886779454742,-60.12756853904806,0.28489458437022025,0.03897663,16.396366,2214.7168,16.935318,326.26547,15.6897955,477.3453,1.2483951,1.2455225,1.01122
5337723855884851456,167.27560933810432,-60.12236561638849,0.24533753863910385,0.051673938,16.870516,1745.3649,17.399897,172.12599,16.154846,302.79672,1.2590946,1.2450504,0.92895144
5337723855884852736,167.27476116267442,-60.12168850956558,0.43737729891095767,0.07136919,17.380657,1299.8668,17.957514,105.06062,16.631065,233.27162,1.2658657,1.3264484,1.0610131
5337723855884853248,167.28758025123201,-60.125881257749505,0.27818744630894754,0.019056201,14.783106,3853.4763,15.015779,1065.7408,14.388977,1324.5854,1.1904799,0.6268015,0.9090671
5337723855884854016,167.28643343554089,-60.12530668472361,0.0318155652108664,0.07128003,17.360188,1127.3314,17.759544,39.882107,16.547201,102.95251,1.3920597,1.2123432,1.0766459
5337723855884855808,167.2804178715257,-60.12264357823206,0.6534034836086567,0.07219471,17.56809,1147.2162,18.128717,97.17741,16.808657,132.99442,1.2799295,1.3200607,0.99967873
5337723855884857856,167.28081392326396,-60.12186102236312,0.24209236572171344,0.075433455,17.605202,1079.5764,nan,nan,nan,nan,nan,nan,1.0132484
5337723855884858368,167.28061924924134,-60.121191318028046,0.3210040823464177,0.045469336,16.693441,1927.5538,17.44888,85.4446,15.776688,192.74472,1.3409498,1.6721916,1.0005664
5337723885902462080,167.28961870668869,-60.12103391115756,0.26386620982871833,0.06515659,17.346418,1351.3125,18.100792,131.14464,16.475971,248.88152,1.300416,1.6248207,0.9614023
5337723885902473216,167.29631641023315,-60.113944343618236,0.2709963597112491,0.07399199,17.566765,1250.8241,18.16545,90.808,16.836313,186.92245,1.2427078,1.3291359,0.9879876
5337723885902478336,167.2738475615309,-60.112168220135715,0.3512163419311154,0.06186421,17.193016,1351.9667,17.711523,155.88692,16.464418,139.25764,1.2733248,1.2471046,1.0287962
5337723885906347904,167.28424157376722,-60.11793452300084,0.4075048860562426,0.0892245,17.890472,1038.5627,18.460823,73.60217,17.17787,170.68968,1.2403077,1.2829533,1.0189936
5337723885906350208,167.29881059527904,-60.12205520891087,0.3154408250290295,0.07425583,17.583206,1148.7255,18.264797,81.56054,16.763586,218.25723,1.2825955,1.5012112,1.022319
5337723890225832448,167.27944661402864,-60.11919125334626,nan,nan,17.993946,285.4506,nan,nan,nan,nan,nan,nan,nan
5337723890225922432,167.2764749079699,-60.10691898343595,0.6155107999923828,0.10251934,17.163832,529.06287,17.477633,68.31383,16.12772,79.17516,1.6362782,1.3499126,1.5711377
5337723890244597888,167.29354339077167,-60.12490917638012,1.3649506131780869,0.02612644,15.522668,3164.0354,16.086473,515.16437,14.815827,752.96686,1.238605,1.2706461,1.0380833
5337723890244599168,167.2791508982817,-60.11933787129691,0.07121363916503413,0.0756241,14.90743,1407.4144,15.750196,478.502,13.925487,1153.6417,1.3735987,1.8247099,4.6944547
5337723890244602240,167.27966565551515,-60.1178239575351,0.26189243055204553,0.034435146,16.109142,2696.824,16.965244,267.25647,15.192366,766.73706,1.3089465,1.7728786,1.0110704
5337723890244607232,167.29714160121358,-60.12085017405288,0.4663814452614696,0.1383128,16.74592,640.34576,17.942581,163.95177,15.549862,538.02606,1.5074683,2.3927193,2.8113716
5337723890244608768,167.29157668606388,-60.118420662534355,0.4385645483444317,0.06279093,17.244638,1311.0917,17.763153,173.21973,16.537653,238.63808,1.2570925,1.2255001,1.0523138
5337723890244609408,167.2782965531718,-60.11322850250539,0.42676728494097477,0.12594436,16.524378,595.7205,17.082304,258.48453,15.65654,281.7933,1.3699632,1.4257641,3.2094715
5337723890244612480,167.28307361244558,-60.113632232564115,0.45781748534507066,0.034961652,15.989213,2644.2637,16.45027,473.30023,15.346672,804.0053,1.2350199,1.1035976,1.1089367
5337723890244621568,167.27697400320304,-60.10670406575868,0.4556053988433821,0.11155624,17.99184,577.512,nan,nan,nan,nan,nan,nan,0.9886245
5337723890244622720,167.2753943701781,-60.10596454004275,0.5648228612432347,0.03987504,16.02611,1661.986,16.507729,255.2438,15.286349,682.1559,1.2973809,1.2213793,1.2216057
5337723920262866048,167.32182298274938,-60.11815046469606,-0.12692544493735847,0.093596585,17.810232,890.42633,18.43745,84.658844,16.909586,75.44375,1.3718613,1.5278645,1.1031412
5337723924604362240,167.3054629382262,-60.11535488748128,0.33351672693597345,0.050190356,16.850779,1765.4934,17.537153,164.4654,16.055023,309.6484,1.2614272,1.48213,1.012801
5337723924604369408,167.3301761404736,-60.119405894882554,0.20124512880586282,0.043425925,16.556593,1858.5,17.344141,109.90131,15.641617,256.65283,1.3288078,1.7025242,0.9763973
5337723924604376448,167.3183184086681,-60.11192749217767,0.2947534671071194,0.048481748,16.686853,515.81,17.129713,115.797,16.067406,136.43811,1.2270268,1.0623074,1.0358425
5337723924604377600,167.30849964887102,-60.10823120039074,0.2784634922214957,0.06739909,17.437338,1347.472,17.963272,89.13381,16.742037,184.13641,1.2453884,1.2212353,1.0203044
5337723924604379648,167.33426848051317,-60.11534388452043,0.4208635124732279,0.08434235,17.54103,911.9216,18.082392,94.91018,16.733822,136.85321,1.325788,1.3485699,1.2196223
5337723924604380288,167.31043451945638,-60.10687226896684,0.17149135418927053,0.08383686,17.814775,1051.6924,18.405958,111.78595,17.06195,143.85495,1.2627808,1.3440075,0.9859392
5337723954621960576,167.33788928305304,-60.10684559475222,0.2738588592919167,0.028243972,15.725996,3220.7095,16.199074,573.1555,15.067005,873.4716,1.2414097,1.1320686,0.95653206
5337723954621969408,167.32191097974604,-60.10254439198895,0.2909580019383588,0.06771519,15.255747,1065.8745,14.962912,178.03699,13.989146,273.794,2.3013492,0.9737654,3.0567563
5337723954622609152,167.3255344824271,-60.10162670677241,0.2229390785604944,0.07337261,17.589828,1237.1588,18.172394,115.49288,16.878859,250.00883,1.2342901,1.2935352,0.99244463
5337723954622740864,167.3213001564563,-60.1073998503649,0.4757738240235203,0.09300826,17.869106,1012.437,18.580479,83.26983,17.055412,163.37448,1.2672489,1.5250664,0.98850864
5337723958964125440,167.33738437534328,-60.107785394050026,0.6308604994246264,0.042083316,16.544155,1361.0,17.020424,192.38574,15.820539,295.76263,1.2874004,1.1998844,1.0070962
5337723958964125824,167.3221212669008,-60.102713094604795,0.5282180789618082,0.12788045,15.32467,465.49326,14.978382,113.130005,13.9976635,115.94737,2.4266071,0.9807186,3.0495634
5337723958964127232,167.33274584562994,-60.10456525725998,0.19564730271072103,0.039135527,16.38238,1721.4872,17.82544,204.41515,15.228319,609.04395,1.4105042,2.5971203,0.9951498
5337723958964129536,167.31387940588212,-60.09530288699007,0.5476664222721632,0.090287454,17.853565,850.2402,18.3103,72.339836,16.815165,62.709675,1.5715839,1.4951363,1.0134357
5337723988981710720,167.29441115875824,-60.10125366439381,0.3318068591167284,0.08973044,17.838684,1095.4061,18.392633,48.943104,17.101618,93.08857,1.2653247,1.2910156,1.0451336
5337723988982747776,167.27758764338213,-60.102377582721694,0.3804117748373749,0.098006725,17.891655,924.5682,18.38859,56.31218,17.073242,116.80398,1.3533682,1.3153477,1.1130338
5337723988985563904,167.28872297795468,-60.107436935253034,0.6201538607734113,0.07239589,17.527704,1016.5281,18.106844,74.649185,16.74767,175.47223,1.2888448,1.3591747,1.0013616
5337723993305164032,167.27241913916305,-60.10272334764537,0.1123267393462622,0.07651541,17.543287,1022.018,18.013556,71.81625,16.76712,107.56024,1.3306442,1.2464352,0.9967099
5337723993305179008,167.2925523437252,-60.10746139943602,3.153804391791978,0.06488989,16.911966,1071.6523,18.226635,101.56928,15.70629,465.37378,1.4939318,2.5203447,1.2558349
5337723993305234944,167.29350926342363,-60.10179206372782,0.24875754466960243,0.08639814,17.831656,1063.7944,18.44529,58.519382,17.049383,122.609665,1.2773219,1.3959064,0.9763803
5337723993323842944,167.28621577414694,-60.10716316813598,0.22369180534147318,0.0146553,14.079663,4566.1797,14.294211,1809.302,13.708793,2124.011,1.1875076,0.5854187,0.90153944
5337723993323844992,167.2825678771285,-60.1047698730234,0.3202192145674474,0.080583476,17.691902,1167.8926,18.263191,64.10237,16.916534,155.8635,1.2882266,1.3466568,1.04368
5337723993323846400,167.28143587109125,-60.10324223195955,0.5897931370267814,0.011554964,13.105598,1877.8724,13.392509,534.5045,12.654784,526.53546,1.1943918,0.73772526,0.94362265
5337723993323847296,167.29937940023763,-60.10875269591047,0.2640499414169878,0.013698142,13.53552,5297.6943,14.276467,1493.0817,12.67694,1563.0465,1.2947181,1.5995274,1.0646868
5337723993323849344,167.27999800962934,-60.10125447940055,0.2622692173174149,0.039719813,16.418852,2267.5444,16.934103,206.87047,15.736968,492.12088,1.2399979,1.197135,0.9822118
5337723993323851008,167.28538745730978,-60.101899714797284,0.5147006795206269,0.03513536,16.182018,2574.018,16.665068,361.6602,15.504078,641.3267,1.2507191,1.1609898,1.0090382
5337723993323854464,167.27916732850227,-60.09852343457185,0.5363453288524378,0.07584867,17.385784,734.07086,18.185411,115.25015,16.503893,248.18124,1.2955816,1.6815186,1.161072
5337723993323855616,167.28744968838544,-60.10028126625305,0.13460542357826624,0.036477447,16.251942,2248.9084,16.922087,320.4215,15.429572,465.83395,1.28897,1.4925146,1.0248946
5337723993323859840,167.28065444040328,-60.09373434785773,2.5970617227479655,0.055041157,16.933773,1557.1562,18.017118,140.4755,15.916483,571.216,1.3416864,2.1006355,1.0581818
5337723993328531840,167.2891400759741,-60.09778179142038,0.2517747116422762,0.07181584,17.496798,1251.5415,18.024357,127.62668,16.81216,211.00247,1.2369134,1.2121964,0.9842553
5337724023341473152,167.2847712620282,-60.089840228245414,0.05521735964661531,0.05881786,16.926573,1395.8387,17.30752,175.12585,16.182806,296.86758,1.3456737,1.1247139,1.1866583
5337724027665028608,167.29930417355368,-60.088943236389255,0.6460868194363022,0.10013989,16.381529,1385.602,16.849314,293.6029,15.493646,385.26254,1.4249598,1.3556681,3.0423841
5337724027683600896,167.28109036889148,-60.090819093700354,0.19888935600707977,0.042461805,16.468937,1935.4403,17.797295,143.05583,15.340975,773.81946,1.402954,2.4563198,1.0114832
5337724027683602304,167.29581838084476,-60.094097399660136,0.005004388126784897,0.08785772,17.775782,993.4422,19.35488,51.869095,16.609245,255.65015,1.4019779,2.745634,0.9470697
5337724027683603200,167.30887751733437,-60.097976081738835,0.18942091216066947,0.049157847,16.830835,1829.2471,17.522762,257.77667,16.020035,466.48865,1.2716835,1.5027275,1.0100863
5337724027683605632,167.2845138421716,-60.0874751601118,1.1028053113475373,0.038336713,16.257776,1764.0593,16.849474,297.4787,15.520988,486.2004,1.2502356,1.3284855,0.95468867
5337724027683606656,167.3011901516042,-60.08995943199837,0.4087177072621892,0.014149634,13.839615,6097.8486,14.200161,1769.3899,13.306436,1858.223,1.2081307,0.8937254,1.0253569
5337724027683607424,167.3035943305812,-60.08882564236758,0.4128434389711496,0.027173335,15.619081,3458.9578,16.376726,468.4345,14.759193,1036.461,1.2902426,1.6175327,1.0429465
5337724057701170944,167.24789912589588,-60.112941305790116,0.3196781282155095,0.054171044,17.044476,1612.009,17.647331,149.74954,16.24021,172.83868,1.2991368,1.4071217,1.0340918
5337724057701181568,167.24219653288714,-60.10678481933392,0.49563419216132754,0.07700263,17.56707,1117.5448,18.220222,115.5237,16.750984,295.0762,1.2899613,1.4692383,1.0960199
5337724057702216448,167.2452645035058,-60.11123686498598,0.46633427603985544,0.08467756,17.826492,464.0759,18.745268,53.133442,16.904404,153.32173,1.295261,1.8408642,0.9343383
5337724062043266048,167.26011015531714,-60.12418879814906,0.22063821363919642,0.016540993,14.418104,5302.062,14.741989,1548.0857,13.913963,1097.0986,1.2078462,0.8280258,0.9293765
5337724062043266944,167.2333363005425,-60.11479842935308,-1.1676491583241642,0.6558521,17.844042,303.342,18.247238,102.98881,16.361248,115.57284,2.149667,1.8859901,6.5121994
5337724062043274368,167.2381640643837,-60.11294895512282,0.27001904919524766,0.037296973,16.246044,2383.4617,16.79345,362.28125,15.540429,541.61536,1.2442603,1.2530203,1.0201311
5337724062043277440,167.25763061552954,-60.11819903909107,0.565991018716459,0.029149985,15.783604,3213.1724,16.234312,542.0015,15.160194,656.5644,1.226273,1.0741177,0.9755137
5337724062043281920,167.2546664618961,-60.11539015520044,0.25322553928430114,0.024710389,15.4082575,3647.7139,16.279072,486.5628,14.491219,1024.7128,1.3047459,1.7878532,0.95852375
5337724062043283968,167.25346756477276,-60.114482556195064,0.03991117644365377,0.088525005,17.20423,625.6478,20.699057,12.833805,15.62767,398.853,1.8271956,5.0713863,1.0765959
5337724062043288960,167.261102212831,-60.11469405533824,0.33451896511158186,0.03529093,16.204525,2451.5183,16.706001,472.58966,15.545858,565.3085,1.2290696,1.1601429,0.9314796
5337724092060920832,167.2604376138911,-60.10567383679904,0.18471322789152397,0.061205078,17.18745,1261.4467,17.763948,112.10173,16.450926,220.79283,1.2559615,1.3130226,1.0363635
5337724092060924672,167.2601463709902,-60.10326071276742,0.11306509239417142,0.050750073,16.81411,1627.4254,18.056278,101.97341,15.722947,558.58844,1.3809395,2.333331,1.0744176
5337724092060929152,167.25485027012854,-60.10104413502495,0.16481836862452678,0.07925617,17.661652,973.0138,18.18657,105.71204,16.832434,159.80434,1.350639,1.3541355,1.0181564
5337724092060937088,167.25151682827902,-60.098638518165664,0.2078982036541314,0.034053896,16.067713,2675.7214,16.521215,372.3734,15.412542,625.95276,1.2472317,1.1086731,1.018389
5337724092061560832,167.26654477965926,-60.10706746941952,0.3048336223844771,0.08027146,17.660088,1140.0275,18.235159,51.301357,16.892113,113.96536,1.2809017,1.3430462,0.96355474
5337724092061562368,167.24282931900427,-60.09967444159409,0.4388941202889379,0.08817851,17.780367,980.8769,18.40749,84.29261,17.063364,165.77972,1.221752,1.3441257,1.0342684
5337724092061693568,167.25732982313005,-60.10623168360214,0.40563951323229935,0.068260245,17.407885,1293.6796,18.062284,128.31325,16.659903,259.75876,1.2352357,1.4023819,1.0299062
5337724092064772480,167.2578268468685,-60.102453772162264,0.144425732915532,0.06257872,17.289242,1414.8364,17.821718,131.38231,16.598688,192.61389,1.2392201,1.2230301,1.0093373
5337724096403033216,167.23945974625107,-60.10425650406841,0.3432901615508509,0.039510243,16.44723,2297.9314,16.944187,247.41643,15.786716,483.7942,1.2322896,1.1574707,1.0221485
5337724096403038208,167.26380344985694,-60.109589276840275,0.3793263607031874,0.022423841,11.800762,3245.0427,11.9557905,1232.3077,11.501203,1381.0082,1.1833931,0.45458794,1.4825243
5337724096403038848,167.23964204899286,-60.10132985937635,0.26124481294158,0.09225546,17.975903,951.238,18.541962,41.85951,17.15509,63.902824,1.3270439,1.3868713,1.0694468
5337724096403039872,167.26453114854712,-60.10879152431869,0.7777544164719276,0.07022737,17.182413,434.2671,16.82297,18.430159,15.952825,37.28388,2.3161414,0.87014484,1.0664219
5337724096403043712,167.25274598213267,-60.10297587418184,0.3699801651951777,0.029415745,15.828683,3323.876,16.292227,509.91544,15.192121,714.59973,1.2297567,1.1001062,0.96799344
5337724096403044352,167.2464728667165,-60.100357127771524,0.27061349062763523,0.087154396,17.883041,1013.2327,18.480536,83.607254,17.186903,162.31776,1.2175059,1.2936325,0.96131533
5337724096403045248,167.25609992213933,-60.102886378684744,0.2487178501907464,0.06365424,17.149843,1515.0057,17.656824,146.83568,16.43066,333.51547,1.2710177,1.2261639,1.1365851
5337724096403045376,167.2406794842234,-60.097718358402865,0.39990069121001554,0.057817712,17.136751,1492.2556,17.734474,198.68236,16.396713,296.25516,1.2503941,1.3377609,1.0092506
5337724096403056384,167.25648274335006,-60.09805084542006,0.3217054864498926,0.022610918,15.167394,3838.9097,15.483016,271.83704,14.569007,111.9005,1.2726868,0.9140091,1.0404271
5337724126420668160,167.23345271730614,-60.10276385205976,0.5142840737345196,0.011210384,13.083112,6725.086,13.852705,1179.9915,12.220502,2400.0105,1.2886266,1.6322031,0.9989813
5337724126420673280,167.2214846279781,-60.10047079412598,0.15863209517151847,0.068557866,17.4403,1266.6764,17.95644,135.59071,16.769848,213.30266,1.2313657,1.1865921,1.02568
5337724130743971968,167.21070474457932,-60.10057706223023,0.19280444324302337,0.09500876,17.85174,938.93054,18.355133,58.349957,17.111212,143.97781,1.2887294,1.2439213,0.97169846
5337724130762746624,167.22430441626992,-60.1107963982161,0.20099833767676706,0.05177625,16.905918,1698.2717,17.472336,157.95598,16.144283,239.89597,1.2793474,1.3280525,0.9238215
5337724130762747520,167.20331540447205,-60.1033890834643,0.24894808575577126,0.068576574,17.332924,1382.6246,17.965618,108.96666,16.524845,260.77515,1.2909601,1.440773,1.0505399
5337724130762750208,167.22987345808434,-60.11073288669956,0.19297819310788278,0.067849636,17.401314,1311.5746,18.205326,100.32275,16.514107,302.12793,1.2988343,1.6912193,1.015955
5337724130762755200,167.2122007637342,-60.102552527319034,0.34782940606149904,0.028489564,14.910875,3807.8313,15.599088,601.76526,14.087843,1474.0625,1.2830621,1.5112448,1.5388166
5337724130762757632,167.22416447993547,-60.10559254002179,0.20182493042790933,0.043215353,16.578476,2029.7135,17.095297,258.7347,15.900706,400.12497,1.2363629,1.1945906,0.9784531
5337724130762761728,167.218521856693,-60.10273666248419,0.5525781582546172,0.07147127,17.136898,815.92017,17.641716,168.67986,16.312294,223.86581,1.355164,1.329422,1.3052976
5337724130762768768,167.2121846893851,-60.09660168894814,0.46966429339601756,0.016889127,14.341464,2966.5547,14.57963,1031.563,13.951556,1423.9182,1.1851789,0.6280737,0.9950615
5337724130762769792,167.22779789171705,-60.101069979037646,0.43407451545323655,0.043361913,16.47915,2380.4963,17.093256,264.47934,15.726133,391.02728,1.2541418,1.3671227,1.0320671
5337724160780417024,167.23710768581893,-60.09701583171324,0.3436306933646971,0.06556886,17.24072,939.1831,17.805851,71.562485,16.350475,124.158585,1.3866141,1.4553757,1.0491453
5337724160781445120,167.22273340763206,-60.09067023224858,0.09728047593987607,0.1040056,17.979122,980.19495,18.59698,70.09642,17.280487,150.42577,1.2115747,1.3164921,0.96555376
5337724160797245952,167.22373141502743,-60.0948910995582,0.3744816258520852,0.07435114,17.391453,1325.4448,17.932583,184.54498,16.666075,235.39081,1.26161,1.2665081,1.0467285
5337724165103812608,167.23621901302252,-60.09584511032961,0.4486600198083187,0.06749448,17.352335,1310.7162,17.940264,129.95018,16.58882,206.75545,1.2723756,1.3514442,0.9987831
5337724165103849216,167.22597488714123,-60.087982541113405,0.1943055235549215,0.07551892,17.515059,1105.4973,18.268293,107.79989,16.622398,155.36652,1.3201913,1.645895,1.061366
5337724165122518400,167.2167962814857,-60.09221284775168,0.3015474792968609,0.0853472,17.791044,1086.8391,18.285786,82.343185,17.088995,144.88377,1.2633888,1.1967907,0.980774
5337724165122518528,167.22757868653554,-60.09587491082429,0.16457246351076404,0.06580889,17.309818,1380.3179,18.802135,81.76867,16.137163,360.03928,1.4230375,2.6649723,0.96087337
5337724165122523776,167.22645330697742,-60.09256496067484,0.22733289812849072,0.055320036,16.9512,1487.1389,17.463057,170.05798,16.25371,384.7795,1.2528311,1.2093468,1.0128101
5337724165122527616,167.2157895506072,-60.08741359027224,0.17960393326299667,0.09124986,17.793835,1086.0402,18.361462,78.743,17.095814,178.69049,1.2305586,1.2656479,1.064588
5337724165122529024,167.23834059725095,-60.0939526052317,0.41139758219964423,0.027979914,15.622028,3224.6,15.960969,459.91672,15.098909,876.80566,1.2122438,0.8620596,0.93388844
5337724165122529408,167.24025325222652,-60.09448619854289,0.5664239491473345,0.037567403,16.284304,2083.0935,16.773691,269.47867,15.622926,484.56808,1.2361164,1.1507654,0.9610261
5337724165122531840,167.22963532728042,-60.08968511138777,1.1527931311399247,0.016217422,14.32487,2816.8196,14.686024,801.3775,13.795389,750.29584,1.2055007,0.89063454,0.9933536
5337724165122531968,167.21993677985176,-60.08511860734446,0.22873176526924488,0.021862585,15.094496,3746.6606,15.9060755,674.8118,14.208815,1387.9385,1.2950952,1.6972609,0.99199885
5337724165122532096,167.21420481313905,-60.08453579952845,0.5127691340486819,0.07658476,17.615242,1133.604,18.200388,111.505905,16.835867,153.06085,1.2859726,1.364521,0.96263176
5337724165122534272,167.2347264141899,-60.09048706387927,0.20070187906472767,0.03855699,16.24046,2306.0989,16.718927,292.5132,15.582819,448.09317,1.2381262,1.1361084,1.0843433
5337724195140155008,167.27010485468355,-60.095868559619056,0.4570428560554372,0.054007176,16.92361,1590.061,17.480944,130.20743,16.222446,308.60016,1.2369776,1.2584972,1.0374653
5337724195140178048,167.25729844442506,-60.08508425289967,0.3280078281333062,0.06326876,17.289469,831.2647,18.097519,106.78926,16.453959,260.26096,1.2532376,1.6435604,1.0030696
5337724195141030016,167.24749637027185,-60.084091516553286,-0.06390708162236872,0.08829534,17.753101,1051.2361,19.106298,46.350445,16.603218,266.03754,1.422391,2.5030804,0.9490077
5337724199463679616,167.26762514854394,-60.090496813831926,0.265187772927812,0.08359075,17.765726,1097.4348,18.271875,94.53107,17.031626,185.75877,1.2826593,1.2402496,1.0571016
5337724199463687552,167.2526590706131,-60.08357767874198,0.07476105707522264,0.09823625,17.983,852.87006,nan,nan,nan,nan,nan,nan,1.0094764
5337724199482272896,167.25678731239543,-60.09751353290949,0.36717260806037433,0.04313816,16.471926,1839.871,nan,nan,nan,nan,nan,nan,1.0141671
5337724199482278528,167.2571396944834,-60.09412974994039,0.24010901349364008,0.046347447,16.59065,2024.9005,17.54155,190.77882,15.630579,596.28394,1.3212278,1.9109707,1.0307109
5337724199482284032,167.25337691813914,-60.090424882119656,0.2631620857121374,0.07824662,17.598747,1089.3159,18.079763,54.041107,16.892227,121.49415,1.2725536,1.1875362,1.047028
5337724199482284928,167.2622317297258,-60.092626894654636,0.14394427722670866,0.075421445,17.38242,1207.4069,19.39623,37.68892,16.061508,285.63293,1.5344275,3.3347225,1.0562644
5337724199482286976,167.2738055908724,-60.095068244765315,0.3136870301682558,0.04979933,16.81207,1739.7898,17.27883,304.27335,16.166605,340.27243,1.2345854,1.1122246,0.9829585
5337724199482288128,167.25990258590716,-60.08926323016048,0.1401469752137874,0.06498017,17.25596,1311.9637,18.561852,93.794395,16.132483,341.23376,1.4025139,2.429369,1.0484759
5337724199482288640,167.2620893432603,-60.089421648846695,0.10719535005902747,0.04764913,16.764162,1577.9669,17.638147,242.35315,15.806335,597.9433,1.3412952,1.8318119,1.0351344
5337724199482289408,167.27605632359982,-60.09335043729148,0.1913941473679982,0.047342267,16.740276,1835.121,17.405361,195.70213,15.917859,400.32214,1.2908378,1.4875021,1.0320729
5337724199482290176,167.26654342865424,-60.08905361408109,0.1858851361592152,0.025465103,15.528328,3160.3254,16.41126,436.57068,14.597081,1024.5504,1.3140398,1.8141794,0.98150796
5337724199482290304,167.25073142621335,-60.08367243318822,1.031451310040715,0.03845866,16.281944,1676.3861,16.822016,252.81863,15.538729,244.78625,1.27564,1.283287,1.0816424
5337724199482291456,167.25268547665868,-60.0825866500477,0.5931990243331304,0.019262586,14.835413,4471.216,15.203011,232.4806,14.235869,258.05667,1.2481166,0.96714115,0.96684265
5337724199482291584,167.25292081968468,-60.083065619853656,0.29449903649271014,0.0794187,17.30525,891.9615,nan,nan,nan,nan,nan,nan,1.1161975
5337724229499909248,167.27234250003556,-60.087449750729824,0.16082768824292132,0.053021956,16.802446,1775.5021,17.369308,245.74251,16.09724,380.26733,1.2361776,1.272068,1.0560312
5337724229499926784,167.26890385556462,-60.080033285058235,0.42471554240867043,0.06269387,17.29574,1366.0397,17.823463,154.77158,16.603607,275.81757,1.2423248,1.2198563,0.98738056
5337724229499926912,167.25613468289453,-60.081118160291425,0.1008626199882246,0.09135696,17.774271,929.463,19.599424,21.209396,16.485018,195.482,1.5151312,3.1144066,1.0470929
5337724233823443072,167.25182668141878,-60.07943071331547,0.1861775267224915,0.06894921,17.00057,987.42365,17.515116,214.72475,16.127563,308.88806,1.3921137,1.3875523,1.2448767
5337724233823446144,167.25735700810841,-60.08058946670027,0.3294094946487052,0.08060859,17.628489,1127.1967,18.138615,162.07292,16.902857,141.21208,1.2745646,1.2357578,0.9871441
5337724233842030720,167.26071382663352,-60.08493821595047,0.20272892011780816,0.045910373,16.656363,1914.8491,17.189957,76.78878,15.8248205,80.03714,1.3490168,1.3651361,1.043066
5337724233842030976,167.26158436941583,-60.08452882608629,0.08605894547989282,0.06933244,17.297619,1299.6743,18.372879,80.409904,16.22317,78.68266,1.4017594,2.1497097,1.0457673
5337724233842031872,167.2591840259623,-60.08273329844081,0.24360544485943747,0.03190243,15.992373,2798.8735,16.516169,352.99225,15.305203,503.6504,1.2403105,1.2109652,0.9553919
5337724233842034560,167.261994420104,-60.08093666455523,0.4442637544702808,0.08071075,17.65696,1150.8228,18.277802,85.90248,16.91229,172.40715,1.2451404,1.365511,1.0486922
5337724233842035584,167.25223045243686,-60.076860291796166,0.23696629447054998,0.030607417,15.809436,2633.7678,16.078564,576.7588,15.381076,558.8847,1.1905361,0.69748783,0.96779937
5337724233842035968,167.2581192949337,-60.07839291976161,0.2057138265830702,0.050626457,16.908209,1711.3315,17.37742,201.77647,16.272888,420.2676,1.226428,1.1045322,0.99697345
5337724233842036736,167.27861667787275,-60.08360201482583,0.17043874734293737,0.04773852,16.734812,1585.504,17.973843,91.014145,15.602358,397.0695,1.4261811,2.3714848,1.0307981
5337724233842037248,167.26397784940175,-60.07658162473996,0.6127362886097644,0.02619969,15.604653,3451.6277,15.988076,429.84534,15.048448,739.7123,1.2120266,0.9396286,0.98489124
5337724233842037504,167.25800340248313,-60.07403688525354,0.7073946792557915,0.027115893,15.545018,3621.1729,15.952952,706.45636,14.949579,634.5635,1.2265061,1.0033731,1.0000982
5337724233842037888,167.27100664331408,-60.07663520351818,0.4023066462779046,0.0442636,16.573063,2020.0016,17.04947,236.16646,15.897504,434.57028,1.2518497,1.151967,1.0638891
5337724233842038016,167.2813642564085,-60.079951830778185,0.536763586654114,0.041193772,16.420015,2222.6099,16.947569,284.71933,15.723874,427.1402,1.2453403,1.2236948,1.0629884
5337724263859668736,167.22369317837158,-60.080195968826345,0.2483423532203523,0.067085564,17.365347,1318.0869,17.911652,131.58197,16.674726,223.29085,1.2336483,1.2369251,1.0128706
5337724263859674880,167.22886262908432,-60.07748244306415,0.04014574849438132,0.18794782,17.587755,442.05423,17.81535,58.345676,16.373333,80.649216,1.8762635,1.4420166,2.8287756
5337724263860511104,167.2205549985208,-60.07348919508153,0.1339194552414196,0.08513643,17.708881,1069.4882,18.631746,95.45071,16.79856,211.25252,1.2834841,1.8331871,1.0630313
5337724268183098496,167.23575574386817,-60.086696028787934,-1.9360592675977577,0.5668154,17.851782,169.5894,18.311039,57.124523,16.915743,167.79343,1.4719238,1.3952961,5.9638653
5337724268201752960,167.23965521073995,-60.08955915387365,0.909174150257146,0.026640426,15.56364,3858.3828,16.037327,285.35062,14.938932,826.01074,1.2171397,1.0983944,0.99697447
5337724268201754368,167.23582421858634,-60.0876704085766,0.18096702409238302,0.052652188,16.892546,1699.6997,17.560667,130.6775,16.11605,336.68024,1.2525572,1.4446163,0.9960493
5337724268201757056,167.2339814310358,-60.08548136160904,1.7366475616791486,0.08103304,17.625532,946.4158,18.77533,52.287792,16.614683,303.4362,1.3194579,2.1606464,1.0236512
5337724268201757312,167.2261432618948,-60.082780653476846,0.15746421844869699,0.05286187,16.916586,1602.7416,17.439198,198.96666,16.24713,331.25168,1.2279718,1.1920681,1.0447245
5337724268201758336,167.21600475993765,-60.07891643218538,0.3552676712999554,0.013384406,12.875039,6664.3926,13.695155,1762.7255,11.986429,3359.5483,1.2949759,1.7087259,0.9699302
5337724268201762304,167.24379951590535,-60.08625543189024,0.6260768939325928,0.08293344,17.691618,1076.8141,18.443851,54.49575,16.88228,247.69702,1.2497698,1.5615711,1.0160124
5337724268201763584,167.24016555020623,-60.08397614600448,0.11126701045670863,0.047924098,16.621485,1604.61,17.181524,211.81837,15.882052,473.2161,1.2647,1.2994719,1.0850446
