source_id,ra,dec,pmra,pmdec,parallax,pmra_error,pmdec_error,parallax_error,phot_g_mean_mag,phot_bp_mean_mag,phot_rp_mean_mag,bp_rp,phot_g_mean_flux_over_error,phot_bp_mean_flux_over_error,phot_rp_mean_flux_over_error,phot_bp_rp_excess_factor,ruwe,non_single_star,probs_final
53029278307021696,60.358621002820136,21.585596506405725,19.10429714130666,-45.854030142547465,7.473926226138187,0.060030587,0.03623899,0.04969354,16.10102,17.739914,14.863558,2.8763561,967.77405,89.58663,406.68784,1.4761139,1.0060776,0,0.9978
63547270960574336,56.002772277578515,21.281872338918273,20.147855316576678,-46.019560668530474,7.436217258402496,0.019420547,0.012928858,0.015804969,12.420944,13.031142,11.669099,1.3620434,577.6165,150.08046,164.64044,1.2547176,1.1329408,0,0.9998
64114245300877184,57.29700152037766,22.609258005731753,21.057238451322103,-47.309507094315066,7.455976057919426,0.036593974,0.02336674,0.029010396,7.7059603,7.7801414,7.545788,0.23435354,3086.677,1001.81366,1636.0992,1.1651696,1.1223998,0,0.9999
64160940185240064,57.57335850579678,22.932883365855528,18.971190164122525,-42.77271008412554,7.173085965990723,0.12312416,0.08016963,0.1056444,17.563309,19.70834,16.25707,3.4512691,925.88947,25.218302,256.5812,1.502433,1.054534,0,0.9998
51742471745296768,58.61605936196911,21.389535691244504,19.086394973299612,-47.242977939221646,7.489318997319018,0.027763434,0.017469576,0.021770384,10.7659445,11.139266,10.224359,0.91490746,1304.4303,377.31934,564.6568,1.2073911,1.4724106,0,0.9997
53258732639653760,59.9994668944861,22.09136400754777,17.258638809607298,-41.31362968982694,6.665716491360589,0.11218412,0.06326126,0.08596472,16.949703,18.746758,15.667684,3.079074,1081.6753,47.155396,351.90027,1.5095067,1.0731882,0,0.7336
63592767549850112,56.29127878438316,21.70437958429157,20.887245426804718,-48.14377497155412,7.9483711943893125,0.0219333,0.019263403,0.022369606,9.8515625,10.1398535,9.392272,0.7475815,839.36633,248.16583,347.07294,1.1986815,1.0076236,0,0.999
63593798341985152,56.44566068110117,21.74683088275721,21.819412763175173,-50.536618795491194,8.15854167678367,0.13091175,0.10688964,0.1379612,17.087347,19.225523,15.744163,3.4813604,713.3094,25.562588,326.60275,1.5515952,1.0640926,0,0.7664
63824901943723392,58.01832823927351,21.760705033269936,18.176978689225006,-44.522902687547614,7.3591452377643,0.1257934,0.07493024,0.101247855,17.552294,19.531612,16.224325,3.3072872,901.3114,33.953503,272.63947,1.5473549,0.971319,0,0.9998
53892669813156736,60.95658084758279,23.720358358753003,19.42344322993885,-49.52319156674884,7.859879359576648,0.09036234,0.050997134,0.07905031,16.97782,18.762753,15.697713,3.0650396,1548.2959,44.81634,477.3241,1.508648,1.0071335,0,0.8262
63485427727244544,56.541269903063466,21.097786187701033,18.798239961955623,-41.8305630359327,6.835496796483537,0.062611625,0.041691888,0.04964973,16.040298,17.638668,14.815405,2.8232632,768.74,93.42346,334.82053,1.4670645,1.0714281,0,0.9966
63693785181958912,57.4659251417893,21.307130860806396,19.91533893013088,-44.129929635462005,7.215799510913274,0.037615784,0.021416768,0.030754028,14.509014,15.859336,13.360371,2.4989653,1522.1147,259.3532,674.8219,1.4215586,1.211051,0,0.9998
64095656682494720,57.91274273726911,22.750074669732147,19.604490971156867,-45.596747505378964,7.284987335263736,0.021057004,0.013641431,0.017025813,11.850179,12.352765,11.187994,1.1647711,2791.6863,984.7951,1525.6724,1.2311091,1.272211,0,0.9999
53332571717238400,59.7794426835754,22.463275483218414,17.14003906377279,-42.42517263150368,6.999974316040319,0.13252375,0.068502545,0.09694087,16.882849,18.903868,15.530801,3.373067,921.81665,33.073177,320.97028,1.5750163,1.1927375,0,0.9944
53341642688604416,60.454938323599364,22.167938875858077,19.67799785142256,-49.36815726952413,8.003915402502194,0.07504721,0.03854958,0.059278246,16.131588,17.79364,14.88261,2.9110298,1034.6576,81.851616,556.8394,1.4867581,1.1462913,0,0.8404
63632178171114624,57.46000788790077,20.96651689252344,19.64071321155057,-45.235371698623595,7.384702800891043,0.061259136,0.039649446,0.056211427,16.383282,18.0824,15.130301,2.952098,1346.7062,78.06923,429.8463,1.4864051,0.9899319,0,0.9998
64016904160440960,57.10351631333752,22.407062846260487,20.230965100976423,-47.225134748533975,8.069427125789232,0.1326977,0.0907396,0.12728046,14.416559,15.729707,13.2848625,2.4448442,2305.5247,248.88068,909.65027,1.4100629,5.962141,0,0.9484
64172038380708224,57.58886377465197,23.09614480790089,19.608488750151913,-46.559026755660526,7.505850970004721,0.029035324,0.018623162,0.026161041,11.16862,11.595824,10.570457,1.0253668,1676.2274,585.1485,853.54456,1.2195739,1.7117734,0,1.0
64174546641593984,57.66222912452411,23.21722758953147,18.264910026129144,-45.37654930409289,7.301312904999704,0.040552225,0.02482583,0.035013244,15.392325,16.795277,14.226943,2.5683336,2207.271,250.27791,981.31915,1.430501,0.9832702,0,0.9999
64653383953596032,55.02925859013083,22.64639061215007,20.846684754196072,-45.53023058759697,7.401384626754442,0.10341274,0.075149104,0.10471005,17.14754,18.992771,15.851673,3.141098,784.13715,32.032585,265.4828,1.5210886,0.99503756,0,0.9999
51619120284286976,58.370325759330775,20.907165340115196,19.218960776558564,-44.584127107508024,7.312472679577789,0.026274074,0.01551189,0.019746302,11.657691,12.156913,10.985731,1.1711817,720.12604,187.2278,272.17407,1.2395313,1.294968,0,0.9998
53014881576687872,60.13999258701869,21.45269913101329,17.51100838196579,-42.90280695646929,6.938449693026262,0.11123774,0.07322205,0.10995071,17.453327,19.338013,16.15116,3.1868534,871.46704,29.031227,244.98468,1.5244399,1.0235492,0,0.9938
58259414601023744,54.2953225979299,21.20261253435869,21.389948908626973,-44.706537060160585,7.4466370369517705,0.10902173,0.09140507,0.09406903,17.220085,19.133448,15.93491,3.1985378,591.99725,31.78975,237.26015,1.4994214,1.0088705,0,0.9984
63052048347383168,56.257022996186365,19.55917548871466,20.768730353749167,-43.31698258802733,7.392478723407379,0.023328843,0.015300792,0.022814885,9.302901,9.558643,8.880217,0.67842674,5091.2725,2853.7144,4108.722,1.1943026,1.1237687,0,0.9192
63391178965446656,55.62382697122327,20.810895062445955,19.635252923015344,-46.74624082918962,7.478133274099747,0.0961645,0.072673716,0.08032191,16.40713,18.15886,15.141909,3.0169506,1102.8213,124.98294,640.75476,1.4943632,1.055023,0,0.9978
51303388648134400,58.65845264627161,19.906168357382406,20.075454904271886,-48.07985687773282,7.894783333803146,0.06229164,0.043385614,0.052146275,16.368244,18.137215,15.089496,3.047719,918.37134,82.968124,368.8946,1.5090141,1.0284839,0,0.9335
51616268426009472,58.429315767678595,20.83327996686479,19.851565000781413,-45.5223085487388,7.435143270986129,0.027438859,0.015456249,0.020606905,13.973773,14.969579,12.978091,1.9914875,1355.7236,308.45465,527.0631,1.3429679,0.979916,0,0.9997
63102694601689728,56.76592439375685,20.195680669360634,21.450319145217385,-46.97212386529604,7.685071538856968,0.020926623,0.016852995,0.02011454,13.785254,14.750725,12.813434,1.9372911,780.9206,229.91318,318.57596,1.328287,1.0690483,0,0.997
63449521800719488,55.77398249072309,21.030219725596368,19.368666734238875,-46.28315605087656,7.661183575372759,0.11906767,0.072046146,0.10211455,17.138874,19.031832,15.843201,3.188631,957.24316,42.24098,234.66156,1.5151398,0.98482674,0,0.9981
63892006512622848,58.21556121209022,22.525604769152533,18.998406473715193,-46.56403228084043,7.4162821627048805,0.053825267,0.034135826,0.04182554,15.772704,17.341928,14.551169,2.790759,1478.3079,120.44856,491.27017,1.4675733,1.0604233,0,0.9999
63958801843006208,57.39959141710091,22.151234945032762,19.813435693044003,-42.301259366781785,7.27969144313044,0.09323864,0.058834367,0.07471994,13.141851,14.084387,12.15845,1.9259367,1249.6206,430.24982,662.7336,1.3456991,5.9114943,0,0.9996
64259518272776576,54.764638768320864,21.42208398595951,21.51012654458343,-45.626641493569586,7.499861696290614,0.09193669,0.060798787,0.07101614,16.800209,18.658724,15.517677,3.1410465,840.8004,56.842583,336.13647,1.5025265,0.9769868,0,0.9996
50976077779666688,57.04311923768382,19.30230212368997,20.827256174385475,-46.69973736930276,7.734834945459338,0.018736614,0.012612426,0.015833635,12.718654,13.409156,11.913653,1.4955025,1331.9966,351.5934,526.50195,1.2674562,1.1367141,0,0.914
51492264130122496,59.92782200109492,21.204034312938816,17.23571260205042,-43.00337845806828,7.001214847990423,0.14000711,0.075147174,0.10387235,17.240238,19.177626,15.921906,3.2557192,498.2382,33.08078,144.49442,1.5393298,1.0378132,0,0.9973
63436396380626688,55.14725093305028,20.965557633826194,21.391571909544552,-45.20769139946536,7.589501273110353,0.032165777,0.022734314,0.025133824,14.841508,16.148449,13.706804,2.4416447,735.8023,116.726036,237.26498,1.4146137,1.0194958,0,0.999
63773774653147904,58.19032854954304,21.688685952062063,17.87536259125583,-44.37111557160527,7.149206756696743,0.059168167,0.038665667,0.051077396,15.726802,17.271751,14.511881,2.7598705,950.7486,140.4483,410.87668,1.463563,1.1235491,0,0.9997
63795455648004608,58.64505953991257,21.88371044606809,18.870919452909376,-44.55006354269242,7.257017840659242,0.033784017,0.019000633,0.026235495,14.622399,15.831817,13.535269,2.296548,1981.2362,366.6736,912.9129,1.3837502,1.0450507,0,0.9998
63838886357191936,58.07697232889908,22.014709445044918,17.86528407768666,-41.44995948015068,6.66285797161025,0.033563804,0.021978866,0.028085016,14.832637,16.016743,13.748334,2.2684088,1620.3323,263.28156,624.09155,1.3863858,1.0579791,0,0.9507
63839023796354560,58.02785653537796,22.020523597640402,20.26129682172177,-48.83380959440387,8.012548161643274,0.11883812,0.07063137,0.09163586,17.154518,18.962158,15.870787,3.0913715,1120.0743,35.443077,307.45517,1.5103244,0.9361239,0,0.9782
53140397701490176,61.14502945132946,22.04606676888461,18.340497580585364,-45.891860091313674,7.307982320906292,0.068498015,0.041253302,0.07527188,16.594816,18.358774,15.320143,3.0386314,1251.8976,39.448586,344.74136,1.504551,0.9994528,0,0.9911
53335045618385536,59.84548312183911,22.57116993056076,17.952584340610734,-45.482100216381994,7.460595639590168,0.025673974,0.013761428,0.019523792,13.755472,14.696286,12.791234,1.9050522,991.9042,238.45447,390.70303,1.3279647,1.0315162,0,0.9997
63786625195137664,58.26761880948107,21.88980803819835,19.877369404068872,-47.95772125159041,7.640420083089255,0.18687455,0.11791808,0.15525347,17.879002,19.982246,16.527723,3.454523,794.1349,22.06327,205.6131,1.5657572,1.0656203,0,0.9997
63959351598814336,57.451898858678085,22.17997112385835,18.393526520062615,-42.295589729804554,6.972454206976809,0.055661466,0.03811691,0.056316454,15.772934,17.267515,14.575137,2.692378,810.48834,120.25226,373.15167,1.4516946,1.0422074,0,0.9995
64109915973846528,57.409171523077866,22.53328562479943,18.218374885497603,-44.56881799548171,7.295865291844413,0.036336496,0.021936465,0.028811403,7.0043597,7.007024,6.964559,0.042464733,3634.7363,1977.4021,829.6583,1.1600918,1.0065733,0,0.9999
64157023175179776,57.83246207983878,23.067645295503368,19.23268388146952,-43.413694043478245,7.370749551185829,0.13327566,0.08674997,0.1310374,17.615984,19.594332,16.28302,3.3113117,592.6805,23.276741,199.97783,1.5540566,1.0775449,0,0.9999
64313222543810560,54.80510435415978,21.84305262972688,19.987890673150705,-43.696853082697345,7.194558583353505,0.056297835,0.039131742,0.053354938,7.2714095,7.2965436,7.191399,0.1051445,3046.9236,2173.698,886.6796,1.1617478,1.5154308,0,0.9998
50907014706346624,58.127293937607014,19.67758093413939,18.66651503100213,-42.22018874122978,7.208282851437563,0.104327224,0.054996833,0.08694336,16.692387,18.570545,15.386656,3.1838894,1399.8158,41.357056,379.796,1.5298017,1.1737031,0,0.9491
63144716561596288,55.62454628502239,20.149791610366815,20.002000343498537,-44.80831184603647,7.454719787942149,0.028905816,0.022174576,0.031357095,8.356558,8.508566,8.071387,0.4371786,3334.8198,2075.6587,2225.369,1.1778412,0.99177456,0,0.9954
63289920816208768,56.5806826142567,20.879588727250898,20.261180552721815,-44.14982886757803,7.33271113773573,0.026612338,0.018591544,0.021578562,11.310213,11.751647,10.709587,1.0420599,1470.9167,531.69147,745.58,1.2148612,1.2028999,0,0.9995
63661521387693824,58.24225480179571,21.424001124250438,18.876573294568246,-45.55953104184667,7.375073715479337,0.05749682,0.042399127,0.050020155,16.022692,17.730389,14.765992,2.9643965,508.54715,82.179405,173.75021,1.4897901,1.0631554,0,0.9998
63705433133130368,57.20100053548862,21.41108489367433,19.169363780474185,-43.503989083043685,7.137253476855223,0.08361842,0.052926853,0.062629685,16.604872,18.351088,15.345707,3.0053806,753.38666,71.52179,250.26692,1.4875919,1.0174967,0,0.9998
63884584809145600,58.23743741144484,22.43351088238098,18.812148988685426,-45.97078665314908,7.425312317573574,0.03995051,0.025738902,0.03291782,15.189425,16.559381,14.0364685,2.522913,1643.1986,252.09534,786.60834,1.4226375,1.0516557,0,0.9999
63916431989200256,56.89244333570318,21.746606304672703,19.064739272210343,-46.162083625654475,7.637128618750358,0.016833287,0.009613247,0.014081778,11.985237,12.519923,11.301289,1.2186346,1531.8975,407.2837,648.5671,1.2334938,0.88940537,0,0.9996
64117062799542016,57.591906954505056,22.62549947941777,18.44298164171357,-42.44434767132344,7.159865534412515,0.074941255,0.042622734,0.05924875,16.21168,17.86597,14.972922,2.8930483,1262.3357,79.23379,480.33377,1.475424,1.0154573,0,0.9997
64168705486089216,57.6160313902337,23.06512486371312,18.265411612126584,-44.09683354582957,7.249398579166355,0.080318026,0.052526597,0.07077046,16.96899,18.734793,15.688656,3.0461369,1269.3568,44.34909,297.45178,1.5114261,1.0051093,0,0.9999
51391658816356608,59.49378311107562,20.405297383236228,18.553838418700664,-46.94812143276498,7.614944207210018,0.09125402,0.059630603,0.07730563,16.93339,18.788616,15.6474905,3.1411257,871.1456,49.817783,340.16006,1.5071852,0.96483535,0,0.9951
51681655008229632,58.98985191624954,21.1773073591651,18.138265506520135,-41.379747016863526,6.903112509285608,0.09672249,0.060009032,0.07970004,15.5733385,17.115799,14.360473,2.7553263,1610.0839,146.3718,682.87256,1.4615266,2.0430796,0,0.9782
53864804065393536,60.70828661507774,23.510605573585625,17.656241912139183,-44.681983984621695,7.092230790408538,0.049752474,0.028442327,0.045546386,15.780696,17.254316,14.5944,2.659916,2031.806,151.89766,810.759,1.4418951,1.053012,0,0.999
63502259702709888,56.383382651277834,21.246480352393984,20.65280679243452,-47.762058421602056,7.7480712178475075,0.03600102,0.02627126,0.029144812,7.728319,7.80467,7.562601,0.24206877,2927.4924,1416.6775,2421.499,1.1663152,1.0431212,0,0.9997
63662311661690880,58.14931470540614,21.356272708106935,18.37231914949358,-42.43238580409245,6.951973073080217,0.07934415,0.053941224,0.0705504,16.772198,18.564417,15.493199,3.0712175,788.87445,61.630875,269.83835,1.5063142,1.004932,0,0.9992
63953819680971008,57.07348073664716,22.066808749749143,20.284017118807654,-45.30198551821394,7.598022917417946,0.06510971,0.046597984,0.054657515,16.483202,18.196905,15.235043,2.9618626,828.5977,72.18266,392.6516,1.4784671,0.9693371,0,0.9998
63547378335443200,55.81130298910235,21.15257986214585,21.818435967983056,-47.00678751030196,7.693350581828351,0.01962678,0.012326772,0.016745262,12.29592,12.8916,11.55974,1.3318596,1122.5516,310.38748,432.6406,1.2482308,1.1094531,0,0.9996
63585036608738048,56.22036355889966,21.57101441962209,21.318435514140948,-47.12835262252343,7.786119609386528,0.07828262,0.061432075,0.062630914,16.548655,18.458565,15.239743,3.2188215,1033.7568,51.205303,427.26733,1.5302067,1.0417204,0,0.9997
63627264728628224,57.81933478424535,21.059534771691627,19.478693528215878,-44.728922308426654,7.287873038911874,0.082989104,0.042277094,0.066088505,16.346361,18.020565,15.089913,2.9306517,1189.824,52.811592,462.72876,1.4941949,0.9920918,0,0.9998
63677326867342464,58.10251694951161,21.506109143477744,19.852902320182725,-44.94200921290559,7.419674106187213,0.035327725,0.022733541,0.03233742,15.199719,16.626724,14.028138,2.598586,1306.1324,160.13992,594.84515,1.4331871,1.0695143,0,0.9998
63826448131945984,57.9663345193002,21.822564566552924,20.386327802554828,-45.64281530094115,7.463877991507574,0.052010972,0.033992,0.042945378,15.841362,17.418045,14.621999,2.7960463,1433.6299,123.1929,596.62317,1.4638116,1.0005019,0,0.9998
51408529447927296,60.190083411136534,20.624901843256882,17.860725353957083,-41.40104824717983,6.912601370661833,0.087114275,0.053320784,0.088208415,16.798506,18.573454,15.529936,3.043518,1263.4689,51.078007,414.85077,1.4954776,1.0563352,0,0.8009
63730309584280960,57.92546926970108,21.668161426743545,19.07967877684022,-43.605687635708065,7.153891740925318,0.02727383,0.017951688,0.024028093,11.271783,11.710741,10.658591,1.0521498,1606.067,633.05554,957.387,1.2244835,1.5979543,0,0.9998
63775355201110016,58.20296923378865,21.7075943267629,20.39381201422279,-48.20603320428624,7.863438944484613,0.02540218,0.017026681,0.023044933,13.937496,14.963255,12.927443,2.0358124,1626.5847,384.82532,725.18097,1.349115,1.0761502,0,0.9991
63826070174824192,57.96492519317743,21.821211162958722,20.684256689137317,-45.116088434998034,7.520908413838251,0.07128362,0.04518986,0.058240574,16.288523,17.97776,15.031416,2.9463444,869.1501,69.60189,300.97205,1.4928734,1.1198117,0,0.9998
63999999169130112,56.630577272862354,22.305310419986274,19.543662369430454,-46.412852716344204,7.432473633593599,0.07703707,0.05918031,0.06450196,16.615885,18.53238,15.299266,3.2331133,1054.2289,40.644608,319.48538,1.539464,1.0838587,0,0.9999
64009448097245440,57.10636705902224,22.211391174097333,17.353895783853417,-40.577428216333,6.539304389916251,0.017273994,0.012200982,0.016790947,13.571043,14.365626,12.684824,1.6808023,440.71008,114.398766,199.0522,1.3009849,1.0501448,0,0.8372
64743646986745600,56.165358124707346,22.11312706231153,19.479151625182578,-42.89828505875798,6.888913572562689,0.047289163,0.029129468,0.03892524,10.885116,11.295315,10.300288,0.9950266,2702.6992,818.7667,1027.701,1.2183827,1.6656878,0,0.9993
64757425241820800,56.12937625817235,22.25403305470104,18.885391926771806,-42.64337488462004,6.88545771448969,0.05707626,0.041062683,0.04956211,15.495378,16.950798,14.315059,2.6357393,876.6098,183.50774,317.31058,1.4381597,0.9226784,0,0.9995
64856312568645248,56.52195568292751,22.981419243413214,20.514283661276494,-47.91048805067051,7.602128024288136,0.020303842,0.014524859,0.018777581,13.413954,14.269874,12.5023365,1.7675371,1281.5112,347.64517,421.5198,1.3043582,1.0812526,0,0.9999
64889126119831040,57.094462930924884,22.872477336102378,20.539052849387254,-46.74773678544327,7.617353781069092,0.044744853,0.027145123,0.03413077,15.062484,16.408981,13.919446,2.4895353,1382.5685,175.80559,328.6086,1.4160521,1.1173615,0,0.9999
64923279699744256,57.25981898022836,23.25223911265763,19.730996700492646,-44.42819858102819,7.266831729278644,0.02427146,0.01704622,0.020944558,11.473286,11.914596,10.86683,1.0477657,1191.4037,638.9845,824.6712,1.2188563,1.1447881,0,1.0
64962174923490304,56.88419556070246,23.30633191106529,20.729001925708243,-45.43158657295105,7.339722266111578,0.072896786,0.054036416,0.06421835,16.41158,18.062555,15.171372,2.891183,1040.546,43.601322,249.27075,1.4776679,1.0396391,0,1.0
64963377514329984,56.84184912038183,23.359958000577215,21.312007944847327,-44.50127002300362,7.456198708615304,0.081965916,0.058664735,0.06880964,16.68825,18.459522,15.405938,3.053584,785.61365,58.804058,243.42372,1.513205,0.9374413,0,0.9999
64980832261312640,56.70879817515686,23.53208141913091,20.87945193664808,-45.02175262335697,7.435614097188134,0.056650817,0.04124148,0.04823119,16.288599,17.955683,15.026005,2.929678,550.1891,60.7551,140.96382,1.5028158,0.9718782,0,1.0
65005262035285888,56.76583191330965,23.616114992542006,20.780047946237538,-44.242085995364654,7.209191094463601,0.024606442,0.017609062,0.022680594,14.2646475,15.604331,13.129026,2.4753046,1508.3983,279.42883,715.0608,1.4091606,1.1201135,0,0.9999
65007083101413888,56.861890197773505,23.678126852419382,21.72387551654079,-45.70969458878078,7.472988365635405,0.03369307,0.026485171,0.031553023,7.7467694,7.8123984,7.595021,0.21737766,2050.4766,913.5991,1068.713,1.1667553,1.009509,0,0.9999
65026839950559744,55.446290775382565,22.856829510979935,21.03875282773397,-45.91094789901183,7.414311257263757,0.027149094,0.019166159,0.021684585,13.883523,14.821616,12.925335,1.8962812,1320.8087,341.2743,517.16003,1.3230437,1.1278907,0,1.0
65086591535491584,56.00257297938471,23.543743984874723,19.55870683741184,-44.75242968274938,7.297531268657663,0.021816893,0.013080624,0.015349895,10.823086,11.230583,10.24679,0.98379326,875.88885,280.04688,390.6272,1.2139759,1.1061329,0,1.0
65089473457126784,55.9526140176657,23.539193471582006,21.483314424987046,-44.38909546773306,7.241582954749215,0.021675624,0.013233407,0.015352061,13.418813,14.245265,12.528186,1.7170792,1749.0511,415.40915,749.4145,1.2947664,1.0401119,0,0.9999
65101606741121792,55.358274790613365,23.25980604541485,21.430531919380343,-45.768936753226264,7.353979850941794,0.07575682,0.057454545,0.06497678,16.835623,18.681997,15.543577,3.13842,783.60535,50.73401,367.87894,1.5160699,0.97007865,0,0.9999
65181115176348544,56.068656980543835,23.61763077488844,22.5414303663053,-47.5949810700541,7.450890340933603,0.055310197,0.03543539,0.03957465,15.794596,17.485998,14.537514,2.9484844,789.27545,81.33772,233.86496,1.4925377,1.036575,0,0.9997
65213172812266752,56.74283055817035,24.027995653471557,19.211601348098558,-43.36324766229127,7.449628020763334,0.115643784,0.08165107,0.09741063,17.144829,19.003336,15.839386,3.16395,852.0823,26.020947,254.33932,1.5317782,0.95862824,0,0.9999
65225469302220800,56.71438897122719,24.10432284781211,21.454720070774023,-45.221757813240025,7.422710671658224,0.17788406,0.12358278,0.14431289,17.444145,19.398048,16.14061,3.2574387,553.19006,20.661404,121.00817,1.5183058,1.0897739,0,0.9999
65293368441513344,56.07404213069598,24.446187902212245,20.16911764248763,-44.66621639384996,7.20733365805876,0.047521293,0.035300583,0.041400734,15.395012,16.845022,14.221549,2.6234732,681.0746,134.18861,308.104,1.4312503,1.1538252,0,1.0
65561473183104640,59.996547399284125,23.684502413509016,18.238053772145097,-44.87531613366752,7.365650912464818,0.14910848,0.07874906,0.1063152,17.376736,19.306112,16.073645,3.2324677,697.9505,34.034515,328.38104,1.5204756,1.0405189,0,0.9998
65690498298435840,58.35353809174113,23.403957423598573,20.973390183488302,-46.79148690227105,7.539436764637113,0.07221192,0.037897203,0.04908818,14.073176,15.29284,12.967694,2.3251457,1706.3203,425.54855,896.71594,1.4010432,3.0856295,0,0.9998
66289044940711168,60.4827966589139,24.733872010726543,18.81690894808831,-42.23617697267188,7.2050917204075295,0.07696865,0.04410223,0.07214574,16.339365,18.070919,15.05034,3.0205793,831.9123,84.08081,189.80621,1.5269985,0.984884,0,0.8367
66468918172339328,57.89280600086858,23.797032725739253,19.108210218397666,-45.41617175629843,7.242062708797047,0.096353956,0.06129364,0.08368073,17.061905,18.879023,15.782236,3.0967865,1290.223,54.555256,455.3787,1.504003,0.96364164,0,0.9999
66509771901085696,57.5519498137871,23.926474495876295,20.69247400212095,-45.6571137814936,7.457034070158453,0.1003207,0.059486613,0.075219125,16.25907,18.160973,14.947622,3.2133503,1169.0559,66.697205,434.51962,1.5344163,1.1878479,0,0.9999
66523103479455744,57.1327139051166,24.0328031975566,18.53827523276147,-44.38353799103615,7.1438013870737755,0.099425465,0.055569828,0.07595504,16.80336,18.574518,15.532686,3.041832,599.2326,29.680601,208.25485,1.4985999,0.99710137,0,0.9999
66581549393480704,58.61864199674141,24.320930193016103,18.822255467157277,-46.75656400286956,7.419621943102175,0.02037844,0.011785393,0.015879964,13.582582,14.450566,12.664517,1.7860489,1461.6724,402.055,604.617,1.3065208,1.0209115,0,0.9999
66659271121456768,57.891738387194295,24.568991301553485,20.34257441414748,-46.71852154545581,7.421206266094838,0.09111916,0.0529406,0.06500095,16.468485,18.198425,15.212521,2.9859047,1025.7166,63.24231,258.75632,1.485834,1.1151683,0,0.9999
66715273197982848,56.83070036887997,24.138920132623063,19.017069653993058,-43.927570681464154,7.269312246192696,0.032082487,0.02470716,0.027773846,8.243902,8.362129,8.008208,0.35392094,3047.886,1480.3053,1539.3008,1.1733836,0.874114,0,1.0
66720946851771904,57.20406155769351,24.267173771028073,17.791532890139102,-47.53920278481299,6.897881784660053,0.042647116,0.025512844,0.032174937,10.7058525,11.158739,10.089388,1.0693512,950.22626,304.73376,424.06705,1.2205484,2.4192097,0,0.9991
66729674225341696,56.85469975761968,24.25462065234576,21.087168165577484,-46.027592700818865,7.5495680701742245,0.13427204,0.079594396,0.100397095,17.056747,18.837578,15.783017,3.0545607,723.5636,40.29266,266.46054,1.5011642,0.9836351,0,0.9999
66750358787789056,57.177946533093994,24.4552402956949,19.43070052995618,-47.815166188835946,7.938158096015889,0.12290145,0.08356862,0.10993434,17.649462,19.585096,16.338833,3.2462635,873.5173,20.951742,161.6031,1.5295058,1.0535691,0,0.9836
66786539592171392,56.602739910078235,24.479398837694735,20.307721821964204,-45.75159001135238,7.320709076268946,0.09284854,0.05471866,0.06251443,16.471231,18.110031,15.216504,2.893527,1362.4839,58.020813,263.36148,1.4972163,1.1160098,0,1.0
66802207632871808,56.31946543928191,24.575481115491094,20.82255034321436,-47.73125292623668,7.666701713472894,0.051307898,0.030625746,0.037823208,15.082205,16.466335,13.920368,2.545967,784.40625,92.03954,265.44672,1.4299705,1.0978314,0,0.9999
66808839062339712,56.68666506758425,24.74939162434088,20.16782120245168,-44.18388468038046,7.382649848312971,0.11341955,0.09406659,0.09851447,17.464863,19.405117,16.141865,3.2632523,723.4617,25.088911,186.62418,1.5451157,1.030175,0,1.0
50940034414875392,58.37823369974322,19.906585282226132,18.912099794874948,-42.2042994157005,6.947715598371501,0.050373543,0.032032967,0.04160213,15.607092,17.04839,14.422875,2.625514,1915.1688,149.92336,602.70825,1.4451349,1.0877742,0,0.9681
51307065140124032,58.70698572231984,20.03748525884304,17.181990859253933,-40.515385353326714,6.674512017135269,0.022479594,0.01480208,0.01956674,13.707586,14.592217,12.787694,1.8045235,789.38776,143.79922,244.89218,1.3032113,0.9848976,0,0.7392
51765595848971648,59.29092419571437,21.60740677159657,18.315870271139914,-43.954755574556856,7.206987481677237,0.10156749,0.055417735,0.07161286,16.671072,18.460726,15.392765,3.0679607,903.222,47.91507,242.73157,1.5057755,1.0814058,0,0.9997
61917043110119552,52.006616040812,23.078283083304413,20.49744413345669,-43.10357181172239,7.13170764519702,0.1289584,0.08449085,0.07873291,16.565022,18.283491,15.308877,2.9746141,962.6013,78.98232,565.19714,1.4876196,1.1194807,0,0.8882
63876402894075904,58.470183837285894,22.41833148614529,19.46628363123858,-45.26295888165422,7.449216493422733,0.019011863,0.012543497,0.016391812,11.673621,12.242834,10.948159,1.2946749,1186.9788,343.42596,495.86176,1.2504236,1.1952622,0,0.9999
63958561324922240,57.296939137029845,22.17655024292767,21.595947688992624,-49.77010613742128,7.425806148675288,0.18845989,0.1398071,0.1832203,12.993832,13.79799,12.095629,1.7023611,656.97705,390.63977,588.2687,1.3084893,9.59688,0,0.9667
63989691247627776,56.413086086113154,22.072941790439312,20.3006957339678,-45.655047436779554,7.595165178454831,0.13716105,0.099042945,0.11115422,17.306427,19.28531,15.999539,3.2857714,721.34705,35.57176,162.38934,1.5199014,1.0100056,0,0.9999
64006905476619776,56.84689444035548,22.244354276021415,19.56523367259846,-44.07548166486084,7.121282586312011,0.021979593,0.016248746,0.019014506,13.896054,14.827557,12.940072,1.8874846,821.2077,198.15837,348.42123,1.3228403,1.0081398,0,0.9999
51761575759616000,59.018980594006194,21.544964459219102,19.327569151063624,-48.55931966340614,7.4021620145014575,0.083637126,0.05453857,0.06907523,15.093677,16.7255,13.8393,2.8862,1322.9893,183.85266,864.79486,1.4978173,2.7703176,0,0.9995
64092907903452800,57.77559689630136,22.633376347393465,20.882520277954452,-45.90535315467692,7.500111920385244,0.10918093,0.066018395,0.08733891,17.126387,18.967655,15.823666,3.1439896,1120.3726,36.327568,253.76915,1.530368,0.97746164,0,0.9999
64449321467581056,55.50707154580541,22.39060459879524,21.50447046062442,-46.90881537959989,7.5227639640978365,0.07476213,0.052851208,0.06459279,16.414602,18.123177,15.152911,2.9702654,827.23456,62.76411,321.59247,1.4958425,1.0223658,0,0.9999
64456262134709376,55.61385651221187,22.573392259376448,19.000000967207146,-43.149520528650314,7.177752139311311,0.055527788,0.03634245,0.042132903,15.731763,17.404444,14.486548,2.9178953,1058.5602,130.27083,374.81244,1.4806291,1.0479097,0,0.9998
63094894941091328,56.77370761394805,20.010169425429392,18.949344980183252,-47.06775598455637,7.558265227588301,0.12662825,0.090159826,0.10275393,17.403084,19.440338,16.089336,3.3510017,779.1896,26.695192,275.96542,1.5226576,1.0188955,0,0.9687
63546038305742720,56.01050989862372,21.22094570695962,19.849817119868604,-43.696947383979456,6.93362204519199,0.10663762,0.077081874,0.09373433,16.90566,18.72578,15.620247,3.1055336,906.9304,52.413425,295.41037,1.5108871,1.041533,0,0.9991
64021714523841280,56.83519780827225,22.365563362379287,19.471856841625943,-46.254349896532375,7.3267714619524815,0.097058006,0.078045875,0.087684184,17.03976,18.95881,15.7275,3.2313108,905.77985,37.510033,372.57993,1.5334998,1.0793995,0,0.9999
64050645425295872,57.76638978663602,22.404544971048768,19.342089985005458,-45.99644636903686,7.434510624162738,0.026083885,0.014085068,0.018818285,13.859603,14.819051,12.886795,1.9322557,1005.45197,284.0889,426.6937,1.3308831,1.0405931,0,0.9999
64059407158605568,57.39781407380614,22.39046720119339,19.47132579352298,-45.00153299664306,7.399756837891425,0.10602998,0.071098305,0.09320872,17.05874,18.854296,15.798702,3.0555935,1003.8606,33.781395,181.03525,1.4822202,0.9411865,0,0.9999
64103009666497024,57.849313048424804,22.841272958150647,19.641777668946855,-44.98903735020462,7.430605491985016,0.01943968,0.013182995,0.016472751,13.666987,14.567012,12.727442,1.83957,894.0356,216.69264,346.123,1.3166317,0.99236435,0,0.9999
64739248940235392,56.24560047392225,22.032257713665405,18.831601896246248,-43.71115305691276,7.135003545664876,0.028545037,0.018287946,0.022089964,9.362043,9.612339,8.948181,0.66415787,4386.8545,3082.3271,3456.2278,1.1921554,1.0530045,0,0.9998
64879402312818944,56.21358052689102,23.26872443224326,20.545926181047776,-44.30031551839597,7.394624876379964,0.022892917,0.016449539,0.018698333,8.886077,9.084315,8.53639,0.547925,5546.498,2244.346,2998.3003,1.185071,0.9805125,0,1.0
64884624994048256,56.89500778235771,22.801125159997,20.063807137477315,-44.55267649851964,7.307114829720655,0.060456045,0.038488965,0.04966351,16.003756,17.615614,14.774321,2.8412933,924.81,127.40049,388.92377,1.47046,1.0177438,0,1.0
64895139073954944,57.02435006099223,23.0339500921625,19.293114387985597,-44.997770784618794,7.309302082629353,0.038238708,0.024521362,0.031006156,15.133998,16.501127,13.985149,2.5159779,739.3572,115.09183,241.75407,1.4185754,1.1005108,0,1.0
64900739711320960,56.91586191032635,23.00110222643323,18.68608706268651,-45.00641029139872,7.46137150586521,0.13129589,0.08176051,0.097947486,17.231815,19.033255,15.956007,3.0772476,815.13885,22.110758,135.40897,1.5011266,1.0069556,0,0.9999
64916751349465856,57.24294597152945,23.09402124719942,20.627002035060737,-46.77767940688765,7.38945455734106,0.040310703,0.026018068,0.033159323,15.26213,16.628113,14.110522,2.5175905,1237.0273,204.70125,459.11432,1.4218777,1.0955359,0,0.9999
64960628735279232,56.71065598955907,23.238999951961915,18.082484632564615,-40.430133671670696,6.566669588716607,0.020181732,0.013743863,0.016544817,9.784797,10.069503,9.329901,0.7396021,4786.343,2278.4004,2709.2722,1.197925,0.81172436,0,0.906
64984951133439232,56.552852464053856,23.587012648241203,20.858783200882606,-44.736201780282386,7.280859159894756,0.09618676,0.06820962,0.09170236,17.09217,19.02397,15.796086,3.2278833,892.73956,27.069155,230.77559,1.5112083,1.0779377,0,1.0
65000863988835200,57.03735109356826,23.706329978281527,20.935367912891873,-47.27674284468649,7.548655100367121,0.089493304,0.06577417,0.0839179,16.795107,18.595438,15.50964,3.0857983,576.0791,37.924587,205.83824,1.5134482,1.0614438,0,0.9999
65018417518780672,56.881922360095274,23.87181815563443,19.272619406218368,-46.356623741699735,7.33883323931341,0.09804622,0.0698245,0.086343035,16.862331,18.660522,15.572258,3.0882645,769.138,45.49554,166.81317,1.5195675,1.1373919,0,1.0
65038281743395584,55.71537887938673,23.145328961490378,19.91290055599684,-43.60728849473782,7.3190037313926535,0.08540685,0.05980935,0.07520478,16.831034,18.834366,15.499237,3.3351288,954.0404,31.315332,327.43488,1.5498443,0.9722538,0,0.9999
65297251091930624,56.333272927295575,24.47333141898755,20.589522430997057,-44.03912568448305,7.337793941106909,0.10321721,0.060413625,0.07710426,16.519524,18.264065,15.223836,3.0402288,968.9543,42.525608,348.10098,1.5337398,1.0265754,0,1.0
65787289680918528,59.38888478791151,24.052986460733216,18.76077290795085,-45.312683297975326,7.284318379289529,0.0236853,0.013181733,0.019256461,11.822466,12.310161,11.174502,1.1356583,1794.067,666.2135,832.6051,1.227333,1.0724282,0,0.9999
66486510358371072,57.71855293609407,23.961269020104176,19.944675120872123,-45.36062770677223,6.7873128119934485,0.16430438,0.10427129,0.14141089,6.930358,6.9650383,6.8283124,0.1367259,3661.5771,1721.4285,1695.5035,1.1648346,4.034489,0,0.9989
66489259137570816,57.85177827355964,24.087172363395553,19.14041254467395,-45.078411978289786,7.47403630098569,0.018889673,0.012871299,0.01710725,12.779283,13.456099,11.986392,1.4697065,1242.8148,291.45477,511.0713,1.2625263,1.1050173,0,0.9999
64679840952155264,54.66976712540925,22.659409622396907,20.157222248000696,-45.35939552579252,7.3735646873637215,0.04506038,0.033973265,0.038997106,6.7019362,6.688857,6.6887803,7.677078e-05,2975.7395,1030.1566,1068.2437,1.1600728,0.95297456,0,0.9999
64929391436043264,57.42060476339698,23.341369648361887,18.7330771968439,-45.13349681432525,7.3159120319680895,0.040723853,0.038173627,0.04082006,8.094326,8.184235,7.9111433,0.27309132,3044.9858,1906.8551,2204.5247,1.1658783,1.2130493,0,1.0
64956127609464320,56.45349543711508,23.14694333291917,20.513910371784853,-45.699760208111584,7.4211396976655095,0.05286644,0.033643007,0.041989394,6.895188,6.892908,6.8683395,0.024568558,3136.687,1469.1768,1817.1415,1.1582154,1.0942224,0,1.0
64979732749686016,56.75601002050891,23.494741451278703,19.0718927796905,-45.023437835823266,7.386528543828836,0.022934148,0.015802365,0.01865727,11.273634,11.696708,10.691306,1.0054016,1660.6732,504.73755,741.93604,1.2108651,0.9098149,0,1.0
65004712279475712,56.72404434206554,23.58335393181007,20.79610781492648,-45.153767216869234,7.497436461447746,0.018105298,0.01301925,0.015502698,10.388345,10.711754,9.896658,0.8150959,1793.9615,644.37445,903.1427,1.2004443,0.99693227,0,1.0
65107860213588096,55.30763642249146,23.384742153238573,19.485467093679205,-44.451635700060436,7.224446903964589,0.018704949,0.012439563,0.017731464,13.492777,14.324309,12.597651,1.7266588,1564.5903,431.9283,599.104,1.2971556,1.0215166,0,0.9999
65135176205557888,55.722275885926074,23.518556750116925,21.313117784499422,-47.16556106923917,7.764517612049255,0.06423478,0.04548424,0.059579995,16.075401,17.695559,14.843436,2.8521223,1068.3596,100.93794,329.43478,1.4722581,1.041539,0,0.9999
65190048708380160,56.3383718087484,23.727270954059602,19.69124947738876,-44.56064014037388,7.277032576643956,0.01705619,0.012664601,0.013647615,12.071662,12.781521,11.243565,1.5379562,714.99725,219.03992,284.43152,1.2796677,1.0951537,0,1.0
65222518661019520,56.43373928124347,24.073923595288683,19.954843057789002,-43.35273923240335,7.32594365757548,0.022238605,0.015212085,0.01919131,13.691072,14.590597,12.760758,1.8298388,669.8007,224.5005,394.38467,1.3083104,1.1184418,0,0.9999
65222759179728640,56.39758231507854,24.08301110684446,18.42957215998396,-45.20699962860034,7.2998022120351305,0.021544913,0.015381121,0.021675875,9.984646,10.313002,9.486859,0.8261423,1660.2576,656.47626,838.38544,1.2017273,1.0200727,0,0.9999
65225611037551360,56.663989544588695,24.10299456629025,20.529234552319263,-46.94187273360423,7.360921813307845,0.024284527,0.019191343,0.020525496,9.199545,9.431398,8.808819,0.6225796,4983.1704,2496.9214,2874.2004,1.1890287,1.0005049,0,1.0
65231486552803328,56.61376023966258,24.254800329035454,20.450350564327135,-44.64674558353142,7.345983258822864,0.040488202,0.027193671,0.029391356,7.352819,7.3912015,7.2568383,0.13436317,2830.8257,735.06464,2545.6655,1.1598675,1.0897243,0,1.0
65232757863112192,55.91274812352996,23.73464542725762,20.467241710492118,-45.16644419655399,7.388158879058593,0.09745511,0.06779065,0.07691624,16.385273,18.250391,15.0841675,3.1662235,791.21173,55.19064,348.26144,1.5253993,1.1453283,0,1.0
65245539685760640,55.98757249612545,23.951447980307357,20.851458975858712,-45.58232051561048,7.402115833370591,0.06302881,0.046870254,0.05644979,16.285315,17.977835,15.0223465,2.9554882,850.0844,61.07192,161.24269,1.4996657,0.9595332,0,1.0
65263612908043392,55.869797428461034,24.15158636442973,20.970523789670626,-45.9841385820174,7.596763629614335,0.10009282,0.07849598,0.09692694,17.377176,19.323338,16.066093,3.257244,850.8738,20.36686,268.14722,1.5289195,1.0018568,0,0.9999
65264673762670080,55.8061497087518,24.183469947967474,20.25163895267666,-45.904575030954675,7.841224461094723,0.13259494,0.10255171,0.12864085,17.92541,19.886974,16.590786,3.2961884,744.4268,20.840418,152.65704,1.5580814,1.003561,0,0.9997
65275501377570944,56.27733777372245,24.263309219222556,19.017097366312612,-46.06544490408489,6.834919644298814,0.21054849,0.15422788,0.19359963,8.547794,8.7130785,8.243614,0.4694643,3021.2002,1725.23,2258.833,1.1798472,9.412993,1,0.9991
65281166437426176,56.387342327527634,24.303034287977688,20.256423623849187,-45.16538946574379,7.522663209747789,0.022203077,0.015791336,0.017934922,12.989489,13.737245,12.144871,1.5923738,306.76367,85.941284,142.21507,1.2805669,1.2143942,0,1.0
65349684053273600,59.642486607819095,22.669617630478907,19.167195056497466,-45.36313189897573,7.386335129308047,0.13885477,0.07290653,0.10598538,17.253536,19.246073,15.942219,3.303854,809.0453,31.39362,254.56604,1.5241714,1.076588,0,0.9998
65434518247043072,59.043355967436035,23.039795774197692,19.15024658812861,-44.76231192792038,7.401322942096517,0.045326807,0.024261152,0.034953292,15.266522,16.607735,14.125302,2.4824324,1730.7885,182.33638,605.17474,1.4150583,1.043466,0,0.9999
65486951208575488,60.30838261207829,23.174856115645884,17.745995796170646,-43.55986282229652,7.061650618302846,0.056079723,0.03285405,0.042845894,15.875267,17.44845,14.660801,2.7876492,599.2356,114.25483,257.83362,1.458537,0.99686575,0,0.9992
65552681387907200,59.82917533829612,23.523195667052423,19.106047377216203,-46.42107261717893,7.485000062011078,0.09504073,0.05292577,0.06885667,16.760855,18.542149,15.477258,3.0648909,1217.0177,58.478634,286.36475,1.5135248,1.0372151,0,0.9998
65674383581036800,57.96320232011635,23.294606604742206,18.71857105545529,-46.02887604433456,7.3552931632241805,0.042373694,0.024966475,0.034577947,15.41097,16.859787,14.228603,2.6311836,1275.6693,177.18323,618.81555,1.4416744,0.9858418,0,1.0
65677372878285312,57.71444143460519,23.328868779468966,18.888363146076816,-46.332224202292636,7.333804587650971,0.017318599,0.01137872,0.016009878,12.194483,12.753522,11.491251,1.2622709,2496.2632,737.5363,1154.0186,1.2378247,1.130002,0,1.0
66441323003146112,57.76373831664205,23.583228242863537,17.978631826672903,-44.82521311083765,7.255212370705698,0.15400997,0.08692829,0.12233252,17.535738,19.467857,16.22108,3.2467766,902.4598,29.467733,272.9054,1.5351337,1.0513706,0,0.9999
66506331628024832,57.3008750959372,23.886587601561303,19.620728847184104,-45.17323902020466,7.417763214315631,0.04096634,0.024343917,0.032488454,8.101668,8.198534,7.902198,0.29633617,2809.2183,1257.7719,1568.6118,1.1691456,1.0928063,0,1.0
66550350752004352,57.7981264388074,24.386800486787003,18.590895680031007,-43.344201802963866,7.696650265078455,0.097662784,0.060616184,0.07621456,14.980229,16.384867,13.798022,2.5868444,1561.2285,248.5788,958.1325,1.4494205,3.0138123,0,0.9993
66556535504957568,57.40227687241278,24.30373739744004,18.7101485350458,-45.75714788234882,7.176475690564863,0.060767554,0.043965187,0.056926314,16.240494,17.818926,15.0179205,2.8010054,1147.4017,89.95225,489.33414,1.467369,1.0286475,0,0.9999
66581961710329984,58.60525412078834,24.35988384412902,18.209856952725627,-45.54060796174583,7.343930547078326,0.022919107,0.013031698,0.01744692,10.85027,11.244666,10.27921,0.965456,686.08704,188.18037,254.0178,1.216582,1.1533413,0,0.9999
66658240329321088,57.76509213509881,24.542956563812567,19.24737560473578,-46.16751787518278,7.468706765589364,0.06840699,0.045110535,0.055209234,16.36067,18.048218,15.105106,2.9431114,1075.5039,69.54908,389.01743,1.4912089,0.9989945,0,1.0
66719228864863360,57.16636349176905,24.211712564846707,18.46508333799995,-46.533021317926284,7.3876554613403265,0.057177395,0.033825204,0.039408434,15.501962,16.94402,14.329345,2.6146746,1455.9218,158.93475,356.7053,1.4316866,1.1296408,0,0.9999
66737405166459264,56.87755475112934,24.370334652904095,19.619007237982416,-46.59133783173657,7.390213974601189,0.05616278,0.030329663,0.04050967,14.798532,16.045107,13.697297,2.3478098,922.4405,234.32307,603.7209,1.3907199,1.0457706,0,1.0
66741116018188416,56.91405558689937,24.45873245787969,19.09158069716053,-45.39827478952388,7.179641625812423,0.086618975,0.061184756,0.07574236,16.133425,17.845594,14.87848,2.9671144,718.70685,55.81302,265.98868,1.4870093,1.0969669,0,1.0
66746441777612416,57.32010689706659,24.39593347467187,19.735690455662137,-44.081448971829964,7.012849082916408,0.030568521,0.019084377,0.026206704,7.525846,7.5613523,7.4284444,0.13290787,2988.4766,1513.7196,1976.3761,1.1623267,0.880397,0,0.9998
66781316909399424,56.531386444741095,24.3741778959859,18.93156538453851,-47.08706292205727,7.432728772573676,0.031248005,0.018392202,0.021524457,14.0124,14.979152,13.008881,1.9702711,556.152,109.13458,208.16895,1.3584586,1.227079,0,0.9999
66788669895935616,56.596037054500854,24.6048505016741,18.97836540820686,-43.60990886676683,7.307118521203142,0.09096464,0.061052777,0.06813792,16.643583,18.317886,15.406652,2.911234,1166.6796,34.17497,240.61171,1.4703256,0.95860523,0,0.9999
66823304512166528,56.908774047786046,24.89165534984492,21.06658388495469,-44.05532516247117,7.395751435837692,0.083945476,0.06523885,0.07999321,13.674303,14.561905,12.73635,1.8255548,746.3226,196.23488,299.67856,1.3188088,6.221586,0,0.9999
51609980593783424,58.04683041911643,20.875822870368648,20.15796358354762,-47.180647241076436,7.75716693476485,0.09319861,0.058758967,0.07290693,16.612682,18.399897,15.3376255,3.062271,1124.464,51.083355,291.08722,1.502003,1.0641127,0,0.9992
51730067879582080,58.91469673384163,21.27260374152849,19.17097979510673,-44.53663315183073,6.739295486641266,0.034855455,0.023739697,0.03224268,14.325708,15.465064,13.255238,2.2098265,1307.0406,243.70937,463.76038,1.3821737,1.4717368,0,0.9217
63327682168301952,56.879793937715746,21.18071408449666,20.201596848501353,-48.22956223295642,7.907977523120273,0.083597824,0.06805125,0.071462154,16.878279,18.68642,15.578696,3.1077242,658.9463,23.41941,267.0249,1.530454,0.9688982,0,0.9984
63534390354375040,56.605940349456894,21.42492996370079,20.311124808054483,-39.810352614432915,7.664443823266005,0.07065132,0.051159177,0.070696495,12.261985,12.875313,11.499429,1.375884,417.65128,111.86917,170.043,1.2618678,4.471909,0,0.9994
64445988572906752,55.22943355100129,22.349516222822036,20.13982097120118,-44.13541902105238,7.315890465343226,0.039130922,0.029032895,0.03145779,15.090019,16.441984,13.945504,2.49648,1776.2396,197.78285,813.27515,1.4166394,1.0322741,0,0.9999
64836349560719232,55.86026602797908,22.711672189146565,18.264214130890196,-40.39133802245185,6.610957727992528,0.071957774,0.0528511,0.05852737,16.080769,17.656956,14.872416,2.7845402,638.2049,81.55725,366.55664,1.4508315,1.113003,0,0.9425
64874454510493440,56.391676137260475,23.18501072439178,19.867425915830438,-45.280806446540474,7.391450378010349,0.1131215,0.068591125,0.087295204,17.110922,19.046177,15.804014,3.2421627,809.82245,27.518576,229.83688,1.5247333,1.0255045,0,1.0
64999588381514496,57.07052147815302,23.63658449525568,18.291523231258868,-44.75731337240399,7.19439797679517,0.022341633,0.016583046,0.020810504,9.99203,10.2790165,9.538562,0.7404547,2988.223,971.4936,1313.9219,1.1959141,0.9410188,0,0.9999
65005846150835200,56.86159637689897,23.633878170833444,19.562190919181592,-43.405458911462645,7.203188984556041,0.07971796,0.061979424,0.072295666,16.335794,18.170729,15.042625,3.1281033,1144.464,45.38203,291.89636,1.5189049,1.2707179,0,1.0
65037731987586304,55.68490896589497,23.10432423094935,20.177869277037477,-46.43088378877516,7.645945267923222,0.09334466,0.070301965,0.085692264,17.058886,19.003546,15.761085,3.2424612,753.61176,37.747787,342.37833,1.5119654,1.0118152,0,0.9999
65089336018173440,55.90730074032356,23.535787848747553,19.527245020995085,-45.2924067830061,7.524981265385147,0.020671353,0.013281016,0.015248472,10.5763235,10.927368,10.060749,0.8666191,1016.0563,282.0826,467.63535,1.2016408,0.98257875,0,0.9999
65090680344356992,55.9287518176777,23.594570255931796,19.83314154714896,-47.22600715703526,7.392698468900249,0.14931937,0.11421971,0.124525756,9.430407,9.689258,9.003955,0.68530273,2487.8623,846.6508,1588.9647,1.1948229,6.012103,1,0.9999
65112739296356608,55.10957950826757,23.35793606987987,21.185362190355754,-44.55818284056245,7.106110705709444,0.08785941,0.06639339,0.074900605,16.70023,18.5285,15.426275,3.1022243,843.8351,35.609554,295.64587,1.4954336,1.1939926,0,0.9998
65150947325369600,55.36604390474277,23.70813709776343,20.259840824477635,-45.71660093350053,7.45004084678047,0.019559624,0.013898344,0.018220881,10.972593,11.369089,10.408467,0.96062183,1373.0852,435.4587,611.3163,1.2110729,0.9286118,0,1.0
65189739470654464,56.27089546399231,23.768291787187913,20.57710525757045,-46.42513221012004,7.502788343313917,0.098461375,0.074474424,0.08588642,17.109238,19.158346,15.764849,3.3934975,834.40784,33.586514,263.25345,1.5618573,1.0821106,0,1.0
65199978672758272,56.65709673682824,23.78750955142278,20.01127262219112,-47.26742342923304,7.471863203927212,0.022356384,0.01750329,0.020728955,10.045166,10.413593,9.512707,0.90088654,2563.0767,1229.487,1795.9072,1.2039117,1.1117623,0,1.0
65207709611941376,56.85182143112869,23.9144778917631,20.049108040161617,-44.13258985442616,7.220987406121659,0.041598886,0.02927154,0.03438313,7.286501,7.291563,7.249264,0.04229927,2870.8896,1786.1626,965.3905,1.1574657,1.0006701,0,1.0
65216643145862144,56.51799855172368,23.927842380057047,18.57884758828444,-43.37462125979527,7.012785824941394,0.051190708,0.038293865,0.052610826,15.73245,17.236677,14.520493,2.7161846,1116.7545,51.308064,358.11197,1.4667288,1.1348923,0,0.9998
65237911823760640,55.81925319484357,23.83358475980971,20.109771966703775,-45.41689926668445,7.267268144617627,0.088590875,0.059215397,0.06575415,16.364956,18.06714,15.102766,2.9643745,307.35052,33.934093,136.70883,1.4973466,1.0550666,0,1.0
65269935099961600,56.41378202777228,24.138865613858307,19.60135679255054,-45.7889373460749,7.258451579517981,0.10216059,0.070053175,0.09427919,17.16973,18.952118,15.872448,3.07967,1024.38,32.699665,212.68031,1.5307972,1.0806322,0,1.0
65275089060719104,56.1833687967795,24.231003278419283,21.46729347046291,-46.4541970849661,7.465089779730926,0.026485916,0.020605858,0.026360298,11.193486,11.617371,10.609508,1.007863,991.08167,421.59433,511.75964,1.2115941,1.2194091,0,0.9999
65276703968959488,56.435155513167,24.22010548147908,20.574860698295357,-47.20036506838736,7.563215718435812,0.023561612,0.015601278,0.01921521,10.392956,10.766737,9.8455715,0.92116547,1078.3771,357.96368,442.78854,1.2108852,1.2293495,2,1.0
65282098447322752,56.353359973199396,24.345769619048642,19.667398564243655,-43.51382742212487,6.975272360665578,0.070701,0.049011815,0.058904808,16.211872,17.810318,14.96774,2.842578,888.438,36.591434,317.91745,1.4903026,1.0265061,0,0.9998
65435102362687616,59.10418014852836,23.090594019048243,19.733607949420545,-46.26980424605291,7.422215701590819,0.028124481,0.017058609,0.022585288,14.358019,15.443427,13.325564,2.1178627,2053.9702,466.6649,929.5871,1.356289,1.0797757,0,0.9998
65626623544976768,58.65574608992024,23.225564592105965,19.005755722632816,-43.62218914476007,7.137677265702494,0.094790965,0.050495878,0.066206895,16.585747,18.35791,15.306788,3.0511217,524.7492,49.084133,184.46542,1.5088598,1.0254011,0,0.9998
65830548591559936,59.12049699590219,24.03155863771737,20.13964775638265,-46.42745767715649,7.345629821126317,0.08395955,0.04718343,0.061053313,16.53809,18.229343,15.288203,2.9411402,1030.9828,71.38773,329.69424,1.4837084,1.0415274,0,0.9997
66431775295228288,57.67568656986667,23.49238902121514,21.06591688176668,-45.9521760437176,7.616449684837002,0.15928382,0.09169897,0.120770775,17.713388,19.749584,16.402296,3.3472881,1014.711,20.703974,121.0151,1.5193199,0.96974486,0,0.9999
66533170882790784,57.2976457525844,24.240006059135766,19.355334746538567,-45.80423043004015,7.18561969642408,0.087651394,0.05440301,0.074049294,16.850975,18.581367,15.576973,3.0043945,1031.5082,54.856224,315.7121,1.5081933,1.0136846,0,0.9999
66593437863017984,58.18540466189003,24.349683324365028,18.2859172670935,-44.60077798837206,7.340703499896584,0.10573325,0.06949783,0.08461292,17.161787,19.036694,15.881412,3.155282,940.34503,44.72203,231.816,1.4978442,0.95261717,0,0.9999
66655560269868544,58.22291567603581,24.71553110367964,18.175993661279783,-45.040845638425715,7.35145204021169,0.026811171,0.017145196,0.019859549,9.341612,9.580916,8.942785,0.63813114,4161.25,1445.8887,1680.1522,1.1895404,1.0172889,0,0.9999
66757746131459200,57.535995314673684,24.671456925853356,19.46188347990571,-46.864166573104114,7.308001091922433,0.13262573,0.08303857,0.1052049,17.477245,19.35184,16.179333,3.1725063,1096.8352,36.26069,201.56732,1.5201695,0.92295635,0,0.9999
64128294135554688,57.023886074906926,22.635778085249903,19.48222424687009,-45.44550891815411,7.267997117214958,0.0777619,0.054179914,0.07013673,16.372732,18.10094,15.113349,2.9875917,499.45215,60.80381,201.94638,1.4902914,1.0750756,0,0.9999
64136063734692224,57.361046520859134,22.848352698939507,19.037363240164904,-45.87916701288922,7.470198853658967,0.0788235,0.047597684,0.061192833,16.388481,18.013174,15.144629,2.8685455,1096.4701,58.74668,416.76868,1.48599,1.0277227,0,0.9999
64430939007563520,55.544263544796216,22.301387062127162,21.559654491600334,-49.0451983136885,7.592745502178547,0.14114702,0.10373444,0.13938503,17.520615,19.547853,16.19287,3.3549843,599.8906,24.759169,173.94514,1.5420038,1.0153431,0,0.9992
64804841680675200,56.72201785398287,22.880748393557024,18.982563936845033,-41.60050050840914,6.817244229838197,0.023557339,0.017826315,0.019931689,11.554062,12.001611,10.945664,1.0559464,966.553,340.76105,465.2618,1.2174058,1.0778025,0,0.9982
64896101146708224,57.21119391554984,23.07486184165542,20.950793364025692,-48.333507032465604,7.768417354430479,0.10218906,0.068479516,0.08480659,17.194057,19.137468,15.899172,3.2382965,743.2156,29.95064,300.443,1.5083739,1.023129,0,0.9997
64928605459180416,57.41426344137853,23.28990844525079,18.62159053782709,-44.54526737973093,7.1996289578195904,0.034421243,0.024384236,0.031669732,10.937686,11.320791,10.378372,0.94241905,1207.3562,334.69547,499.8182,1.2141895,1.9603938,0,1.0
64942001460286080,57.315180555656895,23.38016998746235,20.16036278151955,-46.2237778208242,7.436806910305677,0.15636723,0.107248604,0.12998131,17.678764,19.68008,16.341398,3.3386822,751.1341,22.826378,245.37589,1.5574402,1.0598555,0,1.0
64981931772948480,56.575062291586306,23.486457610450035,19.818583154771783,-43.24129115752879,7.179336279416077,0.023772229,0.015966,0.019664617,10.363573,10.842356,9.716273,1.1260824,2126.9243,978.022,1662.1118,1.2306798,1.3110294,0,0.9999
65004437401569664,56.74245105010891,23.56061715976777,20.16316093085053,-46.009191586085336,7.355182666949437,0.0765661,0.055921752,0.061603993,16.694729,18.330616,15.449906,2.8807096,916.4699,40.144512,314.40067,1.4855068,1.0239232,0,1.0
65175480179315840,56.36469576574965,23.632340550413826,20.970122285631863,-45.66117693144511,7.566883576477941,0.11163846,0.08091703,0.09540024,17.297462,19.097338,16.003448,3.0938892,801.6507,21.371752,194.55379,1.5243753,1.0161119,0,1.0
65202830531043968,56.52724342554522,23.838809459032934,19.691236808686746,-45.97218248922506,7.1765118083800425,0.028782118,0.020700531,0.029876087,14.606908,15.806311,13.519028,2.287283,1022.1807,151.15723,408.42694,1.3867475,1.0041559,0,0.9999
65223618172733952,56.664208814994886,24.029479832481186,20.265107296934566,-46.22769834800418,7.316839029051112,0.015368688,0.011555679,0.01424549,11.957084,12.480111,11.278872,1.2012396,1453.125,361.78088,549.3607,1.2341145,0.92620397,0,1.0
65284228751087872,56.455770517407075,24.418506109786513,19.208686755382555,-42.78245942405292,7.260957615101932,0.05929773,0.035948936,0.04586537,15.503866,16.962757,14.318729,2.6440277,906.1513,69.95626,306.15488,1.4431065,1.1006508,0,0.9999
65289623229979136,56.02026285603311,24.275319181164605,20.133680883909427,-45.35637699913802,7.285423899385576,0.020558178,0.0150993755,0.020213522,11.209136,11.650412,10.597657,1.0527544,740.5773,228.01021,322.7658,1.2222837,0.9129053,0,1.0
65299381395665664,56.11065422848616,24.4863483154422,20.990279699134792,-41.94665970999995,7.065712191934261,0.07832975,0.057436787,0.0658039,16.308125,18.199066,14.98798,3.2110863,693.6038,44.147934,504.82486,1.5470216,1.2607634,0,0.9973
65393698877913728,58.60168673714938,22.688898820464534,19.38080260263068,-45.07821393358127,7.218516929270328,0.09124236,0.062401734,0.082055576,17.043106,18.948141,15.750369,3.197772,1077.8184,32.750805,253.72969,1.5099893,0.92976254,0,0.9998
66470567439742208,58.07804391540805,23.87669033680424,18.479408209856437,-45.773577704994594,7.524097803760037,0.10962397,0.07201011,0.096038185,17.230505,19.122137,15.938574,3.1835632,916.05054,28.62053,363.76697,1.5105186,1.0682292,0,0.9999
66482868226100096,57.800396950236845,23.93243025022529,19.626753173263534,-46.632699110412986,7.523942582220989,0.02450403,0.01573791,0.019901518,14.081378,15.105553,13.072544,2.0330086,944.8,202.13275,330.95328,1.348328,1.0512938,0,1.0
66553443128503552,57.56367778980366,24.22654240156528,19.30252252790308,-44.28117503899102,7.416513000247243,0.05836341,0.042320553,0.055680756,16.20243,17.838186,14.963677,2.8745089,784.7496,99.73105,298.4987,1.4781418,0.97568065,0,1.0
66555985749157760,57.35836849831732,24.24749646235856,21.248523208475092,-46.07484917184325,7.454869915597753,0.04150034,0.024979444,0.03234104,7.9557376,8.027872,7.794085,0.23378706,2922.8271,1488.3854,1615.4333,1.1671121,1.0117768,0,0.9999
66556535504958848,57.40235505704586,24.295859565672455,18.182616410101808,-45.94347227111504,7.462035109288245,0.026032448,0.018445078,0.022498393,11.475932,11.925756,10.860993,1.0647631,1319.033,490.1252,649.5085,1.2208561,1.1675231,0,0.9999
66565778274538624,57.54494597991424,24.47802874104996,18.486871543537866,-45.289806255718666,7.400733451814482,0.09908556,0.085701756,0.10213797,16.925774,18.804388,15.632983,3.1714048,996.6656,40.802303,527.52594,1.5131477,1.0290276,0,0.9999
66597767189992832,58.4207475084373,24.41920320712948,17.974962243229875,-43.57887427774815,7.247984898455807,0.04153214,0.027586179,0.032701615,15.093363,16.374218,13.973975,2.4002428,1293.3513,258.8133,536.48267,1.4031394,1.079778,0,0.9999
66710948167949696,56.89387479189458,24.039553949276844,19.01304665662284,-44.97089053166092,7.493789781759396,0.09467606,0.059380207,0.07348523,16.773333,18.40924,15.50229,2.906951,998.286,35.13224,223.39328,1.5178865,1.0432895,0,1.0
66715827250786432,56.88340577218757,24.173392342814555,20.5733425299048,-45.742144344088786,7.490687523590323,0.15835992,0.08988094,0.107790254,16.851921,18.581,15.5670185,3.0139809,558.8821,28.636147,194.74335,1.5221024,0.8414757,0,1.0
66739982146803456,57.07214182983378,24.504220723934463,19.948050725702974,-46.219669158617926,7.443940703770764,0.022291059,0.018083746,0.01958719,13.717735,14.627194,12.773757,1.8534374,727.138,186.13596,301.0857,1.317984,1.2109858,0,1.0
51505217751483392,59.88117801955308,21.271636177026604,20.00452471895728,-48.88991717839808,7.953648507920386,0.055613767,0.038456034,0.049116112,15.540366,17.028694,14.348566,2.680128,1012.91437,122.210754,440.15955,1.4457633,1.0412925,0,0.9609
51677669278703104,59.09302532017072,21.12119347943441,19.28767320228885,-46.82267321693794,7.545966627408137,0.056010254,0.033027913,0.050574854,15.828851,17.406937,14.609021,2.7979155,852.6723,56.540276,294.38205,1.4641485,1.0911435,0,0.9996
53174379482675456,61.30723114703306,22.304919336011498,17.188156184577032,-46.42606879718156,7.3118246583912,0.081298836,0.045901924,0.066250704,16.657433,18.613056,15.337592,3.275464,1264.208,66.869965,418.6122,1.5392742,1.0012954,0,0.9797
53255434104774272,60.042971386536856,22.037939427137953,20.45827440183982,-48.995852495666874,7.863533327239622,0.079857714,0.044498686,0.061543357,16.492777,18.247663,15.231114,3.016549,1113.5259,79.15827,445.8994,1.4895281,1.0220808,0,0.9937
61554650949438208,53.2743726860314,22.13404726062533,22.18273866580518,-45.97537760237573,7.557450189996425,0.024587825,0.01913434,0.018598074,11.206782,11.619855,10.620248,0.9996071,1075.4678,312.27896,415.5286,1.2182046,1.04441,0,0.9971
63378981257953152,56.18698962050892,20.74779526765138,21.158557786668865,-43.03278770957645,7.324592059063448,0.027246544,0.017493678,0.023348197,8.633078,8.814224,8.302285,0.51193905,2866.814,1044.4326,1515.0557,1.1846373,1.121471,0,0.9892
64597927335800064,54.10151343001715,22.62359532436685,21.297883549396452,-44.43439528653132,7.137137387219033,0.08335779,0.05827993,0.061730318,13.514972,14.362784,12.593035,1.7697496,1383.9949,538.1528,688.61597,1.3161384,3.6502388,0,0.9997
64600813554014592,54.93418011873759,22.12920112313305,20.74256943499833,-42.9573727202379,7.1019984947196955,0.057467487,0.04177042,0.044233575,15.5468445,16.992083,14.372165,2.6199179,794.1347,121.69422,378.88712,1.433481,1.1068015,0,0.9996
64871740091177600,56.2951245214628,23.049309323098104,19.70437457927786,-45.59557687910834,7.3307637033988735,0.06740147,0.043497443,0.060016222,16.29566,18.021383,15.042358,2.979025,361.93628,61.051228,142.52637,1.483129,1.0224223,0,1.0
64915754917051520,57.35676779986823,23.047107208330427,21.638262819005256,-46.67035897159861,7.539613373579104,0.10374957,0.072997026,0.089505695,17.31056,19.177654,16.00316,3.1744938,644.49945,22.821901,270.35727,1.5332743,0.97940594,0,0.9999
64951111087777536,56.650363065254425,23.071293292300773,20.97089199836786,-46.8799865625298,7.834199597535483,0.06998189,0.047297996,0.053876076,15.922808,17.568861,14.688958,2.8799028,1338.6583,74.914825,428.4521,1.4706873,1.0419477,0,0.9997
64952829074688896,56.66674719150831,23.110124081170717,19.26270138389062,-46.76202027354881,7.391158486799486,0.026191497,0.018054469,0.020554867,9.295629,9.536065,8.894408,0.6416569,4688.2017,3105.668,3865.529,1.1902747,1.1259955,0,0.9999
65011962184337664,56.96658486416223,23.66317575454774,20.613921327030738,-47.069554481239216,7.8091896514290235,0.1104931,0.09280457,0.10996326,17.058777,18.886227,15.764659,3.1215677,783.60675,23.346119,201.07605,1.521042,1.0405909,0,0.9998
65014985841292032,57.07240387537332,23.806397361704857,19.836314489992358,-43.429277219843186,7.160999926269235,0.08828972,0.06338292,0.08132009,16.735138,18.473598,15.478024,2.995575,854.2875,40.096344,285.84903,1.4860992,1.0162568,0,0.9999
65017627244152064,56.837462886443596,23.803141100251725,19.09568001950756,-45.519794998351045,7.312944753255134,0.04289787,0.02832335,0.039188825,6.997606,7.002589,6.9601827,0.04240656,2932.2014,1353.4907,1438.3105,1.1575923,1.0218508,0,1.0
65017906418989312,56.80702207600254,23.83129346815246,20.66186880960353,-45.95186620571028,7.390669390750133,0.03670297,0.023719914,0.031746693,14.748187,16.20566,13.568075,2.6375847,897.8287,145.71208,419.81036,1.4375637,1.0817058,0,1.0
65053915424355584,55.564114916711006,23.191815889549062,19.927100246483942,-45.17265679717415,7.248243663666067,0.105095245,0.084126055,0.099340156,17.104906,19.01437,15.805661,3.2087088,939.9455,44.22687,282.34296,1.5178009,1.0374994,0,1.0
65161976802151680,56.245746416315335,23.38872896889856,19.889033018800962,-46.94423051275082,7.5470189892983015,0.022016658,0.015588151,0.017958445,13.3745775,14.203643,12.481163,1.7224798,508.4915,131.85362,220.56717,1.2964109,0.94657576,0,0.9999
65170016980919808,56.23629783447908,23.60638236898229,21.21935363059592,-46.27851751485042,7.500034623921711,0.08703651,0.054645967,0.06425519,16.171886,17.804462,14.9347,2.8697624,911.5979,61.940205,310.9815,1.476712,1.154042,0,1.0
65213172812266240,56.74722551551796,24.02839263224941,19.231314049232395,-43.90906851628049,7.1077553498191515,0.075657845,0.057895012,0.06474641,16.13903,17.94389,14.856176,3.0877132,865.935,69.054504,313.47354,1.509567,1.1177913,0,0.9999
65280552259109760,56.30484671502358,24.256408737061175,22.395162862478262,-46.54478166747177,7.830308376105879,0.13268028,0.09256206,0.124682255,17.197369,19.03498,15.912276,3.1227045,757.60925,27.743826,214.99266,1.5083103,1.1298686,0,0.9995
65281239453865856,56.37602962223804,24.312444915657963,18.946319933632715,-47.250448256608685,7.338781422028091,0.03180253,0.022565119,0.026541505,14.607255,15.810062,13.522047,2.2880154,767.6533,97.66847,309.1367,1.3831773,1.0718954,0,0.9999
65419434321982464,59.39702269491067,22.985421583355603,18.61231286206045,-45.5792368331218,7.430986194789563,0.05009405,0.028970653,0.042873062,15.45358,16.929869,14.259051,2.6708174,850.4341,155.24973,309.17505,1.4509933,1.0802506,0,0.9999
65673593307063552,57.81600521946067,23.282072324477088,20.266120356445313,-45.198913858633816,7.39121408595741,0.023781037,0.014768439,0.019582776,14.110739,15.143591,13.089289,2.0543022,888.98114,195.39767,259.81607,1.3585392,1.0752883,0,0.9999
65720734868130816,58.35055879613578,23.799400414244115,20.125369913789854,-44.914801582099315,7.3122275822989975,0.06820663,0.04533708,0.063898586,16.478794,18.200987,15.218929,2.9820576,690.3508,68.483986,293.64383,1.4917074,1.0887698,0,0.9999
65775195052996608,59.604827774425196,24.016123941933326,19.664738605534893,-45.62571034716192,7.477131647479549,0.09301925,0.04813535,0.07620309,16.437164,18.175772,15.1690035,3.0067682,917.93677,60.73489,355.47385,1.4997823,1.097115,0,0.9998
66522107047046656,57.038448290869866,23.97778621777134,18.50190436130725,-46.78460799602044,7.268901985724207,0.089545846,0.055103526,0.06341707,16.513573,18.152136,15.275189,2.8769464,1105.0405,57.2513,355.22278,1.4772785,1.1327714,0,0.9999
66531178017967872,57.19179572682798,24.169978738090546,19.04569974764892,-45.24692745584717,7.266633947167958,0.10180718,0.057470348,0.083195254,16.580677,18.256296,15.330612,2.925684,951.6415,58.858166,321.32416,1.4861434,1.0282629,0,1.0
64720625961541120,54.95722061120645,23.057154492976068,21.08794984606338,-44.74821299693124,7.377781072221634,0.08890826,0.06239279,0.077160925,16.829,18.634464,15.547223,3.0872412,966.08563,42.28934,388.3204,1.5081301,1.0294747,0,1.0
64891634380723712,57.25428791296075,22.980211869536916,19.782617691627937,-45.89295356467363,7.479338623504139,0.030793412,0.019124938,0.025225181,14.505948,15.656511,13.439648,2.2168636,1285.3936,280.85123,495.79578,1.3752403,1.049947,0,1.0
64941211186036352,57.14388698332008,23.434590988620933,19.371696632671146,-45.077613013343736,7.380077777631508,0.018467281,0.013893746,0.01621292,10.21041,10.523789,9.733897,0.7898922,1489.5182,539.66516,764.18427,1.1962538,0.95619994,0,1.0
65008388771477120,56.71926880123131,23.645138846504032,19.341465818406746,-45.10348228374381,7.263568493862063,0.06765062,0.049843736,0.063897744,16.497435,18.41301,15.17908,3.2339296,965.7451,38.68306,505.85468,1.5418329,1.0335654,0,1.0
65013474012743936,56.92168447899226,23.740085880970906,19.389676621809908,-44.41979686439394,7.415330238219003,0.017508078,0.01216655,0.01706705,13.317822,14.096745,12.448992,1.6477528,483.2282,120.09613,183.31836,1.2909261,1.0288638,0,1.0
65027905102436608,55.60962925402735,22.894458319172863,20.931199055488744,-44.495503230336666,7.3911225554567395,0.022423405,0.015635528,0.016662074,13.702901,14.601405,12.7660475,1.8353577,1004.2063,273.6003,349.19888,1.3145978,0.98453134,0,1.0
65210389673469312,56.73249284036852,23.93987222950905,19.462720083764125,-42.19345694470355,7.0041880075101695,0.090952,0.07248405,0.08309373,16.523058,18.352386,15.202623,3.149763,807.44836,25.987549,330.94766,1.554823,1.2676601,0,0.9997
65212932294091264,56.788355136999364,24.05197806630918,19.443262497972405,-43.83037106514393,7.303127989157264,0.053262614,0.047040492,0.042878542,15.380993,16.784214,14.205992,2.5782223,1045.7524,101.69398,367.31024,1.4414097,0.98439646,0,1.0
65244749411766528,56.14763096345229,24.001134217971668,21.423837772886003,-45.87308933879669,7.328443682577038,0.020184925,0.01540891,0.018997936,13.679698,14.571675,12.749762,1.8219137,2070.579,458.41608,723.72455,1.3101745,1.1517475,0,0.9999
65289004754691200,55.98874523518619,24.22217609900833,20.996867317412804,-44.783064841288336,7.511405170900618,0.060567006,0.046109017,0.05730281,16.33304,18.051172,15.071658,2.9795141,1008.6124,71.34265,463.38934,1.4941405,1.0448743,0,1.0
65471729844532864,59.864780390913005,23.12358794121916,19.56575360766323,-44.96977416916024,7.396599891504868,0.018250957,0.0121155195,0.016272841,12.829326,13.534286,12.004468,1.5298176,766.3383,202.39452,298.08725,1.278684,1.0108391,0,0.9997
65589137070475264,58.31550471151817,22.870486617226987,19.49914419001883,-47.30489909870079,7.730450865699229,0.0486354,0.032051962,0.03911404,15.532084,17.030619,14.3320675,2.6985512,1685.7743,170.26366,646.3317,1.4536264,1.0875376,0,0.9997
65603946117575936,58.256848955762266,22.97990043814057,18.67910400073735,-45.22834943525854,7.420786200411975,0.07558624,0.052259706,0.066168286,16.564484,18.348476,15.2921915,3.056285,910.8364,74.06868,393.6361,1.498954,1.0472369,0,0.9999
65783029073414144,59.077544104505236,23.964214301726617,18.991027601357587,-46.59379000993002,7.444990183139546,0.035082318,0.021175466,0.026032036,14.732029,15.968925,13.63122,2.3377056,1491.6707,298.31644,589.6794,1.3923256,1.073541,0,0.9999
66481734354737792,57.85568054293428,23.889171778893992,19.113518113426856,-46.862222868873786,7.370803781679368,0.020081712,0.012158865,0.018221663,13.465058,14.3031225,12.563636,1.7394867,1004.6035,235.86809,402.241,1.3007169,1.0155,0,0.9999
66497952151148544,58.018711167354724,24.24417935611303,19.02891889259654,-44.582926550567805,7.514225040745198,0.10713827,0.06633824,0.07694303,16.873875,18.586943,15.61828,2.9686623,1097.5726,48.456833,361.8752,1.4876857,1.0511786,0,0.9999
66515922294233728,57.48126199309243,24.10123486773792,18.959841346880506,-43.54104335376583,7.305320987164373,0.08601956,0.054137267,0.06841665,16.615265,18.334606,15.350577,2.9840288,949.76746,35.430714,448.66754,1.4980762,1.057341,0,0.9999
66537981246228096,57.72961087519808,24.19724656530266,18.856737930398275,-43.38606614358302,7.156892922325294,0.023888523,0.016301924,0.020666307,11.425587,11.855159,10.82816,1.0269985,1603.6152,532.92053,777.5768,1.2180128,1.0684023,0,0.9999
66652467893487488,58.08614920432304,24.565304174952797,18.501039956746688,-44.61576308443143,7.180182816201832,0.030688416,0.016690245,0.02191585,14.509749,15.654358,13.441506,2.2128515,1812.9436,283.85492,570.81085,1.3786355,0.98088205,0,0.9999
66738023641737088,56.957489521440976,24.428489800524442,20.413652152090826,-45.894555782921664,7.336132894725513,0.09323788,0.06612515,0.07787946,16.653147,18.428715,15.385392,3.0433226,723.1672,39.978344,326.86526,1.4943807,1.0552306,0,1.0
66798496781121792,56.47708455753871,24.55430537374798,20.33140314206862,-46.022054798281474,7.3052753639807255,0.094874665,0.06275386,0.0838769,5.752026,5.729278,5.752268,-0.02298975,1593.8971,629.2962,374.65796,1.1614133,0.8798977,0,1.0
66798977817468288,56.34039171856011,24.54350590311485,19.75073677504067,-44.3592580791877,7.342700786360437,0.10722329,0.058724593,0.07262516,16.209143,17.774271,14.975864,2.7984066,670.6096,71.75534,243.86246,1.4823213,1.0740938,0,1.0
66885942316710784,58.01500229553912,25.02030871800869,19.587360838137478,-46.49312161763032,7.349344579395844,0.10615312,0.07203465,0.08456238,16.95706,18.764578,15.676529,3.088049,913.07806,45.17541,417.84882,1.5062991,1.00609,0,0.9999
66903293984399872,57.8423312184945,25.165928880530256,19.598903434367212,-45.434094042339595,7.207573585446735,0.02223983,0.012342448,0.018511295,13.613075,14.502443,12.683687,1.8187561,1422.2083,345.86517,564.1992,1.310442,1.1168429,0,0.9999
67368868438779392,57.85075265100442,26.053004292026344,18.734513286680105,-46.23739946604758,7.5490941562573015,0.048859652,0.026948966,0.03580963,15.409541,16.849098,14.224479,2.6246195,2006.4108,134.00613,899.84106,1.4464198,0.99967563,0,0.9998
67799189799869312,53.74453624196074,23.529954931526188,20.569161817903474,-43.26375824955264,7.09486561955451,0.028796319,0.020399889,0.023244549,8.786226,8.964191,8.465299,0.49889278,4042.6338,2722.265,2254.0051,1.1812751,1.1534898,0,0.9998
64870296982175488,56.03679639519022,23.079705895594124,21.63438626120532,-45.152473501335294,7.34148627265026,0.028862135,0.022137877,0.029887352,14.497981,15.656166,13.432903,2.2232628,686.3283,159.64168,283.24225,1.3722179,1.1346939,0,0.9999
64930495244783616,57.38645295572227,23.380204240051093,20.34647137610763,-44.301346464210745,7.231276897025075,0.023624873,0.015800737,0.020891242,9.034874,9.25158,8.664315,0.587265,4799.5757,2151.6318,3099.9756,1.1861564,1.1984136,0,0.9999
64974338270788864,56.30068677483327,23.36456659754402,20.3498907854033,-45.84120467577862,7.400842842890291,0.07312076,0.046997488,0.05960634,16.11487,17.743353,14.877634,2.8657188,465.73782,78.0059,233.14713,1.4773835,1.050245,0,1.0
64989490915460608,57.04583326091851,23.506811183809983,19.7071210125859,-44.53956232297974,7.318953310037485,0.020182494,0.0153440535,0.019202262,13.712051,14.600283,12.782841,1.8174419,734.46906,179.9289,322.19324,1.3106152,1.0550884,0,1.0
65113559634339200,54.921665165578005,23.290687048609904,21.292095189450617,-43.70881158081545,7.243609046567632,0.01972965,0.014262766,0.015707852,9.810571,10.083867,9.372724,0.7111435,2963.1602,1016.69684,1450.0392,1.1938491,0.8472086,0,0.9999
65164171528305792,56.34254222359188,23.471510349419837,20.223885800497982,-44.65017753769459,7.307413485207008,0.018050222,0.012163093,0.014412273,12.190561,12.771814,11.464812,1.3070021,688.4951,212.74057,261.35846,1.245906,0.9438896,0,1.0
65196405259884544,56.24422047135836,23.927876856061392,21.06580795418214,-45.625139391925956,7.274297226962083,0.057706937,0.043250028,0.050903227,16.095974,17.717226,14.856418,2.8608084,786.97064,50.038303,407.3052,1.4812795,1.1529555,0,1.0
65203758244032512,56.59257354759629,23.87793117845342,19.385201134094537,-43.29755614690463,7.1116603531842495,0.07009145,0.05413867,0.07202958,16.309023,18.169506,15.010233,3.1592731,1354.123,45.030075,486.1867,1.5229838,1.1299676,0,0.9999
65263097511969792,55.79855132706159,24.1144320201991,20.25602380241091,-45.77238477763018,7.293955605946162,0.12920107,0.09057534,0.107664876,17.451342,19.483572,16.108372,3.3752003,724.8356,25.945244,153.65717,1.5616844,1.1470174,0,1.0
65267078945207296,56.23900505450959,23.99217866658556,20.608714848927015,-44.771864233714425,7.50643101758092,0.04795407,0.036534533,0.043221835,15.717465,17.21952,14.508502,2.7110186,1391.0801,97.5633,735.77405,1.4635535,1.131965,0,1.0
65289279632597760,55.96136666025569,24.24729269931756,21.607568997226135,-44.80289003132921,7.480421328453063,0.026304282,0.019226117,0.02482104,11.1088,11.523164,10.524111,0.999053,1399.5524,439.6075,609.33307,1.2163882,1.5047315,0,0.9999
65717814290369920,58.4483083989658,23.741741817375793,19.262269659732578,-47.78798858909191,7.728498800241649,0.07027992,0.0505492,0.072154924,16.219612,17.903921,14.962777,2.941144,1330.0542,55.403458,703.0932,1.4932344,1.1809828,0,0.9997
65945997312877952,60.300412133195096,23.903463478351625,17.8848163349788,-44.83071742871962,7.213120892669938,0.05002318,0.030725459,0.045523535,15.830249,17.609398,14.563474,3.0459242,1677.7142,157.77454,694.4959,1.4926959,1.0432324,0,0.9997
66280248847432192,59.77636182130814,25.055401907175817,18.173443623615704,-47.27269581697594,7.5705552996968395,0.056179762,0.02956678,0.04244798,15.346905,16.87844,14.146956,2.7314844,1275.9568,174.00551,555.0228,1.4480844,1.179775,0,0.999
66453490649681280,57.431468357888065,23.711649593760512,17.868504681193286,-45.57243824211501,7.46248486399861,0.06291408,0.03209943,0.047006264,6.1591687,6.129117,6.178773,-0.049655914,3183.912,1060.5029,1596.9329,1.1589736,1.0356296,0,0.9999
66521179334108928,57.124052826324814,23.96812762181643,19.513016268459427,-44.30200784877972,7.245161749059522,0.11273302,0.077240005,0.09243491,17.046577,18.865902,15.772549,3.0933533,917.0385,31.679768,359.19467,1.4966412,1.0028831,0,1.0
66560349435890176,57.6379095792957,24.339206308563956,19.409409813996277,-46.91155574344629,7.624237364113361,0.064616024,0.046411615,0.06600861,16.40082,18.048187,15.16089,2.8872976,972.88293,84.41011,366.80594,1.4778607,1.0213555,0,0.9999
66659408560406528,57.91303365598468,24.591264585269954,19.755724092916576,-44.265570209454935,7.351766950892662,0.08618859,0.052213956,0.06404901,16.571566,18.296785,15.310652,2.9861336,1573.0912,68.23845,386.50507,1.4925917,1.0390334,0,0.9999
66720534534913792,57.1294732995043,24.281273105178414,20.55980824986601,-46.52895034490698,7.341192082208167,0.037314743,0.024031108,0.029249312,14.94409,16.259766,13.808888,2.4508772,1410.2239,211.23082,471.48355,1.4134188,1.0710096,0,1.0
66724451545088128,57.05657664728561,24.3182124280673,17.894192419007407,-41.115996427217624,7.405014495827893,0.108369924,0.06957701,0.08721392,8.214289,8.388234,7.886941,0.5012932,3307.5657,1912.3545,2501.0815,1.1869129,3.1896222,0,0.9782
66725379258016768,57.12549941431617,24.34532462480419,19.60906252887243,-45.355830700297275,6.89946138162525,0.26896814,0.1706939,0.22321497,6.939808,6.993091,6.8112283,0.18186283,2878.0068,1521.8762,1575.3104,1.1643418,7.919,0,0.9997
66752042414936704,57.365254679183145,24.53152918709479,21.119768743200037,-43.834701003186716,6.868676362419624,0.033552792,0.019311335,0.029826267,14.890118,16.249926,13.742282,2.5076437,1432.356,246.15526,595.57416,1.4188374,1.048202,0,0.9588
66755959425257856,57.57598217276832,24.58746632894919,19.59404308135298,-46.28803083358288,7.546025078304683,0.091878645,0.06172738,0.08160137,16.821295,18.565859,15.562358,3.003501,1200.8679,60.11636,342.1657,1.4875319,0.9516909,0,0.9999
66761903659793152,57.48251419167079,24.741904532006497,20.01171871162373,-45.628015653581286,7.531095617508779,0.036420576,0.02294662,0.029123874,15.173774,16.563791,14.01304,2.5507517,2303.2026,242.28235,891.1151,1.427629,1.0768366,0,0.9999
66802276352348416,56.30003774761142,24.585988634934,20.809393414603466,-44.70206664623241,7.5214363388011725,0.03309192,0.017603824,0.020496517,13.399992,14.216869,12.512312,1.7045574,467.7749,118.950066,183.01633,1.2951772,1.0836426,0,1.0
66811450402457216,56.585399836649145,24.785282982842787,18.583779121327936,-45.18087140683727,7.454756179233914,0.019467436,0.014230603,0.016104769,13.337562,14.147645,12.4529915,1.6946535,1277.2898,326.03253,522.34796,1.2945944,1.0836929,0,0.9999
66816295125702144,56.8904124483072,24.683996791687626,19.582483258933237,-46.27140917710216,7.422158629100373,0.015437465,0.011355215,0.013427517,12.540388,13.1757765,11.774289,1.4014874,669.81885,180.58145,263.51212,1.2563529,0.990435,0,1.0
66821655244731264,56.84583318282619,24.848752048434626,20.80852597315821,-47.429280642913454,7.761479927581554,0.045931738,0.030363359,0.040834583,15.617148,17.185358,14.402938,2.7824202,1439.8363,120.36723,537.82385,1.4590145,1.0696015,0,0.9999
66823132713476480,56.899529478888994,24.873965156738215,20.359214900915827,-44.68201751202432,7.429236579015259,0.10082453,0.06692294,0.09306064,16.87391,18.656853,15.57754,3.0793123,812.7575,23.733706,240.27406,1.5295599,1.0942961,0,1.0
66847631206903040,56.857553040083815,25.14231117639311,20.019691948452678,-46.62908653221418,7.43271679437676,0.05902314,0.04730823,0.05222286,15.424488,17.10973,14.1731,2.9366293,470.10287,64.99443,234.17566,1.4863977,1.4722563,0,1.0
66878245735176704,57.62492811642301,25.05172731020767,18.71670636605301,-44.11610857624101,6.936834522963423,0.05510507,0.025922276,0.039600275,15.398036,16.79538,14.236216,2.559164,1659.894,252.83063,740.5047,1.4275005,1.0809911,0,0.9997
67074096242336384,58.98515881188635,25.29982950141954,18.358723920733823,-45.053509089007406,7.160615933777657,0.05792672,0.032053873,0.039763857,15.520327,17.041536,14.321079,2.720457,1011.44507,154.92468,450.10666,1.4489548,1.072395,0,0.9998
64232271000313472,55.15764956916067,21.40611667943829,19.849417449339732,-44.282608494962744,7.171304722852725,0.11429753,0.070760004,0.10699352,17.184954,19.201212,15.85756,3.3436518,902.72565,23.181938,267.6917,1.5426804,1.034359,0,0.9997
64272128296706432,54.301389030023266,21.46795287013027,21.395581424316624,-45.155416096028816,7.404830067593029,0.017841293,0.013475882,0.015107123,12.039249,12.564841,11.356697,1.2081442,1170.7406,351.77634,494.93793,1.2362056,1.117163,0,0.9993
64898368889386624,56.84551303331775,22.92190886967802,20.17605663822472,-44.640592279584034,7.862776514007767,0.43784857,0.2677279,0.32729238,8.124376,8.2383175,7.8995132,0.33880424,3298.8203,1398.8392,2024.3905,1.1707644,10.395287,1,0.9989
64912009705490304,56.849467055307045,23.149004829363466,19.44531824588345,-45.5403292607655,7.346863076857361,0.06531846,0.045195494,0.051714923,15.890427,17.49346,14.665,2.8284597,1205.6953,197.43951,331.51596,1.4669887,1.099646,0,1.0
64933759417769984,57.18299036630866,23.2596150203104,19.293731697883047,-44.88499205938077,7.318904571155356,0.03854353,0.023564722,0.031011451,8.33693,8.461256,8.076609,0.38464737,3248.394,1131.9082,1508.5892,1.1817385,1.3925788,0,1.0
64982344089813248,56.46988426929079,23.46487435939193,20.003641467123558,-46.246385433920125,7.216786495064386,0.07758923,0.050357424,0.058647167,16.27454,17.967371,15.030655,2.936716,348.54626,67.93903,151.87523,1.476151,1.0719284,0,0.9999
65010239900405504,56.77834370556732,23.71495241087836,19.425567035566697,-44.40913844613404,7.3503939491290735,0.017522084,0.012399845,0.015928173,11.99486,12.511447,11.295786,1.215661,2037.3958,614.50555,746.2648,1.2520303,1.1385349,0,1.0
65020414679879296,56.96895425474899,23.94102406851244,19.684597110725647,-46.393807800230576,7.376293478669214,0.025270917,0.017065316,0.020493563,9.761056,10.036342,9.328334,0.7080078,1971.899,822.6152,1246.6321,1.1898502,1.3117672,0,1.0
65136791113382912,55.70385233585675,23.580003136612984,21.679338642754335,-46.49129154083005,7.410691983881695,0.102118306,0.070989124,0.09458024,16.743004,18.552668,15.475222,3.077446,723.0851,72.57437,206.17995,1.4900473,1.0497593,0,0.9999
65165653294149760,56.30591985851103,23.51671671299534,20.675289820301945,-44.85616584762688,7.172780984631883,0.067311436,0.04661371,0.056789428,16.157358,18.058023,14.853676,3.2043476,564.0701,47.551716,166.6565,1.5245227,1.0579132,0,0.9999
65207709613871744,56.849928429173104,23.914271006001808,19.60591854512209,-46.32969547460584,7.185575669070407,0.060044825,0.0443024,0.053416234,9.739319,10.072752,9.239894,0.8328581,2188.2683,610.7341,796.215,1.2002319,3.3770366,1,0.9999
65241863193865856,56.05066499276738,23.876887924642986,19.99343255069661,-45.11111429836059,7.423976552521405,0.07469429,0.057549708,0.06346344,16.52288,18.249743,15.257679,2.9920635,1171.9193,42.418186,592.8893,1.4976876,1.0594523,0,1.0
65247704349267584,56.05452292932521,24.030615863047565,21.404856037527303,-45.88621865204381,7.594803806906587,0.022041071,0.015385619,0.019991616,11.167223,11.591781,10.58207,1.0097103,982.52295,344.02573,463.58585,1.2120683,0.95421356,0,0.9999
65248151025861120,56.09618368466843,24.068094985032182,21.774572647141717,-47.34106561409916,7.442648971691504,0.032877274,0.02491423,0.03535474,13.168843,13.995894,12.250082,1.7458124,721.3897,177.28218,259.29135,1.3196771,2.2517962,0,0.9999
65248460263511552,56.05316220658391,24.031592251729883,20.146309227148777,-45.14531743177651,7.363469370053254,0.12640567,0.10855923,0.13366552,11.859773,12.415699,11.137634,1.2780647,277.70032,79.03871,113.50237,1.2532005,6.1513267,0,1.0
65257187636977536,55.6716335456923,24.028395789556246,21.017719353305196,-44.67677495515933,7.165841660739484,0.11441664,0.08028251,0.09170266,17.168375,19.123604,15.868272,3.255332,606.9585,30.065182,230.83234,1.5137478,1.1185441,0,0.9999
65701527774387840,58.59373152659763,23.63651277018731,18.36910938785275,-45.979828036328726,7.4050316715605184,0.06575589,0.04639091,0.060840942,16.473394,18.18702,15.216422,2.9705973,1209.5668,83.40996,393.38596,1.4893086,1.0372041,0,0.9999
65864427293364864,58.99343210356197,24.54973327420377,18.608912286604085,-46.92634401642668,7.504791433754841,0.017696148,0.011434095,0.01609771,12.307622,12.902467,11.57429,1.3281765,675.12683,173.96776,267.8815,1.2463804,1.0008076,0,0.9999
66517468482370176,57.07512164513408,23.891273678457935,19.104444028563226,-45.3486188239001,7.295109846533388,0.02612894,0.018848723,0.02168634,13.975899,14.928371,13.007132,1.9212399,3016.7031,488.01523,1079.5037,1.3289847,1.109031,0,1.0
66555573432261376,57.553681045693764,24.3516155481885,17.833343166460896,-44.351060633719605,7.243086363411307,0.031035457,0.026031284,0.02929124,14.462538,15.585812,13.379059,2.2067528,2950.0625,427.31766,674.6956,1.3995616,1.071376,0,0.9999
66558249192653952,57.48590927641627,24.348794070150266,19.505374073802887,-44.599599471397354,7.315576014582632,0.034020554,0.02340281,0.031920027,7.546007,7.565866,7.475968,0.08989811,3073.6316,1676.7375,1498.4849,1.1610569,0.8341919,0,1.0
66710845088732160,56.94337881610533,24.050481718343995,20.172732693758086,-46.513945005186066,7.555830848391911,0.03497097,0.022096828,0.02870886,14.752962,15.9653635,13.655684,2.309679,1049.0424,145.72232,332.65588,1.3938541,1.0793425,0,1.0
66729261908482048,56.791988143840086,24.276453622807093,19.959460137901697,-44.498036812412536,7.357064223916837,0.025991986,0.017977556,0.02060636,9.376594,9.618052,8.972963,0.6450882,4604.8647,2200.74,2213.4492,1.1910828,1.0107602,0,1.0
66732423004453376,56.723447112517924,24.287294176897756,19.249077626062416,-47.50404014517325,7.368695724018906,0.065386504,0.03363414,0.03657004,14.973033,16.493011,13.771814,2.7211971,993.6263,136.90309,417.7464,1.4514668,1.0109967,0,0.9999
66800592725851776,56.54907922003248,24.622119094596144,21.195216191185757,-44.69592411866067,7.550076412992421,0.027433112,0.018441977,0.02076642,11.405896,11.852175,10.798162,1.0540123,537.39825,162.70898,202.7671,1.2175174,1.2001574,0,0.9999
66801623517295104,56.536336992339514,24.675721556933823,20.873189844183816,-45.69153438245064,7.373604115597466,0.10285207,0.0658847,0.08579178,16.6805,18.398893,15.403146,2.9957476,707.33636,27.544703,213.80045,1.5140399,0.99294305,0,1.0
64967569402404480,56.81416804545098,23.43481220068229,20.60752142794995,-46.19192929295871,7.069719258509363,0.082975514,0.06317905,0.07068639,16.54838,18.295916,15.277871,3.0180445,884.5931,64.48623,211.30565,1.501515,1.0966136,0,0.9998
65125864716379264,55.21373303656764,23.59821916838355,21.13498186162849,-45.75717959178242,7.522153825366353,0.017057333,0.012303779,0.017643074,12.452076,13.067136,11.703961,1.3631744,833.7786,241.87599,325.99457,1.2499839,1.1481409,0,1.0
65169943964429952,56.27833987281683,23.614139359630546,19.068891767681066,-44.98068962263365,7.2309171672488475,0.120184906,0.07828888,0.08655477,16.988838,19.105682,15.657268,3.4484148,675.6274,27.22846,280.91028,1.5381724,1.0175426,0,1.0
65211557904569856,56.681723015516134,23.994936841909595,20.502140434050677,-45.335559973427976,7.2862829876032436,0.036663756,0.027594736,0.034790307,15.067968,16.34015,13.95385,2.386301,1278.5969,232.7732,567.8382,1.3992126,1.047322,0,1.0
65223515093523328,56.59787068226333,24.030747315256395,19.227117530342714,-44.209033757952795,7.373004713955718,0.0923055,0.07801971,0.08887297,16.894072,18.676842,15.604281,3.0725603,782.02515,23.572227,280.678,1.5211893,0.9753783,0,1.0
65224442806459008,56.553722556107694,24.054171168916735,22.067799911606258,-46.12808704052617,7.3324984757352,0.021627981,0.016697275,0.01875288,13.603668,14.4831,12.671939,1.811161,493.62445,134.92111,174.17618,1.3155191,1.0267986,0,0.9998
65229734206151680,56.605873089025955,24.159918691152065,16.920655845873043,-48.014606877582516,7.190575194590559,0.08905836,0.06681792,0.0736292,14.781489,16.170414,13.6200485,2.5503654,1115.6343,188.27493,629.86035,1.42863,2.6216292,1,0.9317
65279418387728896,56.46397086946799,24.29548137554541,18.663634706590376,-44.18651883515772,7.4136347632428805,0.10984064,0.07028102,0.084674254,16.784777,18.49749,15.505249,2.992241,573.2556,27.925106,199.64523,1.517555,1.1398214,0,0.9999
65605354866829184,58.29240738957876,23.052790825962784,19.736552774957616,-46.53611248805149,7.339353946453763,0.043649916,0.03312954,0.038846474,15.395707,16.808872,14.223,2.5858727,1507.3577,131.26006,476.3508,1.436972,1.0626303,0,0.9999
65666102884206848,58.318577934063626,23.349339904045625,17.188845023349536,-41.70022565167011,6.865076901566834,0.13092673,0.07414543,0.099301405,17.307737,19.188805,16.02317,3.1656342,1106.2145,32.743046,280.31403,1.5024068,1.0078301,0,0.9785
65675895409522048,57.91290560165287,23.367730001000808,21.381829359141534,-48.72743631326327,8.117417323793795,0.1090799,0.061644576,0.08207245,17.106327,18.973682,15.818094,3.1555882,927.6536,43.49791,353.3682,1.5086848,1.1122673,0,0.9767
65732447241199744,58.98356165238337,23.567063288875058,19.137855370932986,-46.08277784358752,7.487212114131658,0.016803034,0.011021481,0.015005789,12.259071,12.838505,11.5363655,1.3021393,739.58777,205.74399,297.07404,1.2443198,1.0852377,0,0.9999
66429232674604544,57.61403231496382,23.379012559358603,19.83778070687911,-44.85419874781838,7.228956227453397,0.07689064,0.051321827,0.06927697,16.541801,18.27351,15.270677,3.0028334,802.9643,55.721035,346.41464,1.5044144,1.0384145,0,0.9999
66452047540860160,57.38016945576194,23.688630836824323,19.957750625646163,-44.52370465052084,7.362058685060756,0.09846682,0.061338767,0.07405327,16.796696,18.619001,15.503763,3.1152382,1092.6936,40.027508,338.1224,1.5201696,1.0409425,0,1.0
66507882115488128,57.5091413924293,23.862222908526427,19.78431628377371,-45.29047102789216,7.5888018064744225,0.05737617,0.030142255,0.04286828,15.739478,17.259941,14.533685,2.7262564,1663.7625,152.63667,688.149,1.4567609,0.946568,0,0.9999
66712253837994880,57.026765715524206,24.114207274352665,20.11224968831819,-46.853801212355826,7.217691953294109,0.1082183,0.057575002,0.0763905,16.740343,18.456854,15.468422,2.988432,866.7729,28.815254,125.19548,1.5074856,0.9946763,0,0.9999
66791624833561856,56.93522462565709,24.615331041000534,20.029976741282752,-43.499459079977576,7.365399225658677,0.11532048,0.096957035,0.10403964,17.191496,18.87722,15.913277,2.9639435,746.454,31.327122,275.89426,1.5196769,1.1320454,0,0.9999
66808220587759104,56.619370547231206,24.758790465145772,20.486566587041196,-46.516538720071175,7.300009059416653,0.035791375,0.027392542,0.030375024,13.698108,14.605712,12.758081,1.8476305,1086.9816,279.6565,468.84186,1.3148725,1.0965658,0,1.0
66850517426494208,57.67018622911764,24.667248287920742,19.463760308571743,-44.37617719432432,7.21695823861784,0.15915784,0.10476373,0.11554198,17.439728,19.212,16.13909,3.0729103,885.6946,25.623943,205.50215,1.5364166,0.98710555,0,0.9999
66911231083913600,57.80779965610001,25.386302306443408,19.43880335389787,-46.52088425027251,7.494606979507357,0.0454371,0.03007238,0.043466873,15.793973,17.35099,14.573525,2.7774649,750.5663,117.81902,230.88754,1.4682078,1.0412433,0,0.9999
66926211929978880,57.18360002514792,25.10607888928261,18.277633549560008,-45.99954302701701,7.336499163047003,0.10510221,0.05555033,0.06379947,16.598265,18.312096,15.348464,2.9636316,934.17346,64.35214,293.9661,1.4804604,1.004534,0,0.9999
66937859881182848,57.502760899240016,25.398598521170918,18.295871155539142,-44.85428144367233,7.01616625251663,0.06648443,0.04923834,0.060382336,12.781891,13.624446,11.871041,1.7534046,1013.7202,246.10733,446.74988,1.3077531,2.8889759,1,0.9997
64040818540162304,57.595542606765434,22.188131148359005,17.154258288519657,-46.26654876678263,7.282447165460064,0.020754227,0.014709418,0.01974856,13.716136,14.653642,12.751032,1.9026098,1392.3517,324.29077,504.30255,1.3297102,1.1132265,0,0.9982
64053566003097984,57.47955819207775,22.24395883052281,21.21758879602769,-42.76726738915421,7.4144394339727135,0.22092533,0.10051442,0.10393469,6.040353,6.0337095,6.010229,0.023480415,1761.536,1302.8397,849.1301,1.1624453,2.1035416,0,0.9995
64104933811828480,57.96086681799793,22.89551471851388,18.2409132166166,-44.87318051720924,7.315539042944565,0.05016511,0.035216637,0.04423047,15.906264,17.47367,14.68459,2.7890787,1472.0409,103.58073,670.2941,1.4680251,1.0408431,0,0.9999
64215125490886656,55.2058631607871,21.21523008243146,20.562833137566372,-43.76859549291748,7.335249178807896,0.06855867,0.048165593,0.060269754,16.56197,18.347271,15.282515,3.0647564,875.60175,65.17346,384.34558,1.5077798,0.99651676,0,0.9996
64317998547641344,55.60007912242965,21.473277522535195,21.141174189557397,-47.93625579468652,7.844363525705177,0.020919017,0.015341191,0.019914329,9.712154,9.986304,9.27505,0.7112541,4011.1052,1740.082,2923.938,1.1929743,1.0946826,0,0.9996
64808483812941440,56.645075788192386,22.935281042623288,19.45079799157423,-45.27898452661234,7.2607543201303235,0.026987115,0.020895539,0.023177821,14.011793,14.998876,13.023469,1.9754066,1113.5393,275.4025,511.32388,1.3381946,1.1200577,0,1.0
64818203322590208,55.864443508802935,22.627943816680016,21.28863642801427,-48.15756599688649,7.738056145401186,0.1326181,0.091306,0.10576947,17.326468,19.21476,16.045765,3.168995,575.91095,21.152147,156.75432,1.4966751,1.0185274,0,0.9997
64841503521468544,55.76757280534597,22.800769543491423,21.911937015344915,-43.99242939123414,7.642530346462955,0.24040793,0.15625377,0.15471333,14.297123,15.503931,13.207622,2.2963095,626.3453,109.54004,234.49861,1.3868268,8.485833,1,0.9996
64857721317916032,56.48745217516747,23.024581569648877,20.838575638732898,-46.31017377392607,7.389054111887702,0.087808765,0.060053848,0.083187446,16.504587,18.25048,15.237978,3.0125027,1085.8722,59.119495,333.9295,1.4968702,1.125552,0,0.9999
64894623677888640,56.970373065713645,22.99259933079853,17.45843291565993,-44.84198072234931,7.171703349203403,0.08433134,0.045969356,0.056594666,16.176619,18.01964,14.899844,3.1197958,1179.1406,52.406155,532.4122,1.4971542,1.0359801,0,0.9997
64917094946846848,57.274755692608174,23.105917656349703,18.89321440089389,-46.58328631284021,7.430479853340606,0.06847556,0.04578208,0.055344395,16.074583,17.678179,14.841445,2.8367338,986.6848,92.065094,437.6281,1.4761791,1.1603554,0,0.9999
64924413571101952,57.485491827507374,23.21843142395095,18.921303017911203,-43.200525582216834,6.921465300774905,0.019966297,0.013236863,0.017078437,10.138832,10.44442,9.66561,0.77880955,2840.2102,1316.768,1849.552,1.1981905,1.0655763,0,0.9995
64927368508592512,57.52090986726331,23.304637841703407,19.019871912126003,-46.8526775047032,7.370344183553121,0.12838885,0.09045688,0.11851368,17.534443,19.451115,16.23496,3.216154,851.4607,28.69324,215.30853,1.5172794,0.99089795,0,0.9999
64971177174850304,56.54194518314664,23.339791180056473,21.08201982986673,-49.85086216733037,8.18592379280657,0.026298441,0.015054869,0.018085033,9.99517,10.30975,9.513999,0.7957506,1112.6201,307.49384,451.02396,1.19846,1.0064452,0,0.836
65129506848731136,55.67669619215472,23.502637215949306,22.295339381875124,-50.837766852324926,8.309649468736074,0.015808612,0.011479506,0.015397128,12.169894,12.770027,11.423228,1.3467989,538.6792,143.512,198.95706,1.2545638,0.995228,0,0.8232
65179946945247488,56.087034239879095,23.56092855087351,19.28602141734942,-46.30352599636022,7.372910720374971,0.062154878,0.03651717,0.042416297,15.793812,17.310444,14.586884,2.7235603,992.4898,76.22507,407.77875,1.4587288,1.0418881,0,0.9999
65184894747573376,55.90468213861298,23.642095008724848,19.871268352271496,-44.6156897748046,7.380512084447238,0.077629685,0.051787585,0.0614245,15.929374,17.71861,14.660658,3.057953,1132.0115,83.21867,611.9573,1.493811,1.1792295,0,1.0
65184929107310592,55.92315056799927,23.648957620762896,20.23368750385818,-45.617876962371234,7.806210964547051,0.18433192,0.11804762,0.13549048,7.8598695,8.030746,7.5453277,0.4854188,2809.0898,1808.6941,2354.7334,1.1819886,5.2615423,0,0.9997
65221487868870784,56.46524526083272,24.03867637774549,19.8061014454413,-45.00296374339572,7.295877939593721,0.036550045,0.025210094,0.034636375,7.8336287,7.920607,7.654846,0.2657609,2659.5159,1576.8711,1549.0519,1.1656665,1.3362249,0,1.0
65233788655261568,55.89349233390916,23.761713579644525,22.96594039164058,-47.11639672043164,7.27281753089127,0.037338458,0.025841212,0.029543715,11.201932,11.649506,10.5917,1.057806,713.8714,203.58365,285.0392,1.2186424,1.3708965,0,0.999
65254885534508672,55.674440494307696,24.004169380506745,19.45472846866403,-46.510573037379245,7.361057342556959,0.08122334,0.05345175,0.06261922,16.582888,18.250332,15.340737,2.9095945,949.77277,55.583027,362.05005,1.4776452,1.0475366,0,0.9999
65292268929825408,56.112090967849646,24.408645421392894,20.199761658090104,-43.419547832495866,7.176701000098328,0.03621974,0.025287518,0.029531645,15.011795,16.287046,13.89221,2.3948364,886.72345,256.21063,307.8538,1.4045068,1.0468746,0,0.9999
65506467539939584,60.108994347075345,23.438034039043746,17.78721356415285,-45.60853237350602,7.32609101226264,0.07187666,0.040590428,0.05274904,16.037605,17.859928,14.751467,3.1084614,1011.559,69.60943,346.37906,1.5115302,1.082603,0,0.9998
65544538129847936,59.330591983935534,23.460322675022162,18.178372451726833,-43.71991150931614,7.140164284709472,0.09501135,0.062821,0.08816251,17.184761,18.993847,15.886567,3.1072798,1270.2423,33.151234,328.49762,1.528555,1.0169874,0,0.9998
65553471661907328,59.73398455446409,23.46476086930674,17.90520488952166,-44.77764235400888,7.148890059300609,0.05878642,0.03460156,0.04731108,14.985798,16.492205,13.786908,2.7052965,1802.7189,308.90643,715.4572,1.4509887,1.6313529,0,0.9998
65750627840192256,58.870949393255714,23.772242308625067,17.75908308968357,-44.95246810382396,7.250917408676775,0.018393671,0.0114627825,0.015259131,13.494305,14.329623,12.594611,1.735012,788.83014,212.90672,317.44833,1.3000283,1.1209916,0,0.9999
66522381924952704,57.02772402473882,24.001720385327307,19.080368487026863,-44.48204907370185,7.189384900282409,0.07990885,0.051117804,0.05957135,16.501642,18.197205,15.2400465,2.957158,845.46594,44.065517,244.08629,1.4975353,1.0318178,0,1.0
66523893753437824,57.1091158768964,24.048182417276898,19.673447078688287,-46.25819665857012,7.419126279193348,0.023574661,0.013016202,0.017497888,9.903484,10.187208,9.453119,0.7340889,2391.8713,777.6098,1065.6025,1.195765,0.8739928,0,1.0
64589062523316736,53.93454089287151,22.45259124715032,21.26584522220347,-43.37202576251183,7.152749681642172,0.050854683,0.03944847,0.0444876,15.706452,17.19146,14.519381,2.672079,1604.9989,182.70242,772.42316,1.4408451,1.0524058,0,0.9996
64656201452146304,54.93671006565371,22.654103017730275,20.751404188856693,-46.504809433409434,7.604703051583063,0.086623296,0.061035465,0.0850034,16.780579,18.581429,15.497756,3.0836725,900.4083,45.545227,368.30896,1.5100374,0.9682968,0,0.9999
64888129687348736,56.920871790372274,22.929789076943766,21.143217715462345,-41.257636685383524,7.488665427480883,0.4013874,0.22925863,0.3256947,11.886297,12.508799,11.100063,1.4087353,343.4128,90.595894,140.55644,1.2771311,20.47516,0,0.9967
64922283267331968,57.3013765497648,23.228140474524007,19.729432027709375,-46.0451440559743,7.450991731973961,0.020170998,0.014120278,0.018298406,13.63343,14.518898,12.701284,1.8176136,832.0611,228.84314,325.78433,1.3141104,1.1251582,0,1.0
64951626483855744,56.5901773964615,23.066764839341367,19.396831408851817,-45.68282875975354,7.375879588149474,0.19593437,0.124360934,0.13995922,16.956253,18.942444,15.606698,3.3357458,398.89352,26.19186,292.61087,1.5753361,1.4040228,0,1.0
64988803720689408,57.085813664095504,23.51687667697139,19.379611669304243,-44.93597341377126,7.206584546538967,0.17754592,0.13510184,0.15694188,17.757591,19.74599,16.419292,3.3266983,550.57104,22.188759,159.50357,1.5600524,1.0376607,0,1.0
64998905483757568,57.082701624279416,23.603137970026417,20.807873955640147,-44.44900236993458,7.327464562394925,0.036718085,0.027520703,0.037981857,15.042486,16.345612,13.913245,2.4323664,925.8399,154.11194,362.15936,1.4093728,0.97364295,0,0.9999
65011412428446592,56.789425681111695,23.74197963632735,21.21594470792443,-45.57679495157199,7.329093106510834,0.041040376,0.025183149,0.033067305,14.170108,15.443391,13.048277,2.395114,1231.1906,208.52116,565.3168,1.4073578,1.6133932,0,0.9999
65120470237460480,55.345801507755894,23.48673483571187,21.626674943484065,-45.324354884444176,7.4801116586688075,0.017876578,0.013660543,0.017506294,9.069493,9.289895,8.691947,0.5979481,4112.449,2695.4373,2666.6597,1.1879611,0.98665714,0,1.0
65125452399528320,55.13134552101876,23.550448733258403,22.035110846247882,-46.2842418446027,7.488421887730397,0.029662104,0.02074126,0.027641539,14.410244,15.531999,13.354491,2.1775074,1710.9613,388.94498,710.91223,1.3711332,1.0477535,0,0.9999
65188090203295744,56.27211037045957,23.70246592516979,19.74960133387602,-46.401071174135026,7.47060055813846,0.022846967,0.016473966,0.019710807,8.888269,9.08254,8.5459,0.5366392,3842.0906,1936.159,3404.5215,1.1833818,1.1877493,0,1.0
65201039527567232,56.51159600199895,23.73718212047578,19.495712257918264,-44.25712868823951,7.4257959863862055,0.01696212,0.0127769075,0.016195484,12.133683,12.948728,11.235674,1.7130537,1024.0483,284.8743,416.6952,1.304868,1.0954742,0,1.0
65232066371441792,55.9155727826314,23.69221985705829,19.969143551789713,-45.53035596799632,7.244614096975412,0.19076408,0.12861155,0.13935013,17.853973,19.832811,16.521322,3.311489,603.35693,20.55319,163.21873,1.5535917,0.9533538,0,1.0
65270450496044416,56.31729783783005,24.12099472373946,19.870546455968466,-44.98035671662727,7.52998049381524,0.041409034,0.034556367,0.038131975,15.178773,16.506485,14.032974,2.4735107,923.4161,119.07014,319.65567,1.4227854,1.1365216,0,1.0
65280071222749824,56.51448084262988,24.349022127316783,18.420127567135655,-41.82671249431167,6.737441502552408,0.08547819,0.05318094,0.061634224,16.561602,18.256601,15.307397,2.9492044,879.01355,41.11508,236.58495,1.4884884,1.1101922,0,0.9979
65287458566524928,56.20099235353907,24.28926774500748,19.84914439143686,-44.96559622643841,7.385246890845397,0.07948993,0.058427114,0.0723769,5.4413247,5.419782,5.4410043,-0.021222115,1149.087,955.6969,452.49744,1.1608094,0.9633128,0,1.0
65807218329068544,58.89344311764004,23.974417285254003,18.506625483909637,-43.286668333746405,7.097516531348718,0.10984935,0.07400398,0.09032628,17.257784,19.148548,15.968283,3.1802654,990.89996,40.342876,368.6478,1.5075266,0.998377,0,0.9998
65819965792011904,58.590039916938494,24.075488278861247,19.32826700251732,-45.65249948875221,7.38953573788731,0.019951185,0.012852498,0.015949212,9.597126,9.863168,9.166551,0.6966171,3432.4004,1134.7474,1679.7164,1.1934228,0.99219394,0,0.9999
66471220274934272,57.9870267667612,23.90175276491097,20.569032402298205,-45.934426876990045,7.5653725973483175,0.020630557,0.01255043,0.016987473,9.926686,10.219089,9.466751,0.75233746,3642.2627,1417.3517,1788.2106,1.1969616,1.0842375,0,0.9999
66501181966524800,57.38809269499062,23.795195713242105,19.92369547226627,-43.75212075508752,7.263685576556919,0.022005746,0.013236567,0.016816406,10.746968,11.107175,10.220457,0.8867178,2318.4453,665.79584,904.5613,1.2040825,1.1350733,0,0.9999
66503449709270400,57.27555029668442,23.781037380088584,20.359244980198163,-45.959639382388794,7.236496414377099,0.04480834,0.03106885,0.036134694,10.430534,10.861636,9.829401,1.0322351,748.1644,229.46507,305.6886,1.2198204,1.9297724,0,0.9999
66511970924353792,57.385640805744764,23.928295867174427,18.378447709251535,-45.352257911091556,7.528337727096914,0.086953,0.04600542,0.06445256,16.304827,17.967447,15.061431,2.9060163,712.5602,110.4415,230.62744,1.4798577,1.0333118,0,0.9999
66529975427235712,57.296830774548276,24.136498420483132,19.49605376673818,-47.64989929604236,7.241378315608465,0.14859454,0.098402485,0.1255347,5.203287,5.185276,5.218389,-0.033113003,1157.4949,758.43536,355.70343,1.1524688,1.3034941,0,0.9999
66541142342159232,57.6768887678008,24.21524450768627,19.76106528764419,-44.78950070037432,7.334389583114657,0.10046192,0.071073964,0.09518787,17.168797,18.958809,15.8978195,3.0609894,1032.2904,41.843338,225.0884,1.4965363,1.0646722,0,1.0
66567427541958784,57.729165547344984,24.550845313923535,17.490161314711415,-42.371268198107416,6.968903348659405,0.10079457,0.06641263,0.0823591,16.955412,18.747786,15.685095,3.0626907,1222.5453,44.425426,367.24252,1.4954069,1.0843304,0,0.9969
66649409876772096,58.12888489916184,24.544178292973037,18.927016013512805,-44.09308609092023,7.188074287174772,0.07068237,0.04293987,0.053502,15.435466,17.07267,14.195093,2.8775768,1792.5723,132.37843,811.30524,1.479894,1.5697314,0,0.9999
66658996243552000,57.913750384057074,24.548696125636305,21.2311257075505,-46.05927353044224,7.479410227862506,0.01963291,0.012135752,0.014954205,12.009029,12.538474,11.315678,1.2227964,730.55145,187.84352,249.14818,1.2425132,1.1484572,0,0.9998
66694455493470464,58.24652162702127,24.9013424551909,20.668957748588877,-45.24839513108357,7.295031761348758,0.021645527,0.013349616,0.017931039,13.737393,14.644784,12.791295,1.8534889,792.529,194.70842,320.85,1.320545,0.9828631,0,0.9997
66745617143891968,57.340716620829006,24.380752387790455,18.566769795996994,-45.34756663616908,7.189385624305486,0.04530931,0.028274706,0.036079854,6.604883,6.5822644,6.6148195,-0.032555103,3153.529,1748.4298,1405.5259,1.1575841,0.9828397,0,0.9999
66774513683782912,57.33590317007083,24.776462360298346,19.201379543302817,-44.489666559611294,7.349364198624109,0.017449709,0.011706895,0.015047797,12.459594,13.073255,11.70027,1.3729849,794.82214,217.29388,313.16537,1.2592157,1.1289179,0,1.0
66782897460055424,56.74397999975443,24.46092173710442,19.301604877866893,-46.139399761153214,7.467139144883223,0.068548776,0.04347155,0.048534807,16.011278,17.626322,14.772564,2.8537579,1063.0431,80.98718,481.4947,1.4811898,1.0880636,0,1.0
66788253282520192,56.589064965453765,24.56438443480984,19.246538812863587,-44.22326675288659,7.178588553994465,0.16182542,0.09158542,0.10578913,17.185026,19.154016,15.884916,3.2691002,646.1417,28.090118,261.71652,1.5122452,1.0056987,0,1.0
66788291938818304,56.59455349459927,24.569949769064657,19.683164514250493,-44.9936072177932,7.393670835522528,0.022914998,0.014031689,0.015775258,10.296593,10.624539,9.802695,0.8218441,1471.5872,599.6641,714.9111,1.1995493,0.8482524,0,1.0
66940299422471296,57.108594247341806,25.244490489581228,19.747984466432346,-48.32004863058663,7.51025816775081,0.030093858,0.01948922,0.024871431,14.485869,15.638486,13.414243,2.2242432,956.6209,211.13815,346.86023,1.3802919,1.0950806,0,0.9999
66969535261875072,57.73598403343149,25.58491725369119,18.703640753131836,-46.63227427757368,7.439765319902158,0.07407191,0.057740387,0.06639081,15.461911,17.070673,14.220058,2.8506145,1311.1377,171.9625,677.1952,1.4859535,1.7604898,0,0.9999
66999913567402112,59.23789633925939,24.809424005704027,16.451870035837334,-42.30284538477126,6.808899335071992,0.10014185,0.069017105,0.08869514,14.906961,16.331007,13.733307,2.5977,2021.5714,217.22557,946.77246,1.4360858,3.544396,1,0.9126
64644484781444864,55.33339566545284,22.631451536825736,18.66745548131216,-42.989950688570275,7.011106189930256,0.05570676,0.03510633,0.047543548,15.709704,17.217796,14.517974,2.6998224,1362.9235,167.08842,473.20416,1.4423622,1.0174055,0,0.9997
64843805623922688,55.85491728898192,22.895492287024965,20.222442233716116,-46.15960948932732,7.5264024127197535,0.08841846,0.062151253,0.07351991,16.934334,18.76188,15.6569395,3.1049414,809.82574,50.732815,332.07272,1.4998415,0.97739536,0,0.9999
64864593265614464,56.15749648469315,22.92084569104336,20.301380268297027,-41.24391102884243,7.194518033619004,0.03772871,0.027458498,0.033353884,14.602414,15.855714,13.487362,2.368352,941.07764,190.284,337.82407,1.4041644,1.3723792,0,0.9996
64913452814489216,56.95058643018479,23.21788377589549,20.053661610566117,-45.84753613421944,7.411184638689342,0.02706992,0.016234322,0.020458069,10.945833,11.33603,10.3912325,0.9447975,1583.6877,683.8287,919.26154,1.2078198,0.90876555,0,1.0
64966916567283456,56.730541115448666,23.380212988770477,18.858429537627444,-45.66888505121055,7.294694239567216,0.1381728,0.09883255,0.119221516,17.4539,19.343552,16.144558,3.1989937,571.37225,28.721937,236.31256,1.5331131,1.0561346,0,1.0
64974574492213248,56.42870174000814,23.336589161292384,21.406088529779186,-45.052319844566526,7.492486097833367,0.13026962,0.076506026,0.0977831,17.363674,19.30851,16.061031,3.2474785,791.307,23.650871,240.40312,1.5181644,0.9524142,0,0.9999
64981863053470592,56.593679900426444,23.485427897777026,19.859186488699244,-44.830015852542616,7.150415256448715,0.10187264,0.06970668,0.08726354,17.219704,19.208763,15.883824,3.3249388,620.72723,46.908306,186.35841,1.5567682,0.9135021,0,1.0
65012408860856832,56.93613786706123,23.700704540102134,20.328177414703305,-45.216292132663604,7.252925571892042,0.081023626,0.060450424,0.07700363,16.648165,18.418951,15.380183,3.0387678,893.07007,47.134975,217.4721,1.4952862,0.9428905,0,1.0
65019246448775424,57.02449569519243,23.883443039373205,20.181137542829056,-43.46642919787849,7.392645465941637,0.12842105,0.081522636,0.10585207,17.37894,19.200218,16.08857,3.1116486,815.88257,20.58375,238.92557,1.5170344,1.0650707,0,0.9999
65190220507070208,56.373319246952896,23.760302335308378,19.065021323928246,-45.755836459670746,7.399616619911859,0.01813691,0.013500314,0.015352413,12.855757,13.581586,12.029433,1.5521526,1719.4478,605.16736,758.5026,1.2726874,1.0100722,0,1.0
65229184450247296,56.519106151072684,24.165368569020757,18.937810788453277,-44.62061805868336,7.497115632105594,0.11629534,0.07551054,0.10239434,17.291239,19.20061,15.989532,3.2110767,953.4199,28.71341,314.7856,1.520973,1.0340664,0,0.9999
65289588870240384,56.04138926525986,24.26762455350562,21.472255504994394,-43.34423303830621,7.302329783350095,0.040605698,0.028928474,0.037919894,15.17523,16.548038,14.01894,2.5290985,1165.7428,147.13112,438.07837,1.4258412,1.1070453,0,0.9998
65298483745290368,56.22548048214077,24.44616834794828,19.84753721236225,-46.01917781646604,7.6876803281520365,0.08902547,0.0664306,0.07440104,16.687817,18.342989,15.419619,2.9233704,743.0533,31.0606,140.79204,1.5115076,1.0488245,0,0.9999
65643184938861312,58.554286648334305,23.347269706275018,19.433131920141896,-46.78892199301689,7.593239732644184,0.054338112,0.026739402,0.038974557,15.459801,16.896822,14.279595,2.6172266,1344.762,161.6895,595.91626,1.4412736,1.0476878,0,0.9999
65677098000371712,57.779677513231455,23.349183178047287,17.208624900521556,-41.877844853353125,6.69801332118288,0.08379107,0.051346015,0.0668921,16.782677,18.485563,15.52881,2.9567537,1245.3293,63.555744,373.50266,1.4869698,0.9534129,0,0.966
66451497784867712,57.33962532353392,23.6515782545828,18.204462282608745,-45.55520366974744,7.376227208651057,0.05493896,0.041579086,0.045091506,15.786174,17.350674,14.57029,2.780384,1405.3861,122.62139,500.00726,1.4615873,1.0369788,0,0.9999
66485582645439104,57.7424400126132,23.92835794530036,18.43129956497794,-43.31389853777661,7.21238536877687,0.08000431,0.04928005,0.064764075,16.709013,18.453854,15.451104,3.0027494,1191.2858,79.510475,527.6899,1.4862231,1.0054784,0,0.9999
66512074003566976,57.40055541252771,23.939616754347057,19.411524359447647,-44.5730025382453,7.28785562194042,0.08237592,0.04334372,0.063518226,16.154657,17.787874,14.917308,2.8705664,983.42175,79.80641,375.70718,1.4768158,1.0865008,0,1.0
66523103479455232,57.14081534926531,24.032849766880865,19.299176702015146,-44.18203911333444,7.065936301955448,0.110836565,0.05932207,0.07758705,16.814566,18.51744,15.558638,2.9588032,1196.5231,52.84575,306.63098,1.4895082,0.9394521,0,0.9999
66556672943906688,57.42804497400579,24.318568409932812,20.446787681446676,-47.8397668094135,7.469814986220502,0.06570722,0.05457465,0.060929585,16.043076,17.807573,14.758016,3.0495577,1441.8826,78.13765,488.16962,1.5175676,1.1767701,0,0.9999
66560727393001216,57.72778472773581,24.365326702461758,19.168660031261574,-47.10024451822018,7.474582166375677,0.07375774,0.05332464,0.07193563,16.679499,18.390163,15.42267,2.967493,1131.8896,64.66165,505.35995,1.4895394,0.9842361,0,0.9999
66657415696297344,57.86348961016656,24.518448754707425,19.74663141605784,-45.451294562195194,7.251437641917489,0.032505643,0.020635752,0.027222686,8.769578,8.962629,8.428415,0.534214,3941.7446,3267.176,3760.3242,1.1834224,0.93897635,0,0.9999
66747816167123712,57.426245257389006,24.462799736001262,18.676157331737542,-46.77229142531257,7.547732480662261,0.020423349,0.012882485,0.018327165,11.899782,12.410251,11.228242,1.1820087,1365.2102,368.5181,550.2848,1.2345096,1.1796322,2,0.9999
66749121837171840,57.38774921504782,24.533832683321616,20.208257770798163,-46.08040738976238,7.418666857726491,0.044577777,0.025125641,0.035878733,15.359683,16.778868,14.188808,2.5900593,1184.2727,176.521,414.00516,1.433789,1.0772529,0,1.0
66791483097102464,56.90992716923971,24.599773115942277,19.552870790207542,-43.379289492686475,7.089912221780614,0.11873307,0.08866117,0.09857245,17.592712,19.536972,16.274693,3.2622795,804.8171,27.268225,227.8937,1.5381556,0.9624747,0,0.9999
66820590092840960,56.908632149092455,24.81955061391246,18.77571686440077,-44.18426716411387,7.321610715925585,0.040424813,0.029524622,0.03866026,15.393848,16.805998,14.228175,2.5778227,1160.7087,139.39256,508.74188,1.4291509,1.0841954,0,0.9999
66897933865345920,58.18906123797251,25.279659903374622,19.494968153501564,-45.0654688095901,7.224048040147685,0.01934242,0.014464087,0.017462691,13.247913,14.024435,12.384273,1.6401625,939.80945,247.63765,361.83212,1.2872407,0.99487203,0,0.9999
67429856973800960,59.19420155659745,26.34995789873852,19.977713759884576,-49.13510481474466,7.99832033666889,0.15977296,0.091614634,0.114481844,17.379906,19.445452,16.02439,3.4210625,958.40686,23.122797,257.66867,1.5751663,1.118756,0,0.7845
66809491897360896,56.728918631435576,24.796134519995736,19.300650310901055,-46.34158408595681,7.406586641921977,0.020284966,0.014834507,0.01864788,10.408444,10.741416,9.907416,0.83399963,977.8656,285.70895,428.63245,1.2014443,1.0771662,0,1.0
66876596467931776,57.493140583588925,25.105670495329786,19.409193610428204,-47.91663424484297,7.533728444357108,0.16725971,0.088340044,0.124690175,17.568546,19.525105,16.238928,3.2861767,811.231,21.229334,326.06287,1.5520135,0.9537864,0,0.9999
67368834079044224,57.828036864609324,26.054150719366156,18.95464920923878,-46.073171609353494,7.274217633056106,0.102320105,0.057421178,0.07254123,16.899532,18.701546,15.610303,3.0912428,1402.665,40.27911,383.07053,1.518008,0.99135786,0,0.9999
67373094686549632,58.05557458367478,26.143438461375514,18.750344103076316,-46.15502930421356,7.360596113610154,0.059870217,0.040315267,0.05323919,15.564647,17.046179,14.37185,2.6743288,1110.4177,136.24736,487.09332,1.4480796,1.041076,0,0.9999
67732257029618048,54.59755350922265,23.107846178922333,21.57072434828168,-45.486146541863064,7.41348516289367,0.031425435,0.019997183,0.025197025,14.31126,15.404963,13.273613,2.1313496,601.1599,135.22858,253.05447,1.3594812,1.1676027,0,0.9999
68046133239891584,53.789279180431066,24.238698906437666,21.915036001221143,-46.31853232725302,7.539687879108131,0.03298733,0.02755744,0.02450523,14.357129,15.463994,13.309529,2.1544647,1395.8516,301.45215,536.6228,1.3663703,1.0059556,0,0.9999
68147391388599808,54.95000439198446,23.848945081679698,21.781214122121135,-47.44800048113087,7.735459904904693,0.053276096,0.037252747,0.051293038,15.734668,17.45591,14.482784,2.9731255,876.08875,60.017246,380.39078,1.4819982,1.0551088,0,0.9999
68150861722174848,54.865972772521204,23.89479513531878,21.164750174314186,-45.34759525391402,7.3887946659635775,0.026237397,0.017974311,0.025709353,11.304962,11.757917,10.692468,1.0654497,1117.3585,368.82574,508.84317,1.2178086,1.0996524,0,1.0
68183125516472320,55.11009789752388,24.089764462479078,18.54911495497002,-42.00945556771128,6.7126248163488205,0.0556573,0.03542456,0.040986046,15.516793,16.969069,14.3333845,2.635684,785.9607,127.74334,348.1316,1.4422687,1.0801526,0,0.9978
68540535515653504,54.77812109736227,24.702658564560203,21.68859240930002,-47.25978374602024,7.702833922832106,0.038354125,0.027645016,0.033775095,7.10341,7.105184,7.06649,0.038693905,2299.6494,959.9258,1560.4856,1.1595274,1.0057169,0,0.9999
68593346433465856,54.96326524435254,25.194661602170083,19.752518722713635,-43.07260171331955,6.995498709634505,0.021323627,0.014912604,0.020023247,8.754338,8.924881,8.43793,0.48695087,1380.1494,399.68604,616.5335,1.1831474,0.91633356,0,0.9998
68600321460320768,55.0460741774819,25.39058935918636,20.391724290968668,-45.91124823550244,7.544997506047376,0.114009514,0.066230565,0.08250757,16.925434,18.727976,15.65381,3.0741663,942.2539,40.596024,240.38498,1.495746,1.0123941,0,0.9999
68607090328759040,55.0961363078789,25.496403168239663,21.03968683746736,-45.87470596943604,7.622060732948219,0.13225524,0.086805195,0.09809559,15.619633,17.314476,14.347107,2.967369,633.3536,83.7392,342.18427,1.5112481,2.497268,0,0.9999
68672717428941184,54.805550621894035,25.73029674907682,21.68147661301884,-47.08774283910827,7.3112603328852295,0.16509211,0.11497911,0.1336563,15.680477,17.385504,14.393118,2.9923859,522.8788,121.62547,378.94522,1.5285214,3.3195555,0,0.9998
68956803745067520,52.79970469586578,25.164856393705218,21.45619620284237,-44.98673398949334,7.642623427099762,0.072919026,0.053039692,0.06480642,13.745739,14.678923,12.769683,1.9092398,1165.8488,217.243,360.72833,1.3413111,3.4786134,0,0.9991
69420213536768896,54.40615017570331,25.697044306526895,18.02947534865432,-41.004963604431026,6.645173923390634,0.13972054,0.09799916,0.108819984,17.16172,18.9444,15.883916,3.060485,838.76953,24.79368,196.41951,1.5060413,1.1263521,0,0.9214
69814388455816960,56.20917356922093,24.91091026357742,20.085431297811194,-48.023407865786695,7.4733806175867645,0.017434824,0.011237728,0.015080329,12.985639,13.718534,12.1558695,1.562665,931.2737,283.93655,545.9942,1.2731403,0.82991743,0,0.9999
69857235049588736,56.811777082442,25.371626043110563,19.5615504543579,-45.937804813456154,7.473088690859399,0.024828209,0.016755968,0.018639917,11.425433,11.8841305,10.797315,1.0868158,900.0911,311.63367,338.9375,1.226013,0.96752083,0,1.0
69911867033651200,56.25512663573019,25.351427914366585,19.72096734544033,-46.16514955455619,7.338951516005683,0.09867371,0.07821704,0.0935944,17.140594,18.987534,15.869808,3.1177254,1068.2534,48.535267,280.11703,1.4891735,1.0328075,0,1.0
69992371901046400,57.49428606850405,25.896034214215305,21.59427404509217,-46.67945562362612,7.5491718165493475,0.10668991,0.07022329,0.08640914,17.203047,19.075125,15.901605,3.17352,1223.9429,26.823343,276.08008,1.5250008,1.01036,0,0.9996
70024154658949120,56.645215600086246,25.84365846299981,16.961073467576995,-45.52740980140536,7.379061618516552,0.19177116,0.1405392,0.1644261,8.645617,8.819336,8.328406,0.4909296,3812.4998,1552.251,2038.011,1.1817526,6.6524506,0,0.9792
70036695963457792,56.51536449392529,25.874518055381774,20.88224133519206,-49.32035064287108,7.954880662205942,0.078272626,0.055523045,0.062660865,16.64712,18.404922,15.376298,3.0286245,916.26953,45.657368,424.75882,1.5005398,1.0404488,0,0.9948
64804360644343424,56.66843414271722,22.84418456402768,20.17711425081245,-46.9291652190401,7.498059675999509,0.12077569,0.09301123,0.10608541,17.284359,19.13141,15.977291,3.1541195,782.6758,26.086142,115.79426,1.5352665,0.9240154,0,0.9999
64934893291213952,57.11688600086402,23.300556775545953,20.398676841565134,-45.457547140444355,7.461381901990386,0.016288392,0.010648313,0.01333222,12.242328,12.824065,11.504954,1.3191109,518.0336,163.91339,240.04623,1.2545577,1.0005586,0,1.0
64936508198907904,57.18936995061114,23.33871256339361,18.982770188489233,-45.7642685493916,7.447798847561577,0.016061822,0.011030738,0.013643309,12.882789,13.580464,12.075048,1.5054159,1323.8701,386.69064,561.27155,1.2671599,0.91519207,0,1.0
64946025846426752,57.2033347873996,23.41318138675708,19.200505579399927,-47.02477563440708,7.362773276027829,0.10576362,0.0806117,0.093172885,17.347544,19.251497,16.031588,3.2199097,826.5123,28.835636,221.70485,1.5400399,1.0406598,0,0.9999
64981137202021376,56.51728508779695,23.40531966531974,19.01388855774152,-45.462388901362175,7.349143996550216,0.017904876,0.012832305,0.014684566,12.397641,13.016661,11.634639,1.3820219,356.74213,103.85218,135.63846,1.2600608,1.0410229,0,1.0
65023232178029440,55.62266700134463,22.790383366074938,20.443968442355224,-43.615631895788304,7.2107244103887105,0.02651824,0.017278627,0.020424386,14.220257,15.296538,13.1896,2.1069384,1238.1254,242.73491,539.1875,1.356739,1.0311948,0,0.9999
65167577439502592,56.15126273681793,23.502902827384098,19.261618283223093,-44.18167451157026,7.196435385252507,0.054714415,0.033114728,0.036829636,15.381319,16.831255,14.212311,2.6189442,646.98895,109.05421,250.164,1.4261836,1.0963196,0,1.0
65222209423382912,56.35902804607377,24.034944470308897,23.807219063224075,-48.997856770957426,7.460537484916678,0.053920865,0.041182294,0.050679006,8.016329,8.119099,7.80699,0.31210852,2170.5251,1071.8082,1923.531,1.1701661,1.6836591,0,0.9417
65242069352190976,55.99511103368515,23.882527325074037,19.881529907073876,-44.69357603049772,7.332855207330711,0.061959986,0.045594484,0.05680062,9.539745,9.822223,9.087022,0.7352009,5154.362,3147.9775,4120.9663,1.197792,3.060309,0,1.0
65275020341243520,56.19942719256715,24.214450818193416,19.303777387711943,-44.73235024108452,7.226131411222815,0.07607105,0.060042463,0.07371257,16.460293,18.216768,15.19673,3.0200386,780.2243,36.855732,232.25917,1.4916743,1.0059536,0,1.0
65289279632598016,55.96571153528893,24.237623054397357,18.739842453436488,-45.7796111765911,7.258986318244718,0.067766555,0.050062336,0.061165422,16.479933,18.315138,15.197699,3.1174393,399.82025,42.939533,156.75517,1.5049939,1.0665101,0,0.9999
65296357738731008,56.39368645440966,24.463106878376045,18.45262299245357,-46.101289273382704,7.351642646560689,0.039106637,0.023752518,0.03236741,8.54996,8.726979,8.228857,0.49812222,3060.7783,1855.6477,4253.7295,1.1819022,1.2320466,0,0.9999
65688539793220480,57.96486380442858,23.58017097963821,20.0452507330728,-47.20577088380842,7.326865311897123,0.14771363,0.07710268,0.11028499,17.595358,19.512072,16.273886,3.238186,1082.964,29.494043,205.61794,1.5457786,1.0502069,0,0.9999
65699569269925888,58.51141173896991,23.583472053671844,18.720162968475606,-46.105024423670734,7.410325385253006,0.1252786,0.085103884,0.10991494,17.145609,19.03689,15.835271,3.2016191,976.79694,44.025135,268.20892,1.5342168,1.0951525,0,0.9999
65776736943479808,59.58717248564752,24.080920608382456,18.168526206326685,-43.157880135115136,7.019555905798031,0.045079727,0.03149412,0.041585986,7.197622,7.197748,7.1638513,0.033896923,2857.868,1961.3059,2040.3374,1.1593659,1.0346426,0,0.9994
65779971056668032,59.38781403425705,23.94626374387572,19.65113593879149,-48.10405501535265,7.7564569906051215,0.09086788,0.048848797,0.065798804,16.605007,18.351845,15.339501,3.0123434,1201.0253,68.893524,476.681,1.4953724,1.0044092,0,0.9996
65823676643738368,58.7874571658436,24.083901130667407,18.337982236034204,-45.31658974362531,7.323080413458586,0.053602055,0.0318036,0.04266217,15.64664,17.161125,14.443658,2.7174673,1064.9775,132.95201,373.45386,1.4544413,1.1166182,0,0.9999
65844361206181376,59.10811041445935,24.280794607195674,18.2714406518312,-45.33992631001985,7.185120293680008,0.029103335,0.015919866,0.023313658,14.184004,15.221865,13.170077,2.0517874,1063.6241,247.00406,391.61432,1.3498032,1.0593263,0,0.9999
66483761579269888,57.9794373962889,23.96153929783951,18.940460795684174,-46.25269448409783,7.5226590840494225,0.07275873,0.049362104,0.06515594,16.594847,18.303976,15.329693,2.9742832,1438.1711,50.244194,485.67148,1.5000639,0.98965865,0,0.9999
66565365957676416,57.58720760547455,24.466545088074653,20.345935596036103,-45.482774434852004,7.247913855179051,0.02792225,0.022153514,0.023266941,10.915199,11.290863,10.371225,0.9196377,1260.6438,402.05972,593.4735,1.2078097,1.2305748,0,0.9999
66734720809017856,56.82535623080349,24.390565235797716,21.257408311590865,-45.55495905207201,6.978968391758942,0.041537613,0.027131557,0.03048022,12.229151,12.911525,11.428227,1.4832973,1030.561,269.2637,447.9987,1.2670292,1.6517943,0,0.999
66735446661374976,56.782901747246996,24.39366460107138,19.49858518138614,-44.450118046415774,7.034787986819494,0.15904829,0.10008563,0.10991367,17.16143,18.948214,15.899798,3.0484152,714.3309,21.932774,227.05339,1.4853206,1.0650328,0,0.9999
66765751950550144,57.168551370949324,24.609291605540086,21.09433557700707,-46.54092951892664,7.481852062532634,0.063373856,0.04614008,0.05812273,16.251667,17.963158,15.001132,2.9620256,1043.5167,94.595116,446.15436,1.4816847,1.0530705,0,0.9999
66781832308018176,56.618484292947535,24.433739343907018,20.11114396745309,-43.52995455982669,7.373997130574647,0.023521593,0.013414132,0.016248994,10.873117,11.263568,10.302857,0.9607105,709.3774,211.12917,266.55142,1.2178929,0.9885728,0,0.9999
66787119410915072,56.662143404284386,24.5201075850397,20.23976526440455,-46.04620425308153,7.412614947686768,0.02095666,0.012448456,0.013819418,12.868829,13.571247,12.058481,1.5127659,1718.0139,475.7841,742.6861,1.2676268,0.9290448,0,1.0
66831069813319936,57.175686739164334,25.007696354218737,19.764167455834702,-46.08059701474693,7.342300530836172,0.053702384,0.033656947,0.04011301,15.47262,16.954754,14.285221,2.6695328,895.9934,92.85223,393.8219,1.441714,1.1613567,0,1.0
66899239535574400,58.1308067637997,25.251934445389914,19.837582004550185,-45.54461759190832,7.340439849598904,0.05248322,0.044908043,0.04951113,15.598198,17.058237,14.41126,2.6469774,1195.0262,163.56976,521.03674,1.4449881,1.0918032,0,0.9999
66997817623367296,59.09798263641725,24.832217396903733,17.884856597474325,-43.8422992957959,7.164820193342342,0.018582521,0.011656736,0.017011344,13.447046,14.2666445,12.555357,1.7112875,626.0337,157.3342,252.32582,1.297848,0.9929499,0,0.9998
67054305033161344,59.42911015700298,25.385076110136865,19.256233250762254,-45.62799565668913,7.458432291780379,0.09431046,0.05170038,0.086012274,16.526533,18.253506,15.259408,2.9940977,721.2072,50.812912,212.71523,1.5000678,1.1269453,0,0.9997
63849572235829248,57.849549024507716,22.11318468183651,18.72094455267673,-44.616996176998065,7.293487191777333,0.019641692,0.011238499,0.0153987305,12.724305,13.393359,11.939822,1.453537,777.88116,207.2003,338.58295,1.2585765,0.9994613,0,0.9999
64037588724758400,57.633191798463365,22.146378224514084,18.11400285847659,-41.36257881932376,6.946839356563111,0.05857537,0.039803162,0.05081708,15.981156,17.554771,14.757266,2.7975054,1630.6978,106.50064,527.4193,1.4696991,1.1126527,0,0.9987
64346276612274816,55.684889188557875,21.853444783997144,20.812982593646595,-46.60686632968775,7.60031218737857,0.09030313,0.0671247,0.07404796,16.967855,18.813835,15.678698,3.1351376,744.75995,27.958248,267.53415,1.5124444,1.0590118,0,0.9999
64734709159049600,54.93055020913032,23.20691287032353,20.62145080063228,-42.99560218792961,7.2387017323196385,0.13341257,0.090724036,0.10588192,17.339174,19.159653,16.061714,3.0979385,794.07825,31.332952,228.92459,1.5008034,1.075769,0,0.9999
64770241424108032,56.174349922317965,22.464346002407783,22.07658515026903,-45.371615655295926,7.552546175586704,0.022160053,0.015413303,0.018995658,10.5909195,10.962697,10.047034,0.91566277,1326.5305,376.83636,536.56616,1.2095926,1.1492659,0,0.9998
65008010814357248,56.68002306054683,23.62260295725321,19.032958763484334,-44.73395614195889,7.331377767684079,0.11078766,0.08754032,0.10076093,17.381496,19.213495,16.073286,3.1402092,878.24457,22.956831,244.64882,1.5385914,1.0776341,0,1.0
65058760147520000,56.03890906143864,23.146191500145903,19.61969983571182,-44.38208098727167,7.24755258395974,0.078162916,0.07040221,0.08582432,16.57428,18.37387,15.299133,3.0747375,727.2091,54.90094,319.26624,1.5005313,0.99937665,0,1.0
65117206062341760,55.00086921866747,23.434775648377258,21.34684195487827,-45.29914457194122,7.423513438807651,0.04397963,0.034357592,0.034277946,14.743395,16.149273,13.574709,2.574564,879.6795,180.56424,518.8438,1.4337175,1.4016548,0,1.0
65147438335354624,55.395066430632234,23.637539929718397,20.699690576685796,-45.86647144833789,7.346245651129198,0.11160283,0.07535826,0.10150507,17.286898,19.106556,16.012018,3.0945377,931.8694,27.032068,217.39244,1.4976648,0.9835673,0,1.0
65194584193758336,56.26375187558317,23.839209317701982,20.34332411764256,-45.77202907717511,7.434634406907008,0.01953231,0.014463554,0.016497875,11.684071,12.160024,11.048585,1.1114388,1948.5629,566.272,798.5241,1.2236292,1.0351657,0,1.0
65211145587780992,56.64972601817595,23.966825124571223,19.293091542047552,-44.06839315224453,7.232270978962829,0.021973943,0.016105747,0.021978041,13.736212,14.64295,12.7896185,1.8533316,518.83093,126.25694,229.87708,1.3211924,1.0316483,0,1.0
65212107660378880,56.767658409458,23.995012914402537,21.32317472970832,-45.436982058241185,7.401981307676885,0.03173103,0.023802638,0.027329711,8.332108,8.471214,8.059982,0.411232,2726.5007,920.301,1256.1736,1.1788405,0.8982019,0,1.0
65212760495396736,56.855682971871175,24.04895316921223,18.361796049409968,-45.828109859833404,7.381110433788618,0.04725917,0.030816667,0.04158474,15.390224,16.735388,14.23825,2.497138,1059.5607,70.09183,535.4161,1.4262795,1.0565096,0,0.9999
65214409762926720,56.454022199513645,23.852686378846506,21.187427183234853,-45.39186369950472,7.4607736871596835,0.018791787,0.013739385,0.016927756,13.566717,14.430969,12.650938,1.7800312,1643.2714,416.1313,616.17993,1.3055813,0.9892889,0,1.0
65214856439472640,56.46044167389074,23.873754046000364,19.875287535982068,-44.652175526037105,7.212553394372475,0.015670028,0.011228337,0.014310282,13.134053,13.93304,12.255639,1.6774006,992.789,275.64322,379.00772,1.2927525,1.0177566,0,1.0
65671634801986048,57.83124732910963,23.16358608120615,18.816939814241895,-43.442427037819215,7.282151258469367,0.060433485,0.03721254,0.05306098,16.071117,17.700754,14.832083,2.8686714,1013.68243,112.187,395.80338,1.479391,1.0601745,0,0.9999
65963348980559616,60.03762711608223,24.056931001364156,19.04280374895915,-48.45732311959461,7.771396574481468,0.085099496,0.061908472,0.08912477,17.04558,18.836628,15.762746,3.073882,1196.0282,43.81503,297.71442,1.5113025,1.008169,0,0.9983
66473178779856768,58.138996019792735,23.851738078375988,19.552198149833778,-44.83384243068203,7.437968020642974,0.06676899,0.044101574,0.060377244,16.476507,18.147923,15.221072,2.9268503,1340.7538,67.69069,543.6639,1.4933431,1.0843358,0,0.9999
66665902550940672,57.995147229750785,24.66772413079618,18.00523712707878,-44.88706041466088,7.266969975379016,0.048752718,0.029361319,0.03739442,15.61589,17.081081,14.4300785,2.651003,1491.6606,163.80899,538.0389,1.4427903,1.0646888,0,0.9999
66697547870378368,58.04731536299622,24.930009343431188,21.713811771635392,-47.755160217941906,7.724302179446776,0.09471062,0.05136304,0.07091341,16.585989,16.453089,16.856543,-0.40345383,1215.1722,265.2344,122.54405,1.1477402,0.9997602,0,0.9993
66765855029760768,57.18905902932668,24.62379553563966,18.353170480447446,-47.146310391060766,7.2470152566928165,0.12518986,0.105665684,0.12882957,17.289736,19.216705,15.98992,3.2267857,985.5496,28.342981,231.83992,1.5165355,1.0324576,0,0.9999
66793583338514816,56.70512196594524,24.599825599962905,19.352159230912562,-44.34839052032413,7.386768646636278,0.027618961,0.018127594,0.02061157,14.310514,15.417697,13.269692,2.1480045,659.1472,138.22578,254.78705,1.3594183,1.1212512,0,1.0
64073597730589952,58.14369484776731,22.50195524647832,19.210785928895874,-42.47704975506003,6.975558093691786,0.037338704,0.023403037,0.02960444,14.958157,16.236689,13.840935,2.3957539,1273.3422,298.76782,595.92505,1.4012642,1.059469,0,0.9984
64148738180119680,57.691890731724996,22.93047700918125,19.432050778551144,-44.96311213605481,7.329901757417433,0.015992705,0.010610592,0.012998136,12.54847,13.226937,11.7497225,1.4772148,620.6814,163.93443,241.84097,1.2666615,1.0103427,0,1.0
64276315888567424,54.62432671280883,21.56488406650005,19.52966342242958,-45.21088722635951,7.363461148744048,0.01801136,0.013119669,0.015609099,12.370164,12.980099,11.628508,1.3515911,801.998,202.14581,309.171,1.2469589,1.1444457,0,0.9992
64331123967672448,55.63799159070933,21.704494346750018,20.53869806925626,-45.722884651284645,7.450155858497535,0.07031797,0.048475586,0.053203147,16.246473,17.996973,14.976652,3.020321,810.84467,50.02298,331.50922,1.5002608,1.0158869,0,0.9999
64449729487990912,55.600196939480526,22.420941414601447,19.75260126482393,-44.404909682301366,7.325781236905765,0.027559247,0.020470569,0.026610896,10.207125,10.54199,9.700717,0.8412733,673.0542,235.0553,268.6484,1.2038314,1.4292382,0,0.9999
64768763955442944,56.360732948219095,22.525409252257422,19.916122118909534,-44.2544686931443,7.33043869209861,0.06212655,0.051234093,0.053152155,16.099396,17.661139,14.873864,2.7872744,496.50568,63.42724,196.20306,1.473536,1.0771861,0,0.9999
64909153549943296,57.099724735801715,23.135471631187595,18.02642279431928,-46.27659449132801,7.440941514656794,0.110820934,0.07284799,0.08653669,17.242805,19.077133,15.9666605,3.1104727,797.5094,27.811172,232.65599,1.4974315,0.9964595,0,0.9998
64938569783224960,56.98038426983239,23.318137232219545,18.104691602141237,-41.39668273635665,6.691315293436614,0.061020244,0.052604873,0.04874483,15.848128,17.349962,14.6591,2.6908627,1145.6292,96.538025,221.87238,1.4402722,1.0597136,0,0.9938
65011481147922560,56.77549159808858,23.755443467081154,18.265519303836555,-43.555156923039064,7.141353557340774,0.113577396,0.082664944,0.10526337,17.294428,19.121851,15.994456,3.1273947,773.8135,22.319155,179.77843,1.52854,1.0635456,0,0.9999
65040686925109760,55.49448945797651,22.950342697552426,21.190758956691525,-45.75072890563626,7.485443374199612,0.05842444,0.044474743,0.04615499,15.615843,17.099405,14.424569,2.6748362,1121.4985,171.03992,402.75266,1.4459627,1.141276,0,1.0
65047043476608128,55.35990236479837,23.13393922944862,20.522150608680292,-43.97400437766897,7.176704369385575,0.09263641,0.058491357,0.071571276,16.736732,18.59807,15.452512,3.1455584,686.7374,39.850616,302.63354,1.5043213,0.9838054,0,0.9999
65063707949772544,55.852346485569406,23.225742763279882,20.847828714748495,-41.444422185488314,7.180158190946608,0.029397562,0.021356398,0.028207911,10.357922,10.749845,9.791486,0.95835876,1645.346,470.83746,687.6111,1.2147046,1.6050472,0,0.9996
65088275162687104,55.75590442819679,23.49166437151513,20.33014330525751,-46.80745783805581,7.500634830364743,0.09720215,0.07303676,0.091507256,16.996695,18.775732,15.729276,3.0464563,762.9309,43.046368,232.03445,1.4935111,0.9035413,0,0.9999
65119164567417856,55.21027734303729,23.418239557613678,21.697122292421838,-45.497866176963164,7.563300505452855,0.019891141,0.012943894,0.017408878,10.658403,11.022289,10.129077,0.8932123,1474.2096,457.8367,554.892,1.204096,1.0724381,0,0.9999
65196370900147968,56.22443336960459,23.921085821362638,21.062076818946018,-45.346349053981676,7.226440781576337,0.016704356,0.011661332,0.014336304,10.590246,11.024535,9.982679,1.0418558,2293.8718,653.45636,938.6276,1.2227428,1.1517957,0,0.9999
65201249983083392,56.52329273640923,23.757058284763335,20.57697227505834,-44.183315125821814,7.3094182053318,0.025556497,0.019087184,0.025500584,14.375109,15.703154,13.2562895,2.4468641,1576.0784,265.9093,685.963,1.3930405,1.0223185,0,1.0
65295430026352512,56.23507805711012,24.432404748893706,19.698151724297123,-46.135081435179735,7.3971054023640885,0.02821788,0.022394326,0.023178987,10.2749605,10.6065855,9.774689,0.8318968,1519.9238,436.02805,659.86884,1.2016412,1.1424334,0,1.0
65507807569730304,60.167780313721146,23.44816967272641,18.444319770885315,-48.22819981374479,7.773348548881009,0.13234563,0.06665102,0.093191974,16.982033,19.00937,15.656887,3.3524837,1098.8494,36.731747,404.18002,1.5385765,1.0454,0,0.9934
65635522717170944,58.87881546681414,23.39733058626634,18.06127546907313,-44.04141589893502,7.351477392023253,0.05710115,0.036007244,0.052089404,15.975678,17.525719,14.756134,2.7695847,1017.48553,143.02965,538.9118,1.4682453,1.0316733,0,0.9998
65712488530853120,58.09386516372074,23.644663086556115,20.351204373725434,-48.34159308538509,7.842320091834718,0.022247579,0.011299197,0.016344896,13.523306,14.414308,12.58623,1.8280773,869.797,194.26036,473.2694,1.3170007,1.0522459,0,0.9995
66462939577861248,57.667058127725106,23.932844783221913,18.70635797044318,-44.35811453871019,7.251408520456074,0.026679248,0.016209349,0.021524437,10.161764,10.46863,9.688195,0.7804346,1661.0385,498.46094,734.13416,1.1977552,1.2033594,0,1.0
66509634462127360,57.60485631103719,23.92810758936979,17.828451126462845,-41.79215628014446,6.838599741356637,0.10199941,0.049891695,0.07411512,16.713524,18.446587,15.454812,2.9917746,1330.4622,65.05382,297.60025,1.4888008,1.086405,0,0.9973
66699712533433600,58.147239938495616,25.01778865596094,20.880895620974904,-47.66036853140865,7.922947743785393,0.12578256,0.08415728,0.112967424,17.059772,19.115883,15.6758585,3.4400244,786.1409,43.019676,438.32828,1.6149838,1.3147202,0,0.9969
66729880383767168,56.87281395748792,24.288130246334337,18.551020432929977,-46.92179879334844,7.230057778664303,0.057043727,0.0325241,0.048574015,6.815936,6.841812,6.7403946,0.10141754,1600.3976,518.2531,394.94342,1.1594021,1.1449239,2,0.9999
66737095928811648,56.918616532110974,24.364356080566463,19.316594733162717,-45.4554205499203,7.396118503759566,0.025703246,0.016754748,0.021419695,10.402332,10.743448,9.896464,0.8469839,891.6154,247.7848,363.24902,1.2004393,1.023037,0,1.0
66737576965143296,56.90697333793039,24.40625196187756,20.067565805501125,-47.76913267954702,7.342869628062257,0.15285268,0.08762533,0.109597206,16.923494,18.857653,15.617101,3.240552,784.5791,28.563223,268.06964,1.5241933,0.91802347,0,0.9999
66745754582838272,57.36500889975356,24.403636922425783,19.23342251807069,-44.35961797471904,7.403613021258438,0.06940505,0.046497032,0.06536394,16.6729,18.446114,15.39664,3.0494738,1241.4703,59.956562,393.7768,1.5053295,1.0273799,0,1.0
66791659193405952,56.941383283337046,24.633524455345714,18.290355820768706,-45.16310974427681,7.560485614137077,0.09542781,0.079129286,0.08593996,16.691021,18.59326,15.390779,3.2024813,1243.0109,48.1054,378.52084,1.5199155,1.1355588,0,0.9998
66886011036187392,58.00692191346169,25.024623815074253,18.579319697998052,-46.9529738677311,7.57156755425043,0.09400867,0.06575896,0.07357302,16.50337,18.203884,15.257768,2.9461164,1146.0527,80.77899,408.60306,1.4771699,1.1009638,0,0.9998
66980362877378432,57.470573906210106,25.647246431442863,18.623312387093794,-45.93795176933582,7.246003957202509,0.018656163,0.012443527,0.017314317,9.434445,9.706347,8.994207,0.7121401,7491.873,3134.395,5287.54,1.1959622,1.014025,0,0.9999
68014964661425280,53.81787672859215,23.79924439729251,21.212686658137393,-46.594055883247364,7.41927553409548,0.11587313,0.083654985,0.09845349,17.378237,19.445175,16.070404,3.374771,686.04785,25.634415,190.63657,1.5119926,1.0343736,0,0.9998
68364682374473856,55.46807003724569,24.69915943227329,21.97554857431642,-49.142691465364116,8.072320722652362,0.102736875,0.07518915,0.091608085,17.172848,19.089901,15.869752,3.220149,703.7453,36.91719,215.85867,1.5218815,0.98814744,0,0.9941
68433814167849728,54.50858925830159,24.33739433338546,20.70236533378469,-43.68569078322568,7.208137384695206,0.07781155,0.04913419,0.06095661,16.179638,17.808455,14.9333105,2.875144,557.6176,34.29315,169.24612,1.4883941,1.0556787,0,0.9999
68475767408245632,53.77120790206573,24.51201326258057,19.284758748373246,-41.032770760336504,6.695409619460282,0.027901994,0.02185341,0.027370289,14.442084,15.50671,13.415037,2.091673,1085.282,178.69717,517.2434,1.3560344,1.048287,0,0.9821
68620868583787904,54.72052587343976,25.23624701095785,22.106611774836345,-47.33410300337364,7.776719175190282,0.019897578,0.014522259,0.017643487,13.497553,14.36562,12.579953,1.7856665,878.7973,243.19653,360.80566,1.3060762,1.0897433,0,0.9998
69400834644329984,54.31970634887374,25.736314939496406,19.53622970070336,-41.50605679011709,6.638812684589175,0.09834643,0.06795907,0.08078394,16.81632,18.587639,15.554015,3.0336237,911.97845,63.26501,356.22534,1.4881622,0.921124,0,0.961
69583456653826048,52.81107055987313,25.98089799555247,21.751817844489928,-44.740244073577465,7.344328851874564,0.026386581,0.020980556,0.02296829,14.452721,15.591552,13.393092,2.1984596,1210.9523,311.80884,585.0037,1.3710855,1.1386995,0,0.9996
69763329884321664,53.04295162788612,26.7034415365963,20.744222901268934,-43.675670055034615,7.0992214534101326,0.06946761,0.055506736,0.05767849,16.347681,18.10068,15.086542,3.0141373,612.22174,39.039597,168.18063,1.4891294,1.0100659,0,0.9991
69824249700740736,56.10294132042099,24.864656913864092,20.013629175211577,-47.632589144591954,7.340436243227127,0.08161486,0.049457304,0.067634024,15.921976,17.668861,14.646667,3.0221949,697.0317,77.65704,489.80228,1.5076115,1.2340636,0,0.9999
69829541100441600,55.98635194866267,24.993324257800918,21.268953201729552,-45.12454657473461,7.489878731778486,0.049868528,0.031848103,0.03582036,15.050903,16.38284,13.917029,2.4658098,1140.3824,180.03572,516.10767,1.4087468,1.0688877,0,0.9999
69829609819915648,56.017793485618704,24.989616924403276,18.685803311061864,-47.787524177567846,6.840847671650263,0.2294272,0.13348223,0.1570384,10.561445,10.907932,10.044397,0.8635349,1047.3396,339.29318,468.9144,1.204768,9.54743,2,0.9987
69894962042148096,55.67556599462249,25.19670128433248,20.80471927227085,-47.20535047371144,7.529091809216199,0.16649804,0.11256663,0.13391635,17.730902,19.824356,16.39231,3.432047,513.5375,21.37014,125.4275,1.5497301,0.927768,0,1.0
69927260196225024,56.42378578214499,25.68657650159247,20.617679665742532,-46.31290290279895,6.662527138164527,0.18225797,0.111677,0.13059062,14.310601,15.519986,13.218314,2.301672,923.86505,144.56508,440.50763,1.3892109,5.7350564,0,0.8691
69934334006064768,56.04490060536961,25.62714909234563,19.59944125744274,-46.148501667040016,7.319788244552368,0.067440666,0.04506372,0.061828904,16.46216,18.23241,15.191135,3.041275,1214.6208,128.97073,524.5099,1.4991565,1.0376313,0,0.9999
69962719446879232,57.1904090545785,25.70026259761734,18.322003904114005,-45.477806642304294,7.418253803653885,0.042440232,0.03136916,0.041547816,15.570668,17.08781,14.370494,2.7173166,1727.6201,149.1988,643.6067,1.4507104,1.0659646,0,0.9999
69985637392346496,57.38677013764583,25.796211207355963,19.710225185339752,-46.362178155307696,7.371013649320316,0.07571912,0.050071668,0.06741372,16.544926,18.221704,15.296162,2.9255428,1060.8467,67.48356,354.03754,1.4843847,1.078974,0,0.9999
70160287942261376,55.29287492170479,25.76541903413525,21.563527220546952,-47.149997250522,7.797466246499463,0.05241033,0.038666125,0.048503,16.040766,17.695215,14.802626,2.8925896,723.31494,105.8476,305.38315,1.4746541,1.0487144,0,0.9998
70190249631846272,55.14953166686341,26.15121397017799,18.336844578361283,-40.73457508683807,6.6119204664918065,0.018251417,0.014017838,0.018604862,10.966018,11.33285,10.425301,0.90754986,1354.2112,448.22366,665.636,1.209918,0.8262036,0,0.8892
66930403817997696,57.50781770847946,25.211222315495508,18.13843096158596,-46.09848832840133,7.3111335986996,0.08797633,0.04510397,0.06535202,16.304043,18.003853,15.056395,2.9474583,690.27875,79.39168,264.3027,1.4797693,1.0151677,0,0.9999
68291977168100480,55.513837871122,24.536880391599198,19.159797994693193,-44.290963819389965,7.219944321360041,0.035958074,0.026707515,0.034687944,15.252396,16.605614,14.1020975,2.5035162,956.15356,157.29463,348.7526,1.4228508,1.0722638,0,0.9999
68398732874994944,54.12635880697465,24.011984796048488,19.756069206650054,-43.167536910950076,7.033976866053791,0.018121524,0.012663644,0.0136597175,11.978131,12.501055,11.303301,1.1977539,1228.1395,376.3638,512.3977,1.2317127,1.1092664,0,0.9998
68513356962056704,54.377946007264235,24.84832840205574,22.351721495935905,-46.40825384572891,7.6497537347849605,0.11839295,0.08502617,0.08496897,17.071465,18.965057,15.7828245,3.1822329,806.7458,34.588367,275.9733,1.5061023,1.0900918,0,0.9998
68514559552895488,54.34278163126909,24.90432863222203,20.01189690313016,-43.75090282049841,7.1542297466143525,0.096447445,0.07159735,0.07112214,16.784979,18.50351,15.53354,2.9699697,730.53357,59.115616,355.46756,1.4818238,1.0766789,0,0.9999
68577300435634432,55.33283855367576,25.113497772126603,22.259098816703336,-50.37797715110469,8.206844071640383,0.100344725,0.06395674,0.082381174,16.688622,18.390865,15.433775,2.9570904,865.2538,58.978775,321.32047,1.4882636,0.9672041,0,0.9138
69834759483788928,56.306465913388266,25.08756084913728,20.585544507614465,-46.24529324895428,7.505058121310262,0.017351627,0.012668061,0.01632549,12.777334,13.446063,11.981714,1.4643488,679.45483,180.56137,281.93332,1.267633,1.0887399,0,1.0
69860293066219136,56.412758094613054,25.224208945373555,19.832396859021433,-45.07769249739836,7.282245692610075,0.025905773,0.018425398,0.023906868,14.256176,15.339489,13.218296,2.121193,518.5986,117.62276,215.08191,1.3622612,1.0119166,0,1.0
69892385061858944,56.09758094956015,25.358166340536687,22.410751101935375,-46.413603056585075,7.657522583382873,0.122984946,0.089429736,0.11598177,15.500117,17.13939,14.240768,2.8986225,647.4907,189.9956,515.7667,1.5028497,3.276656,0,0.9997
69951449452730752,56.8579741062699,25.440566366115203,20.062196487855136,-45.204694104718186,7.235428938011102,0.106665514,0.065508984,0.08104551,16.65519,18.663876,15.329207,3.3346682,875.9337,37.189663,407.0805,1.5416169,1.0557957,0,0.9999
70108473456817280,55.40077339536187,25.619132539658523,17.45329149479062,-43.16377509224178,7.260360591268323,0.0213053,0.015652841,0.02059642,9.931939,10.236442,9.456241,0.78020096,2469.1956,1336.8296,1625.9402,1.200224,1.2195249,0,0.9864
70132658415356672,56.01878964027544,25.856103737794054,19.256685715816424,-43.26668931115148,7.308381076735373,0.024754882,0.016977781,0.0190633,12.512795,13.1623535,11.725962,1.4363918,579.14355,154.87129,235.51291,1.2675507,1.1794591,0,0.9998
70152144684310144,55.94626178163878,26.07635238903365,20.134319603109525,-44.8751076038033,7.123962622313409,0.08024901,0.046707314,0.053442292,15.8355,17.398407,14.617805,2.7806025,729.05896,70.02394,266.33575,1.4639931,1.1097306,0,0.9999
70175474946486784,55.04463153936919,25.824830637268388,18.865772908616623,-43.41389944645241,7.083079593121529,0.09735536,0.07873516,0.08727159,17.180622,18.992939,15.896719,3.09622,973.6922,34.889526,229.43169,1.509952,1.0204391,0,0.9997
70313016978627584,55.90868834592439,26.612313861082,18.96927253509914,-43.74373870479166,7.034812837832362,0.018791556,0.013638297,0.020927692,13.390502,14.186887,12.515962,1.6709251,754.76764,227.90782,286.07584,1.290219,1.0334506,0,0.9998
64346070453848320,55.648584251294515,21.84143459747364,21.508466553453538,-49.78192432501014,8.004982704066952,0.029200844,0.021407109,0.02381455,14.71056,15.971141,13.59677,2.3743706,1406.9485,295.34647,650.5747,1.4012703,1.1243898,0,0.9717
64380636350910464,55.879802083014745,22.158174613753417,19.658834319467623,-45.71134755190139,7.407734326818096,0.021704167,0.014998409,0.018777253,10.233227,10.593171,9.701839,0.8913317,2618.8088,1083.01,1436.712,1.2072845,1.0394521,0,0.9999
64401389632616960,55.34784133301275,22.031509901246583,19.504751573171244,-44.142929038949134,7.300314696756316,0.08715113,0.06575536,0.07231247,16.889109,18.864218,15.563824,3.300394,737.5832,33.86059,300.1853,1.5442805,0.98250765,0,0.9999
64441143849872512,55.411994972363985,22.27773027977489,21.008023379143744,-44.60347297604497,7.502620664779662,0.076477334,0.05502749,0.066151336,16.556376,18.28812,15.294315,2.993805,1188.7001,52.25779,334.58008,1.4931244,0.9225882,0,0.9999
64574352259640192,54.42237617359707,22.2884749156679,20.242806493693568,-44.97565344431043,7.417864263812696,0.13209137,0.10366074,0.11629466,17.296213,19.331161,15.978157,3.3530045,760.97516,24.792692,206.05568,1.528507,0.9769417,0,0.9999
64720179284934016,55.09941652410235,23.069039348143807,20.74053987817549,-44.93251892351401,7.405449545963815,0.08151361,0.061928846,0.06818649,16.604225,18.30029,15.349272,2.9510174,1056.687,68.83513,297.97794,1.4892602,0.9961211,0,1.0
64797523056344064,56.28627464077071,22.641631247895923,22.01370898255459,-46.66100380920937,7.474573378126966,0.07976792,0.05621266,0.06701822,16.453379,18.196117,15.190277,3.0058403,750.1058,54.649345,318.00806,1.4929342,1.1931092,0,0.9998
64960663095015680,56.73798824228322,23.25047049143303,20.41595636540456,-46.05522995907874,7.384762820159983,0.030640602,0.021909427,0.027009666,14.486368,15.633691,13.421676,2.2120152,1046.5847,269.03723,381.59375,1.3743289,1.0136526,0,1.0
64980278208557696,56.667776381106805,23.49753520641864,16.022889853821308,-46.94145136941275,7.361204841283511,0.019232221,0.013513229,0.0162757,11.961676,12.596969,11.177523,1.419446,494.57245,134.69003,177.13133,1.2706808,1.227622,0,0.7706
64988322684358144,57.09464904982035,23.461746193162426,20.586114440560067,-45.14237539307773,7.509023760722854,0.08276335,0.064756274,0.075521074,16.84718,18.706785,15.553324,3.1534615,919.9895,40.071133,300.964,1.5167773,0.9564138,0,1.0
65010519075247616,56.84458758907592,23.73506530393574,20.220945081172403,-45.791995280139076,7.481431550014758,0.06310185,0.045618996,0.05813675,16.342907,18.058958,15.08565,2.9733076,618.8282,55.102116,224.65855,1.4893248,0.91359335,0,1.0
65027595864800000,55.519783485203185,22.858358168943482,20.956669492460257,-44.68794288703312,7.451380363496461,0.023744551,0.016789766,0.018865816,9.057103,9.293049,8.661972,0.6310768,4854.712,2059.619,3483.7588,1.1892772,1.1695522,0,1.0
65052953351603456,55.38534473978696,23.161519816655723,21.489136618115143,-45.99569262566769,7.522221748654658,0.029025072,0.022035355,0.025796799,12.413892,13.024586,11.663943,1.3606424,1158.4454,308.59003,424.6249,1.2530599,1.8055725,0,1.0
65096899456994304,55.053173093257094,23.159776615728504,19.53011982032914,-42.00960297662542,6.944196831805783,0.06219029,0.04339856,0.04559214,15.868685,17.412394,14.653085,2.7593088,1201.1208,123.267204,372.19986,1.4645687,0.97264725,0,0.9994
65098514364769408,55.21602761544148,23.230535528423577,20.825910225757177,-45.02650905828326,7.287877913694783,0.06466323,0.04407725,0.049338832,16.232439,17.897514,14.988882,2.9086323,407.40045,53.01851,167.72195,1.4797006,0.9655239,0,1.0
65108714911246720,55.04043570167992,23.17554600042617,19.684433890715137,-44.69982920331617,7.430003206051548,0.08451513,0.059686344,0.06347481,16.459938,18.090578,15.217663,2.8729153,885.6707,51.72495,507.41544,1.4831806,0.9652924,0,0.9999
65208396808627840,56.92276375783222,23.97172758846156,20.52465570040364,-45.03220218366824,7.3675798561772385,0.020008793,0.013694794,0.01742896,13.007188,13.72062,12.173166,1.5474539,590.77246,151.23232,268.4786,1.283366,1.0548341,0,1.0
65284469269256704,56.42449682534324,24.431316803451438,20.51139814322395,-44.71388534229041,7.374518162509229,0.025520446,0.015254843,0.019830715,11.090695,11.508349,10.504712,1.0036373,2115.0366,696.59674,1028.0499,1.21575,0.93806535,0,1.0
65299965511216384,56.16515315807857,24.52875146114693,19.99497293917839,-46.24616712348573,7.422471130114677,0.055803344,0.04196828,0.04137065,15.661935,17.200996,14.453829,2.7471676,1135.9076,93.30129,269.08276,1.4564492,1.133611,0,1.0
65772789871345024,59.50825675474172,23.898337035153258,18.995087333339008,-47.26774623211701,7.487762389712789,0.11329764,0.061055638,0.09014466,17.190685,19.097763,15.879832,3.2179308,1020.48224,31.800768,331.0304,1.5330466,1.0579605,0,0.9999
65781345446197504,59.32027138426084,24.00899009889595,19.19173234565891,-46.886966066874,7.602595875652743,0.021973776,0.011478687,0.016600179,12.35714,12.962699,11.609704,1.3529949,687.10406,200.44577,258.9534,1.2530768,1.0650197,0,0.9999
66469742806047744,57.91338206199028,23.854915222382793,18.862964293747872,-46.428949981441505,7.570281067984224,0.10885134,0.07064051,0.08894464,17.095089,19.079287,15.758581,3.3207054,1192.9042,26.578539,432.70413,1.5581254,1.055996,0,0.9999
66480944080770176,57.82037107284832,23.826399611095386,19.840058870006157,-46.76124451832967,7.332011141563543,0.021188576,0.012711211,0.017303022,12.090216,12.629843,11.399089,1.2307539,2160.5977,753.8556,883.04614,1.2367243,1.1693642,0,0.9999
66507469798631808,57.491988012399965,23.84848726390722,18.377840455207256,-45.870328430863225,7.389021187429237,0.045998238,0.025840128,0.038253613,6.806421,6.811625,6.7562876,0.05533743,3176.9185,1486.1637,1839.0416,1.1625763,0.9739202,2,1.0
66517468482370304,57.07140351416555,23.890150538515897,17.88603537123723,-45.49537923971175,7.288929036654956,0.018114332,0.012060741,0.015746474,10.245731,10.560406,9.762666,0.79774,2236.7058,709.1747,924.02484,1.1995581,0.8990129,0,0.9999
66536331978799616,57.739304037058716,24.10836898081129,19.00204493245024,-44.096572621397236,7.2832093920825285,0.03809677,0.024350328,0.03453801,15.43928,16.828413,14.27855,2.5498629,1142.0476,143.76205,484.54956,1.4277877,1.0341716,0,1.0
66539252556578816,57.52114270787197,24.12375084194353,18.326223989836638,-46.97900933587258,7.422949703786111,0.020270934,0.012245346,0.016218755,13.446994,14.276546,12.548794,1.7277517,969.6711,238.22067,370.1997,1.300493,1.0460765,0,0.9999
66792999222948992,56.868516896867085,24.675696492327,19.22354218151959,-47.19616446940896,7.372727624081626,0.0721297,0.056612805,0.067076884,16.739185,18.45224,15.48984,2.9624004,1011.8967,33.882645,327.78748,1.4800086,1.0551442,0,0.9999
66799763794633856,56.527189243760176,24.56722164752902,19.74939422977356,-46.62428769429713,7.359134122682988,0.020438882,0.012173225,0.014687185,12.414279,13.013465,11.6745825,1.3388824,700.87085,199.31586,293.88068,1.2495706,0.9501909,0,1.0
68183331674900864,55.10681451622317,24.09987966023466,21.32276568267739,-47.15749935643863,7.743583699122783,0.10642422,0.0686537,0.08009221,16.861164,18.651493,15.586341,3.0651522,669.13574,30.873222,215.0291,1.5013115,1.0323466,0,0.9999
68185221460637824,55.193032686945266,24.15698842702024,21.151802316635575,-45.716889789305,7.313755069457189,0.09194762,0.066816084,0.06649628,16.584269,18.295221,15.32468,2.970541,1035.8336,35.545563,176.29834,1.4929086,1.0239469,0,0.9999
68225834671270528,54.89785384273371,24.11823606927856,22.680888422115117,-45.691998003385834,7.219133800544574,0.041153066,0.026600286,0.032881778,14.685989,15.902973,13.590218,2.3127556,2066.423,392.0458,806.1763,1.3912517,1.2576001,0,0.9982
68265279651517056,55.6096175581733,24.23535016563705,19.868715221579592,-46.09518805063374,7.57228714125954,0.05988802,0.045445357,0.055348236,16.258966,17.900425,15.005593,2.8948317,482.52356,46.553116,135.1864,1.495158,0.98980755,0,0.9999
68284104491279872,55.556263419518594,24.31367196396033,18.714216042268447,-45.28656130692565,7.2306568674940594,0.15375024,0.11986016,0.12936121,17.849161,19.979172,16.521389,3.4577827,599.3165,20.313314,121.409836,1.5319166,1.0448145,0,0.9999
68295481861500928,55.98213353783259,24.426204297170187,21.385866915384423,-47.7359223755479,7.600980175545772,0.021792267,0.0134506505,0.019378394,13.767338,14.708723,12.79974,1.9089832,534.4311,124.65363,185.56396,1.330974,1.0858728,0,0.9999
68298093201624960,55.835796179377716,24.442916087967557,21.33759087827145,-45.45382690982051,7.584572766317957,0.11073546,0.07809203,0.10867055,17.32333,19.283113,16.015848,3.2672653,632.38806,27.84229,250.74979,1.5227487,1.0291365,0,0.9999
68378563708730624,55.61946862852414,25.016595598106125,20.52420211977235,-46.80795882578826,7.45337654581492,0.06733053,0.033280198,0.047156304,15.265487,16.642916,14.11296,2.5299559,1963.8175,283.2112,740.5234,1.4207457,1.1158209,0,1.0
68452265347345664,54.36004148465337,24.566847608055824,21.86722337948649,-47.38561218246143,7.6843995450564755,0.07139313,0.05494059,0.057075754,16.482616,18.18414,15.22404,2.9600992,673.13043,69.39588,182.2566,1.4929674,1.0397055,0,0.9999
68632310376680064,54.29385778927851,25.292808897957404,18.98211729325633,-41.5655538903753,6.713575775762137,0.097282596,0.0817975,0.11466265,17.088264,18.9768,15.80586,3.1709414,813.19354,33.041134,288.88364,1.4987963,0.9747793,0,0.9958
69335619861034752,52.816577633142344,25.25525753177216,22.624652175144604,-46.75732473933805,7.616690674351754,0.036882088,0.02484746,0.032686464,8.088434,8.194869,7.8742237,0.32064533,3161.686,1500.1455,2216.9724,1.170239,0.91500473,0,0.9995
69349535555140608,53.408483589913764,25.337877246231624,23.295656015446795,-49.93317134756182,8.103662380748935,0.03804989,0.033677038,0.032215476,14.885939,16.386095,13.689721,2.696374,1144.4563,241.70523,444.97345,1.4489129,1.234015,0,0.9244
69819027020489088,56.350629556134706,24.88577921413498,20.543402898057757,-45.56968459352292,7.384165584979173,0.02033306,0.012904941,0.0156025095,9.570481,9.832442,9.147874,0.6845684,3043.7937,1148.4937,1768.0092,1.1909846,1.0151197,0,1.0
69863454162150656,56.32088462821245,25.263083122576166,19.925733136652973,-43.96283417147319,7.324419380236703,0.034718927,0.025325984,0.03601355,14.92041,16.426243,13.726994,2.6992493,1112.206,190.89082,779.0504,1.4446989,1.1241428,0,0.9999
69947635521777152,56.905696548985354,25.33384802905008,18.452672337497226,-45.72217892673376,7.208952742799342,0.09248493,0.054383565,0.06527383,16.461193,18.23539,15.190599,3.0447903,953.0715,74.31648,233.81789,1.4981018,1.006535,0,0.9999
70044628765739776,56.581037881379835,26.043073251837463,20.32368054054732,-45.981859892008316,7.478152057866121,0.02301888,0.017742243,0.021972712,14.088978,15.089968,13.097936,1.992032,1031.1127,226.24571,441.78806,1.3370965,1.0073797,0,0.9999
66944422591073024,57.03204797759779,25.315086368262975,20.146280152417912,-49.21068580797612,7.363883737212068,0.085898556,0.04935174,0.06398246,13.309442,14.130023,12.413292,1.7167311,512.39294,120.99095,205.03885,1.3014789,3.380635,1,0.9997
67368834079847680,57.82865372341469,26.052277430237986,19.818775015827722,-47.04745241682429,7.296979520892909,0.1196282,0.071524,0.08378659,15.088524,16.437878,13.942909,2.4949684,1284.0159,211.71785,494.62064,1.4183664,1.982128,0,0.9998
67576332537157888,53.13743027013416,22.30325801554452,20.763835505842955,-43.596542979457524,7.206185200664611,0.13640994,0.08143884,0.08295757,17.068302,18.920773,15.782391,3.138382,785.5628,47.20921,257.4882,1.5075326,0.9001049,0,0.9963
67736070960579072,54.40459134186731,23.182603561563457,19.37972594450255,-42.141886994150795,6.921899154979081,0.10257733,0.062148903,0.09305618,16.76218,18.480066,15.497606,2.98246,655.6382,53.107235,237.95631,1.4981352,1.0305912,0,0.9994
68142374866825216,54.64259896949574,23.71853047856418,21.01251130526328,-46.68696199242911,7.484155963925398,0.110573165,0.087427184,0.087118775,17.183352,19.15658,15.890286,3.2662935,964.7608,20.70801,212.18823,1.5027694,0.9777166,0,0.9999
68162921990400256,55.3454099178269,23.929907412099855,20.87002088439918,-43.94528385521718,7.4679281450793535,0.079402454,0.05231791,0.06323023,16.227856,17.88982,14.981466,2.9083538,433.4698,67.169556,135.74208,1.4836041,1.125092,0,0.9999
68282837477714816,55.4117869503773,24.385746127461942,20.66941639207741,-44.699524208194816,7.2460414350558295,0.11814708,0.08972404,0.10501178,17.633608,19.569696,16.32495,3.2447472,795.04376,21.83952,217.69313,1.5269037,0.9705496,0,1.0
68308882159427840,56.10672868467131,24.681159703039956,20.977456146011534,-46.97992302418597,7.775523482076141,0.06423393,0.038628113,0.040982436,15.432,16.975058,14.227994,2.7470636,809.2901,129.8591,467.42047,1.4509757,1.0681502,0,0.9999
69250235911393408,53.50763487451828,24.88070575164937,21.298905914146786,-44.65588757463758,7.156091026598196,0.024460707,0.016093811,0.021502381,10.720195,11.085978,10.186197,0.8997803,974.24164,286.08496,370.65833,1.2061455,1.2662133,0,0.9997
69575313395795584,53.251652541764635,25.995840734677515,21.270234124855293,-45.856661648375805,7.449186455944259,0.019698905,0.014685864,0.021911759,12.616145,13.276678,11.838497,1.4381809,1417.2188,272.4065,579.00287,1.2562213,1.1084311,0,0.9998
69840879814047872,56.26681313037545,25.257646866907518,18.647569844836685,-45.40830146952662,7.428143353032573,0.019928286,0.015787633,0.020095354,10.546825,10.9037485,10.023086,0.8806629,1859.5785,648.4175,953.8598,1.2039162,1.1489583,0,0.9999
69873418486230272,56.516010356725836,25.452796196778696,22.57188830405141,-44.96015851641579,7.318591468953866,0.023004113,0.015707357,0.01851313,13.811097,14.734083,12.862077,1.8720064,1720.6732,318.54013,605.7931,1.3187723,1.044891,0,0.998
69911282917833216,55.892333071520504,25.590394527610496,20.454355060832366,-46.13690498075705,7.527230130460904,0.051528063,0.03975379,0.051191393,15.779932,17.34687,14.565957,2.7809134,1020.0757,81.098305,425.07416,1.4589354,0.9578586,0,1.0
69974504837007232,56.89244548480664,25.718164825630673,20.19878544649288,-46.51248487600978,7.673490988631685,0.072547905,0.049131535,0.061190385,16.268084,17.919313,15.032873,2.8864403,661.63934,88.299774,339.41772,1.4715738,1.0261426,0,0.9999
66951466337428480,57.21790500711882,25.375515207081115,17.51634670364892,-40.92145648568612,6.659725300304907,0.10728352,0.057786826,0.07898875,17.001446,18.88575,15.705547,3.1802025,986.6807,50.7495,269.07782,1.5164424,1.0323986,0,0.9604
66969676998824576,57.77650195986893,25.594492433140854,20.12835332681689,-45.270036288204764,7.309821489243173,0.019902049,0.014017098,0.01884424,9.013485,9.2411585,8.625974,0.6151848,6235.5146,3566.9023,4610.184,1.189504,0.89512056,0,0.9999
67899520235887616,53.15763413329577,23.432917294381728,21.09767049728122,-44.375770540667794,7.2748694971298065,0.14286757,0.09103066,0.09032407,17.188633,19.1299,15.888532,3.2413683,687.78827,31.51814,265.25964,1.5152929,1.0421113,0,0.9996
68268303308484224,55.75532685027968,24.24773108224273,19.281719350539277,-45.75332459094989,7.468803484431587,0.11238578,0.08737816,0.10686129,17.534178,19.494085,16.20471,3.2893753,756.42303,27.185242,168.18808,1.5514472,1.0231262,0,0.9999
68310359628169088,56.08555902364135,24.77265650135556,20.77951011355984,-46.36606728995916,7.239818276902314,0.13246143,0.08201734,0.09719269,10.84777,11.317899,10.209844,1.1080551,736.13434,233.24751,341.9704,1.2278458,5.585484,1,0.9999
68323485048225152,55.96738194580432,24.841417159243488,21.07795817540528,-44.25781713802527,7.374984049012138,0.030238,0.017782511,0.020608423,13.734854,14.646505,12.78727,1.8592358,488.27325,130.44974,210.28024,1.3206909,1.1107836,0,0.9999
68356367317952128,55.16567231201829,24.735582879413812,20.52210330743714,-46.58775662675574,7.6624858858062375,0.1179278,0.0933223,0.10175311,17.243416,19.092524,15.919441,3.1730824,822.3014,28.213594,133.76642,1.5570327,1.0419772,0,0.9999
68356367317952256,55.166905206554425,24.73568048752452,21.054175573782974,-47.18961144353148,7.546891212349643,0.052771624,0.038368635,0.04470205,15.603813,17.066156,14.419466,2.6466904,1088.2875,123.19114,445.87653,1.4415948,1.0915166,0,0.9999
68363411064150272,55.58985581891144,24.664471459088475,20.382744156700035,-45.1690359507745,7.367549758589729,0.022074126,0.015126495,0.01871885,13.830462,14.770897,12.864971,1.9059258,623.634,152.32382,257.67813,1.3292525,1.1203123,0,1.0
68475904847290240,53.79354808310715,24.531663645306,20.70616102061893,-42.988025987035556,7.172670900160543,0.08114088,0.063519835,0.08482127,16.66706,18.404629,15.402696,3.001933,1124.3535,41.80779,341.79645,1.4951991,1.0128381,0,0.9998
69351219182301184,53.55617770252821,25.423579863502788,20.971734501976677,-45.55859534691584,7.308317598967427,0.11523569,0.08666835,0.078896575,16.92915,18.724829,15.63162,3.0932083,911.78406,31.094479,283.17126,1.529407,1.0288146,0,0.9998
69859124835119360,56.46653993674255,25.16698929532755,18.782484712686713,-45.49913875760345,7.368127350969552,0.083846875,0.05560042,0.076481946,16.831028,18.674034,15.549652,3.124382,822.1728,37.604935,322.72433,1.5029517,0.92855597,0,0.9999
69918086146123520,56.27224584037732,25.486232262260643,20.48440956570171,-46.506191978474355,7.307102820399967,0.034423422,0.02651374,0.032731805,15.064909,16.384289,13.932248,2.4520407,1023.84894,171.49579,487.04913,1.4098848,0.9624008,0,0.9999
69985499953396480,57.34233213174778,25.793689824375647,19.41255011592517,-43.07535022079901,6.94028215287807,0.072728164,0.05133908,0.069132656,16.536205,18.25759,15.274624,2.9829655,1091.7256,64.17274,338.19946,1.493941,1.1482606,0,0.9993
66531418536135552,57.2148810045494,24.20468553509519,19.992964095576234,-27.83030541131149,8.842858306837066,0.040610828,0.024968924,0.0331635,14.958524,16.36408,13.792335,2.5717459,1999.32,305.0119,806.48737,1.4309397,1.0054193,0,0.9598
66532621126978304,57.256307043180996,24.193801656627617,17.890950946641645,-46.603874445360866,7.2574319959588145,0.08319025,0.049731836,0.06472408,16.443531,18.124313,15.184818,2.939495,1135.5867,67.93758,321.07074,1.496054,1.0527023,0,0.9999
66640712564777856,57.972539587398884,24.386761624747308,20.07659425306009,-46.265278945627536,7.348432689535009,0.022170236,0.013323563,0.016493533,12.341359,12.929286,11.599124,1.330162,451.65564,124.26965,180.18677,1.2558714,1.3256525,0,0.9999
66665902550940800,57.99722936044795,24.666178384513103,17.577519038694266,-44.62503895358003,7.254904557109769,0.054643475,0.032951154,0.0421137,15.811114,17.354408,14.601952,2.7524567,1304.2295,150.16756,424.46268,1.4570119,1.0751644,0,0.9999
66734725106867968,56.81444649566894,24.39176364290305,20.305497758988878,-45.215230361288285,6.954858021476296,0.14786366,0.10230049,0.12478726,16.997358,19.002993,15.676642,3.3263502,679.12115,40.838093,266.62363,1.5350288,1.0453055,0,0.9998
66753038847347456,57.3142034745513,24.567072171009944,18.09458655232295,-46.939704794637734,7.336933606142371,0.032912005,0.020177394,0.030339582,13.430262,14.295788,12.497025,1.7987633,805.4574,192.22589,332.4042,1.3210573,2.144635,0,0.9999
66804406656115328,56.40309754227572,24.651676322824763,21.417715899391748,-46.242681287895564,7.201061397315414,0.07044845,0.04664872,0.05701036,15.301958,16.966087,14.059534,2.9065533,902.11444,154.21985,639.97833,1.4784565,1.2912995,0,0.9998
66887660303617408,58.01103965973418,25.10400177716007,18.401739366429393,-45.28473751782227,7.409750575654702,0.097825006,0.076285474,0.090985686,16.868773,18.824398,15.608827,3.2155714,944.99786,25.953163,101.17635,1.4630861,1.0254073,0,0.9999
66950435545271680,57.3346673052609,25.428301732688972,18.90808551277509,-43.69680503977185,6.971480338793958,0.061910648,0.035125203,0.04854271,16.213099,17.842764,14.978201,2.864563,975.35785,108.60756,386.40872,1.4743766,1.0176995,0,0.9997
67381787700522240,58.398054567533606,26.118798687539105,17.58749587725939,-45.23920402507784,7.156593213590406,0.10200649,0.06315568,0.10382315,17.003773,19.004307,15.666292,3.3380146,1139.8915,35.61115,432.93027,1.5576746,1.0807465,0,0.9997
68097020012324352,53.53056707846046,24.344244949131976,21.590979151615052,-45.057868171096345,7.368017028297914,0.027697675,0.0190593,0.018027972,9.433693,9.692336,9.011402,0.68093395,4566.1504,1527.5325,1941.972,1.1925476,1.052103,0,0.9998
68317609532996480,55.76236248275604,24.6695581256056,19.448560594792347,-46.251957092365615,7.42177512010508,0.020463498,0.013668462,0.016919572,11.684883,12.169249,11.045845,1.1234035,948.25903,288.0219,392.719,1.2224954,0.9533442,0,0.9999
68409590552589184,54.43118456203327,24.258908552796214,20.906155075792963,-52.42474615645315,7.062857094080872,0.029967653,0.020345245,0.027598683,7.386173,8.050236,6.599299,1.4509368,5649.4453,1912.8157,2549.0667,1.262292,1.097976,0,0.9995
68448142178730752,54.55441333229951,24.637856403038533,21.09136160678619,-45.7117627807807,7.334908451148601,0.09743514,0.06714227,0.07559211,16.846962,18.647589,15.560642,3.0869465,827.3731,67.66673,278.71722,1.5144924,1.0341412,0,0.9999
68660554081641472,55.0249543783144,25.672340069931327,20.99054493754399,-45.58165874546525,7.346215279595457,0.09588543,0.07363161,0.0747317,16.92848,18.734554,15.657799,3.0767555,868.1544,34.691093,303.98804,1.4941175,1.0583377,0,0.9999
67656665605333888,52.95779386064385,22.839990849153867,23.577732622963737,-49.76467708983897,8.083688638029253,0.10586691,0.07329494,0.0893519,16.639168,18.279505,15.375237,2.9042673,705.5266,32.745346,254.772,1.5083712,1.1157457,0,0.7557
68261053403709312,55.57465383102236,24.115879200282908,20.988189418763042,-45.19580121506285,7.320116788280949,0.099938326,0.072081916,0.077533424,17.022444,18.84837,15.73141,3.1169596,996.1369,33.302105,267.17862,1.5172997,0.99574137,0,1.0
68262973252098304,55.47065675738656,24.12341385042586,19.99213843563659,-46.07738211039895,7.2730943367033065,0.14747542,0.09355751,0.10837309,17.22576,19.043566,15.952443,3.0911226,711.6033,31.487354,176.21988,1.4959373,1.0468141,0,1.0
68300326584600448,55.92983392964239,24.548798133876677,18.700534150326316,-42.47265477404482,6.856196578912851,0.11509207,0.07633957,0.09720247,17.220604,19.123468,15.943714,3.1797543,824.2234,27.264023,207.96187,1.4901772,1.0279402,0,0.9995
68381793524163968,55.41607227662017,24.874865531724303,21.256245694455195,-46.41398930723031,7.4843194075496635,0.15015396,0.10350257,0.12350938,17.43678,19.421736,16.145945,3.2757912,620.7592,24.699404,220.04344,1.4986641,0.89564085,0,1.0
68587161680620288,55.49566132294139,25.328794161469386,20.10259565331561,-44.17704870600756,7.333170130003324,0.040007044,0.027059082,0.031629678,13.344251,14.372921,12.326188,2.046733,994.19635,270.75363,339.68985,1.3562609,2.0261705,0,0.9999
68616779774936064,54.54287511580009,25.192327542660358,18.87003552564,-43.00822540983453,6.736415344704626,0.16683567,0.115905076,0.16481513,17.88009,19.845585,16.559826,3.285759,748.0094,27.622627,196.02513,1.5387439,1.034421,0,0.9975
68860012362308992,53.14055113303768,24.492838697717858,23.565454764219947,-48.09938480561216,7.86625777749718,0.058659036,0.04636525,0.0479941,16.081041,17.77265,14.842973,2.929677,820.99194,59.271477,252.26416,1.4692491,1.0417594,0,0.9904
69811948914407168,56.169922338576605,24.818333957946873,20.238677643478304,-45.445803609583365,7.489501972504944,0.02753543,0.017658161,0.021575358,9.715471,9.987203,9.281519,0.7056837,2025.2495,826.22156,1393.4302,1.1924058,1.1954098,0,1.0
69945814454871680,56.17999120209439,25.875322446353035,19.765767321605686,-45.89511551848927,7.573754288408809,0.03191197,0.01781647,0.021448413,11.437774,11.892746,10.796518,1.0962276,1645.3976,629.76715,1006.68243,1.2367841,1.0513775,0,0.9999
69990241597280640,57.28688342330232,25.896715001014076,18.813621738748836,-46.1659037655231,7.293267658349723,0.034767594,0.024738854,0.033220295,15.00792,16.355785,13.861417,2.4943686,1750.5626,231.98508,555.0791,1.4196444,1.0934405,0,0.9999
70049477786093056,56.53968722097999,26.138648534145094,20.089646263149955,-45.749888817886266,7.485472360190818,0.024185034,0.018253962,0.022358008,11.516263,12.07956,10.807908,1.2716522,1828.2786,813.057,1250.8433,1.2399341,1.1745491,0,0.9999
70060610341280128,56.93293309774499,26.224011715764593,20.062687055667485,-44.78331391588192,7.117148539463226,0.084446244,0.06284233,0.073083125,16.817139,18.58706,15.541569,3.0454922,690.3932,46.373657,178.5949,1.5048931,0.9817764,0,0.9998
70941383577307392,55.024061740434064,26.19615276144307,22.066807239079765,-48.8631447414982,7.83227143212911,0.025127983,0.020850988,0.024554614,11.022619,11.434927,10.440462,0.9944649,2168.7961,580.5677,884.49005,1.2156469,1.2337873,2,0.9998
71036358190950528,54.45395435496845,26.86241472790667,21.237353457539,-47.64579595620773,7.788669417247223,0.09433414,0.061415695,0.065406926,16.516937,18.266525,15.247957,3.018568,547.6124,54.9176,225.2406,1.4993324,0.99328035,0,0.9998
71056252479453056,54.61606337251374,26.856931797117696,20.1204783360033,-45.02501870256141,7.0861817693181415,0.12709774,0.08699747,0.09674208,16.93793,18.805096,15.645228,3.1598673,830.6437,47.53138,447.69568,1.514395,1.0791752,0,0.9997
68250264445159936,54.788131417357974,24.367623103320557,18.924603160422812,-40.7879756704596,7.0063925828546205,0.022977676,0.017586209,0.019416835,9.708421,9.997422,9.249148,0.74827385,3504.217,1616.0636,2001.056,1.1983079,1.3008121,0,0.9935
68303659479211776,56.04008371332776,24.589372669344755,20.89388577967105,-44.314259118680184,7.234274294425554,0.056015063,0.040558103,0.04615596,15.863776,17.4033,14.655067,2.748232,1545.7904,112.561264,549.9131,1.4570856,1.0643665,0,0.9999
68530124514310912,53.9570648191768,25.07989856329464,21.318989088718318,-43.71251564628141,7.2668215879594475,0.043955263,0.034840755,0.038257394,15.321436,16.68231,14.169616,2.5126944,1597.4088,164.31905,798.1299,1.4230886,1.1349444,0,0.9998
68660244843997312,55.05016853184412,25.6420688442928,18.34761443168427,-47.55173615592766,7.211796482711661,0.035626113,0.02733453,0.027305802,11.862063,12.40069,11.161109,1.2395811,616.25476,165.0687,243.09113,1.2443644,1.9902076,0,0.9994
69294319455655808,53.98363478173581,25.366356644857383,22.337696331366647,-45.527383228337285,7.3592640392044775,0.036146525,0.030206645,0.03377259,15.154167,16.507885,14.005911,2.501974,1181.3528,166.65921,388.50504,1.4204724,1.0538728,0,0.9997
69470206956077056,53.99969599895128,26.02550242086687,20.23384986757586,-42.08241688129668,6.743869616690543,0.18103354,0.13852468,0.1351329,17.315336,19.389893,15.9801855,3.409707,673.8316,27.21462,212.9163,1.5470092,1.0462041,0,0.9733
69704643451409792,53.69813615825178,26.37028051116934,20.758934856325293,-45.31068495132085,7.378745244155373,0.08391572,0.06712412,0.064955086,16.654419,18.35738,15.405487,2.9518929,783.3102,39.105076,471.3537,1.4809006,1.0230062,0,0.9998
69811364798863744,56.103485703428014,24.768212832129016,20.0096511843737,-45.86504913512492,7.383367795347211,0.036148015,0.021562146,0.025824912,14.463644,15.626272,13.390887,2.235385,475.3577,109.50965,186.71935,1.3791658,1.0521954,0,1.0
69811639676769536,56.08380493090035,24.7959610969443,19.89864206870716,-46.56763611816304,7.509212453253538,0.027445775,0.016257709,0.019412043,10.473494,10.826579,9.955907,0.8706722,708.56934,255.5925,321.60474,1.2019105,1.2359731,0,1.0
69838302833692160,56.15605465286112,25.137584496242773,22.07741608943766,-46.67145895943276,7.6355811604397665,0.016924562,0.012549923,0.016303321,12.7919235,13.489324,11.986783,1.5025406,1153.8384,335.15268,451.7243,1.2651372,0.99145377,0,0.9998
69871219462957952,56.69080914397628,25.45824837858355,20.648906381777124,-46.51161940726877,7.422793427745172,0.05158128,0.032983687,0.03803826,15.6527,17.154627,14.453748,2.700879,1313.6432,132.8882,672.2172,1.4518113,1.0399888,0,1.0
69904410970171392,55.90555622605947,25.40878618559989,21.298491141882252,-47.28289469076985,7.638439452106811,0.03690165,0.026514594,0.034379467,15.347046,16.773926,14.175384,2.5985422,962.9213,135.41286,433.28314,1.4333028,0.9856743,0,0.9999
70188733509474688,55.09128991658429,26.07179506199965,17.86365057700887,-49.73278518450759,6.620755725637015,0.33671433,0.27268133,0.31033984,11.785835,12.326964,11.059155,1.2678089,654.99506,230.97693,386.2478,1.2625955,17.391085,0,0.8796
70286319462343808,56.30808797509741,26.588214023487527,19.296844078877236,-44.3324120623329,7.111385113944721,0.02035632,0.015402766,0.01876855,11.747271,12.222333,11.110926,1.1114073,956.97876,268.89398,298.90225,1.2246115,1.0937083,0,0.9999
70462688000922880,56.99008522853177,26.629052685627993,19.924911254896276,-47.516873975998095,7.56666014095888,0.032539006,0.01671395,0.020971194,11.462444,11.919838,10.843832,1.0760059,1514.8066,501.85373,694.4536,1.2200406,0.8562191,0,0.9998
70938810893886208,54.84346435803241,26.19321979914525,20.813997433170137,-46.9775282840436,7.299654038284225,0.080821395,0.06726177,0.08634946,16.576252,18.257729,15.333886,2.9238424,1112.5446,51.654564,355.9839,1.4759024,1.0285347,0,0.9998
67369658709673344,57.98934328927283,25.998665776464502,19.174378854485525,-46.704154454545126,7.337022096802651,0.039634302,0.021424428,0.029982504,7.648581,7.7089043,7.5061903,0.20271397,2687.1067,1690.7175,1553.3815,1.1659449,0.8300703,0,0.9999
68117635855255168,54.911295650757275,23.38883701888097,20.477999618780313,-44.508144396680514,7.377559616270141,0.090881415,0.06644633,0.068468235,16.598715,18.337,15.340514,2.9964857,988.9451,43.519077,465.60468,1.4874637,1.0489192,0,1.0
68162028637205888,55.33071458119611,23.86146815087619,20.085951759718974,-43.36242692609376,7.411967132291862,0.10494491,0.06894423,0.08500949,16.882187,18.717651,15.594941,3.1227102,915.43756,60.448143,420.42874,1.511305,0.9455469,0,0.9999
68192093408157568,54.379519768679884,23.768517685003715,20.392608814317313,-42.6436550971227,7.084015627498157,0.18130052,0.12672935,0.12157844,17.612053,19.473457,16.31107,3.1623878,773.6465,20.526173,239.01794,1.5256891,1.0676186,0,0.9998
68296650092601088,55.93219893605275,24.487532595140085,19.112839839652107,-46.1780430803015,7.324938514001506,0.04018363,0.026716541,0.038560495,15.147523,16.500673,13.995567,2.505106,1344.2936,214.67162,498.2483,1.4247187,1.1733079,0,0.9999
68556508497159936,55.00773179679338,25.071963316981677,20.46257909856886,-46.086659537376036,7.259310844987262,0.1827414,0.11935442,0.174137,17.349161,19.442793,15.945213,3.4975796,307.4502,22.837137,293.78717,1.6393195,1.5254393,0,0.9999
68653201097557888,54.870807836314235,25.58202091995025,23.341685276435093,-50.01843932868205,8.148473135242364,0.052672334,0.03806637,0.043191172,15.461283,16.957909,14.268449,2.6894598,1011.49945,140.49564,405.581,1.4455649,1.2765626,0,0.9551
69651759518208000,52.65622522456369,26.34587768378552,21.253673587430907,-44.37021219654732,7.1268985902932735,0.13923812,0.097393505,0.12794773,17.323578,19.13233,16.041603,3.0907269,669.3232,34.6184,278.4918,1.5079651,0.9401269,0,0.9986
69810093488518784,56.34798254632309,24.850604376158834,20.86347881991913,-44.53971579856422,7.161952455113753,0.060420178,0.038897324,0.049776085,14.467274,15.619524,13.387757,2.2317667,655.06494,159.72752,229.88234,1.3886147,2.2932675,0,0.9999
69896473870624640,55.80678409298201,25.2699292605034,20.009558000383134,-46.01546639608174,7.479777791823296,0.028450347,0.020776536,0.022886818,11.959438,12.492394,11.258353,1.2340412,457.1088,123.71994,170.37592,1.2467728,1.6470119,0,1.0
69904617128601984,55.89680277271759,25.408460504484726,20.19817904330972,-47.36809058359031,7.602327314027255,0.0444697,0.033629693,0.03953252,15.61384,17.089005,14.424485,2.6645193,964.5435,155.45694,401.85947,1.4451718,1.0605189,0,0.9999
69906472554465792,55.97455348593456,25.47487895307199,19.00230019109934,-45.790530423392774,7.26266420477807,0.03491542,0.023943262,0.032461815,15.019618,16.341759,13.884453,2.457306,1193.6965,217.48203,518.35596,1.4120985,1.1150742,0,0.9999
69906713072633856,55.970030289721734,25.491626639175383,20.38386716875307,-45.44393680977453,7.232947154619978,0.06609456,0.044606123,0.06266377,16.485218,18.16071,15.242576,2.9181337,1078.1758,88.642845,373.70386,1.4770935,1.0233552,0,0.9999
66818322350220416,57.09512296362547,24.814693582624564,20.025932282537518,-47.51493543992956,7.455007092647663,0.06398178,0.053829152,0.054515798,15.761837,17.2547,14.567279,2.6874208,1274.1008,136.6019,490.43378,1.4482057,1.0198263,0,0.9999
66852647730267264,57.77331327973776,24.7365778100684,19.98616428855798,-45.29769641617262,7.243738617452612,0.02256341,0.015453374,0.017676247,13.310761,14.104215,12.426154,1.6780605,890.389,232.05939,337.447,1.2999352,1.1109239,0,0.9999
66863058730966528,57.91861505669585,24.982962928567403,18.226768813623966,-46.381209584824255,7.192075944321202,0.052532967,0.03641908,0.051241267,10.70626,11.07512,10.166348,0.9087715,1262.6101,360.22504,462.47333,1.2084397,1.631875,1,0.9998
66957994687842176,57.64893550920422,25.4263087706472,18.294899007126467,-44.33948783446367,7.2922429808358755,0.026344167,0.018056903,0.024515567,11.730169,12.249611,11.03897,1.2106409,624.2767,180.34094,234.24908,1.2450558,1.3848734,0,0.9999
66982458821495424,57.671764133234255,25.65830715785549,20.202756856391737,-47.39138443471077,7.5531174702120305,0.13674496,0.115181595,0.12226855,17.51472,19.417814,16.193716,3.2240982,1186.0028,23.113752,324.44006,1.5467346,1.0171729,0,0.9999
67034994860213888,59.41952732013603,25.26769486416804,17.219712401420157,-41.71038219859663,6.7108922932891,0.05948896,0.033239547,0.052620303,15.463224,16.857904,14.301279,2.5566254,1208.791,136.48674,469.09726,1.4281337,1.1028457,0,0.8881
67304959325424768,58.28042846026789,25.78915388449124,20.009029858336266,-46.614910917999694,7.4420275178851645,0.14352198,0.081524625,0.11077429,17.576826,19.634825,16.255455,3.3793697,996.05084,23.824766,322.03534,1.5305022,1.048844,0,0.9999
68120418994061312,54.92139561721088,23.47300154429505,20.794171871057205,-44.543631001832466,7.2703253135617745,0.10201702,0.08207122,0.079357505,17.177141,19.123713,15.875628,3.248084,668.12946,31.758581,203.27876,1.5165156,0.96693814,0,1.0
68254765570883712,54.69069200480823,24.46757118115734,20.48662881723542,-46.14199897219629,7.343794226671882,0.12832598,0.09034857,0.10900396,17.32352,19.239063,16.020863,3.2182007,741.0968,33.19848,255.33743,1.5214894,1.095516,0,0.9999
68265588889169664,55.512030567887706,24.20989889241827,20.322957238161404,-45.864470978991804,7.373741972330631,0.04109065,0.031692166,0.035662267,15.268429,16.649843,14.112316,2.537527,1018.3674,203.1389,394.16547,1.4240249,1.0553981,0,1.0
68293729514855040,55.930266895087854,24.374390241889614,19.47970969626966,-40.04826146758642,7.41282032449915,0.032949086,0.02309944,0.03310445,8.198288,8.314782,7.966471,0.34831095,3377.3425,1286.769,2280.9875,1.1725581,1.0340874,0,0.9992
68294554148575232,55.90390788823755,24.39378107217672,19.55133983597039,-44.492940934097646,7.396111724020851,0.018595636,0.013181884,0.018691756,13.636955,14.524401,12.698147,1.8262539,946.0463,236.30435,342.50992,1.3196418,1.0529833,0,1.0
68296890611072384,56.01485828940102,24.50404176791731,22.07258673357898,-45.87187150601032,7.386998687843288,0.023028173,0.013349686,0.018833453,10.5296545,10.896353,9.992223,0.90413,1459.0786,404.0424,527.1634,1.2078896,1.0499159,0,0.9999
68506347575444096,54.264567775408686,24.743022931744804,20.064749700387782,-45.39836295502678,7.3915386050814895,0.035507508,0.026137056,0.029275285,15.023798,16.37651,13.877517,2.4989939,1325.8472,212.48303,540.3637,1.4184626,1.0197415,0,0.9998
68508855836353536,54.044060850494546,24.766465090166236,22.893949726152307,-49.47233265563488,7.986263574373891,0.11274471,0.07966567,0.09872608,17.16749,19.066471,15.868505,3.1979666,757.79926,23.629292,232.60997,1.5186793,1.0026593,0,0.9935
68618978798306432,54.70292014365956,25.188576550930847,18.916238255631303,-45.4444030064804,7.280129670669819,0.029432409,0.022335539,0.024546647,13.392295,14.380012,12.401081,1.9789305,698.4611,159.73978,313.9501,1.3408111,1.612552,0,0.9996
68624613795266432,54.60099903259686,25.330201254399686,19.258512452782078,-44.08692682240532,7.1401376918502075,0.09881103,0.07112865,0.09051608,17.096783,19.019308,15.793688,3.2256203,843.9286,33.289356,272.18823,1.5212543,0.95087904,0,0.9998
69260990509512192,53.3100112781537,24.835427662311588,23.409762302276707,-48.14665499567388,7.995673577424718,0.09053723,0.065585725,0.09031878,16.93472,18.855425,15.6394415,3.2159834,628.20325,41.66835,299.34863,1.5114349,0.983129,0,0.9896
67527885307288192,59.21518684477463,26.807229843379318,18.485340686092243,-45.3869254834319,7.296589514363688,0.07334911,0.055725973,0.07587438,16.362728,17.999723,15.101884,2.8978395,569.7627,66.98914,171.70442,1.5050354,1.0075488,0,0.997
68334235349446528,55.12811088560629,24.48711375760909,21.815461006644618,-44.1651530708225,7.365111276172342,0.042333715,0.033278868,0.03460277,11.509661,11.9762945,10.868325,1.1079693,829.49945,313.28027,446.348,1.2317451,1.7613467,0,0.9999
68458514523905408,54.392500153283585,24.704074258298697,20.078843408301385,-44.22225444994749,7.192328275553237,0.15030865,0.107650004,0.11416299,17.69337,19.63906,16.394808,3.2442513,729.6483,26.221243,184.47656,1.5128269,0.97433466,0,0.9999
69573251811510912,53.21412091084307,25.915627009848595,20.159340048802424,-42.56487596534092,6.963288198620565,0.10460097,0.08853601,0.10076925,17.18513,19.065592,15.896445,3.1691465,784.4453,34.6697,261.1214,1.5077002,1.0072017,0,0.9984
69649736589001600,52.63976975201179,26.21555153475187,20.855576424956862,-42.22699549265041,6.959894066731411,0.018405082,0.015527107,0.01704625,12.820246,13.487654,12.031796,1.4558573,822.2514,236.12578,288.5904,1.2623434,1.034029,0,0.9837
69807963184755840,56.25481939508828,24.777907828400753,20.69991043384025,-46.87193783784339,7.4811645664167425,0.081224546,0.05153441,0.06247579,16.527004,18.252249,15.262377,2.989872,1124.2223,46.67441,409.44464,1.4971956,1.0551254,0,1.0
69876923179646080,55.95194192919897,25.043404964099803,19.278146177105445,-46.133960498251554,7.201589805683961,0.07573463,0.05446726,0.058217473,15.993855,17.759949,14.714858,3.0450907,903.2193,94.40968,541.31323,1.5097038,1.3087212,0,0.9999
69954713627862528,56.89678892561737,25.543758791701833,18.625214309118213,-42.80981941168463,6.764412874641352,0.035664406,0.020300217,0.026262946,13.986233,14.966399,13.003712,1.9626875,1044.0967,262.45346,442.6429,1.3344848,1.2456479,0,0.9987
69996976105980800,57.39710417795447,25.992811633357707,20.634656702016997,-46.82215032006613,7.548105197674344,0.09392334,0.062155847,0.07340198,16.722004,18.528404,15.437561,3.0908432,1333.3794,68.9883,400.331,1.5113816,1.0806928,0,0.9999
70042743277270016,56.42996532020241,26.040585885875117,20.260907066879618,-44.030689839099395,7.286612572195774,0.065138854,0.045519736,0.056471862,16.206894,17.871216,14.96501,2.9062061,869.48486,95.44251,339.10556,1.4777708,1.1960437,0,0.9999
70169251536714624,55.49621763545559,25.920717603367972,20.577735288715886,-45.13735752166035,7.291083068714323,0.016477574,0.012680586,0.016311152,12.449474,13.063317,11.700975,1.3623419,1475.1731,387.49872,571.7101,1.2507426,1.0878749,0,0.9999
70234882933734400,56.22103743980827,26.14179686806,21.608963391389935,-48.860303460513464,7.831227884182649,0.018705988,0.012931634,0.01509799,12.130169,12.696342,11.417966,1.2783766,851.8858,249.29706,356.07156,1.2416613,0.9503228,0,0.9997
70242785673539712,56.28429366184955,26.29231185969051,19.67389418735072,-45.70708260116016,7.363967286383346,0.026386384,0.018574245,0.02564819,11.22545,11.647716,10.638309,1.009407,788.3469,256.6433,364.03006,1.2144283,1.0814631,0,0.9999
70433241705178240,58.17431918431463,26.769461759965537,18.964839610456647,-47.621059215479264,7.385264532032264,0.119485654,0.08675674,0.08308385,17.11057,18.988686,15.808114,3.1805716,847.3343,44.51199,234.42104,1.5255891,1.029859,0,0.9997
71042641727187968,54.81489397592177,26.800907214746978,21.601946539976296,-48.27398700074737,7.725854859056574,0.16312906,0.117234804,0.13777708,17.517397,19.491276,16.198095,3.2931805,594.7609,32.07826,171.25633,1.536574,0.8190839,0,0.9998
66546742979468416,57.92638266259304,24.361311807427377,19.79467123420374,-44.488169793929515,7.336717461362355,0.07647202,0.04783228,0.06703637,16.63125,18.308577,15.389677,2.9188995,1329.222,69.33748,537.066,1.4755276,0.99140495,0,0.9999
66648001127514368,58.18023060080065,24.466110780522413,18.086389860928335,-44.6909379196907,7.329962061772594,0.098427474,0.058897495,0.07383415,16.8203,18.59796,15.554891,3.043069,1048.9766,41.671024,350.96988,1.4911894,1.0686117,0,0.9999
66671468828544384,57.85786918508059,24.793952579097773,19.724971734678192,-46.49564297101219,7.613926319617798,0.06178093,0.04237827,0.047941104,14.976172,16.478016,13.760519,2.7174969,1916.0276,278.035,1125.3762,1.4715103,1.6525404,0,0.9999
66722355601033600,57.2390534091659,24.328640616351645,19.008718152075197,-45.445622804738115,7.401792152784153,0.051664624,0.031049615,0.039734587,14.699243,16.110651,13.530191,2.5804596,1535.2627,201.68471,702.1237,1.4331234,1.6424628,0,1.0
66727234683931520,56.76502117317897,24.159487376870935,19.333333440782077,-44.72484181110621,7.276889102352219,0.027407184,0.020201921,0.021857217,13.826407,14.762202,12.866948,1.8952541,448.58496,90.743835,187.70189,1.324884,1.031376,0,1.0
66740497542906368,56.883975666463144,24.40493750874421,19.454855978660017,-46.58009288982839,7.580216981202935,0.13374068,0.08719092,0.10743892,17.043259,18.779428,15.767084,3.0123444,979.90314,31.075127,284.25378,1.5101366,1.060084,0,0.9999
66771146429454592,57.29898892437124,24.636381429891678,20.68263911903849,-44.73938013188233,7.122279602702367,0.028832106,0.018386312,0.028204342,10.304679,10.622301,9.816208,0.8060932,2500.5498,1186.2399,1205.018,1.2013636,1.4188898,2,0.9998
66779564565300224,57.34143853206736,24.911869279534624,20.535736201611773,-45.84534167733388,7.397308082411872,0.09690056,0.060385752,0.07127445,16.700275,18.416279,15.442813,2.973466,1364.3053,45.09208,465.24567,1.4895865,1.0642352,0,0.9999
66786505232432512,56.51218035590119,24.527697326214305,19.582296508324045,-44.877584847283686,7.423127367767808,0.04518582,0.028640086,0.035905674,6.4252644,6.4090815,6.425955,-0.01687336,2228.1238,1173.999,1600.0426,1.1567749,0.78916544,0,1.0
66802654309459712,56.41749644530271,24.627032659213327,17.796128684531855,-43.097689439060325,7.771671045232611,0.062789634,0.035419986,0.048961844,9.593008,9.87635,9.140193,0.7361574,1883.0938,620.43134,914.6506,1.1974006,2.1700711,0,0.9842
66942910762588928,57.06457646223445,25.243313086602914,19.155874667958145,-42.056806547832466,6.855480925324777,0.10532243,0.06832946,0.080561504,17.047014,18.806553,15.772173,3.03438,895.261,43.580784,175.18294,1.5053434,0.9985963,0,0.9988
66960262430594816,57.573731542368556,25.379363743861116,19.347753197883975,-45.86003924563756,7.23941620088313,0.028891403,0.022539066,0.03129381,9.52466,9.781733,9.102612,0.679121,5785.6743,3025.274,3540.7493,1.1932361,1.0734888,0,0.9999
67085641114472320,58.547946463112645,25.31173412692351,19.45661899469809,-45.611562941253766,7.44152801463991,0.08195558,0.049345206,0.063671574,16.777615,18.584688,15.498139,3.0865488,1175.6248,56.75668,399.33975,1.5050242,0.98098475,0,0.9999
67368353043627648,57.824864278483496,26.022656116606907,19.310613657171864,-43.88758080502819,7.311513112665016,0.15095815,0.08244017,0.10168726,17.051666,19.02259,15.740949,3.281642,813.7981,30.956032,285.6347,1.5257217,1.1489267,0,0.9998
68170721650939264,55.07859767517824,23.90637216703363,20.96857757122531,-46.637626167120075,7.508409802864794,0.081231944,0.055559576,0.07595384,16.658615,18.35119,15.403993,2.947198,981.2854,90.1137,282.536,1.489342,0.8909109,0,0.9999
68186114813689344,55.251691989287046,24.22626696033306,20.668062497077784,-44.92118727245915,7.2492674091900104,0.11154914,0.07711072,0.08166509,17.018175,18.900452,15.71983,3.180622,1011.2588,48.600075,171.74657,1.5198152,1.0101063,0,1.0
68310561489710336,55.729745748660456,24.492868817275667,21.20960169235345,-45.11720953111689,7.270583160634106,0.020013254,0.015567854,0.021176837,9.3706045,9.61723,8.960799,0.6564312,5161.9443,5103.286,3316.8677,1.191807,1.0204512,0,0.9999
68322145018429952,56.05809868574246,24.779195241070113,20.641313656639063,-45.23559883830963,7.33309960496548,0.024786549,0.014229601,0.016678132,10.600085,10.958863,10.071496,0.88736725,2832.6213,804.7865,1306.1766,1.2060764,0.97184104,0,1.0
68327402058399232,55.86760937923613,24.891795944870776,20.93307748939296,-45.634432777707325,7.397119658177524,0.07417443,0.045496296,0.050215777,15.965781,17.541262,14.746066,2.7951956,1016.41595,64.09746,472.35995,1.4644189,1.0600492,0,1.0
69834866859848192,56.325703284283655,25.099341098152607,20.86351880164022,-46.2940528962849,7.4380772139423605,0.01782212,0.013483973,0.017500846,13.570004,14.436668,12.655458,1.78121,507.5845,118.649124,197.69382,1.3037455,1.0589367,0,1.0
69837134602589952,56.21473010374198,25.08777464661099,19.550841497341686,-45.85813750178682,7.1556032681894095,0.08494754,0.06611428,0.08404761,16.97633,18.871391,15.692143,3.1792479,858.9327,41.76242,265.36362,1.5002846,1.0292149,0,0.9999
69948253997063424,56.94524283764543,25.38549346832899,19.422889821125843,-45.7770402267978,7.2009784966893235,0.033697005,0.020342307,0.02851277,8.26957,8.384363,8.040771,0.34359264,3416.7646,1930.2782,1884.445,1.1721327,0.82473665,0,0.9999
67667935599570432,53.45758590718418,22.938664370319767,20.599604432459408,-44.495426010874446,7.228278661249061,0.10011466,0.07321601,0.08161502,17.20123,18.974302,15.937686,3.0366163,940.7177,48.92742,247.24983,1.4894683,0.96708107,0,0.9994
68129764842889600,55.14330480576736,23.68240599457382,20.545720040636127,-45.62887996372441,7.498550540761937,0.019217445,0.013809455,0.018651677,10.699779,11.072549,10.161397,0.9111519,1813.6151,494.42322,790.63336,1.2056096,0.9385416,0,1.0
68175806892217216,54.94318764852998,23.98123193567468,20.559818902988496,-44.36520201194455,7.270878825569996,0.04588465,0.030607989,0.041032735,15.53727,16.989435,14.347767,2.6416683,795.8009,67.393585,290.62668,1.4493339,1.0578907,0,1.0
68310359628169472,56.09137691950323,24.768206717219375,21.237661235420852,-46.651102602560094,7.409644234463458,0.025199149,0.014651806,0.017603276,12.553257,13.180518,11.786735,1.3937836,719.10156,195.86635,277.2133,1.2597202,1.1281407,0,1.0
68325649711754880,55.773154768525,24.824410931188233,18.420219320448325,-46.96608084023748,7.314582197294672,0.045985367,0.028376963,0.03274658,14.418429,15.786762,13.26437,2.5223923,955.83594,182.62914,454.20105,1.4241805,1.5248162,0,0.9997
68595751615127296,55.06220014487003,25.321731267946834,21.09334184908934,-46.227011886895404,7.429406078180151,0.041186675,0.02499382,0.032553103,15.024521,16.341234,13.893018,2.4482164,1209.4702,237.98071,357.9837,1.4091412,1.1364865,0,0.9999
68606918530067072,55.135840976768414,25.47778442647646,20.165172086635003,-46.174314775373645,7.435514579666062,0.13120914,0.088665396,0.09669627,17.212824,19.092867,15.919743,3.1731243,682.47266,27.85715,189.11765,1.513347,0.89566875,0,0.9999
69294010218010240,54.02223934604324,25.35081711484489,21.288737413062243,-46.610443688983764,7.585001426477031,0.069082886,0.05892486,0.06410692,16.418324,18.085238,15.159132,2.9261055,756.8816,72.09177,155.93567,1.4986266,0.93792504,0,0.9998
69370941672125184,53.21437751931674,25.579292226546276,22.30675539562639,-45.86852051729939,7.709878212550877,0.22964774,0.16998754,0.19448644,13.381167,14.233792,12.466092,1.7677002,933.71484,177.5109,372.76407,1.3084704,12.213559,1,0.9994
69834763780636672,56.30933332022195,25.088631638618697,18.962293916845173,-41.36768252342469,6.7238369311690125,0.01925591,0.014056188,0.018052604,13.686684,14.534371,12.777094,1.7572775,344.3535,92.76251,141.13272,1.3050504,1.0770315,0,0.9936
69864313155605120,56.314067238891944,25.28927622486201,20.040084925306015,-45.96863991746572,7.425788405396613,0.03297476,0.024813944,0.03157227,11.010165,11.4347515,10.41891,1.0158415,1140.0708,301.2883,453.16583,1.2161237,1.4058044,2,1.0
69876712724339456,55.951482385995824,25.004185022844748,19.85967336466963,-45.6027373395702,7.435405583801451,0.03172604,0.02090213,0.022914376,11.434036,11.902182,10.793709,1.1084728,437.7056,134.26186,195.1078,1.2303838,1.1137286,0,1.0
69883417170175488,55.95181941670089,25.189861464713644,20.27366295500377,-46.57631857711389,7.496096452318164,0.057508145,0.042219933,0.04662493,10.628875,11.070546,10.023461,1.0470848,2080.5684,648.8053,822.179,1.21799,3.2232192,3,1.0
69908156181656576,55.76825100403674,25.436563539499705,19.64236162101324,-41.24986339494694,6.839491558937704,0.10414098,0.090168566,0.09586864,17.10669,19.013865,15.790594,3.2232704,856.0662,26.933348,228.25386,1.53985,1.0271643,0,0.9933
69964879813013248,56.83709232128784,25.525638838893478,19.303587860106475,-45.56852791313415,7.44663752434784,0.031532314,0.018631194,0.02141899,9.696473,9.988295,9.23546,0.7528343,1994.1202,1172.0446,1220.5321,1.1978964,1.1370097,0,0.9999
70153484713977472,55.82948712890788,26.078747132934307,20.089343981375066,-45.585505053169854,7.333114923095777,0.08870939,0.051336523,0.06654145,16.255726,17.938046,15.013962,2.9240837,676.9942,69.56128,248.65703,1.4750501,1.1012641,0,0.9999
70224643732103680,55.49900192093822,26.460874177309847,22.008647535406574,-48.589726047064936,7.847842024058634,0.08991037,0.06564915,0.070194624,16.68356,18.45565,15.406732,3.0489187,839.6126,49.40596,245.69449,1.5061882,1.0679435,0,0.9998
70274190474468864,56.868431608315476,26.534764624622056,20.170626566598024,-46.3115765151861,7.372225510083305,0.08393523,0.05601539,0.05685108,16.338064,18.019451,15.083654,2.9357967,682.2731,54.54414,306.74203,1.4906596,1.0026253,0,0.9999
70426782074435584,57.77125635675894,26.614107836089318,18.304234312289193,-43.63030142045306,7.193973340297591,0.14813188,0.11204687,0.14962518,17.64006,19.591267,16.332497,3.25877,979.2659,26.61483,265.67026,1.5238024,1.0923853,0,0.9995
70457877637565824,57.06939334323902,26.503111885230055,20.775924413454668,-49.073057631362026,7.771877340288462,0.09081696,0.052149776,0.067723535,16.525291,18.279528,15.256958,3.0225697,1197.2219,72.04232,406.58646,1.4979053,1.016582,0,0.9989
67747615832673408,54.31896492165065,23.184364977067364,22.168188360545816,-48.66331092667877,7.99036369694287,0.0867453,0.059272762,0.07986953,16.504719,18.252691,15.242684,3.010007,888.0313,87.36869,349.66202,1.4909097,0.99770606,0,0.9926
67920926352940032,52.49486917294724,23.371630465193675,21.092408096546226,-44.1620807837806,7.17787401927676,0.048205364,0.03845873,0.042568415,15.754189,17.412075,14.509309,2.9027662,441.48685,81.47363,161.65442,1.4823523,1.0029199,0,0.9952
68236795427794816,54.88473033037803,24.266864029139793,19.773563485274593,-45.54958301411696,7.182498896457282,0.063102424,0.0461056,0.057205863,16.123356,17.788473,14.88306,2.9054127,770.37213,73.18777,337.39972,1.4757246,0.967869,0,0.9999
68259438496008832,55.545600126360874,24.085530949016196,21.50490821006327,-44.48195446349564,7.476423218470284,0.051919214,0.034161557,0.041031223,14.768776,16.127905,13.620842,2.507063,1495.473,297.86575,803.8968,1.4190755,1.5789093,0,0.9999
68268165869533568,55.73575580016508,24.22917036681453,19.901504654785434,-46.99139134250538,7.53592059810258,0.090990655,0.069249965,0.088769585,17.094841,18.978615,15.800221,3.1783934,909.0837,40.40574,265.50513,1.5148717,1.0597413,0,0.9999
68303487680516224,56.109579035829455,24.58950062402356,19.65581279402085,-46.0475584579759,7.465685925621427,0.027865015,0.016938547,0.019542068,11.282754,11.738189,10.658539,1.0796499,287.5128,83.81104,112.57829,1.2247481,0.9851145,0,1.0
69485978075890176,53.68502739174053,26.095795413948014,19.880209054075458,-42.21706758757696,6.912739438900317,0.020774158,0.015779821,0.017046103,12.876896,13.545222,12.089619,1.4556036,292.6394,82.50777,96.95065,1.2610734,0.98165596,0,0.9986
69502298951642496,54.4071422812499,26.350991947084918,22.01373060311987,-48.34033186196901,7.720616536554244,0.07744634,0.061389767,0.0727139,16.682117,18.41536,15.418863,2.9964962,1255.0997,44.16618,315.92694,1.4944036,1.0340863,0,0.9998
69585140280997760,52.824851336654994,26.028612640209293,21.066410910028186,-43.68222051970024,7.216216413017743,0.018045079,0.013648675,0.016721094,12.308469,12.876274,11.595516,1.2807579,1030.0721,293.674,413.19116,1.2415749,1.1418533,0,0.9993
70019378655328768,56.667843836000486,25.73135614781764,20.282933618253516,-44.51992939679294,7.286429472382369,0.06396331,0.038450267,0.04829554,15.82318,17.355955,14.620584,2.7353716,1020.91486,79.52251,523.71027,1.4509877,1.0549431,0,0.9999
70098612211973248,55.78162924002444,25.574598690436172,20.444284880819517,-45.94911671972156,7.407633218727595,0.060771182,0.045768145,0.057617493,16.097664,17.75232,14.855719,2.8966007,775.2631,47.38496,382.51712,1.4792453,0.92638355,0,1.0
70118197262752768,55.47596879894866,25.729606115398568,21.901060782356616,-46.34521776764542,7.416742738578558,0.04811754,0.031298857,0.045100294,15.557904,17.011028,14.379108,2.6319199,1463.0607,144.95842,520.8594,1.4368111,1.0264697,0,0.9998
70201725786644608,55.725084279073265,26.137673410555898,19.95717012398481,-46.849069094281546,7.662535829651434,0.104664505,0.060794845,0.080202855,16.80722,18.606426,15.538092,3.0683346,900.0572,55.963028,264.53122,1.4930512,0.9794475,0,0.9998
70768554094282368,57.23966398530854,27.64035648870488,18.23403150438368,-41.6755426243102,6.919598164145587,0.17658317,0.10831383,0.14125118,17.780754,19.78697,16.454395,3.3325748,822.72943,24.073874,183.89302,1.5423715,1.0647296,0,0.9259
70954307135798912,54.60340551512629,26.256398199459113,23.409202881258885,-49.36680250101806,8.027383099945942,0.05754267,0.046065997,0.06419512,16.098974,17.784277,14.855609,2.928668,1080.329,109.37649,339.42316,1.476579,1.0137872,0,0.9859
66789872486779520,56.747585269534376,24.51991333978582,22.271845514767694,-47.52140397943802,7.271150194177561,0.04342187,0.028225876,0.035358343,6.8028107,6.802068,6.7674193,0.034648895,2858.5295,770.9094,918.4187,1.160595,0.92515117,0,0.9994
66800180408292992,56.523586281705164,24.612159232258236,21.31815347205297,-44.54099990974814,7.342569093725325,0.04826905,0.033042442,0.036498327,15.064789,16.382164,13.920582,2.4615822,658.50854,99.48748,228.89397,1.4230554,1.0981,0,0.9999
66807464672814336,56.57483292830163,24.68579851334693,20.782566863578815,-44.5278180928463,7.373324442202136,0.048379093,0.035523467,0.040124435,15.306499,16.692606,14.148092,2.5445137,1519.4243,124.10377,700.4941,1.4257302,1.110405,0,1.0
66816187748666624,56.99900829163413,24.73108641902402,20.43297629521534,-47.266462332912155,7.754313311875142,0.29801896,0.22832695,0.26008207,12.904102,13.64193,12.063589,1.5783405,765.4417,226.63246,308.92816,1.280456,14.870772,3,0.9999
66915560410893440,58.03320620434854,25.465031331017673,17.66704715044569,-42.95528837216997,6.954660525737195,0.12467814,0.08167497,0.1085271,17.438322,19.418928,16.125551,3.293377,880.61383,29.434547,331.59302,1.5273384,1.0727127,0,0.9984
66974453002505088,57.535148903959175,25.548658926226246,20.025605993834702,-47.3334367245468,7.746078028052952,0.06346964,0.042977817,0.056976605,16.260448,17.91959,15.00533,2.91426,817.52686,66.833855,385.69647,1.4947221,1.0135275,0,0.9998
67352066526730240,58.16220136420259,25.840244145086956,20.317399685234925,-45.71550048962557,7.515898557915286,0.06962682,0.03853139,0.05119948,16.171669,17.833359,14.916925,2.9164333,878.70557,74.38527,328.6376,1.4938926,1.0450416,0,0.9998
67540495331120128,58.999775418620786,26.999774293203018,19.042560394445882,-45.36234792829782,7.491104925912312,0.09971019,0.06313033,0.090542376,16.923477,18.72343,15.652442,3.0709887,1204.838,49.801014,379.25763,1.4953372,1.1216326,0,0.9979
67618285777617664,53.88216141527742,22.82338338603445,21.394415701598184,-45.46661573078261,7.532695664265256,0.022584325,0.015919238,0.018618654,9.733864,10.003591,9.30285,0.7007408,2990.5244,1787.1724,2301.0857,1.1917523,1.1501563,0,0.9998
67680850564641792,53.30800661762213,23.006232598562264,22.729875597843886,-48.59663074896117,7.941030580559142,0.016153622,0.011672399,0.01414083,11.690367,12.185722,11.034441,1.1512814,980.02185,297.25037,340.37888,1.2297058,0.8459248,0,0.9375
68006241583701888,53.444424149141014,23.805262964470735,23.62859183363217,-48.135897082217014,8.021906987586915,0.058403526,0.038308058,0.051143233,15.914934,17.475151,14.693427,2.781724,878.89856,65.19828,381.55368,1.4689633,1.0345572,0,0.9397
68152820227358720,55.26256117985148,23.72247915263373,20.539656838226605,-44.917294566974064,7.500368854873981,0.052792262,0.037831794,0.048109494,15.784899,17.319324,14.580702,2.7386227,574.69446,81.703735,243.75545,1.4525975,1.0471059,0,0.9999
68195598101454336,54.51024535830732,23.909656490716014,21.55407134628564,-44.709096962151094,7.510715182625756,0.06610711,0.049307425,0.060642127,16.495232,18.144897,15.260658,2.8842392,1256.1144,65.34174,396.81442,1.4710332,1.0644646,0,0.9999
68233531252642432,55.112406328123726,24.237139167005697,20.505100504678424,-45.806710356269164,7.448122361236067,0.090103574,0.054836407,0.06566874,16.483887,18.232893,15.228994,3.0038986,416.96158,60.892185,171.43098,1.4819454,0.97000706,0,1.0
68306099020642432,56.00122131401905,24.556792926212825,20.53463871701449,-46.18983462732439,7.412449484379191,0.031506263,0.022334551,0.027752403,8.041619,8.130938,7.858599,0.2723384,2681.2976,773.14386,1847.5193,1.1661658,0.94553983,0,1.0
68354374452892160,55.00785428462176,24.77371460602442,21.63172470092146,-46.3791664473849,7.553124059345441,0.06592468,0.052126944,0.059865672,16.329308,18.015522,15.079587,2.935935,1029.7064,77.18727,340.67804,1.4842154,1.0783483,0,0.9999
68897842434107392,52.40997572234209,24.510333895510175,21.06682471286649,-41.62646104512346,6.878266257804431,0.015749054,0.012771174,0.014257395,11.909498,12.415644,11.233913,1.1817303,354.45087,101.985916,139.81982,1.2392337,0.9674165,0,0.903
69754155834196224,52.87334941297876,26.503282529542727,19.38205824704445,-44.43191457788266,6.933387873677173,0.09256479,0.06457597,0.07633073,16.682032,18.36205,15.431042,2.9310074,1221.627,36.868114,333.34198,1.486651,0.99995804,0,0.8618
69856272976786560,56.69669194844695,25.347943524190065,20.876022360362242,-46.92357841710108,7.555849500708871,0.091546774,0.059374213,0.06928991,16.592688,18.488428,15.294246,3.1941824,1005.11646,68.745926,383.01233,1.5183599,1.0601027,0,0.9999
69898810332838400,55.678567723369966,25.280897389489994,19.564432701860884,-43.22849922328383,6.993866596372297,0.024863314,0.017076094,0.021282872,13.756668,14.635596,12.831278,1.8043184,1383.9315,298.46768,517.92645,1.3098891,1.1171854,0,0.9998
69918979499309952,56.28772677585699,25.546813749362023,19.883603965289023,-45.44641569266047,7.490897652344597,0.088104956,0.060324933,0.06659034,16.726799,18.471159,15.462037,3.009122,921.0115,55.101933,309.16776,1.4947784,0.9686813,0,0.9999
69983369649631872,57.30272250751295,25.701870446427428,18.700357787215395,-45.534717517686616,7.316276018466569,0.046948805,0.03327201,0.04719304,15.634993,17.308414,14.390305,2.91811,1379.6478,109.38501,477.65256,1.4798806,1.0931144,0,0.9999
70129050643128832,55.90286954300196,25.783351422078248,21.20974887341313,-47.425708976963705,7.7844963597866546,0.056148153,0.038905103,0.04810236,15.788612,17.339298,14.571174,2.7681246,941.4735,111.03094,257.34183,1.4656329,0.97793764,0,0.9999
70215705904150272,55.29810728691407,26.27180407732168,19.351208005030358,-44.35235596193266,7.132856574908565,0.14467186,0.09789741,0.113114305,17.529934,19.439268,16.223965,3.2153034,766.37115,23.32089,191.34996,1.52647,0.8872926,0,0.9999
66742765285619584,56.96235820156938,24.505016189025188,18.640018588177448,-45.03502657120565,7.355850981343791,0.04339118,0.03257628,0.037125397,15.015844,16.3272,13.887265,2.4399347,1397.1765,201.56471,516.6636,1.4069978,1.1241056,0,1.0
66779358406877568,57.25420132319898,24.902607776194206,20.28361932283305,-47.39279179600212,7.629451775111978,0.056530125,0.043659437,0.047509544,15.694813,17.253107,14.458935,2.7941723,1572.3528,131.58286,453.28766,1.4865451,1.0742036,0,0.9999
66799768088857856,56.52886446572594,24.562605127900447,19.40326285830028,-46.97160287418177,7.375676434135071,0.02380375,0.013827605,0.016680803,12.692504,13.357429,11.910682,1.4467468,1510.7999,472.25174,688.0593,1.2579471,1.0467386,0,1.0
66832100605159424,57.07381062715844,25.04764063408678,19.516684921075115,-47.057326027126166,7.499269077311336,0.02406022,0.01610001,0.019107254,10.744773,11.121812,10.203328,0.91848373,1485.1522,447.2987,673.02527,1.2055433,1.3372483,0,0.9999
66846291177113088,56.83687734919407,25.086565724768334,18.658646636187495,-45.977086468875946,7.256440119595136,0.03260498,0.029459007,0.031353235,14.673388,15.891913,13.578023,2.3138905,1351.9315,240.85085,513.4888,1.3904831,1.005088,0,0.9999
66898002584817280,58.22613014091119,25.295217515232924,18.551292963029198,-45.02180369338154,7.248975775349272,0.07848986,0.059419885,0.06682602,16.320951,17.987934,15.07618,2.9117537,1483.5457,98.32905,814.4663,1.4809058,0.9729033,0,0.9999
66960743466922624,57.561546788631134,25.42482323104547,19.420070860663902,-45.37822394377018,7.443343423871985,0.10315629,0.08038472,0.0931404,16.939152,18.816092,15.652843,3.163248,930.3919,47.048336,334.34113,1.5051026,1.0182151,0,0.9999
67756789882795008,54.48519642738677,23.382232166025776,21.58557800289394,-46.1474746940989,7.531107380234092,0.058898672,0.043686394,0.050791312,15.859415,17.421396,14.645842,2.7755547,1146.9369,138.7365,475.38998,1.4592429,1.1183434,0,0.9999
68120728231661824,54.871767713772435,23.499172809593553,21.952550134686536,-45.244621881741246,7.4248451511728,0.020280343,0.016027104,0.016301263,13.659394,14.554316,12.721828,1.8324871,628.4682,154.0415,268.34518,1.3163007,1.0745244,0,0.9999
68141408498321280,54.64378947102655,23.67271376809515,20.455009282168664,-45.04122743597192,7.228431844899335,0.10464465,0.082589366,0.08716904,17.13838,18.925375,15.847212,3.0781631,858.41064,47.245808,303.58322,1.5223967,1.032703,0,0.9999
68167835432980480,55.36208894086606,24.0171827154947,20.348207602315583,-45.023526762777635,7.331133587575553,0.06005212,0.042940486,0.046636347,15.505199,17.248701,14.248546,3.0001554,1229.8726,149.65436,512.41833,1.4848537,1.1819943,0,1.0
68254245878512384,54.80623332660652,24.46632471871234,19.811126884811692,-44.51509163145818,7.118104224750291,0.022295369,0.015330699,0.018402463,10.22619,10.540687,9.739897,0.80078983,958.6097,412.12604,632.04645,1.2016016,1.1078361,0,0.9999
68314414077327744,55.80453808024451,24.655242876769755,20.551216953824404,-43.95459477600215,7.217567238529469,0.03465985,0.025788315,0.032048956,14.889832,16.194736,13.762322,2.432414,1536.8107,229.58762,865.94025,1.407117,1.0124867,0,0.9999
68367190635351936,55.63011375428247,24.822480219877267,20.141859639629043,-45.80907314562114,7.376373066555206,0.11398238,0.0778471,0.09368312,17.305487,19.210033,15.999046,3.210987,895.9547,34.586643,337.56705,1.5276295,1.0256048,0,1.0
68390830135333504,55.50015912504816,25.029602171661214,19.93211124667289,-45.037566573852786,7.25899117883176,0.07609997,0.04992074,0.061878096,15.981778,17.579458,14.757203,2.8222551,613.04663,90.549644,250.82544,1.4667871,1.0519222,0,1.0
68395399980532864,55.3905828925233,25.113310467653303,19.96269992321523,-44.170530044774594,7.290173911930219,0.07665983,0.048836544,0.05448923,15.965155,17.573677,14.735998,2.837679,752.2279,86.683754,374.97186,1.4706322,1.0892282,0,0.9999
68505110624876032,54.114113047525905,24.687959548352808,21.944407762523845,-46.72745760685539,7.573477587320924,0.054336198,0.041319627,0.047345955,15.9734125,17.618519,14.740653,2.8778658,1052.8944,124.26581,489.42978,1.4695103,1.0167166,0,0.9999
68559738312482048,54.819826907433885,24.96055005254026,20.228106048472128,-42.694747553128735,7.305524477865957,0.12965241,0.0984525,0.12150719,17.438854,19.536726,16.09025,3.446476,667.4544,27.044647,342.6654,1.5626807,0.98320985,0,0.9998
68591456647799552,55.35292270473847,25.38482971529277,19.446567807724882,-43.1681210053775,7.107390645724756,0.14174193,0.09092039,0.1028453,17.099754,18.912289,15.839739,3.0725498,787.1267,32.203335,325.0523,1.4800391,1.0511023,0,0.9999
69122520763444352,51.97616993558862,24.93627369748486,22.586067587067607,-45.39416484539979,7.660715763550424,0.043680675,0.035383016,0.040612463,15.786348,17.355377,14.572138,2.7832394,1237.1951,161.18459,665.94867,1.4588854,1.0089101,0,0.9955
51694746068624128,59.590166928688234,21.25746893772874,17.66425801053892,-44.9401682147099,7.336126720514977,0.031890668,0.018231567,0.02416319,11.235501,11.664006,10.640917,1.0230894,1260.1099,400.9756,575.40247,1.2165847,1.2471755,0,0.9983
63430967542044800,55.304978485722486,20.854358331788113,22.126543933171856,-45.293859489691926,7.126383217182133,0.0537312,0.0392024,0.043628007,13.861654,14.831813,12.872124,1.9596891,1371.614,417.91263,1123.2445,1.3439468,2.4776602,0,0.7171
53227396558316416,59.86223074756723,21.805050892323692,18.949542641271112,-47.73655250945097,7.9215753621799845,0.08046081,0.061903384,0.08775519,16.787525,18.772161,15.477419,3.2947426,1105.292,48.818115,319.98077,1.5234485,0.9906438,0,0.917
53783852522073856,60.934130137648516,22.944085243969802,17.56554621937727,-44.82055368202391,7.282259996149298,0.024376828,0.012998205,0.019416872,9.525888,9.839075,9.037824,0.8012514,6679.817,3264.8655,5211.9185,1.203333,1.2039791,0,0.9989
64027143362491008,56.93624264298835,22.397962763767943,21.0570556765474,-46.67305383314692,7.551832932850046,0.087171614,0.062851965,0.07385354,16.656425,18.509056,15.368991,3.1400652,828.95404,51.47078,324.88864,1.5094459,1.0140587,0,0.9999
64064011363520512,57.65595238915255,22.468747646826063,19.89987187064179,-44.34454216975364,7.127754129770755,0.07966034,0.04378473,0.060763273,16.323393,17.992958,15.068516,2.9244423,767.83234,78.5893,264.69128,1.492921,1.0237665,0,0.9998
64066107307543296,57.7244693872803,22.547865345919984,17.873394979928694,-45.12251929683014,7.265606256190289,0.020576183,0.01115941,0.014892689,12.36464,12.959124,11.627783,1.3313408,718.65283,199.86765,282.11792,1.2492108,1.0412614,0,0.9999
64078167575681152,58.023304456290134,22.5818520695269,18.648030432198013,-45.63048241385099,7.516364021774598,0.037116196,0.021863384,0.029886523,15.099433,16.45612,13.948632,2.5074873,2119.8516,189.02443,952.7978,1.4227476,1.0850873,0,0.9999
64297485783636352,55.043801669227854,21.745856487656866,22.473508562999726,-50.14726708887869,8.251142471611866,0.07079907,0.052037787,0.059322342,16.44002,18.190708,15.171753,3.0189552,952.5942,68.2246,263.73004,1.4982948,1.0437133,0,0.7625
64450283540250240,55.51651081923177,22.426713907610658,19.35139522291347,-43.95137856363437,7.02338554254298,0.11717246,0.075108565,0.09520962,11.358484,11.901775,10.661607,1.2401686,576.1475,197.85287,291.72986,1.2394626,5.558994,0,0.9998
64453887017111808,55.45675204081487,22.49340284922183,21.207757057570976,-46.047218658806685,7.375999275620265,0.17512552,0.11092561,0.1449308,17.75966,19.819273,16.439646,3.3796272,738.9485,22.04127,142.50447,1.528567,1.0313549,0,0.9999
64588753286083328,53.943451846806774,22.413712390200445,20.766960018308463,-44.55793336478729,7.102051730797974,0.137784,0.10750389,0.122063376,17.380531,19.306372,16.079565,3.2268066,752.82367,26.677979,297.0741,1.5181413,0.8975878,0,0.9996
64667535869958784,55.2270611799686,22.9069549713295,19.80067674453128,-44.30913428211956,7.198159429661968,0.09651093,0.070285425,0.08160863,17.04338,18.909876,15.755333,3.154543,754.8979,37.89429,271.2811,1.5085534,0.96593577,0,0.9999
64795289673433728,56.557800866024586,22.70530804048819,19.323375340959032,-46.23261997050603,7.446592878019465,0.076803684,0.055955417,0.07163346,16.55351,18.437225,15.259391,3.1778345,1067.31,61.26282,419.0873,1.5142404,0.97679853,0,0.9999
64798691287540224,56.41633572294943,22.694265149860293,19.830372611939126,-44.158154915313965,7.291631614082201,0.03537454,0.026671257,0.031539224,7.800061,7.878221,7.626637,0.25158405,2744.443,1844.2938,929.4425,1.1686826,0.8843448,0,0.9999
64943758103791104,57.38580185574098,23.41124239957272,20.361216760707396,-45.12416162836422,7.488137995795465,0.07653795,0.052803833,0.06682858,16.382866,18.20926,15.095169,3.1140919,1520.185,59.1722,495.53207,1.512998,1.1180046,0,1.0
64971933089093760,56.534933945361814,23.3473212122962,19.54291585018702,-45.246857647763434,7.388568334356815,0.01882543,0.013102093,0.015051717,13.21777,13.992208,12.351245,1.6409626,461.44577,116.913055,175.29636,1.2904023,1.0232012,0,1.0
64987876007763968,57.06355849715922,23.434685520365303,18.67680196333135,-45.76653225878188,7.353462097116693,0.07998351,0.06677032,0.07306821,16.418585,18.037115,15.171599,2.8655157,805.0485,60.43444,272.73093,1.4907392,1.0564281,0,1.0
64999558318784768,57.057450573687056,23.632990088333862,20.121801104173304,-45.97765650888577,7.437404133116667,0.06002424,0.048582457,0.05842575,15.923727,17.508135,14.711693,2.796442,1042.0951,120.83926,653.36096,1.4539033,1.0796728,0,1.0
65014195567317504,57.03323531524461,23.739708845865792,19.479681726603236,-46.647898608854916,7.607866490051984,0.057573028,0.041790597,0.053744268,15.997229,17.562798,14.775707,2.7870903,809.20795,66.09469,348.53485,1.4681333,1.0254738,0,0.9999
65042439271761280,55.44449969060987,23.02199835550043,21.821171152495207,-45.57155864966063,7.382324950580081,0.11971204,0.08763197,0.094381,17.29081,19.234756,15.988699,3.2460575,684.15125,26.38365,194.82399,1.5175761,0.9410097,0,0.9999
65056526764528128,55.93744520454143,23.055694268704652,20.21799379712614,-44.39095671123844,7.183729162793427,0.044520486,0.032091554,0.037428692,15.538341,17.033222,14.345987,2.6872349,1557.0792,181.5383,393.75998,1.4452993,1.0226176,0,0.9999
65072435323295872,56.04683380132059,23.379119346046334,22.039851021011096,-46.63903879701039,7.58020870179761,0.025532711,0.016734917,0.019846452,11.193929,11.627196,10.593733,1.0334635,988.58466,293.25394,395.32315,1.2182171,1.00204,0,0.9999
65079788307324672,55.651179029374646,23.36783880666926,19.555682528777616,-43.92896916132491,7.456015960593475,0.064785615,0.058681395,0.07108709,16.140701,17.753311,14.908607,2.8447046,543.73285,75.040054,238.17899,1.4735507,1.0383351,0,0.9999
65134592089910656,55.536924227074216,23.587895919357532,19.04030741626996,-44.249658033810164,7.259168619515059,0.03303879,0.023876192,0.029539676,14.803357,16.046324,13.696748,2.349576,1185.7369,217.48578,481.10455,1.3972462,1.1159865,0,0.9999
65151531440914560,55.41503159545681,23.762883513854284,22.103628080665608,-46.89623639600777,7.582046291334272,0.026029019,0.015876587,0.021357648,13.867477,14.802361,12.916341,1.8860197,927.377,227.77808,626.4148,1.3173629,1.0402107,0,0.9999
65163110673516928,56.24181931752337,23.408471301585465,18.802964800017666,-44.67446134102455,7.4255680209980675,0.08106922,0.052099824,0.06269569,16.323061,18.017593,15.066506,2.951087,487.2244,49.20254,197.33704,1.4914484,1.0671307,0,0.9999
65264506261240448,55.83802446730886,24.18570143772121,19.330017856024007,-45.375585014003214,7.5405934166305375,0.10170716,0.07397067,0.097846955,17.445004,19.276646,16.153786,3.12286,935.8345,27.642904,298.93555,1.5168256,1.0160483,0,0.9999
65285633203088768,56.11465917614148,24.237911081509317,22.494818782197953,-49.180230958874226,8.021474196031225,0.10269347,0.08201182,0.101270795,16.799587,18.621845,15.480961,3.1408844,661.421,43.575424,332.56744,1.5533382,1.3074578,0,0.9936
65467778474649856,59.62918552417765,23.070053029348177,17.929924888051566,-45.93978898461717,7.4917930357404465,0.12681861,0.0883665,0.10981481,17.431618,19.526354,16.095354,3.4309998,909.65204,31.148369,314.24747,1.546511,1.0469584,0,0.9998
65588484235454592,58.26896651993362,22.801152586524747,19.036700125001953,-45.56094834136595,7.293432572419531,0.017367879,0.011600015,0.01490857,13.100869,13.850247,12.250756,1.5994911,1465.5608,301.86185,558.07587,1.2846733,1.0444378,0,0.9999
66009047433698048,61.30732469239629,24.14506149325301,18.090775619103006,-46.7973863937149,7.614693926012522,0.1181767,0.054091822,0.10529369,17.171795,19.142275,15.865156,3.2771187,1196.1764,28.751743,409.2339,1.520492,1.0054914,0,0.9701
66161020555461120,59.80387587470013,24.288307388285293,16.741579511783428,-42.13618446141797,6.800568184143455,0.09045551,0.050983135,0.07566103,16.859692,18.63897,15.584092,3.0548773,816.8903,64.01206,278.91296,1.5037118,1.0107522,0,0.9513
66445038154189952,57.79958344537178,23.74521180500478,18.659365680315418,-45.624193765025254,7.360262849437637,0.16002807,0.08270442,0.12483405,17.512774,19.388319,16.20945,3.1788692,1063.8464,31.881933,239.68108,1.5270084,0.9986065,0,1.0
66452769091505024,57.459924115814104,23.705388529695107,19.586708265427433,-44.02362241603657,7.208992297855638,0.02696684,0.015924485,0.020567656,11.35299,11.778655,10.758796,1.0198593,1485.7249,740.247,1025.3113,1.2176034,1.1626065,0,1.0
66502281478384000,57.35031052451207,23.83904217176717,18.987960750078393,-46.81658330836266,7.299907366106098,0.2160785,0.12839611,0.15847014,11.114523,11.519879,10.538406,0.98147297,1676.9337,511.78275,800.08954,1.2148405,7.3253474,0,0.9999
66566946505629440,57.644175638875446,24.507572021342792,19.843612051501747,-45.04069139111231,7.217253321624427,0.019563891,0.015265566,0.017900186,12.286877,12.848716,11.577943,1.2707729,1243.1266,310.96545,458.51694,1.2409445,1.0799271,0,0.9999
66570554277316992,58.348871614505505,24.064836614014734,19.43292773085072,-45.30034146560551,7.264549191017467,0.026587753,0.017341685,0.022204397,11.173697,11.5881815,10.590354,0.99782753,1139.6138,359.53064,473.09964,1.2154406,1.1799468,0,0.9999
66612473157921024,58.71911266637741,24.57605411468916,18.67246102022614,-43.91358350807733,7.208138391902515,0.018988704,0.011543541,0.016893439,12.603814,13.40438,11.729854,1.6745262,1503.9689,412.91452,664.4875,1.2883788,1.0526134,0,0.9999
66733763034205696,56.78401518543688,24.306630324930296,21.055021775947182,-47.460814017984816,7.383106353077731,0.07287903,0.052208103,0.05705579,15.690887,17.22188,14.480276,2.7416039,1227.6321,110.37326,467.6834,1.460718,1.1348422,0,0.9999
66745170467302656,57.296064164609405,24.347399016105328,20.412294770494363,-45.02321719830596,7.333918726452952,0.05467338,0.035474032,0.042854734,16.013287,17.626804,14.782482,2.8443222,1019.7189,122.247,366.2977,1.4718587,1.0396141,0,1.0
66754241438299520,57.551775384114954,24.532726387836213,19.107476326659604,-45.534887888264535,7.223150189887358,0.01892343,0.013003883,0.016751178,12.7328415,13.386664,11.953037,1.4336271,648.3925,185.62643,263.4768,1.2603804,1.031239,0,1.0
66800244832257280,56.523814101890245,24.613683357394308,21.355364281628134,-45.16090854605797,7.347148990756307,0.1317843,0.09270173,0.10306942,17.224361,19.027359,15.906121,3.1212378,523.628,21.24253,136.82777,1.5552557,1.009063,0,0.9999
51365476695288064,59.047279469582435,20.574821548169723,20.968668383078526,-48.89133294733804,8.126477928333248,0.051979326,0.031007016,0.042290814,15.5751095,17.101562,14.364595,2.736967,1167.1326,149.21321,554.16077,1.4613454,1.1038644,0,0.7979
51391418298186368,59.53209112589058,20.393801589985014,18.335675710578695,-44.40621533918134,7.329226312355386,0.10076802,0.07003908,0.088110715,16.838625,18.57425,15.57638,2.9978695,1139.3937,51.68843,348.1105,1.4928299,1.1058738,0,0.9972
51497864767442176,59.4681481337614,21.037611616353228,17.177154945783474,-43.90851366833168,7.044820199675307,0.08093571,0.054807074,0.07226962,16.86807,18.781132,15.560354,3.2207775,1297.5239,45.39438,371.74448,1.5282997,0.9890601,0,0.9971
63717665199974016,57.343901720159984,21.632098141735444,20.408068946671825,-46.356015875885454,7.557019272421872,0.084389806,0.05279446,0.0676869,16.790188,18.674965,15.482706,3.1922588,1090.8644,44.039894,342.7332,1.5312835,0.98182935,0,0.9998
64129294866302336,56.97574688018189,22.656941491685657,21.156998323062908,-46.783284011777134,7.334420448765222,0.09934401,0.06635867,0.08047028,16.8719,18.646664,15.605882,3.040782,876.6254,24.819191,275.65125,1.4923255,1.0449551,0,0.9998
64250477365329536,54.53675116931428,21.246791939181502,20.79120499453062,-45.26781993567641,7.482267098947411,0.025804183,0.018281292,0.020190788,14.158587,15.206373,13.1359215,2.0704517,573.0557,155.59052,259.77725,1.3559208,1.1006235,0,0.9994
64555694921236352,53.7290192463056,22.07944691146216,19.489448525166097,-43.010217187360155,7.139342266293386,0.042205904,0.03187781,0.03577922,15.064295,16.373007,13.928138,2.444869,1149.4946,159.47198,532.8149,1.4158628,1.1119909,0,0.9966
64671903852618624,54.59418238508955,22.499479201832393,21.468512882706108,-44.80755231263008,7.388471608091407,0.021254351,0.012798345,0.016214505,9.941272,10.23137,9.487001,0.74436855,1766.9102,596.287,682.0046,1.194793,0.8698339,0,0.9999
64796045587678208,56.540045869260496,22.710208696532792,18.734831812674877,-42.97917377907939,6.9037600052107395,0.052902505,0.037813224,0.04675031,15.822847,17.558304,14.573746,2.984558,887.3994,79.02402,631.2786,1.4766527,1.0199612,0,0.9995
64808204638390912,56.66006365313638,22.919584206915975,19.92415292387568,-43.54934665259477,7.1525685788631295,0.022785291,0.017274095,0.020364206,9.306278,9.554723,8.897336,0.6573868,3977.2288,1955.936,1793.6055,1.1903518,1.0373341,0,0.9999
64840541448791424,55.829295125583606,22.78609278822735,20.644452369350773,-46.401402692649455,7.563829913298237,0.09665626,0.06615741,0.07538171,16.816063,18.597298,15.524349,3.0729485,602.1493,23.629072,208.92603,1.5238338,1.0582237,0,0.9999
64899017426872960,56.696182198354265,22.91437971648443,18.758200870264197,-45.00169638409588,7.188082380653626,0.024406588,0.017078228,0.01971732,10.343078,10.67296,9.844388,0.8285723,1501.8119,399.03583,607.88855,1.2015276,1.0573627,0,0.9999
64438841747360768,55.749067726136026,22.424067531711877,21.407386970466742,-44.390267261350516,7.451832197267993,0.021107519,0.012865195,0.016621763,13.361495,14.181111,12.475371,1.70574,1502.9839,374.8773,582.55176,1.2929494,1.0982671,0,0.9999
64642801154268672,55.355615544447744,22.548726260993725,21.130083979586356,-44.50126629460796,7.301884780583152,0.044404972,0.029709408,0.035308156,15.303823,16.697529,14.142603,2.554926,995.80426,134.98462,279.57584,1.4274944,1.0215476,0,0.9999
64665203703566848,55.18006539676142,22.83147815980321,20.699290987858724,-44.363767855385284,7.382203157174722,0.09736094,0.06424828,0.07987329,16.899952,18.733952,15.6202545,3.113697,1046.3552,40.21726,302.07236,1.50194,0.951585,0,1.0
64798038452412928,56.301887263098536,22.69730741222624,19.383744770885322,-46.04101016663466,7.290828186403347,0.06313525,0.053323645,0.05517477,16.174246,17.795897,14.936455,2.8594418,394.75406,80.233696,169.37828,1.4790772,1.0635617,0,0.9999
64905618794174720,56.703355129215566,23.06855140288392,20.84081773712675,-45.29591983791391,7.2387256119114145,0.054025363,0.034456056,0.042743936,15.04029,16.36881,13.89092,2.477891,784.63684,149.81984,231.31174,1.4266105,1.2245486,0,0.9999
64928674178659968,57.38409775234471,23.271498869578785,20.4549652303075,-44.87002052000801,7.354278323471858,0.113565266,0.083096094,0.09994091,17.513542,19.414448,16.219572,3.1948757,864.2617,28.753109,195.20697,1.5120416,0.9231417,0,1.0
64940906245415808,57.0868319876062,23.421039463726608,19.695020996577448,-47.112981495474266,7.690936370750085,0.11235742,0.07671501,0.09853769,5.428299,5.3935294,5.460636,-0.067106724,1330.8005,970.91486,434.42514,1.1574004,1.0705914,0,0.9999
64959662365552384,56.78069149429426,23.226156744121546,19.295192861656584,-45.43850995081102,7.309612988988913,0.018829763,0.013172669,0.015793763,13.143335,13.889277,12.292398,1.596879,428.78845,111.367805,168.30507,1.2865261,1.0686795,0,1.0
64990586130069504,56.9084671444444,23.46784903102607,21.22160226198077,-44.86687402523243,7.272149432844637,0.018200055,0.014294092,0.016218245,13.113663,13.854302,12.268779,1.5855236,767.11615,184.62706,266.34158,1.2831869,1.1117022,0,0.9999
65084358152509440,55.90259101572706,23.453753860057788,20.104480832584933,-44.02245494436507,7.234753689152002,0.026372368,0.015942927,0.019799236,13.831366,14.762932,12.873901,1.8890305,753.92535,169.35558,264.13455,1.3242091,1.1825956,0,1.0
65153833543386624,55.49459139514297,23.707135284771677,19.953576720669552,-45.7529298125275,7.327419894069631,0.025127687,0.014962327,0.02070901,13.935524,14.910838,12.961369,1.9494696,640.4232,159.35347,264.57407,1.327816,0.98458207,0,1.0
65232105028172160,55.88323532267292,23.673853776513997,19.924954323283515,-45.31810028461178,7.433494730783139,0.07243255,0.0464999,0.05265048,10.641136,11.002267,10.113153,0.8891134,1351.635,366.8094,515.3174,1.2045656,2.9208245,1,1.0
65254576296865152,55.68530669041346,23.970766125807877,19.709346367300665,-45.071551231511194,7.302248027937386,0.122951694,0.08167303,0.09385504,17.378773,19.218224,16.06999,3.1482334,634.08,20.919613,285.26514,1.538414,0.99530447,0,1.0
65292234570088064,56.10725957131531,24.394496851857834,21.95042265441983,-49.20267411149293,8.02785908082978,0.028079616,0.020327898,0.024394251,8.121808,8.253396,7.86998,0.38341618,3104.1682,1710.1545,2419.917,1.1732577,0.9579118,0,0.9972
65297594689312768,56.300399163319184,24.504891296734822,21.22062429230634,-47.34283131249642,7.821509420582805,0.07109062,0.044647057,0.05496826,15.664892,17.160046,14.456167,2.7038784,1217.7087,66.64874,257.22806,1.4644316,1.0649242,0,0.9998
65437644983224320,59.11726653104686,23.150073028495136,18.51543341545685,-45.74470912887277,7.364247553292616,0.026059762,0.016157525,0.022099156,8.301424,8.425534,8.056978,0.36855602,2966.1309,1235.2775,2263.986,1.1741012,0.99234116,0,0.9999
65576011650237440,59.73770918944594,23.708534844803808,18.616198737328062,-47.11539738759346,7.651702794399829,0.036338758,0.019324226,0.025881091,14.5667095,15.778492,13.470258,2.3082342,736.4597,165.70822,310.63766,1.3931108,1.0730697,0,0.9996
65641913628380288,58.48872630466153,23.34510508446438,20.241861013349848,-44.2704168471072,7.415902960434853,0.033256494,0.017818497,0.022449233,13.549343,14.446805,12.603915,1.8428898,1538.0026,355.48453,558.3389,1.3228128,1.4253517,0,0.9998
65680499614460800,57.989007972376015,23.3392212985117,20.844310650459583,-46.48490377044484,7.484240264221193,0.018879486,0.011128478,0.014865068,12.713165,13.387769,11.922517,1.4652519,1006.3319,260.382,500.63904,1.2615175,1.0727754,0,0.9999
65768151306811904,59.40037575316987,23.931010203419202,17.884139658201775,-44.06644028532122,7.174693891962564,0.030661702,0.0158881,0.02219552,14.006242,14.995607,13.01508,1.9805269,986.4529,247.97758,359.2596,1.3403171,1.0888538,0,0.9998
66452734735432192,57.493149308189984,23.70921379286682,17.403520565966943,-44.874753299167956,7.272111078001381,0.038068987,0.022438964,0.028765585,15.160209,16.501139,14.013567,2.4875717,1207.5775,192.29916,424.51035,1.4211419,1.0517503,0,0.9999
66483795939004416,57.9931707213807,23.97188582540666,17.542877824267492,-45.79189088058622,7.323122391078233,0.072093345,0.05193153,0.07445583,16.654318,18.378128,15.400385,2.9777431,1292.4056,53.322865,415.02985,1.484167,1.00307,0,0.9999
66521381194879232,57.055515054741626,23.97951838435878,19.656892472424325,-45.83816214998953,7.547372277549449,0.0707115,0.047198564,0.055892754,16.340902,18.059566,15.072655,2.9869118,1087.4064,44.704674,369.52905,1.5026007,1.0021007,0,1.0
66715105696289024,56.837760020213594,24.116067483641807,20.344160878448307,-45.07643568357508,7.199902345703015,0.06873804,0.039935954,0.059760366,6.29883,6.2923536,6.2829795,0.009374142,2763.9368,1186.5269,750.9682,1.1566814,1.157944,0,1.0
66720294016753280,57.105228216586056,24.24035732523089,19.544149379685106,-45.67771758535453,7.468686984212161,0.13893892,0.08344876,0.09511523,16.058432,17.849825,14.75069,3.0991344,382.73785,86.22327,175.64734,1.5430965,1.9730395,0,1.0
66763965244167808,57.08979895346553,24.578586778083682,18.457817188300933,-45.79389190581427,7.302744961813066,0.09854259,0.07515998,0.08917098,16.977882,18.668314,15.698369,2.969945,674.7513,21.793554,193.57474,1.5206436,1.0157425,0,0.9999
66783584654831872,56.61261347529189,24.45374227557123,20.29794758999426,-44.70787539997106,7.203917977597592,0.06656982,0.038316905,0.043916557,15.896999,17.473085,14.669244,2.8038416,875.0629,68.1711,205.34564,1.4739466,0.98888147,0,1.0
66838452861270272,56.661659316992534,24.959436887087797,20.610307326877866,-46.954463131057246,7.4069576100515615,0.01891045,0.013955429,0.019041356,10.10806,10.424523,9.622222,0.8023014,1436.1488,476.799,689.6016,1.2003425,0.9594057,0,1.0
66808869124393600,56.65748307121974,24.747477728499646,20.422639395318274,-47.62659983841286,7.632741644567266,0.01794227,0.0128416065,0.015386245,11.587448,12.0581045,10.955926,1.1021786,1377.9381,568.4515,662.18646,1.223162,0.80998343,0,0.9999
67349764424286848,57.989753122470326,25.808514833665072,20.468619714294732,-48.884779704390716,7.9065653876327495,0.07272028,0.04624572,0.054756448,16.227058,17.926008,14.971893,2.954115,1046.6359,132.54083,392.59494,1.4891175,0.9931832,0,0.9976
67411989910269696,58.38073335039643,26.527878507511392,19.15050434315496,-38.05609908255969,7.630436560311867,0.13611896,0.10463479,0.11017197,11.553272,12.087464,10.845802,1.241662,958.2599,274.82523,459.34372,1.2510033,5.1927958,1,0.8795
68303728198686080,56.079500230471574,24.5882578307589,19.376287909920762,-45.97903948741636,7.293191575999419,0.07326407,0.050253753,0.05885268,16.39733,18.074743,15.148664,2.9260788,901.6626,60.86988,399.04623,1.4841709,1.028139,0,1.0
68323966084583680,55.800589547384604,24.745746758247314,19.59711686499867,-46.91534249809131,7.278881418037203,0.05361414,0.03816795,0.04321329,15.649356,17.35604,14.392746,2.963293,1193.2596,108.33722,429.92737,1.4898211,1.1202147,0,0.9999
68348155340347776,55.10089179724542,24.584305576488273,20.815545173730907,-44.23701968914629,7.297294496883986,0.041291665,0.034465026,0.03370392,15.177081,16.503788,14.042981,2.4608068,1042.473,189.66612,474.28973,1.410023,1.0474195,0,0.9999
68395606138958592,55.405307633174154,25.14226701996682,20.633050296957002,-46.288960282882016,7.523789987380409,0.123145945,0.07442061,0.080523804,16.7538,18.569962,15.48779,3.0821714,877.4162,48.211983,207.70395,1.4870228,1.0201783,0,1.0
68468203969427200,54.4480325877061,24.89598496190662,19.984505583113126,-43.851144321919904,7.0344918820298545,0.1138158,0.08905511,0.0887061,17.405783,19.346193,16.118494,3.2276993,805.0026,23.245707,234.78156,1.4990344,0.9480529,0,0.9999
69409424578948608,53.959615743325756,25.705589938566387,21.81493534990031,-46.01428877911761,7.363656223642926,0.052530143,0.037720334,0.04973439,15.8458605,17.43449,14.623628,2.8108625,847.80096,88.70735,359.30322,1.4653797,1.0260402,0,0.9998
69823940463098752,56.11385520616843,24.84375697029257,20.676889317311133,-48.98876814771033,7.503301131440386,0.04351407,0.02707708,0.03400921,13.280735,14.289417,12.280123,2.0092945,994.11884,235.36208,477.68756,1.344345,2.5674646,0,0.9998
69834282744302208,56.262098904649356,25.088651762657655,20.68709891680141,-45.78757340549822,7.392752847218599,0.08032427,0.059337232,0.078041255,16.973806,18.847755,15.675518,3.1722374,670.19836,35.696358,257.832,1.520729,0.87161964,0,1.0
69872044096705664,56.496515250865976,25.39839015777669,20.318909900230626,-45.41323411860892,7.412431557949202,0.03532415,0.025309471,0.034260195,8.016677,8.108076,7.830856,0.27722025,3202.1094,1624.5548,2136.7544,1.1661739,1.3044506,0,1.0
69878503727603072,56.009591673177034,25.064755191892758,20.525841511035054,-44.50217440357429,7.472112695373374,0.033756092,0.02496152,0.026407745,14.705767,15.935193,13.608971,2.3262224,1549.8665,263.4157,589.8829,1.3896475,1.0198548,0,0.9999
70114039734416128,55.52034957514179,25.66308487679759,19.61186381623379,-44.44273913200854,7.183251797456246,0.043620143,0.031656902,0.040552836,14.559706,15.952679,13.390611,2.562068,1368.0878,249.43837,593.3117,1.4365585,1.708634,0,0.9999
70180216590377600,54.991109086565196,25.924761014624796,21.07126951839483,-47.354060674171215,7.670244565641674,0.117035866,0.09552685,0.11019721,17.592936,19.655966,16.2685,3.3874664,487.87607,30.276928,133.37114,1.5340197,0.9982637,0,0.9999
64964717544035200,56.63706230536038,23.305130986179122,20.539250037585216,-45.044832979748406,7.4331628168469965,0.025057968,0.017550686,0.021423005,14.018696,15.027586,13.016451,2.011135,512.4745,108.60437,177.51509,1.3458815,1.0649348,0,1.0
64967603762044928,56.78974161914069,23.43215484093026,20.74313458821348,-43.89561580660229,7.306142286619532,0.09041365,0.07165507,0.08113765,17.04237,18.83467,15.771289,3.0633802,827.2305,38.87289,304.73874,1.4963729,1.00177,0,0.9999
64977705525131904,56.64730542253092,23.41153106180494,20.296996397713922,-44.83110777745387,7.223361814603207,0.025167681,0.01568919,0.018994845,14.081177,15.108032,13.074501,2.0335312,914.6755,222.47977,408.1473,1.3455156,1.008254,0,1.0
64985127228608128,56.61581566561294,23.592514924329777,18.427570634978657,-44.855479132862804,7.350579885028082,0.019042322,0.013261496,0.016052943,12.563813,13.306281,11.721897,1.584384,256.3414,73.83236,96.358635,1.2800683,1.177594,0,0.9999
64990349908937984,56.86723342159842,23.44802253199141,20.033422449529546,-44.36039825874826,7.190891560508792,0.050190408,0.037411034,0.046991937,15.722567,17.261951,14.517586,2.7443657,1211.8425,191.15034,714.80304,1.4527149,1.0598742,0,1.0
64990792288875264,56.900223814089344,23.47393838707442,19.302490159035983,-46.086822658837626,7.548538567542814,0.11040373,0.090910785,0.10260747,17.404692,19.282608,16.104057,3.1785507,747.89575,35.88687,225.45522,1.5232676,0.96674895,0,0.9999
65010549138050944,56.80648230098543,23.714085620776036,19.730513631399994,-45.608867809732224,7.417636325472424,0.016473472,0.011239885,0.013752326,12.215946,12.771295,11.5096445,1.2616501,891.3558,272.6311,340.2128,1.2415788,0.9788415,0,1.0
65030344643851776,55.74682843323108,22.90070615626523,20.034495687043652,-44.54995557137322,7.734497657711125,0.059686117,0.045194533,0.04967568,11.829097,12.339624,11.159572,1.1800528,765.57825,223.2231,302.3142,1.2330362,3.241516,0,0.9997
65181527493208192,56.1322400085094,23.59042529757861,20.500960783305388,-45.03641678694634,7.24946466059114,0.060457066,0.04024333,0.047923893,16.055323,17.659685,14.835887,2.8237982,793.0821,73.857124,240.93648,1.4596266,1.0818568,0,1.0
65244646332548352,56.19731354525086,24.01033845340132,21.900339063891042,-46.777033740533184,7.65386834667479,0.06462596,0.05193993,0.060252145,16.130625,17.692402,14.900802,2.7916002,916.5656,48.13144,544.5161,1.4786856,1.1976473,0,0.9999
65254851174771584,55.667685545091004,23.98916056381108,18.058163125459576,-45.4803497493351,7.3539402591229175,0.049553424,0.03195029,0.038288992,14.815301,16.166859,13.669749,2.4971094,1000.11316,204.64842,418.75323,1.4178727,1.4341736,0,0.9996
65309100904545280,59.04641371219317,22.22098311857347,21.68047865362612,-46.55359218256474,7.608196881475199,0.02535697,0.017475659,0.02024061,11.319914,11.763476,10.694428,1.0690479,2257.7974,1031.2859,1131.6028,1.2308666,1.0913528,0,0.9947
65330099002345216,59.024307561150344,22.439264785850384,20.369792737524676,-47.36402848117112,7.750298936212662,0.017878473,0.011793038,0.01664551,12.854562,13.591151,12.013043,1.5781078,1275.5345,404.27026,523.5562,1.2817206,0.991129,0,0.9996
65800930496992512,58.61658885428691,23.835174746032443,19.62306986735035,-47.43860470284522,7.622049546859551,0.017764907,0.011759509,0.014963847,12.519773,13.333003,11.633076,1.6999273,741.0565,181.23157,283.58972,1.2954628,1.0911793,0,0.9999
66481837433947392,57.87484201908012,23.899035571281136,18.763216353022994,-45.89026741192703,7.49850135876853,0.029313238,0.018829305,0.024634525,13.02816,13.758848,12.188227,1.5706215,1040.8556,261.15765,382.1344,1.282393,1.2987894,0,0.9999
66499154741977216,57.369857594799285,23.71197964151732,19.93578510797832,-47.44869758218731,7.588656285513702,0.031842794,0.020787772,0.023767032,11.176867,11.592295,10.593778,0.99851704,1576.7458,573.91895,865.06067,1.2148407,1.4216604,0,0.9999
66542551091588352,57.82952312547876,24.170125158790004,20.71478716149459,-48.224630468574475,7.705673625166558,0.032383334,0.021176737,0.029058678,14.994947,16.342287,13.846723,2.4955645,2129.156,280.65582,648.9875,1.4216652,1.0737038,0,0.9998
66702048996405632,58.35214695354688,25.03513354258102,19.219973089193786,-46.07461645091544,7.458047576791752,0.08531357,0.055925183,0.07595035,16.605087,18.513653,15.3094225,3.2042303,1251.6528,50.239082,508.71118,1.5133203,1.0633842,0,0.9999
66711532283494656,56.94067213271087,24.093478715572004,20.163471457940336,-43.67557168646647,7.361301794834977,0.07229964,0.046178002,0.058309663,16.304049,17.939493,15.056418,2.8830748,442.48694,38.67135,141.1069,1.4890028,1.0365573,0,1.0
66730120901930240,56.91832612972476,24.3017365454314,19.474561447511093,-47.06906627807897,7.389580808289402,0.04197236,0.022896474,0.029747551,13.26761,14.080364,12.376759,1.7036057,922.9969,224.3229,382.92627,1.2992648,1.7493252,0,1.0
66867800374681344,57.849636200471934,25.097804937613382,19.06011331005313,-44.90507734289051,7.28649632525377,0.042049922,0.024295809,0.03336538,15.381897,16.772404,14.222671,2.5497332,2319.4824,266.59598,879.8272,1.4258366,1.0132973,0,0.9999
67376633739588352,58.055037824314425,26.19580073198191,20.903516055779033,-48.4933467844087,7.886466684738685,0.039936475,0.029102657,0.03711296,14.856225,16.162073,13.723164,2.4389095,1337.7902,301.26614,546.7618,1.4130236,0.9956856,0,0.9955
67011767677005568,58.9952426762697,24.960950425971305,19.722560164882047,-46.07107457124233,7.650775254822233,0.061512515,0.040995877,0.052186627,16.17624,17.998787,14.887779,3.1110077,1271.3164,94.743034,760.8894,1.5144482,1.0511391,0,0.9998
67069835634816896,58.74187604266361,25.24127596267843,19.534612737435197,-47.54001042641008,7.530544181332642,0.054554682,0.033273906,0.04237989,15.76675,17.291077,14.562909,2.7281675,1265.9104,95.33352,523.1608,1.4538296,1.0616418,0,0.9998
67832346947351424,54.046206014769425,23.806258139558725,21.5121934352566,-44.74466594862251,7.317767257828139,0.12973557,0.08391724,0.093787715,17.240038,19.187365,15.938464,3.2489004,572.3648,25.643806,282.93524,1.516512,0.99358135,0,0.9999
67998201404864896,53.17636721373867,23.56656052165308,20.55044920727818,-44.62603258252215,7.255933297286534,0.09693969,0.065015614,0.07610268,16.64228,18.496355,15.344315,3.1520405,1057.889,56.05069,482.36154,1.5227023,1.0198,0,0.9994
68168419548529920,55.38009303304036,24.056737099413954,21.791897434074126,-47.60378586437923,7.859621346068521,0.116042465,0.07808543,0.09089395,17.14373,19.0137,15.843956,3.1697445,762.9169,38.93344,238.56947,1.5231067,0.95180583,0,0.9998
68174191984522368,54.92806066590466,23.9075504224956,20.454982963912418,-45.01606595633935,7.278890838079187,0.06456959,0.045712125,0.060484666,16.293001,17.99997,15.043575,2.9563942,889.6686,84.47583,284.15753,1.4809496,0.97891575,0,1.0
68322454256073344,56.04572406548333,24.812595170028413,19.086552281373905,-44.398418532675215,7.343438733418157,0.14110725,0.08260158,0.09575198,17.02367,18.730904,15.755831,2.9750729,786.45685,29.68542,238.76178,1.5036676,1.0472443,0,0.9999
68385057699293056,55.44626583439135,25.005925970991548,21.94049449150483,-45.30677967389685,7.513350192405816,0.142432,0.091301635,0.10472093,17.05122,18.9107,15.770191,3.1405087,773.42566,23.77357,262.31155,1.5005134,1.0248156,0,0.9999
68390417818463872,55.61508149875522,25.046828247599056,19.37116282424195,-43.26684972856321,7.132319559813701,0.020264031,0.011951237,0.015758917,12.376555,12.961727,11.653043,1.3086843,528.50934,146.59914,213.46147,1.2426875,1.0151106,0,0.9999
68444878003882240,54.73703549837036,24.56961635010271,20.161375137724104,-43.46365281158042,7.1600478835138714,0.023409324,0.017420135,0.02113173,10.378874,10.706098,9.886065,0.8200331,1079.3024,310.06982,418.33612,1.1992414,1.3256876,0,0.9999
68580530251050496,55.12993085335749,25.14789552456778,20.726510209230415,-45.33855574139786,7.210110645661859,0.068035446,0.042451378,0.0570698,15.709093,17.479498,14.430606,3.048892,989.62213,123.10208,310.28833,1.5084958,1.2708517,0,0.9999
70028170451469312,56.84109229961472,25.897739265702654,20.30233114114823,-45.190117254010005,7.171909892274891,0.023567459,0.016276434,0.024377132,14.385638,15.504047,13.333762,2.1702852,1272.945,223.54837,398.04236,1.3679625,1.0687273,0,0.9999
70037795475083008,56.46921136036221,25.91649075166607,19.50747216059418,-44.04160172413718,7.026509807199092,0.068441264,0.04709239,0.0538138,15.976979,17.80753,14.691559,3.1159706,816.1058,57.61161,324.49042,1.509598,1.2229246,0,0.9999
70121805035254144,55.51973531138045,25.885673026076415,21.057609030003384,-46.89673268846661,7.455247491858338,0.018350184,0.013836534,0.018205592,12.406143,13.022924,11.657304,1.3656206,969.535,295.58817,376.8642,1.2498915,1.1817119,0,0.9999
70271854012150912,56.59895767544121,26.57294021230501,19.271354975378042,-46.89144701804662,7.5285681732913465,0.08721272,0.061818425,0.07461423,16.846046,18.656174,15.556267,3.099907,635.2949,43.46736,271.45007,1.5176822,0.9961032,0,0.9998
67878663874731136,53.03286449262046,23.232426220974702,19.906129194404684,-42.53063851459348,7.168445713233685,0.057652894,0.041712355,0.05081612,16.109005,17.726307,14.876077,2.8502302,584.7025,52.009987,201.88951,1.4738487,1.0598495,0,0.9955
68045583484082048,53.747213282087124,24.204450225543543,21.451778956632786,-47.10639467240646,7.68455152950898,0.039265398,0.025227448,0.025492858,14.544645,15.738517,13.461346,2.2771711,1149.2572,240.46344,477.37036,1.3831475,1.0937629,0,0.9997
68051390279853824,53.00208374666953,23.774632460225945,21.20277000555796,-43.6911735947082,7.235450067120952,0.024013784,0.016867405,0.021921758,13.306072,14.098605,12.434976,1.6636295,1108.2773,300.9852,436.58054,1.2884746,1.0691359,0,0.9996
68317746971945600,55.790706645435954,24.692313965602015,23.19264487837735,-48.13535947272742,7.679550128235233,0.0837679,0.06325639,0.069790594,15.114011,16.56693,13.933933,2.6329975,1050.5337,207.90761,563.5658,1.4383205,2.3706741,0,0.9965
68334617603435648,55.108750574368074,24.536815987967344,19.971630261050457,-43.825132036868666,7.032958583674125,0.094368935,0.07680385,0.07951452,16.925804,18.581059,15.648413,2.9326458,954.48425,25.531366,265.74255,1.5230078,1.0286589,0,0.9999
68828225308044288,52.79708332251263,24.23216315320277,22.44063565714777,-45.8687406751457,7.643891289964083,0.120318964,0.10301792,0.10531761,17.328482,19.207443,16.032202,3.1752415,725.0116,43.106773,241.22044,1.5175638,1.0487056,0,0.9991
69400010010608768,54.35069069014938,25.72212307884839,21.76066343425471,-46.73333001453739,7.520010336377549,0.032506853,0.02275186,0.025618864,14.538095,15.720887,13.460749,2.2601385,965.99866,210.65802,404.11603,1.3793825,1.0996279,0,0.9999
69643757994608512,52.8902143995713,26.26527824861099,20.649001170736575,-42.10365018523661,6.923330166710761,0.018422687,0.013549423,0.017580057,10.579699,10.931972,10.059653,0.87231827,1127.7421,337.15378,470.4274,1.2038399,0.93908703,0,0.9886
69942515919994368,56.13788197135758,25.752519740211472,19.71595980126822,-44.83680822050025,7.149068071202813,0.08496714,0.055149734,0.06229673,16.459324,18.192596,15.194916,2.9976807,1195.6643,59.913105,355.24036,1.4958318,1.1406668,0,0.9999
70097581419826944,55.68259731255876,25.534924792183052,20.132943253920264,-45.387221011575406,7.281823665960581,0.0423813,0.03426891,0.038002826,15.527512,16.979176,14.344953,2.634223,960.4249,134.15791,227.40283,1.4413964,1.0474272,0,1.0
69854348831573504,56.725205994094026,25.24564655686341,19.379964752822495,-43.662358221933445,7.177210726519302,0.036323443,0.026946051,0.033257093,15.038713,16.35539,13.906964,2.4484262,1009.8389,175.57555,347.96964,1.4094179,1.0530971,0,0.9999
69859262274067584,56.488752041634456,25.186715223759276,20.310408127342875,-46.486362488187424,6.994303778369079,0.08440428,0.06075682,0.07768422,15.265581,16.814035,14.050293,2.7637424,1348.6952,165.23856,428.2345,1.4634352,2.523059,0,0.9996
69889876800977408,55.98631467387493,25.26208174501833,19.99247462636992,-45.783661946124276,7.4793004006386585,0.03125465,0.02348408,0.02723052,14.827288,16.074652,13.722268,2.3523836,925.6491,180.33159,451.15308,1.3946056,1.054227,0,1.0
69932276717968512,56.125404530638,25.596210762222004,20.052721267974036,-43.57713254051983,7.110221839905991,0.02601652,0.018019004,0.02098068,14.340455,15.43668,13.298849,2.1378307,765.3048,169.38817,304.10208,1.3628641,1.0751115,0,0.9999
69968113925681408,56.88781044276308,25.638312433124966,18.80303468296861,-44.158558927294074,7.160889198044508,0.07605813,0.05204141,0.06340412,16.606457,18.404358,15.329647,3.0747108,805.24786,55.57061,336.64722,1.5028346,1.0144483,0,0.9999
69988489250631680,57.33572618441402,25.81781951369322,19.652589032555056,-47.62953161731615,7.747734110425985,0.018518,0.012593997,0.017780812,13.315139,14.14078,12.421041,1.7197399,1781.3333,403.49863,645.00616,1.298081,1.1851069,0,0.9997
70044456967585280,56.54213467684923,26.002372396199018,19.887445049674827,-45.07304476306744,7.082930667980825,0.115826905,0.09111679,0.102562375,17.3328,19.229149,16.040962,3.1881866,610.2759,28.116108,171.9501,1.5098509,0.9596296,0,0.9999
70200935512668800,55.4953184075574,26.205753750089364,19.524101171738504,-44.17768915147208,7.042131602648405,0.05992522,0.037627,0.04379681,15.668273,17.172287,14.480289,2.6919975,833.7445,130.60756,399.0552,1.4386965,0.84203464,0,0.9999
70252681278085376,56.064126288551066,26.331020873579526,20.03882786956428,-44.72280594741012,7.252740248540545,0.018502748,0.014305511,0.018496506,10.86981,11.24702,10.3244095,0.9226103,1357.0072,425.18378,585.99005,1.207992,1.0061343,0,0.9999
70948534699826816,54.94599529040383,26.35383893121537,22.460803636010063,-48.93256705363639,7.870925036200136,0.09306584,0.06381396,0.07438676,16.685457,18.449652,15.421692,3.0279598,945.68774,64.542336,231.42845,1.4909084,1.0034993,0,0.9997
71723862196809856,56.41992682270785,28.5348260802802,20.092324614604756,-44.75132515029033,7.296692331701131,0.13042443,0.09337024,0.12591994,17.320017,19.329128,16.009106,3.3200226,794.709,28.639734,191.70045,1.5218916,0.9263265,0,0.9854
70077270518065920,56.84147827794629,26.379668527819774,20.679228201590327,-46.724756753276054,7.535994762888507,0.074692756,0.0537753,0.06226473,16.477106,18.169495,15.22555,2.943945,776.18744,85.07314,245.66849,1.4855978,1.0492511,0,0.9999
70088819686490496,55.514307769936835,25.377406685532065,20.091908702629333,-43.879916969071864,7.205722816295625,0.10274602,0.073885225,0.082705356,16.582438,18.440619,15.2720375,3.168581,659.3482,48.242893,174.1541,1.5382267,1.4618703,0,0.9999
70123003329050880,55.93374708446591,25.66362571551907,20.666605995135242,-45.993050326798866,7.663925692212121,0.13380933,0.09666007,0.12597662,17.194893,19.022488,15.906257,3.116231,828.27386,44.384953,257.3447,1.5140421,0.95341307,0,0.9999
70189837317110016,55.04559055682499,26.11121030197882,20.132120655612773,-43.72299645323373,7.124132246599021,0.08588973,0.06576003,0.07682649,16.743217,18.519104,15.480249,3.0388546,969.8715,52.312763,309.36142,1.488388,1.0204114,0,0.9999
71078483230315520,55.45026051976445,26.78898039284342,19.9940766390579,-42.88747302013654,7.0688004637267365,0.04138838,0.030969795,0.039914027,15.581441,17.024462,14.404604,2.6198578,1116.27,149.0092,390.74518,1.4363441,1.0192645,0,0.9997
71161771235981312,54.95066129651742,27.189358701917822,19.866940764230577,-44.06275743425881,7.2850501607867075,0.048587963,0.03687296,0.04997279,15.792248,17.337326,14.587102,2.750224,575.6342,76.720634,221.98265,1.4519908,1.0180703,0,0.9998
117672075163287680,52.236369577803046,26.3084164476805,21.945139724400903,-48.269579564828305,7.691363749038779,0.026757408,0.02466798,0.020366179,8.330847,8.475356,8.050642,0.4247141,3544.4976,2120.8088,1805.8385,1.1797131,0.8186767,0,0.9515
70150357977789056,55.85925726123208,26.04171814484886,21.04499085890347,-46.57714171018587,7.531798746166224,0.055109035,0.03303694,0.041320127,15.682308,17.204485,14.481427,2.7230577,663.4363,67.76442,246.99698,1.4507099,0.94088715,0,0.9999
70248180152474368,56.139657902588276,26.24796151677609,19.901138058326865,-46.30616846389316,7.50696631904469,0.093992345,0.07340323,0.07610059,15.680851,17.244375,14.431259,2.813116,557.50903,68.693115,278.57483,1.502417,1.9050993,0,0.9999
71216093982249984,54.29996930888751,26.77452362874685,20.566766857740184,-43.83094889305366,7.088259937260913,0.103877686,0.09450877,0.08305905,16.33459,18.170502,15.038034,3.1324673,1084.3914,71.52906,511.75092,1.5231122,1.2821684,0,0.9997
71377000637253504,54.53880339484619,27.58579159818083,18.96723920566573,-43.568620731763,6.871714596684697,0.086118095,0.07122501,0.08208116,13.340695,14.153747,12.429626,1.7241201,1050.1376,537.05414,902.9368,1.3171442,5.0140324,0,0.9945
70457671479120000,57.17979485408404,26.539025300249094,20.643104101937567,-46.2689615978846,7.610695564329927,0.080021776,0.045051213,0.059812795,16.297382,17.962172,15.044213,2.9179583,507.7279,56.943916,202.52492,1.4915078,1.0172153,0,0.9999
70506874624338176,57.5888930696333,27.144168695097836,21.22534972506798,-50.400937262889755,7.944592162128189,0.035088014,0.025365554,0.029226264,11.134379,11.559371,10.543562,1.015809,1758.2698,832.67175,1090.4497,1.215647,1.7505903,0,0.9089
71042439864623104,54.826330715713276,26.793219430085944,20.26272089965141,-45.49681699821517,7.363458335150091,0.02293483,0.015724605,0.019031681,13.478973,14.311723,12.58259,1.7291327,784.42224,182.59792,281.38992,1.2978903,1.1605082,0,0.9998
71452282823829632,54.44623904090004,28.06581746261885,19.618411901195262,-44.53262657421513,7.1608171019248354,0.01989182,0.013464155,0.016949562,12.913839,13.608438,12.110759,1.4976788,946.55817,229.97058,352.24048,1.2644489,0.8922417,0,0.9987
117857755189714048,52.86140388881814,27.326560052838527,21.026228626793408,-43.59574602120835,7.205455854683533,0.044862874,0.036554288,0.05196204,15.543323,16.983023,14.37014,2.6128826,933.49927,146.9035,427.5231,1.4327494,1.0961264,0,0.9971
70125000491024128,55.95431715608065,25.729411137159918,21.27076048171719,-47.76507840699674,7.513559806401316,0.01936811,0.013815187,0.016861212,11.733715,12.225448,11.079909,1.1455383,1087.3934,291.08908,389.8944,1.2297403,0.9764908,0,0.9999
70426507196531456,57.79406565213057,26.58748706098972,18.033601337177487,-44.10886014640896,7.007297483928808,0.02076949,0.0129112005,0.018755283,13.456802,14.265801,12.572135,1.6936665,1034.7678,261.25677,418.63483,1.2950239,1.0676464,0,0.999
71021927100882560,54.40012598188154,26.546680445444792,20.966945823907082,-45.68616378212249,7.385659108154691,0.025984513,0.020174209,0.025470547,14.186597,15.280375,13.142597,2.1377773,1238.0177,320.90585,585.19403,1.3658859,1.1519417,0,0.9998
70072773688658432,56.87751552406311,26.278915634638096,20.972828410771882,-46.211325096638944,7.392871542707543,0.054147717,0.0400052,0.05059735,15.803625,17.322138,14.594683,2.7274551,712.8785,69.33347,165.06187,1.4607941,1.1019601,0,0.9999
70310027681371648,56.198357750372296,26.600591419395265,18.184316478525954,-41.76124647619076,6.561997163672969,0.021088917,0.01512425,0.019722363,13.87592,14.75958,12.942434,1.8171453,415.9822,110.148125,151.89073,1.3158737,0.9952522,0,0.9037
71404385348752768,55.295733666287504,28.011213358376022,19.93982773250883,-44.7763179046601,7.2422769241224,0.026147887,0.022927774,0.024898821,13.804359,14.908464,12.760579,2.1478853,2122.559,490.04462,913.8529,1.3631569,1.2982919,0,0.9996
69819404977607168,56.33701983849263,24.921874441485695,20.356301638083206,-44.16034359248281,7.31021390474316,0.041903336,0.028513404,0.03550833,8.900821,9.130817,8.51024,0.6205778,3883.7263,2732.131,2911.3777,1.1899511,2.073626,0,1.0
69917635172718720,56.1832111805621,25.4990904084966,20.32485977606972,-43.83160913236325,7.186533778949462,0.017403273,0.013020939,0.015603356,11.862408,12.373336,11.193335,1.1800013,836.3618,227.24612,309.12402,1.2325449,1.022739,0,0.9999
69935162935991168,56.01189022138177,25.656149201293164,19.773088992553234,-46.019073391669544,7.323156582407243,0.018202193,0.01225465,0.016472578,12.610382,13.278322,11.815076,1.4632463,753.9728,201.49396,275.15848,1.2676637,1.196614,0,1.0
70127955428529536,55.77098887380925,25.742928469245964,20.486585613944392,-47.0037030119274,7.525572168680947,0.084156714,0.06652268,0.0775419,16.52787,18.299717,15.255199,3.0445175,902.5229,65.38064,366.24365,1.5010054,1.0766809,0,0.9999
70847512772943488,57.86621334558817,27.982004470341742,19.970007630629105,-49.05173786140405,7.535878473342207,0.14535978,0.09504512,0.11040074,17.718212,19.74596,16.393206,3.3527546,818.0923,24.424759,175.63872,1.5383493,0.9801616,0,0.9808
71262410909499264,54.61277310383993,27.270485345232565,21.25931953504175,-47.13092135712293,7.790099575870124,0.039638974,0.036619846,0.03597186,15.120753,16.50484,13.963917,2.540924,1016.88385,240.86047,459.73834,1.4243386,1.0068603,0,0.9998
71309655549854080,53.59223941697533,27.39583944314935,21.891463550078804,-46.54874486426414,7.570661547950876,0.05601218,0.03909837,0.04085908,15.5603485,17.110104,14.352819,2.7572842,1424.8945,152.46753,512.3789,1.4540464,0.9263791,0,0.9987
71371262561007232,55.012947095024096,27.74031646414061,20.793063975848504,-44.42678960490251,7.166965774617082,0.030841226,0.022327505,0.023452975,9.50426,9.754754,9.089918,0.66483593,2880.6968,1024.1472,1502.3795,1.1923231,0.9874615,0,0.9989
119400851039785600,53.693219395465775,27.925578583449024,20.792045427794903,-44.00750870442434,7.254427847209305,0.04051339,0.035483554,0.03937223,15.407915,16.859566,14.2210455,2.6385202,820.2294,81.75567,282.2799,1.4463744,1.0624498,0,0.9977
71409985986006016,55.06948247876081,27.922631045395285,20.470849451341355,-45.462798240630434,7.450867275462981,0.04839197,0.0389905,0.04135996,15.456091,16.916193,14.271986,2.644207,1397.6809,145.0196,627.5277,1.4417031,0.99745065,0,0.9997
117669120225730048,52.24400231880925,26.303314281086163,22.918569681967917,-48.06806151326341,7.746637116893237,0.048686195,0.042447556,0.042667348,15.73018,17.321363,14.512489,2.8088741,681.4251,73.21603,278.85245,1.4595687,1.0109403,0,0.992
71207710206088192,55.59862400564945,27.765522859590856,19.601585726699145,-44.51953251801768,7.291276211305211,0.06934093,0.053212345,0.06628179,15.927162,17.537584,14.678687,2.8588972,1058.0597,112.18132,356.4166,1.493785,1.275876,0,0.9997
163355546348513152,60.163539103446325,26.73850580231863,18.146826051496276,-45.87143620894411,7.2464846919275585,0.030340465,0.019756082,0.027860321,14.682872,15.917371,13.583852,2.333519,1410.5809,248.84264,539.06116,1.3909276,1.0153785,0,0.9274
70334384440377472,56.267614732161,26.67893635265186,20.27005069560436,-46.1055272257311,7.298202957063744,0.07952121,0.061172895,0.068067715,16.74325,18.510948,15.463856,3.0470924,930.8416,51.719715,260.04092,1.5099909,0.96633023,0,0.9999
70404894921335936,58.05086694633157,26.36901020529036,19.160902473229925,-45.61156928947737,7.54602310802559,0.04528918,0.029814798,0.042776063,15.24355,16.83844,14.014311,2.824129,1056.3809,146.32623,363.05743,1.4728144,1.0936141,0,0.9998
71079441007018880,55.55263764668938,26.829034565564307,19.35806358409925,-43.6276910142518,7.086826200784055,0.07928431,0.05987492,0.08505451,16.544268,18.441143,15.227144,3.2139988,1128.8065,57.336937,305.57773,1.5423849,1.145876,0,0.9998
70158977974956672,55.17747786165172,25.70526832583363,20.785015570847214,-45.87098952659123,7.396323568957691,0.017531838,0.014633431,0.015220846,12.313311,12.895205,11.586379,1.3088255,702.6739,181.44278,277.66653,1.2465508,1.1459452,0,0.9999
70165476262750976,55.168079441605656,25.846594275332414,20.865652578504715,-45.70745967540279,7.256145998522227,0.052784935,0.04256391,0.049516518,16.019033,17.62436,14.792358,2.8320007,818.73663,124.42966,365.13144,1.4681368,1.014686,0,0.9999
70356580830628864,56.02056349331565,26.96946450921715,20.58947399635434,-45.55254574314508,7.474264263220654,0.13269654,0.08265476,0.09915172,17.315113,19.266893,16.001133,3.2657604,824.4941,43.703197,249.5951,1.5320572,0.95486456,0,0.9999
70493268167993984,57.409403943429396,26.851435079305364,19.59946001609844,-45.50857523991807,7.310328046118832,0.05616553,0.0400625,0.05131594,16.096619,17.713236,14.864273,2.8489628,957.6805,92.59078,357.2334,1.473249,1.0729588,0,0.9998
71202831123254272,55.411707788725614,27.68522168606013,20.869626967712644,-46.25582975115407,7.467684852008185,0.046356555,0.027821152,0.03375415,14.819542,16.198946,13.666117,2.5328293,1829.1604,280.5819,773.8121,1.4213834,1.0926106,0,0.9998
71351883668034048,54.1695397555478,27.832176380231715,20.552926798386167,-44.26645874659062,7.215441805135176,0.019251214,0.01395213,0.0170575,13.412615,14.233804,12.523065,1.7107391,686.85486,182.03871,265.36243,1.2954656,1.0521535,0,0.9992
71917685480203136,56.27610473519979,28.705187736051442,20.28307911103538,-45.40566396107964,7.263388407643078,0.07764528,0.062461197,0.079931766,16.71431,18.460209,15.452663,3.0075455,1037.4269,68.159355,380.44534,1.4907043,1.0685627,0,0.9674
117874110425255424,52.29698668253658,27.16451963527306,20.160861914469375,-43.0666881920402,7.140112943517618,0.117557414,0.095760055,0.1085742,16.671446,18.551502,15.331679,3.219823,346.67096,42.84729,361.05283,1.5741972,1.6285983,0,0.924
69812945346809600,56.29068291043696,24.839057004118633,20.218136384021552,-46.12398123648605,7.222157170572348,0.06800887,0.043639757,0.055079572,5.6404076,5.600362,5.680828,-0.08046627,1680.4465,830.144,609.3391,1.1580175,0.89882505,0,0.9999
69847610026687104,56.614070394987166,25.13533113169354,20.86626267854035,-45.53996049628101,7.435385667487052,0.020950142,0.016101887,0.020255685,10.402031,10.737002,9.900019,0.8369837,1423.4678,420.31998,584.7777,1.2010677,1.0625377,0,1.0
69877163697813248,55.94994861466845,25.05300565392932,20.977326174300586,-46.051783609112135,7.4822151427087125,0.02610037,0.018499218,0.019924905,13.9155445,14.873429,12.946084,1.9273453,773.68994,202.46703,304.17328,1.3281412,1.1381932,0,1.0
69898294936767488,55.654025634157705,25.23250873853018,19.838197493850103,-44.48416981759517,7.335305240582374,0.13990936,0.10035598,0.12529974,17.410069,19.32461,16.10699,3.217619,646.7751,27.756126,251.879,1.5221428,1.056955,0,1.0
69904101732529408,55.86311858120914,25.387387734138116,20.239121616848287,-44.00363001302027,7.173660816351542,0.02452334,0.01763025,0.020604732,11.151539,11.597602,10.534244,1.0633583,600.9307,211.94678,272.48843,1.2241302,1.0701579,0,0.9999
69906571336964608,56.021340450904624,25.483630341529256,20.772845832208723,-45.66424166197637,7.428714539269931,0.015211567,0.0111265695,0.014240386,12.185305,12.743325,11.477435,1.2658901,1118.2218,338.74078,427.25446,1.2416747,0.98806936,0,1.0
70129913933603328,55.92880322489148,25.86012708831353,22.29745847961557,-48.86914784636478,7.902432717958097,0.13587661,0.091875255,0.10862779,17.34499,19.311802,16.045652,3.2661495,844.37,32.272064,212.35878,1.5114931,1.0229851,0,0.9994
71100404743364992,55.485423565219484,27.049300667730154,21.17369495320468,-47.08196462791402,7.582136892000841,0.09011833,0.069544226,0.09021635,16.844255,18.596922,15.583213,3.013709,881.434,48.38193,252.73633,1.4890565,1.0609542,0,0.9999
71103428400426368,55.471078189588205,27.078469980586092,20.29106205358053,-45.68373385130346,7.352313329316505,0.0958114,0.074047424,0.09685953,16.893152,18.745127,15.606235,3.1388922,742.12933,36.036694,235.4651,1.5088711,1.0431647,0,0.9999
71108440625265280,55.912152687390275,27.01689344109369,20.951342267326574,-45.77451941328795,7.469524192307425,0.18907116,0.12771666,0.13896443,17.805464,19.914368,16.463943,3.4504242,649.99817,21.489899,163.20975,1.552141,1.0361651,0,0.9999
71296667568555904,54.03534672859552,27.342763903700025,21.967444502982623,-47.896541330209445,7.784236871856561,0.025908614,0.021112831,0.022130618,9.215451,9.509952,8.750848,0.7591038,2074.6343,750.0489,833.77686,1.1986619,1.2167645,0,0.9997
70461554129560448,57.051972156311926,26.58360374254647,20.9839848688399,-46.5651161931697,7.582671190496229,0.028171523,0.015705133,0.01881058,13.178868,13.949187,12.313316,1.6358709,965.9204,245.00096,288.63815,1.2909156,1.029075,0,0.9999
70495707709395584,57.526829832795514,26.97174736066095,19.551514295073243,-45.636413127877326,7.469647336402018,0.082304396,0.05677974,0.075587675,16.917927,18.702915,15.639234,3.0636816,829.04895,52.587597,356.82843,1.5068597,1.0062532,0,0.9998
71873842454589568,55.23361984768233,28.727395631145097,19.555723117058392,-42.61715991408225,6.949359923661927,0.031249298,0.020765012,0.024007034,14.348489,15.39151,13.331574,2.0599356,749.03796,167.65756,327.03406,1.3514323,0.96126777,0,0.9083
119520079331712896,54.18390037718592,28.55026280043369,19.719202814314578,-45.515390116502395,7.235639729559156,0.016437244,0.012419145,0.014941996,12.18186,12.759123,11.463689,1.295434,2108.2463,622.0446,840.3735,1.2417576,1.0568128,0,0.9809
