GaiaDR3,Prob,inrt,Gmag,BP-RP,Plx,pmRA,pmDE,RA_ICRS,DE_ICRS,RUWE
45000919277665536,0.19198713004814,"False",17.611864,3.5782013,9.133086440170473,25.40996348976124,-54.738738346662686,56.25604982594,18.86952049516,1.0603918
45022222315428608,0.290942762143679,"False",11.569337,1.1937275,6.924254264562802,18.737526272317602,-41.33948375568347,56.11710344458,19.18481410857,1.0556834
46342250447561216,0.195836909014452,"False",18.535337,3.4608498,8.030700750802009,17.830256729866107,-48.22147052369707,61.44299767813,16.74527097416,1.0542457
46438771249859840,0.203801794316447,"False",13.15469,2.0518959999999997,7.537224708615757,18.629909243496773,-46.34950258885481,61.21804759023,17.46428114179,6.43711
46760305383987456,0.186920743626214,"False",7.63135,0.16588259,6.639446433779369,15.772418547762596,-39.580913709698976,62.20633856559,17.29148291391,0.99743545
46843632046026240,0.183687942189326,"False",11.107249,1.1584997,8.184279839094701,21.003371551714984,-48.986897323862706,61.9751043482,17.84029737967,3.2376015
46888952540781824,0.202548860016962,"False",17.052155,3.0656881,7.173645181415245,15.319111358506627,-43.29572316379176,62.24943726814,17.89473500629,0.9815325
47048106850285824,0.232771902498445,"False",16.066448,2.8103876,7.200826370530528,17.806159233937553,-43.1725373736907,61.52127091837,18.06905405568,1.0918037
47167884897203968,0.1931752539415,"False",14.223634,1.9446526000000002,5.85184302554388,16.057345822838222,-33.389738352975776,61.8135681321,18.54213795127,1.8646793
47422799795696512,0.19942251150601,"False",16.585,3.013235,5.72178697172997,14.104080275581815,-33.4323373105754,64.80875872895,18.05825943694,1.0695462
47436990367843584,0.19942251150601,"False",16.433378,2.9414644,5.6013512816141935,14.04220418157157,-32.31157930535722,65.3963393797,17.85388319213,1.0678807
47508699141782656,0.177371328988027,"False",17.211187,3.1330595000000003,7.798854250145547,17.414940682879873,-47.520194814495134,65.27681362114,18.14762973868,0.95899165
47554363233908608,0.19942251150601,"False",14.1120405,1.8904066000000002,6.107784211144012,14.527747401464485,-36.26539645253039,65.29132462175,18.51141902282,1.0224515
47567523013688192,0.19942251150601,"False",18.576113,3.283268,6.102944541309832,15.032509883073216,-34.64713267448679,65.40524170307,18.74306685978,1.0023679
47573982644946688,0.19382244860822,"False",17.647198,3.3506449999999997,7.79600253944929,17.295110595080573,-46.7753559312234,63.88422426413,17.69775206602,1.0338395
47608342383235584,0.185205922945123,"False",17.350912,3.1681042,5.954180114052295,15.042309729512176,-33.544090833507646,64.43738189821,18.07355873795,1.0577217
47843122475539584,0.19942251150601,"False",16.310568,2.8259925999999997,5.786865082154728,14.94508390304118,-34.17097279509043,64.63456163001,19.21860316415,1.0911525
48450426554549504,0.19942251150601,"False",9.951246,0.83875465,5.915392142939592,15.96802958887002,-33.77107211071325,63.60051705518,18.61544692047,1.0077204
48826223309287168,0.178966235284531,"False",16.350918,2.8316307000000003,5.496186603387091,13.961347518585775,-32.175515886803545,62.36970778987,19.86439111581,0.905568
49084780341670400,0.19500756785118,"False",16.792381,3.4109154000000004,7.02375195404305,16.303771766285873,-42.50629032375347,64.75094750317,20.24016889118,1.1018795
49181812242533888,0.185446504169714,"False",8.524562,0.59096336,5.814147395240064,14.842007678652593,-34.704131603281965,65.87697666452,20.88478461188,0.91426647
49281489842976768,0.194106296958006,"False",15.663829,2.6054049,6.131364506265098,15.077104000444677,-36.74417598208926,63.65469957512,20.41021229318,0.98419714
49809495943068288,0.277758120629184,"False",11.202184,1.025466,7.702740452330175,20.244468955889484,-47.20667174595276,59.45728684853,18.56218163683,1.0752177
50101210121892992,0.282147467976842,"False",16.920427,3.0450057999999998,6.727029048308502,16.66192330896294,-40.40129320885222,59.09976387689,19.39807692355,1.0756081
50217964512932096,0.210262733290662,"False",16.83002,3.2286568,9.361124686416801,21.35008647150984,-56.72247475346193,60.6830624158,19.11040225761,1.0045521
50229028348709248,0.327149286626962,"False",16.651321,3.0455208,7.6830974722227054,19.147251130656873,-46.868132838360275,60.34956501693,19.14215030857,1.0459704
50262116777529472,0.194151641799778,"False",15.520027,2.8446245,7.423727443330983,21.15335664120909,-42.66297091401826,60.97654203648,19.07299588889,1.1085427
50262116775356032,0.226388927102797,"False",10.908913,1.0455036,7.370636664295843,19.07110805665148,-43.212023748477634,60.97297719045,19.07066631309,1.693029
50262185497006720,0.187084386577047,"False",17.194817,3.4340458,7.29778255054888,20.944794603820807,-42.13454096504291,60.96244354646,19.08012628823,1.023714
50429650564234880,0.272915848019389,"False",17.75449,3.3827991,6.9417789988079335,17.141757946567303,-43.37279620017164,60.29654496345,19.40033604295,0.9850556
50443055159156352,0.246529950172202,"False",16.837597,3.3221703000000002,6.660648505501215,16.656471310945356,-41.97371953923727,59.8684839179,19.51132747575,1.2223463
50561458818290560,0.221031454083567,"False",17.553812,3.2717723999999997,6.446037199672854,15.883169176909297,-38.38865685636403,60.76662873077,19.87758402283,1.0229775
50613513821677952,0.219333746901791,"False",15.856179,2.8895693,8.957635217043396,19.933598975266285,-55.67434692428092,60.01358018036,20.03640661284,1.0506968
50613513821678080,0.218542865381473,"False",16.433712,3.0277052,8.944696264830649,20.283508723057643,-56.062752166699745,60.01107622164,20.03486033318,1.0341249
50636255671399808,0.198976881840114,"False",19.54904,3.3174572,7.139846779355697,16.641874277369126,-44.846561703742246,60.35173780321,20.28753568219,1.1561123
50649832062271360,0.301538909089741,"False",14.657105,2.376544,7.5738060432877825,18.444414932070853,-44.64933247830617,60.26727827623,20.37238261481,1.0870169
50691613506647680,0.279551210775796,"False",18.060963,3.3368626000000003,7.414439527141083,20.915866281228922,-44.36526889352096,57.45275630141,18.63644905172,1.1062447
50702299385351040,0.233489849604968,"False",11.108544,1.0623646,9.229631362303287,22.61183934502115,-56.14725666552004,57.96472176891,18.631470861,1.3643752
50706216395526144,0.284431530412551,"False",17.21823,3.1795816,7.941337808681718,20.18113486584316,-46.99992651058582,57.88447801323,18.66604904696,0.9749493
50804377871163008,0.305194883382062,"False",18.803495,3.4662952000000007,7.393642304233989,19.384578984323174,-43.781302347664756,57.62395286763,19.35031196057,1.0374584
50817503291240192,0.23594225826099,"False",19.372236,3.3709029999999998,8.904878424757385,21.90522638080602,-54.670745091817636,58.60267295317,19.10211670838,1.1347806
50856471531291648,0.362593350882885,"False",15.475814,2.7025805,7.5833817908401535,20.109010327184016,-46.486984499728536,58.80686451439,19.50449252218,1.0344882
50870902621391360,0.300290609309325,"False",12.670413,1.5576067,8.856334055771406,22.04903248159549,-53.56802971197764,58.81567399616,19.62934261378,1.1268839
50905056201179520,0.301140261431307,"False",10.32281,0.84440804,6.978051417124353,17.212314082167456,-42.63632292190788,58.00344896751,19.59667781774,0.94717985
50907014706346624,0.30380201290615,"False",16.692387,3.1838894,7.208282851437563,18.666515031002128,-42.220188741229784,58.12729393761,19.67758093414,1.1737031
50940034414875392,0.330909325752555,"False",15.607092,2.625514,6.947715598371501,18.91209979487495,-42.2042994157005,58.37823369974,19.90658528223,1.0877742
50976077779666688,0.362194906092892,"False",12.718654,1.4955025,7.734834945459339,20.827256174385475,-46.69973736930276,57.04311923768,19.30230212369,1.1367141
51020711079738496,0.340354206864241,"False",16.462261,3.0768595000000003,8.056954604505249,21.79046623679743,-48.94241293850868,56.63668941474,19.29162466608,1.0493917
51096508663685632,0.317135686504382,"False",15.652227,2.9428062,8.353525680910376,21.437492645906755,-50.82074663867103,57.83622132465,19.64372689433,1.4696658
51200343792868096,0.373618558341716,"False",18.629,3.512085,8.136098565851022,21.827199259989282,-50.277079232897755,57.64117285125,20.32719325649,1.0195423
51212713298684928,0.313775659504169,"False",16.615393,3.0911063999999997,8.56405281077587,22.22535709848987,-51.779483264856175,57.48371804405,20.38106177042,1.0130632
51257621476724096,0.264791783081053,"False",15.78614,2.7303982,6.5591349132107615,16.496204030964087,-40.28534463327467,59.20821178979,19.93026777417,1.0247711
51284971828429440,0.383981042895216,"False",17.920094,3.410511,7.504703500712224,18.21496912395,-45.31052789028318,59.28591236868,20.1284169385,0.960924
51287273930914176,0.215257296834703,"False",17.722494,3.3951491999999996,7.2744071940638975,20.640145050134144,-42.22603114377187,59.15097440145,20.11843368659,1.0120249
51303388648134400,0.43171144136808,"False",16.368244,3.047719,7.894783333803147,20.075454904271886,-48.07985687773282,58.65845264627,19.90616835738,1.0284839
51307065140124032,0.32578225166204,"False",13.707586,1.8045235000000002,6.674512017135268,17.181990859253933,-40.515385353326714,58.70698572232,20.03748525884,0.9848976
51311566265952768,0.306348831538073,"False",15.969639,2.8561668,8.577486860746532,22.00940742600134,-52.7102667468765,58.97887763799,20.13172628232,1.0984074
51363067217150592,0.396514641731305,"False",18.879303,3.5924606,7.128165599683977,17.90621917364513,-42.536565832307865,59.13974718269,20.55553846878,1.0368637
51365476695288064,0.361196431111668,"False",15.5751095,2.736967,8.126477928333246,20.968668383078526,-48.891332947338036,59.04727946958,20.57482154817,1.1038644
51391418298186368,0.436480217593803,"False",16.838625,2.9978695,7.329226312355387,18.33567571057869,-44.406215339181344,59.53209112589,20.39380158999,1.1058738
51391658816356608,0.387472403721102,"False",16.93339,3.1411257000000004,7.6149442072100175,18.553838418700664,-46.94812143276498,59.49378311108,20.40529738324,0.96483535
51398595186022400,0.237361651376968,"False",19.064245,3.4788989999999997,7.762467469564216,18.683341528625625,-44.0034709596904,59.87260145061,20.57467250146,1.0166264
51408529447927296,0.291197333640481,"False",16.798506,3.043518,6.912601370661832,17.860725353957086,-41.40104824717983,60.19008341114,20.62490184326,1.0563352
51452750431129600,0.213338117114376,"False",9.2854595,0.65637016,7.9110462245232425,22.74195799056848,-48.44079025656568,59.50716024605,20.67658264745,5.79663
51460756250025088,0.480841191202803,"False",18.448273,3.426075,7.274832361141682,17.870145922256054,-44.368710083733816,59.27159729774,20.73776594461,1.1344302
51474495848610432,0.457947916588205,"False",17.91893,3.5393847999999997,7.827978800511402,19.945399868390094,-48.903473936696884,59.40462608488,21.0298658465,1.0333143
51492264130122496,0.440588385562387,"False",17.240238,3.2557192,7.001214847990424,17.23571260205042,-43.00337845806828,59.92782200109,21.20403431294,1.0378132
51493432361309184,0.445858061105128,"False",18.38838,3.4004974000000003,7.715037547657039,19.933050702990442,-47.06057016850064,59.54272897641,20.94866529085,1.0344896
51497864767442176,0.371557249022765,"False",16.86807,3.2207775,7.044820199675307,17.177154945783474,-43.90851366833168,59.46814813376,21.03761161635,0.9890601
51505217751483392,0.471309893916573,"False",15.540366,2.680128,7.953648507920387,20.00452471895728,-48.88991717839807,59.88117801955,21.27163617703,1.0412925
51577476281360512,0.335473543935711,"False",17.918812,3.432211,6.978239021906169,18.827153051510123,-43.886811533189885,58.568140253,20.92982058927,1.0380905
51609980593783424,0.473914321092549,"False",16.612682,3.062271,7.75716693476485,20.15796358354762,-47.18064724107644,58.04683041912,20.87582287037,1.0641127
51616268426009472,0.512969284163132,"True ",13.973773,1.9914875,7.435143270986129,19.851565000781413,-45.52230854873879,58.42931576768,20.83327996686,0.979916
51619120284286976,0.613449397417252,"True ",11.657691,1.1711817,7.312472679577789,19.218960776558568,-44.58412710750801,58.37032575933,20.90716534012,1.294968
51622315739944704,0.394594624518512,"False",16.850912,3.072917,8.29081962283454,21.857845659931144,-50.532820894494655,58.38159531373,20.95729172966,1.0518576
51674920499533184,0.355030255804332,"False",10.8812,0.97218513,8.14863153528414,21.713821129795985,-50.514566511496724,58.88317904683,21.07926915812,1.2542509
51677669278703104,0.472296995849378,"False",15.828851,2.7979154999999998,7.545966627408137,19.28767320228885,-46.822673216937936,59.09302532017,21.12119347943,1.0911435
51681655008229632,0.350291770740768,"False",15.5733385,2.7553263,6.903112509285608,18.13826550652013,-41.37974701686353,58.98985191625,21.17730735917,2.0430796
51693337319356032,0.272596793881373,"False",18.693808,3.8873577000000004,7.871350299247628,17.684837652608874,-47.053162141379005,59.42338944281,21.30421442148,0.97961164
51694746068624128,0.475607698755147,"False",11.235501,1.0230894,7.336126720514977,17.664258010538923,-44.9401682147099,59.59016692869,21.25746893773,1.2471755
51717114258148864,0.193025689641188,"False",15.6706915,2.7192078,7.108004178999307,21.52077849737547,-42.46287562556694,59.31203677755,21.51690519776,1.1736419
51730067879582080,0.218046313752651,"False",14.325708,2.2098265,6.739295486641266,19.17097979510673,-44.53663315183073,58.91469673384,21.27260374153,1.4717368
51742471745296768,0.398412996597794,"False",10.7659445,0.91490746,7.4893189973190175,19.08639497329961,-47.242977939221646,58.61605936197,21.38953569124,1.4724106
51750748145042176,0.336322363748343,"False",17.599648,3.3178883000000003,7.7338647880270175,20.83787039393524,-49.02386920748215,58.76511398735,21.5192294329,0.9937293
51760270089541504,0.478359591951028,"False",17.056017,3.0914402,7.050928928167678,18.148940758511863,-44.07519446975317,59.16155571518,21.58550841575,1.0451274
51761575759616000,0.282484111940278,"False",15.093677,2.8862,7.4021620145014575,19.327569151063624,-48.55931966340614,59.01898059401,21.54496445922,2.7703176
51765595848971648,0.531420486629818,"True ",16.671072,3.0679607000000004,7.2069874816772375,18.315870271139914,-43.954755574556856,59.29092419571,21.6074067716,1.0814058
51781706269632256,0.234073714515997,"False",17.914946,3.1952152000000003,6.34843249622925,16.68247157492425,-39.23192135571094,58.85596789522,21.78077087877,1.0447263
51783737790828800,0.189586003791922,"False",14.118437,1.8220863,5.876640954302683,15.343851424550044,-36.23851441578485,59.03583459533,21.76311581808,1.0527575
51838679011752448,0.26963677623953,"False",16.458685,3.2090855,6.888272097633675,16.398943136759705,-42.3640484174692,62.44007718307,20.07770263027,1.0817537
51861425158394624,0.275647250065123,"False",9.267831,0.6623420999999999,8.110447551707917,18.954933416179053,-49.351713794388075,62.23086766523,20.3857769591,1.0892398
51874997255145728,0.275822825403001,"False",16.370054,2.9549513,6.9440053828541775,17.336758655343207,-42.49283900623973,61.6193270151,20.04364486222,0.90033394
51942307982163072,0.189617796266531,"False",17.272722,3.1741017999999994,5.888309619914569,13.750527686315234,-36.489653678230965,62.68887616128,20.33761573941,0.9533198
51961996112226176,0.208230177092125,"False",16.628199,2.8994236,6.115060282424196,15.370249254642706,-36.54658004559611,62.65452972984,20.58540315143,1.0589244
52035251073077120,0.227068313340886,"False",11.102681,1.0169582,6.576903778352289,16.45001787301847,-40.960279122407634,62.132261706,20.93790726276,1.1633604
52097609703557248,0.278155071805808,"False",14.349607,2.237362,7.898636298743328,17.410358392939486,-48.523018286084444,61.03522267254,20.46912489447,2.464495
52135925109792000,0.25999127293616,"False",17.708714,3.36236,7.632528729919505,17.518105911812672,-45.382571973616066,61.45996719973,20.83291170774,1.039859
52227115854157824,0.212281718873045,"False",15.495284,2.4762802,5.534676300594727,14.459747814171505,-33.855441951581696,61.95456096358,21.01810012715,0.95218027
52231376461738752,0.212281718873045,"False",16.589003,2.935111,5.905926619096327,16.085937209285532,-36.433755234146545,61.73190738945,20.93616493466,1.0663904
52563944368841600,0.176830642681125,"False",9.1234455,0.662858,6.209907125014607,15.89877979717878,-38.62037252564542,64.40390155928,22.25960564194,1.2779399
52599193163867648,0.22778006352694,"False",18.489084,3.7385464,6.937501319368554,16.669656072286912,-42.96677009173728,63.68308132536,22.26121744023,1.0268644
52707671154543360,0.305547648049193,"False",17.973934,3.4719657999999995,7.015277006906594,16.9534899940204,-44.08422446011205,62.16183729761,21.79382914122,1.052413
52781407153818624,0.196037472277908,"False",17.820246,3.62636,6.1093001314379105,15.554536528119174,-36.82701991520213,63.20810305161,22.16590706132,0.99584424
52798204769096960,0.198415086694745,"False",12.946715,1.5566053,6.140650661039762,14.064092090780687,-38.19525158353912,63.19661559382,22.38667546423,0.92631507
52942004571647872,0.181361090123705,"False",15.395482,2.4590607,5.90908972123766,15.075829312142007,-36.574318183554695,60.28773169824,21.12775242192,1.1133963
53014881576687872,0.342704491018351,"False",17.453327,3.1868534,6.9384496930262625,17.51100838196579,-42.90280695646929,60.13999258702,21.45269913101,1.0235492
53029278307021696,0.428705209146861,"False",16.10102,2.8763561,7.473926226138188,19.10429714130666,-45.854030142547465,60.35862100282,21.58559650641,1.0060776
53049516189920384,0.224852069840931,"False",19.086775,3.4297332999999997,7.636665248820317,18.643509711358302,-46.225350887919795,60.44095790018,21.73459210983,1.0663949
53053123965389824,0.212281718873045,"False",18.77828,3.323063,5.81883036655675,15.128299242921765,-33.747578423438,60.56953045279,21.88377077465,0.9926053
53063324509881472,0.212281718873045,"False",19.12323,3.2221450000000003,5.7269953342091275,14.8518558762616,-32.74540952242589,61.09377152322,21.54656375459,0.99173146
53105728725582976,0.338517296114556,"False",14.216793,2.134594,7.335246904574256,18.05306076155001,-46.28939232520592,61.73353518258,22.03444817318,1.1631474
53140397701490176,0.386173468001597,"False",16.594816,3.0386314,7.3079823209062935,18.340497580585364,-45.891860091313674,61.14502945133,22.04606676888,0.9994528
53174379482675456,0.345370612126574,"False",16.657433,3.275464,7.3118246583912,17.188156184577032,-46.42606879718156,61.30723114703,22.30491933601,1.0012954
53206780715340032,0.354029495310852,"False",17.698153,3.8060455,7.74822673052276,18.773077550327567,-46.13475005725437,59.70862006322,21.61455973166,1.0660092
53212205256173824,0.412511329386585,"False",17.86347,3.2932549,7.165017013439219,17.959933088371038,-43.03456135624895,59.8722449431,21.6654484465,1.0496817
53227396558316416,0.36910953917015,"False",16.787525,3.2947425999999997,7.921575362179984,18.949542641271115,-47.736552509450966,59.86223074757,21.80505089232,0.9906438
53251517094713728,0.34881340167087,"False",17.26991,3.1966542999999996,8.064714251080783,21.025518929671627,-49.5476036522266,60.297445917,22.17707095401,1.0223686
53251929411490688,0.214936134866987,"False",15.462476,2.5696373,6.61397304785983,14.846731584248426,-41.56320364250049,59.91603376061,21.90757315383,1.0303763
53255434104774272,0.395943396235315,"False",16.492777,3.0165490000000004,7.8635333272396215,20.458274401839823,-48.99585249566689,60.04297138654,22.03793942714,1.0220808
53258732639653760,0.30310340101498,"False",16.949703,3.0790740000000003,6.665716491360589,17.258638809607294,-41.31362968982694,59.99946689449,22.09136400755,1.0731882
53296592774129920,0.449963953498383,"False",18.540195,3.6547413,7.3448564223962585,19.269336758163746,-47.208339857197,59.45576360636,22.14179098009,1.0322586
53298521216558976,0.281128715341115,"False",18.851593,3.789503,6.803286662328067,18.438783034193502,-44.996778004487645,59.57270277017,22.19783955729,1.5331144
53332571717238400,0.422054620921022,"False",16.882849,3.373067,6.999974316040318,17.14003906377279,-42.42517263150368,59.77944268358,22.46327548322,1.1927375
53335045618385536,0.518712449820012,"True ",13.755472,1.9050522,7.460595639590168,17.952584340610734,-45.482100216382,59.84548312184,22.57116993056,1.0315162
53341642688604416,0.40594548898024,"False",16.131588,2.9110297999999997,8.003915402502193,19.677997851422557,-49.36815726952413,60.4549383236,22.16793887586,1.1462913
53356722315818368,0.317348519769579,"False",18.855892,3.336359,7.455209543147515,19.181386374317558,-47.912126565789784,60.6746381446,22.47164048472,1.0622364
53416031520105088,0.261149122759344,"False",18.82035,3.4107589999999997,7.006824219644681,18.42169837307501,-44.0856143084526,60.03406958175,22.53350003401,0.99088573
53449635344328064,0.473934244549877,"False",18.985168,3.6576176,7.681697327301262,18.932567271298943,-46.75629857607596,60.41602110142,22.79815912514,1.0201623
53462623327108736,0.212281718873045,"False",16.68941,2.9071835999999998,5.641073530342664,15.122190136656814,-33.90033751292169,60.64498155453,23.14114152205,1.0681797
53465573967635456,0.461317028784441,"False",18.701077,3.576971,7.519127412921545,19.072237960946527,-46.847030189558446,60.4623398471,22.98754147359,0.98501277
53554909287118080,0.212281718873045,"False",16.719334,3.3597650000000003,5.841442069992353,15.305136250802107,-35.40336308272719,61.62497307797,22.56202184418,2.5691996
53563915834929024,0.236796447488117,"False",16.081085,2.81888,6.574747142581308,16.040713765873694,-41.0852487464043,61.61898889217,22.61647342077,0.982707
53618032422785280,0.212281718873045,"False",15.914489,2.6677446,5.863973349576867,14.555961147663787,-36.093291378455284,61.70653586788,23.15091615426,1.0304832
53758254515062784,0.208195868461353,"False",14.181186,2.0500717,6.970396655277673,18.044487883251897,-42.63979162331537,62.51594175616,23.81203465673,1.0383452
53782959168859520,0.212281718873045,"False",15.003329,2.18052,5.6721794858250485,15.056758595607178,-33.89414291446722,61.00042389263,22.99503919357,1.0094588
53783852522073856,0.480328462831529,"False",9.525888,0.8012514000000001,7.282259996149298,17.56554621937727,-44.820553682023906,60.93413013765,22.94408524397,1.2039791
53864804065393536,0.411322005051906,"False",15.780696,2.659916,7.0922307904085375,17.656241912139183,-44.681983984621695,60.70828661508,23.51060557359,1.053012
53892669813156736,0.348236876908989,"False",16.97782,3.0650396,7.859879359576647,19.42344322993885,-49.52319156674885,60.95658084758,23.72035835875,1.0071335
53892768594980096,0.199483583105754,"False",19.236792,3.7305317000000002,8.090748338686778,19.18401079886728,-49.198088121430565,60.95726709283,23.72353589008,1.067651
53914282087671552,0.19020597583978,"False",11.097318,1.1042337,5.362121506809012,14.135246351880904,-31.563993472914227,62.16158358647,23.63442979123,7.9722786
56950239849717248,0.249617216059632,"False",16.285753,2.6080799999999997,7.05392196542206,19.08806779110189,-41.901179812522024,54.39778041826,18.89625860224,1.0833441
57036757670988288,0.280273188233967,"False",14.319201,2.076892,6.83443986026159,18.967690976569575,-41.404052944425246,56.04969256571,19.30517336285,1.1004654
57116678420490880,0.337765047314526,"False",19.250887,3.7060356,7.740637366254784,19.63525862739388,-44.48258895377281,55.74083104485,19.78492170947,1.0419894
57319916274721920,0.265391961100503,"False",17.4204,3.194458,6.7482465640588245,18.426297494755627,-41.79001382952036,55.13496604274,19.90821987402,1.049801
58259414601023744,0.491885694172608,"False",17.220085,3.1985377999999995,7.44663703695177,21.389948908626973,-44.70653706016059,54.29532259793,21.20261253436,1.0088705
58368884727558784,0.315975580248928,"False",14.575949,2.2704353,7.569212684351719,23.28750578010697,-45.68196522024053,52.39678773367,20.94075901684,1.1163191
61463185326116352,0.185895914310339,"False",17.520042,3.2536907000000004,8.035673438539726,21.765075609557613,-43.65140617766324,51.58870628817,21.52099288235,1.008906
61484174830107776,0.394929841292049,"False",17.484613,3.1267834,7.390580670371622,21.051664181608068,-44.80851021054603,52.21831610178,21.80736900685,1.1648324
61519672735818880,0.319141882620048,"False",8.777531,0.55850506,7.801898022336687,24.00052475662217,-47.20639927986646,52.86820969643,21.82170390444,1.0162035
61554650949438208,0.491885694172608,"False",11.206782,0.9996071,7.557450189996425,22.18273866580518,-45.97537760237573,53.27437268603,22.13404726063,1.04441
61867084050575104,0.20609864360177,"False",13.493336,1.9711857,9.193864288749868,26.94392020961975,-54.99814701499674,51.93514702499,22.71640283522,1.1239451
61917043110119552,0.40362218768575,"False",16.565022,2.9746141,7.13170764519702,20.49744413345669,-43.1035718117224,52.00661604081,23.0782830833,1.1194807
62104028807382784,0.211064331245647,"False",16.054735,2.9018326,8.159981537545592,24.542875955577827,-49.679460555533744,50.31235070619,21.85964129587,1.0666001
62413988007668352,0.260024034878051,"False",7.5793996,0.38842058,7.4784021076210365,23.073912036436443,-44.75905137912662,49.45743969821,22.83199046888,0.9164542
62487964523326592,0.198324114644114,"False",13.396738,1.808198,7.063162695114769,23.204362621311343,-44.5385088356115,50.63168406659,22.09581942273,3.801424
63004013433406208,0.227344249095877,"False",15.184622,2.643918,8.709820151919201,26.32623783173402,-52.406678230205145,49.98283501438,24.00819401735,1.0544474
63034902838166272,0.320875101970375,"False",14.347416,2.192338,7.667376060795668,23.16162812776207,-45.726984923951576,50.4636286995,24.28066004279,1.0779787
63052048347383168,0.318537008706258,"False",9.302901,0.67842674,7.392478723407379,20.768730353749167,-43.31698258802732,56.25702299619,19.55917548871,1.1237687
63058026942161920,0.216547184978925,"False",18.943008,3.8080367999999996,8.268257370685049,21.263283375619224,-45.76638251952291,56.28715541744,19.72485961011,0.9794824
63094894941091328,0.305609854752597,"False",17.42858,3.3510017,7.558265227588301,18.949344980183245,-47.06775598455637,56.77370761395,20.01016942543,1.0188955
63102694601689728,0.397554656838354,"False",13.785254,1.9372911,7.685071538856968,21.45031914521739,-46.97212386529604,56.76592439376,20.19568066936,1.0690483
63144716561596288,0.419109390215496,"False",8.356558,0.43717860000000003,7.454719787942149,20.002000343498533,-44.808311846036474,55.62454628502,20.14979161037,0.99177456
63146743786148992,0.227536258037182,"False",17.14268,3.3325099999999996,6.563119463881604,18.624570788769667,-41.53162537962231,55.74421396992,20.21239348467,1.0627252
63237655357422336,0.351218959472109,"False",19.156496,3.4216879999999996,7.237585266178702,18.34925003436149,-42.45388597566117,57.54054469208,20.69825080417,1.0262597
63250162302240384,0.26837183864024,"False",16.384956,3.1209679,6.812429779554027,20.05194388638923,-44.50019803935407,57.04765896591,20.77829890921,2.9685612
63289920816208768,0.466386125196926,"False",11.310213,1.0420599,7.33271113773573,20.26118055272181,-44.14982886757803,56.58068261426,20.87958872725,1.2028999
63296380446670080,0.392381562898091,"False",16.708427,3.2159014,8.312872678294857,22.477593838405394,-50.685852266198175,56.62396194467,21.03784257501,1.3511438
63327682168301952,0.419699543750397,"False",16.878279,3.1077242000000003,7.907977523120272,20.201596848501357,-48.22956223295642,56.87979393772,21.1807140845,0.9688982
63340154753661440,0.32008764203735,"False",16.799301,3.1062697999999997,8.162583877288277,22.52155827958568,-48.13260226010571,55.55799747769,20.36198154401,1.0003763
63378981257953152,0.334776726830526,"False",8.633078,0.51193905,7.3245920590634475,21.15855778666886,-43.03278770957645,56.18698962051,20.74779526765,1.121471
63391178965446656,0.34764492120445,"False",16.432625,3.0169506,7.478133274099747,19.635252923015344,-46.74624082918962,55.62382697122,20.81089506245,1.055023
63410622280810368,0.395116615797644,"False",18.076988,3.5184326,7.484052999092937,19.555896903791407,-45.213859003885176,55.21285427174,20.68798809054,1.0394826
63430967542044800,0.261221848318625,"False",13.861654,1.9596891,7.126383217182133,22.126543933171853,-45.293859489691926,55.30497848572,20.85435833179,2.4776602
63436396380626688,0.445737443935022,"False",14.841508,2.4416447,7.589501273110352,21.391571909544552,-45.20769139946536,55.14725093305,20.96555763383,1.0194958
63449521800719488,0.374017183023684,"False",17.138874,3.188631,7.6611835753727595,19.368666734238875,-46.28315605087656,55.77398249072,21.0302197256,0.98482674
63478654562505344,0.322807649801392,"False",18.372377,3.5028992,7.505853364929359,20.599058302584428,-47.921589108033686,56.16601868535,20.91161707072,1.0136935
63485427727244544,0.389518559800973,"False",16.040298,2.8232632,6.835496796483537,18.798239961955627,-41.830563035932705,56.54126990306,21.0977861877,1.0714281
63502259702709888,0.469673758488002,"False",7.728319,0.24206877,7.7480712178475075,20.65280679243452,-47.762058421602056,56.38338265128,21.24648035239,1.0431212
63502745034164736,0.389889341759593,"False",18.754845,3.6311836000000004,7.30186058491228,20.36638703270864,-46.21900366042098,56.2980682008,21.24133832522,0.9151481
63507860340462208,0.508810289919816,"True ",18.56016,3.6594982000000003,7.589614071222588,20.472016220845056,-46.552290973861616,56.59306157075,21.08876500812,0.9998248
63527827643105408,0.394556470827056,"False",18.731823,3.4489326,7.234548479116473,19.009061765885555,-45.063595496826544,56.53254973941,21.34515875053,0.9550104
63536997398140672,0.352756362870238,"False",19.457848,3.4641647000000004,8.300205737211655,21.696278549129442,-48.57640681538211,56.71497517768,21.51944805357,1.0468565
63546038305742720,0.353579102211475,"False",16.90566,3.1055336,6.93362204519199,19.849817119868604,-43.696947383979456,56.01050989862,21.22094570696,1.041533
63547270960574336,0.493700625484288,"False",12.420944,1.3620434,7.436217258402497,20.147855316576678,-46.019560668530474,56.00277227758,21.28187233892,1.1329408
63547378335443200,0.459227162402339,"False",12.29592,1.3318596,7.693350581828351,21.818435967983056,-47.00678751030196,55.8113029891,21.15257986215,1.1094531
63576446674056320,0.226724570093649,"False",17.367844,3.3880844,8.455519888101604,24.245616610434602,-49.677755192111036,55.88285727254,21.60538705424,0.97203016
63585036608738048,0.483307189148013,"False",16.548655,3.2188215000000002,7.786119609386527,21.318435514140948,-47.12835262252343,56.2203635589,21.57101441962,1.0417204
63589743893287936,0.407508930668007,"False",17.855639,3.2953072,7.549210863325093,20.55443406688813,-44.10004903775615,56.56707190516,21.6859645911,1.0442908
63592767549850112,0.440510589087329,"False",9.8515625,0.7475815,7.948371194389312,20.887245426804718,-48.143774971554116,56.29127878438,21.70437958429,1.0076236
63593798341985152,0.387547097444468,"False",17.087347,3.4813604,8.15854167678367,21.819412763175173,-50.5366187954912,56.4456606811,21.74683088276,1.0640926
63627264728628224,0.613449397417252,"True ",16.346361,2.9306517000000003,7.287873038911874,19.478693528215878,-44.728922308426654,57.81933478425,21.05953477169,0.9920918
63632178171114624,0.554605978821198,"True ",16.383282,2.952098,7.384702800891043,19.64071321155057,-45.2353716986236,57.4600078879,20.96651689252,0.9899319
63654164106065280,0.533392031062692,"True ",19.066362,3.507965,7.862739927317174,18.86523758684237,-44.819919898630076,57.89542113546,21.21119922598,1.0299343
63661521387693824,0.582303636423176,"True ",16.022692,2.9643965,7.375073715479338,18.876573294568246,-45.559531041846675,58.2422548018,21.42400112425,1.0631554
63662311661690880,0.438916113756312,"False",16.772198,3.0712175,6.951973073080218,18.372319149493578,-42.432385804092455,58.14931470541,21.35627270811,1.004932
63677326867342464,0.556057928614633,"True ",15.199719,2.598586,7.4196741061872125,19.852902320182725,-44.942009212905596,58.10251694951,21.50610914348,1.0695143
63690898963950592,0.269170250022474,"False",13.47118,1.9270115,8.963505505345724,23.683772597736358,-54.666429537285204,57.35900221551,21.28013396922,1.01852
63692475216749312,0.408420174325777,"False",17.876696,3.2886867999999994,7.199059052577814,19.926586571098586,-45.53169412616296,57.30516353501,21.36675570098,1.4129659
63693785181958912,0.531479221458327,"True ",14.509014,2.4989653,7.215799510913273,19.91533893013088,-44.129929635462005,57.46592514179,21.30713086081,1.211051
63705433133130368,0.554789328765532,"True ",16.604872,3.0053806,7.137253476855223,19.169363780474182,-43.50398908304369,57.20100053549,21.41108489367,1.0174967
63717665199974016,0.577426112985021,"True ",16.790188,3.1922588,7.557019272421873,20.408068946671825,-46.35601587588546,57.34390172016,21.63209814174,0.98182935
63730309584280960,0.542170158712135,"True ",11.271783,1.0521498,7.153891740925316,19.07967877684022,-43.60568763570807,57.9254692697,21.66816142674,1.5979543
63773774653147904,0.479056736885609,"False",15.726802,2.7598705000000003,7.149206756696743,17.875362591255826,-44.37111557160527,58.19032854954,21.68868595206,1.1235491
63775355201110016,0.484099028833283,"False",13.937496,2.0358124,7.863438944484612,20.39381201422279,-48.20603320428624,58.20296923379,21.70759432676,1.0761502
63781329497669504,0.613449397417252,"True ",18.870975,3.4990635,7.913275856614338,19.90394572142425,-45.486291733307155,58.39751938706,21.78479398089,1.0933965
63786625195137664,0.464696715055352,"False",17.904497,3.4545230000000005,7.640420083089255,19.87736940406887,-47.95772125159041,58.26761880948,21.8898080382,1.0656203
63795455648004608,0.609401831010648,"True ",14.622399,2.296548,7.257017840659242,18.870919452909373,-44.55006354269242,58.64505953991,21.88371044607,1.0450507
63824901943723392,0.54086315546205,"True ",17.552294,3.3072872,7.3591452377643005,18.17697868922501,-44.522902687547614,58.01832823927,21.76070503327,0.971319
63826070174824192,0.461754500154852,"False",16.288523,2.9463444,7.52090841383825,20.68425668913732,-45.116088434998034,57.96492519318,21.82121116296,1.1198117
63826448131945984,0.549785099972622,"True ",15.841362,2.7960463,7.463877991507574,20.386327802554828,-45.64281530094115,57.9663345193,21.82256456655,1.0005019
63838886357191936,0.382676815855002,"False",14.832637,2.2684088,6.662857971610251,17.86528407768666,-41.44995948015068,58.0769723289,22.01470944504,1.0579791
63839023796354560,0.424894101091222,"False",17.154518,3.0913715,8.012548161643274,20.261296821721768,-48.83380959440387,58.02785653538,22.02052359764,0.9361239
63849572235829248,0.657089047280013,"True ",12.724305,1.453537,7.293487191777332,18.72094455267673,-44.61699617699807,57.84954902451,22.11318468184,0.9994613
63876402894075904,0.672283484442977,"True ",11.673621,1.2946749,7.449216493422733,19.46628363123858,-45.262958881654214,58.47018383729,22.41833148615,1.1952622
63884584809145600,0.692278784976327,"True ",15.189425,2.522913,7.4253123175735745,18.812148988685426,-45.970786653149084,58.23743741144,22.43351088238,1.0516557
63889085934846208,0.505599191889194,"True ",17.923689,3.3859043,7.6392027007464325,20.753872670227032,-47.2661626127644,58.47225163173,22.51027190018,1.0111068
63892006512622848,0.611100980258965,"True ",15.772704,2.790759,7.41628216270488,18.998406473715196,-46.56403228084042,58.21556121209,22.52560476915,1.0604233
63916431989200256,0.493584796497749,"False",11.985237,1.2186346000000001,7.637128618750357,19.064739272210343,-46.162083625654475,56.8924433357,21.74660630467,0.88940537
63923205154013312,0.531678466541612,"True ",18.04057,3.376501,7.718484158889624,20.973294616989108,-46.980827163254794,56.92075098789,21.81791678756,0.97345626
63937700667501184,0.469358252143732,"False",17.5306,3.3087254,7.744726504099486,20.125013625659694,-48.42674146183058,57.26243407904,21.91285584411,0.9976961
63940208928422656,0.407372242000851,"False",18.286802,3.4041386,7.6939118889713045,18.49628330801652,-45.132133448182365,57.42386029705,21.93853014179,1.1129355
63951826816390144,0.570114434530385,"True ",11.799927,1.2486171999999998,7.194924335627389,19.02461234137248,-44.794626094449406,57.19423481631,22.07002214,7.896325
63953819680971008,0.505503455132449,"True ",16.483202,2.9618626,7.598022917417945,20.28401711880765,-45.30198551821394,57.07348073665,22.06680874975,0.9693371
63957526236677632,0.231405372590054,"False",18.975307,3.4355106,6.829917783687089,17.743395714845406,-43.15550624417972,57.27164299822,22.08115223027,1.008452
63958561324922240,0.234710473741352,"False",12.993832,1.7023611,7.425806148675287,21.595947688992624,-49.77010613742129,57.29693913703,22.17655024293,9.59688
63958801843006208,0.361343403187686,"False",13.141851,1.9259366999999998,7.2796914431304405,19.813435693044003,-42.301259366781785,57.3995914171,22.15123494503,5.9114943
63959351598814336,0.433490898178213,"False",15.772934,2.6923779999999997,6.972454206976808,18.393526520062615,-42.29558972980456,57.45189885868,22.17997112386,1.0422074
63988351216124288,0.288046417982527,"False",11.129899,1.0911549999999999,7.47187925817028,19.548826106331504,-48.57407659436129,56.28173354926,21.99577085594,2.153056
63989691247627776,0.577629912891412,"True ",17.306427,3.2857714,7.595165178454831,20.3006957339678,-45.65504743677955,56.41308608611,22.07294179044,1.0100056
63995562466405760,0.502581496089592,"True ",17.807226,3.4892616000000003,7.0666979092473925,20.740257604011358,-44.14092913446135,56.70921754524,22.2116334838,0.99503624
63997697066663040,0.316181732866772,"False",18.388876,3.6052703999999998,7.883120991931723,21.976459523078464,-50.432969741427094,56.5039520068,22.20801226464,1.0287414
63999999169130112,0.62666531405741,"True ",16.615885,3.2331133,7.432473633593599,19.543662369430454,-46.41285271634421,56.63057727286,22.30531041999,1.0838587
64001339197473408,0.46091966622777,"False",19.117357,3.5428677000000004,7.598836153417365,19.983522625878948,-46.49981998998993,56.99190698107,22.11399397556,1.0772028
64005183194070272,0.319957942968863,"False",19.893717,4.0753765,7.322496176654713,19.479130940995113,-43.88244907637228,56.8655986464,22.16061517773,1.0701379
64006905476619776,0.578957198683725,"True ",13.896054,1.8874846,7.121282586312011,19.565233672598463,-44.07548166486084,56.84689444036,22.24435427602,1.0081398
64007244778181248,0.588788896073398,"True ",18.159636,3.357586,7.267899589037527,19.74476077219173,-44.906277373741645,56.93617517455,22.21209302624,0.98897254
64009448097245440,0.312838708061391,"False",13.571043,1.6808023,6.539304389916251,17.353895783853414,-40.577428216333,57.10636705902,22.2113911741,1.0501448
64016904160440960,0.34832382140298,"False",14.416559,2.4448442000000004,8.069427125789232,20.230965100976427,-47.225134748533975,57.10351631334,22.40706284626,5.962141
64021680164106112,0.22741070683141,"False",16.345903,3.0501937999999997,9.118676744229727,24.26195461259705,-55.78773849715475,56.81568747129,22.35452532993,0.8901241
64021714523841280,0.618143722798471,"True ",17.03976,3.2313107999999997,7.3267714619524815,19.471856841625947,-46.25434989653238,56.83519780827,22.36556336238,1.0793995
64024081049308800,0.553978583933939,"True ",17.795628,3.4698296,7.389174547498765,19.235697142782712,-44.281967466630526,56.6692252171,22.36752692016,1.039121
64027143362491008,0.593757204244332,"True ",16.656425,3.1400652,7.551832932850046,21.0570556765474,-46.67305383314692,56.93624264299,22.39796276377,1.0140587
64030785494725632,0.188252658577841,"False",13.9273,1.9835396,6.202376889701742,18.516069794878877,-39.989004793194475,57.06850221014,22.54442034836,2.386147
64032503481665280,0.674890169530136,"True ",17.588257,3.3903885000000002,7.412149673861738,20.57447316080448,-45.52042201939867,56.84367439642,22.51956046416,1.0717633
64037588724758400,0.370054884245723,"False",15.981156,2.7975054,6.946839356563111,18.11400285847659,-41.36257881932376,57.63319179846,22.14637822451,1.1126527
64040818540162304,0.333208095654937,"False",13.716136,1.9026098000000002,7.282447165460063,17.154258288519653,-46.266548766782634,57.59554260677,22.18813114836,1.1132265
64050645425295872,0.69049333315983,"True ",13.859603,1.9322557,7.434510624162737,19.34208998500545,-45.99644636903685,57.76638978664,22.40454497105,1.0405931
64053566003097984,0.316275296646115,"False",6.040353,0.023480415,7.4144394339727135,21.21758879602769,-42.76726738915421,57.47955819208,22.24395883052,2.1035416
64057895330132224,0.515454077001881,"True ",17.574408,3.2433224,7.124079011263999,19.556734054911658,-44.42785716407235,57.35654014148,22.31220918715,0.94495887
64059407158605568,0.692785838656146,"True ",17.05874,3.0555935,7.399756837891425,19.47132579352298,-45.001532996643064,57.39781407381,22.39046720119,0.9411865
64064011363520512,0.547248682167805,"True ",16.323393,2.9244423,7.1277541297707545,19.89987187064179,-44.34454216975364,57.65595238915,22.46874764683,1.0237665
64066107307543296,0.57989440187701,"True ",12.36464,1.3313408000000002,7.265606256190289,17.873394979928698,-45.12251929683014,57.72446938728,22.54786534592,1.0412614
64073597730589952,0.406138536766301,"False",14.958157,2.3957539,6.975558093691786,19.210785928895874,-42.47704975506003,58.14369484777,22.50195524648,1.059469
64078167575681152,0.622112031101173,"True ",15.099433,2.5074872999999998,7.5163640217745975,18.648030432198013,-45.63048241385099,58.02330445629,22.58185206953,1.0850873
64092907903452800,0.608390288636565,"True ",17.126387,3.1439896000000003,7.500111920385244,20.88252027795445,-45.905353154676924,57.7755968963,22.63337634739,0.97746164
64094041774819328,0.67080996601069,"True ",18.457737,3.620226,7.3085612644205,18.173101359371273,-45.33611629800368,57.71451144364,22.66593002356,1.0571365
64094037476647040,0.75461659656826,"True ",14.9738245,2.4698553,7.386205225594046,18.29780707062388,-44.92903716810198,57.70410557715,22.66984055724,1.2357466
64095656682494720,0.649029147133639,"True ",11.850179,1.1647711,7.284987335263736,19.604490971156867,-45.596747505378964,57.91274273727,22.75007466973,1.272211
64103009666497024,0.685387916914615,"True ",13.666987,1.8395700000000001,7.430605491985017,19.64177766894685,-44.98903735020462,57.84931304842,22.84127295815,0.99236435
64104933811828480,0.775155369695122,"True ",15.906264,2.7890787,7.315539042944566,18.2409132166166,-44.87318051720924,57.960866818,22.89551471851,1.0408431
64109915973846528,0.658460212786415,"True ",7.0043597,0.042464733,7.295865291844412,18.218374885497607,-44.56881799548171,57.40917152308,22.5332856248,1.0065733
64114245300877184,0.471802126786166,"False",7.7059603,0.23435354,7.455976057919426,21.057238451322107,-47.30950709431506,57.29700152038,22.60925800573,1.1223998
64117062799542016,0.458620682260288,"False",16.21168,2.8930483,7.159865534412515,18.44298164171357,-42.444347671323435,57.59190695451,22.62549947942,1.0154573
64117784354039040,0.463707009386557,"False",17.399178,3.2050438,6.984690129678826,17.906128187371923,-43.82475875731628,57.60500935966,22.67535436465,1.002433
64124136607381888,0.216934559892639,"False",19.863224,3.0806236,7.391322129924883,21.800771220962506,-46.31758698046053,57.1599409192,22.56425460133,1.1302756
64127881818726400,0.212493544487525,"False",18.964779,3.2447796,6.987704998321721,20.63035008723161,-40.824199982038046,57.21023815865,22.74149947134,1.0301303
64128294135554688,0.729168636329672,"True ",16.372732,2.9875917000000003,7.267997117214957,19.48222424687009,-45.445508918154104,57.02388607491,22.63577808525,1.0750756
64129294866302336,0.497888127954394,"False",16.8719,3.040782,7.334420448765223,21.156998323062908,-46.78328401177714,56.97574688018,22.65694149169,1.0449551
64131150292139648,0.81394898569235,"True ",13.846435,1.9363936999999998,7.232192097987377,19.031578474328004,-44.59102832520193,57.15691851053,22.76911351203,1.3086542
64136063734692224,0.765250338108215,"True ",16.388481,2.8685455,7.470198853658968,19.037363240164908,-45.879167012889226,57.36104652086,22.84835269894,1.0277227
64145577084935296,0.266261507503313,"False",19.278156,3.188202,6.831384175411327,20.222386604923827,-44.43593358313665,57.56434876786,22.77207286951,1.0587934
64148738180119680,0.799237402018478,"True ",12.54847,1.4772148,7.329901757417432,19.432050778551144,-44.96311213605481,57.69189073173,22.93047700918,1.0103427
64157023175179776,0.537440956857755,"True ",17.615984,3.3113116999999996,7.370749551185829,19.23268388146952,-43.41369404347825,57.83246207984,23.0676452955,1.0775449
64160940185240064,0.569762088816281,"True ",17.563309,3.4512690999999998,7.1730859659907225,18.971190164122525,-42.772710084125535,57.5733585058,22.93288336586,1.054534
64163242287720448,0.845220718036563,"True ",18.505384,3.70117,7.353422098732258,19.512935354571574,-44.85613445942927,57.42177355262,22.94450032503,1.0459642
64168705486089216,0.689730647877096,"True ",16.96899,3.0461369,7.249398579166355,18.265411612126588,-44.096833545829575,57.61603139023,23.06512486371,1.0051093
64172038380708224,0.836575207325087,"True ",11.16862,1.0253668,7.505850970004722,19.608488750151913,-46.55902675566053,57.58886377465,23.0961448079,1.7117734
64174546641593984,0.850856988346028,"True ",15.392325,2.5683336,7.301312904999705,18.264910026129147,-45.37654930409289,57.66222912452,23.21722758953,0.9832702
64215125490886656,0.493812765133286,"False",16.56197,3.0647564,7.335249178807897,20.562833137566365,-43.76859549291748,55.20586316079,21.21523008243,0.99651676
64232271000313472,0.465744728839406,"False",17.184954,3.3436517999999995,7.1713047228527245,19.849417449339725,-44.28260849496273,55.15764956916,21.40611667944,1.034359
64250477365329536,0.557242194807621,"True ",14.158587,2.0704517,7.4822670989474105,20.79120499453062,-45.2678199356764,54.53675116931,21.24679193918,1.1006235
64259518272776576,0.545436955071964,"True ",16.800209,3.1410465,7.499861696290614,21.51012654458343,-45.62664149356959,54.76463876832,21.42208398596,0.9769868
64272128296706432,0.5103083926511,"True ",12.039249,1.2081442,7.4048300675930285,21.395581424316624,-45.15541609602882,54.30138903002,21.46795287013,1.117163
64276315888567424,0.408503486094569,"False",12.370164,1.3515911,7.363461148744048,19.52966342242958,-45.21088722635951,54.62432671281,21.5648840665,1.1444457
64297485783636352,0.360855535084194,"False",16.44002,3.0189552,8.251142471611866,22.473508562999726,-50.14726708887869,55.04380166923,21.74585648766,1.0437133
64298271761308032,0.323294710443655,"False",18.879766,3.6175422999999993,6.762449299963059,18.508784710492595,-40.769835415153366,55.04997890703,21.80871864495,1.0158012
64313222543810560,0.514957063280735,"True ",7.2714095,0.10514449999999999,7.194558583353505,19.987890673150705,-43.69685308269735,54.80510435416,21.84305262973,1.5154308
64317998547641344,0.446034698952837,"False",9.712154,0.7112541,7.844363525705178,21.141174189557397,-47.936255794686524,55.60007912243,21.47327752254,1.0946826
64331123967672448,0.617444205146953,"True ",16.246473,3.020321,7.450155858497535,20.538698069256263,-45.722884651284645,55.63799159071,21.70449434675,1.0158869
64346070453848320,0.382006055102037,"False",14.71056,2.3743706,8.004982704066952,21.508466553453538,-49.78192432501014,55.64858425129,21.84143459747,1.1243898
64346276612274816,0.631381674694187,"True ",16.967855,3.1351376,7.60031218737857,20.812982593646595,-46.60686632968775,55.68488918856,21.853444784,1.0590118
64380636350910464,0.599730671398085,"True ",10.233227,0.8913317,7.407734326818097,19.658834319467626,-45.71134755190139,55.87980208301,22.15817461375,1.0394521
64387439578878208,0.434387109980939,"False",18.169836,3.3246937000000005,7.24169488829413,20.915883949744774,-45.34195683688281,55.19923341453,21.72258179642,1.0507256
64401389632616960,0.559078182335951,"True ",16.889109,3.3003940000000003,7.300314696756317,19.504751573171244,-44.142929038949134,55.34784133301,22.03150990125,0.98250765
64430939007563520,0.316941858510375,"False",17.520615,3.3549843,7.5927455021785475,21.559654491600334,-49.045198313688495,55.5442635448,22.30138706213,1.0153431
64433924008996224,0.569253095776371,"True ",18.169027,3.4810638,7.324044381979776,21.336419854613755,-45.523722473407325,55.77717985382,22.29688550469,0.87113947
64438184617001472,0.330621286832414,"False",17.854961,3.7243652000000003,7.0948477718426215,20.677419395891977,-45.90058591801565,55.73439850137,22.37724568519,1.0974432
64438841747360768,0.623453313794235,"True ",13.361495,1.7057400000000003,7.451832197267993,21.407386970466746,-44.39026726135053,55.74906772614,22.42406753171,1.0982671
64441143849872512,0.607434939589607,"True ",16.556376,2.993805,7.502620664779662,21.008023379143747,-44.60347297604497,55.41199497236,22.27773027977,0.9225882
64445988572906752,0.708742745796173,"True ",15.090019,2.49648,7.315890465343227,20.13982097120118,-44.13541902105238,55.229433551,22.34951622282,1.0322741
64449321467581056,0.550843759815587,"True ",16.414602,2.9702653999999997,7.5227639640978365,21.50447046062442,-46.908815379599886,55.50707154581,22.3906045988,1.0223658
64449729487990912,0.723208518023093,"True ",10.207125,0.8412733,7.325781236905764,19.75260126482393,-44.404909682301366,55.60019693948,22.4209414146,1.4292382
64450283540250240,0.500922806520051,"True ",11.358484,1.2401686,7.0233855425429805,19.351395222913467,-43.951378563634364,55.51651081923,22.42671390761,5.558994
64453685154291968,0.736311236715746,"True ",17.73309,3.3465729,7.487470401062669,20.48461814459045,-45.33844201798303,55.43784879484,22.46704884659,0.9308283
64453887017111808,0.581834238425453,"True ",17.75966,3.3796272000000003,7.375999275620265,21.207757057570976,-46.047218658806685,55.45675204081,22.49340284922,1.0313549
64456262134709376,0.546298153396136,"True ",15.731763,2.9178952999999996,7.177752139311311,19.000000967207146,-43.14952052865032,55.61385651221,22.57339225938,1.0479097
64515047351400192,0.282992372079603,"False",19.904741,3.036665,8.271677332945353,21.052255287448254,-42.33223736727324,54.2254963029,21.96734635095,1.0339559
64555694921236352,0.425615024823326,"False",15.064295,2.4448689999999997,7.1393422662933865,19.489448525166093,-43.010217187360155,53.72901924631,22.07944691146,1.1119909
64574352259640192,0.570606999517355,"True ",17.296213,3.3530045,7.417864263812696,20.242806493693568,-44.975653444310424,54.4223761736,22.28847491567,0.9769417
64588753286083328,0.385246559677108,"False",17.406027,3.2268066,7.102051730797974,20.766960018308467,-44.557933364787296,53.94345184681,22.4137123902,0.8975878
64589062523316736,0.51342557397069,"True ",15.706452,2.672079,7.152749681642172,21.26584522220347,-43.372025762511825,53.93454089287,22.45259124715,1.0524058
64597927334523904,0.313274070445019,"False",16.52204,2.8757553,6.914661542264928,21.14866861879432,-44.06381224862981,54.10083921385,22.62331331019,1.105108
64597927335800064,0.44132123247901,"False",13.514972,1.7697496,7.137137387219032,21.29788354939645,-44.43439528653133,54.10151343002,22.62359532437,3.6502388
64600813554014592,0.449982337257134,"False",15.5468445,2.6199179,7.101998494719696,20.74256943499833,-42.95737272023789,54.93418011874,22.12920112313,1.1068015
64626819579706752,0.270290009934745,"False",19.63341,3.4569836000000005,6.86817762099346,20.82353266965248,-43.694114451584845,54.82114723957,22.45291457501,0.9056167
64642801154268672,0.668313494615577,"True ",15.303823,2.554926,7.301884780583153,21.13008397958636,-44.501266294607966,55.35561554445,22.54872626099,1.0215476
64644484781444864,0.467302256492674,"False",15.709704,2.6998224,7.011106189930255,18.66745548131216,-42.98995068857028,55.33339566545,22.63145153683,1.0174055
64653383953596032,0.694842618139538,"True ",17.14754,3.141098,7.401384626754442,20.846684754196072,-45.53023058759697,55.02925859013,22.64639061215,0.99503756
64656201452146304,0.656553165896938,"True ",16.780579,3.0836725,7.604703051583062,20.751404188856693,-46.504809433409434,54.93671006565,22.65410301773,0.9682968
64665203703566848,0.744569237486095,"True ",16.899952,3.113697,7.3822031571747235,20.699290987858728,-44.363767855385284,55.18006539676,22.8314781598,0.951585
64667535869958784,0.726290628480538,"True ",17.04338,3.154543,7.198159429661968,19.80067674453128,-44.30913428211956,55.22706117997,22.90695497133,0.96593577
64671903852618624,0.688468615969557,"True ",9.941272,0.74436855,7.388471608091407,21.46851288270611,-44.80755231263008,54.59418238509,22.49947920183,0.8698339
64679840952155264,0.589204260178936,"True ",6.7019362,7.677078E-5,7.3735646873637215,20.157222248000696,-45.35939552579252,54.66976712541,22.6594096224,0.95297456
64720179284934016,0.819871268243901,"True ",16.604225,2.9510174,7.405449545963815,20.740539878175486,-44.932518923514,55.0994165241,23.06903934814,0.9961211
64720625961541120,0.80460009218886,"True ",16.829,3.0872412000000002,7.377781072221633,21.087949846063378,-44.74821299693124,54.95722061121,23.05715449298,1.0294747
64734709159049600,0.556590281783342,"True ",17.339174,3.0979384999999997,7.2387017323196385,20.62145080063228,-42.99560218792961,54.93055020913,23.20691287032,1.075769
64739248940235392,0.54767117789475,"True ",9.362043,0.66415787,7.135003545664875,18.831601896246244,-43.71115305691276,56.24560047392,22.03225771367,1.0530045
64743646986745600,0.427707874287917,"False",10.885116,0.9950266,6.888913572562688,19.479151625182574,-42.89828505875798,56.16535812471,22.11312706231,1.6656878
64745841713292160,0.590750216466187,"True ",18.149908,3.4671307000000002,7.114625466024126,19.045109604674888,-44.41236070713219,56.24330503902,22.19155481522,0.94555867
64757425241820800,0.446485718718051,"False",15.495378,2.6357392999999996,6.88545771448969,18.885391926771806,-42.64337488462004,56.12937625817,22.2540330547,0.9226784
64764189813713408,0.666473075914113,"True ",18.326971,3.342678,7.6971532297487535,20.060278193347095,-46.415366175945884,56.12297208475,22.42339843757,0.9323045
64765254965634176,0.367237472939516,"False",18.812912,3.4519977999999996,6.918011736282344,19.366422823262546,-43.44289529269164,56.10635909696,22.46369887841,0.946905
64768763955442944,0.766876469102072,"True ",16.099396,2.7872744,7.33043869209861,19.91612211890953,-44.25446869314429,56.36073294822,22.52540925226,1.0771861
64770241424108032,0.504311744744423,"True ",10.5909195,0.91566277,7.552546175586704,22.076585150269032,-45.371615655295926,56.17434992232,22.46434600241,1.1492659
64795289673433728,0.766951767898025,"True ",16.55351,3.1778345,7.446592878019465,19.323375340959032,-46.23261997050603,56.55780086602,22.70530804049,0.97679853
64796045587678208,0.488601382486073,"False",15.822847,2.9845580000000003,6.90376000521074,18.73483181267488,-42.97917377907939,56.54004586926,22.71020869653,1.0199612
64797523056344064,0.547518799534677,"True ",16.453379,3.0058403,7.474573378126966,22.01370898255459,-46.66100380920937,56.28627464077,22.6416312479,1.1931092
64798038452412928,0.62052138268377,"True ",16.174246,2.8594418,7.290828186403347,19.38374477088532,-46.041010166634656,56.3018872631,22.69730741223,1.0635617
64798691287540224,0.813430500943805,"True ",7.800061,0.25158405,7.291631614082202,19.83037261193913,-44.15815491531397,56.41633572295,22.69426514986,0.8843448
64804360644343424,0.687622939970272,"True ",17.284359,3.1541195,7.498059675999509,20.177114250812448,-46.9291652190401,56.66843414272,22.84418456403,0.9240154
64804841680675200,0.412112505354389,"False",11.554062,1.0559464,6.817244229838197,18.982563936845036,-41.60050050840914,56.72201785398,22.88074839356,1.0778025
64806765824716928,0.404484097006204,"False",19.242943,3.2793693999999998,8.337985853500426,20.564154094001413,-46.709271237815074,56.47995007639,22.8584558099,0.95754474
64808204638390912,0.660353867049234,"True ",9.306278,0.6573868,7.1525685788631295,19.92415292387568,-43.54934665259478,56.66006365314,22.91958420692,1.0373341
64808483812941440,0.831530735699367,"True ",14.011793,1.9754066000000003,7.2607543201303235,19.45079799157423,-45.27898452661234,56.64507578819,22.93528104262,1.1200577
64818203322590208,0.506006190986152,"True ",17.326468,3.1689950000000002,7.738056145401187,21.288636428014268,-48.15756599688649,55.8644435088,22.62794381668,1.0185274
64822017259193600,0.709176541755473,"True ",18.58,3.5606956,7.292826529552445,19.38724661169848,-43.841254843624036,56.10669430951,22.66873873291,1.0070118
64834043162051328,0.473669659509085,"False",18.611414,3.753601,6.697753420553306,19.12250369875501,-42.62650850040334,55.749767039,22.71416043462,1.6464529
64836349560719232,0.344745659143301,"False",16.080769,2.7845402000000004,6.610957727992528,18.2642141308902,-40.391338022451855,55.86026602798,22.71167218915,1.113003
64837139834697984,0.605703058965196,"True ",9.766249,0.77743435,7.556974713766847,21.901688240815574,-45.30261531315838,55.87166965704,22.73438824922,1.0333185
64837242912474624,0.756902150259007,"True ",8.88526,0.59570026,7.532518558405384,20.07361040924858,-45.96376909847048,55.87212431405,22.73461112565,1.0980439
64840541448791424,0.743342655739601,"True ",16.816063,3.0729485,7.563829913298237,20.644452369350773,-46.40140269264946,55.82929512558,22.78609278823,1.0582237
64841503521468544,0.373111226799658,"False",14.297123,2.2963095,7.642530346462955,21.911937015344915,-43.99242939123414,55.76757280535,22.80076954349,8.485833
64843805623922688,0.778550321435353,"True ",16.934334,3.1049414,7.5264024127197535,20.22244223371612,-46.159609489327316,55.85491728898,22.89549228703,0.97739536
64856312568645248,0.561476090377197,"True ",13.413954,1.7675371,7.602128024288137,20.514283661276494,-47.91048805067051,56.52195568293,22.98141924341,1.0812526
64857721317916032,0.704968361089519,"True ",16.504587,3.0125027,7.389054111887702,20.838575638732895,-46.31017377392607,56.48745217517,23.02458156965,1.125552
64864593265614464,0.33788133871179,"False",14.602414,2.3683520000000002,7.194518033619005,20.301380268297027,-41.24391102884243,56.15749648469,22.92084569104,1.3723792
64870296982175488,0.628616033317057,"True ",14.497981,2.2232627999999997,7.341486272650259,21.63438626120532,-45.152473501335294,56.03679639519,23.07970589559,1.1346939
64871740091177600,0.834602636899676,"True ",16.29566,2.979025,7.3307637033988735,19.704374579277857,-45.59557687910834,56.29512452146,23.0493093231,1.0224223
64873045759681792,0.311650823151661,"False",19.399628,3.203205,7.188618772515743,19.617114088918505,-45.24672365607152,56.26328937947,23.11611161326,1.1024445
64874454510493440,0.944407188162108,"True ",17.110922,3.2421627,7.391450378010348,19.86742591583044,-45.28080644654048,56.39167613726,23.18501072439,1.0255045
64879402312818944,0.761150877492873,"True ",8.886077,0.547925,7.3946248763799645,20.545926181047772,-44.30031551839597,56.21358052689,23.26872443224,0.9805125
64884624994048256,0.813383738755862,"True ",16.003756,2.8412933,7.307114829720656,20.063807137477315,-44.55267649851964,56.89500778236,22.80112516,1.0177438
64884899871954176,0.290023960840071,"False",16.08691,2.7458286,6.401527889758189,17.084236998948516,-39.394881879189725,56.86518143947,22.83130837806,1.113596
64888129687348736,0.227725490939586,"False",11.886297,1.4087353,7.488665427480883,21.143217715462345,-41.257636685383524,56.92087179037,22.92978907694,20.47516
64889126119831040,0.648072271023811,"True ",15.062484,2.4895353,7.6173537810690926,20.539052849387254,-46.74773678544328,57.09446293092,22.8724773361,1.1173615
64889229199044096,0.253491333083748,"False",18.574747,4.218689,6.787533394607508,18.95352870613527,-47.155758784136495,57.14669051671,22.89490808579,1.0825942
64891634380723712,0.878559463927335,"True ",14.505948,2.2168636000000004,7.479338623504139,19.782617691627934,-45.89295356467363,57.25428791296,22.98021186954,1.049947
64894623677888640,0.500262887666207,"True ",16.176619,3.1197958,7.171703349203402,17.45843291565993,-44.84198072234931,56.97037306571,22.9925993308,1.0359801
64894829836313472,0.236029234021912,"False",13.922133,1.7705593000000002,6.163170081737378,16.1138574744346,-38.17711206978512,57.04246546377,23.0009649786,1.079173
64895139073954944,0.952740656874542,"True ",15.133998,2.5159778999999998,7.309302082629353,19.2931143879856,-44.997770784618794,57.02435006099,23.03395009216,1.1005108
64896101146708224,0.50576993733457,"True ",17.194057,3.2382965,7.768417354430479,20.95079336402569,-48.333507032465604,57.21119391555,23.07486184166,1.023129
64898368889386624,0.385813757517487,"False",8.124376,0.33880424,7.862776514007767,20.17605663822472,-44.640592279584034,56.84551303332,22.92190886968,10.395287
64899017426872960,0.682907029544796,"True ",10.343078,0.8285723,7.188082380653626,18.758200870264197,-45.00169638409588,56.69618219835,22.91437971648,1.0573627
64900739711320960,0.683365717074546,"True ",17.231815,3.0772476,7.46137150586521,18.68608706268651,-45.006410291398716,56.91586191033,23.00110222643,1.0069556
64905618794174720,0.674297523453297,"True ",15.04029,2.477891,7.2387256119114145,20.840817737126752,-45.29591983791391,56.70335512922,23.06855140288,1.2245486
64909153549943296,0.563704252173825,"True ",17.242805,3.1104727000000003,7.440941514656794,18.02642279431928,-46.27659449132801,57.0997247358,23.13547163119,0.9964595
64912009705490304,1.0,"True ",15.890427,2.8284597000000002,7.346863076857362,19.44531824588345,-45.540329260765496,56.84946705531,23.14900482936,1.099646
64913452814489216,0.965311196249329,"True ",10.945833,0.9447975000000001,7.411184638689343,20.05366161056612,-45.84753613421944,56.95058643018,23.2178837759,0.90876555
64915754917051520,0.55493501071643,"True ",17.31056,3.1744938,7.539613373579104,21.638262819005256,-46.6703589715986,57.35676779987,23.04710720833,0.97940594
64916751349465856,0.627487234906479,"True ",15.26213,2.5175905,7.389454557341059,20.627002035060734,-46.77767940688764,57.24294597153,23.0940212472,1.0955359
64917094946846848,0.774266609681861,"True ",16.074583,2.8367338,7.430479853340607,18.89321440089389,-46.583286312840215,57.27475569261,23.10591765635,1.1603554
64921389914137984,0.360646739148289,"False",17.961342,3.784193,7.3611986024334035,21.465991885555237,-43.40249896084524,57.24911039741,23.20188117545,1.5948972
64921458633614976,0.195509293747299,"False",11.324861,1.0807343,7.148517867410622,22.180068130415755,-41.071788338317596,57.24380099865,23.20099631153,2.5764327
64922283267331968,0.930521454827585,"True ",13.63343,1.8176136000000003,7.450991731973961,19.72943202770937,-46.04514405597429,57.30137654976,23.22814047452,1.1251582
64923137964643840,0.321473545227304,"False",19.400398,3.7564545,7.0975730033736575,18.162056729572953,-43.08622555516379,57.23924658376,23.23293617057,1.0628419
64923279699744256,0.923626295820703,"True ",11.473286,1.0477657,7.2668317292786435,19.73099670049265,-44.428198581028184,57.25981898023,23.25223911266,1.1447881
64924413571101952,0.480757313744891,"False",10.138832,0.77880955,6.921465300774906,18.921303017911203,-43.20052558221683,57.48549182751,23.21843142395,1.0655763
64925444363253632,0.310261771742311,"False",17.65794,3.6086407,7.659249460747822,21.223363588719717,-44.59540352666338,57.42150191542,23.24965822918,1.5174624
64927368508592512,0.744477501323785,"True ",17.534443,3.216154,7.370344183553121,19.019871912126003,-46.85267750470321,57.52090986726,23.3046378417,0.99089795
64928605459180416,0.823087542049731,"True ",10.937686,0.94241905,7.1996289578195904,18.62159053782709,-44.54526737973093,57.41426344138,23.28990844525,1.9603938
64928674178659968,0.793582337577373,"True ",17.513542,3.1948757000000003,7.354278323471857,20.4549652303075,-44.87002052000801,57.38409775234,23.27149886958,0.9231417
64929391436043264,0.953509019877989,"True ",8.094326,0.27309132,7.3159120319680895,18.733077196843897,-45.13349681432525,57.4206047634,23.34136964836,1.2130493
64930495244783616,0.706980003077915,"True ",9.034874,0.5872649999999999,7.231276897025075,20.34647137610763,-44.30134646421074,57.38645295572,23.38020424005,1.1984136
64933621980897536,0.250067745688518,"False",16.0748,3.1378298,8.51124405941673,20.667921284111728,-52.16286906978018,57.17084540802,23.23797186912,1.1162689
64933759417769984,0.998295151518685,"True ",8.33693,0.38464737,7.318904571155356,19.293731697883047,-44.88499205938077,57.18299036631,23.25961502031,1.3925788
64933759417767424,0.282937088790941,"False",17.385319,0.9155865,7.471546737251657,17.13655076339148,-42.406745990116065,57.18418961094,23.26046541298,1.0067897
64934893291213952,0.85366104808754,"True ",12.242328,1.3191108999999999,7.461381901990387,20.39867684156513,-45.457547140444355,57.11688600086,23.30055677555,1.0005586
64936508198907904,0.893610711874824,"True ",12.882789,1.5054159,7.447798847561578,18.982770188489233,-45.7642685493916,57.18936995061,23.33871256339,0.91519207
64938569783224960,0.429690958574332,"False",15.848128,2.6908627,6.691315293436613,18.104691602141237,-41.39668273635665,56.98038426983,23.31813723222,1.0597136
64940906245415808,0.732001147085209,"True ",5.428299,-0.067106724,7.6909363707500855,19.695020996577448,-47.112981495474266,57.08683198761,23.42103946373,1.0705914
64941211186036352,0.950975885847464,"True ",10.21041,0.7898921999999999,7.3800777776315085,19.371696632671146,-45.07761301334374,57.14388698332,23.43459098862,0.95619994
64942001460286080,0.914075744061169,"True ",17.704262,3.3386822,7.436806910305678,20.160362781519552,-46.2237778208242,57.31518055566,23.38016998746,1.0598555
64943758103791104,0.776562694734044,"True ",16.382866,3.1140919,7.488137995795465,20.361216760707396,-45.12416162836422,57.38580185574,23.41124239957,1.1180046
64944170420647296,0.199587700276179,"False",13.602488,1.8905611,6.929722541761513,20.770167835185354,-48.461661582664654,57.39555500671,23.454458189,12.56627
64946025846426752,0.739678226447848,"True ",17.347544,3.2199097,7.36277327602783,19.200505579399927,-47.024775634407085,57.2033347874,23.41318138676,1.0406598
64950488315122560,0.404127231941601,"False",17.991745,3.2927150000000003,6.911630589111497,18.402867864698106,-44.555596325695326,56.62930786526,23.02615224308,0.87160563
64950625753906176,0.784988127261884,"True ",17.679,3.710434,7.3447965780902935,18.786201329652048,-44.40578012351477,56.5809410406,23.01531666211,0.99083465
64951111087777536,0.51846049644726,"True ",15.922808,2.8799028,7.834199597535482,20.97089199836786,-46.879986562529794,56.65036306525,23.0712932923,1.0419477
64951626483855744,0.947272459053458,"True ",16.956253,3.3357457999999998,7.375879588149473,19.396831408851817,-45.68282875975354,56.59017739646,23.06676483934,1.4040228
64952068862923520,0.515341953648574,"True ",17.930954,3.3816452000000004,7.082300122602656,18.171048121636094,-45.3603468650091,56.58921758663,23.0856995994,0.87581253
64952829074688896,0.733017885744765,"True ",9.295629,0.6416569000000001,7.391158486799487,19.262701383890622,-46.76202027354881,56.66674719151,23.11012408117,1.1259955
64953481907702016,0.196766235270496,"False",18.968166,3.7116203000000003,7.32274074739589,17.839279852092304,-48.73641369043296,56.70238253867,23.16585863875,0.93143755
64956127609659008,0.617587758168855,"True ",16.65293,2.856411,7.620617578753753,21.004832827248887,-45.22986172492296,56.45578142319,23.14287376917,1.0455467
64956127609464320,0.90544339505926,"True ",6.895188,0.024568557999999997,7.421139697665509,20.513910371784853,-45.699760208111584,56.45349543712,23.14694333292,1.0942224
64959662365552384,0.976767353869589,"True ",13.143335,1.5968790000000002,7.3096129889889125,19.295192861656588,-45.438509950811024,56.78069149429,23.22615674412,1.0686795
64960628735279232,0.347254745455674,"False",9.784797,0.7396020999999999,6.566669588716607,18.082484632564615,-40.430133671670696,56.71065598956,23.23899995196,0.81172436
64960663095015680,0.834271923322762,"True ",14.486368,2.2120152,7.384762820159983,20.415956365404558,-46.055229959078744,56.73798824228,23.25047049143,1.0136526
64962174923490304,0.789263371420184,"True ",16.41158,2.8911830000000003,7.339722266111576,20.729001925708246,-45.43158657295105,56.8841955607,23.30633191107,1.0396391
64963377514329984,0.643040694680112,"True ",16.68825,3.053584,7.456198708615304,21.312007944847327,-44.50127002300361,56.84184912038,23.35995800058,0.9374413
64964717544035200,0.923701848171894,"True ",14.018696,2.011135,7.433162816846995,20.539250037585216,-45.0448329797484,56.63706230536,23.30513098618,1.0649348
64966916567283456,0.905918702960602,"True ",17.4539,3.1989937000000004,7.294694239567216,18.858429537627444,-45.668885051210545,56.73054111545,23.38021298877,1.0561346
64967569402404480,0.483703775358309,"False",16.54838,3.0180445,7.069719258509362,20.607521427949948,-46.191929292958704,56.81416804545,23.43481220068,1.0966136
64967603762044928,0.69354228100342,"True ",17.04237,3.0633802000000006,7.306142286619532,20.74313458821348,-43.89561580660229,56.78974161914,23.43215484093,1.00177
64971177174850304,0.406136446552732,"False",9.99517,0.7957506,8.185923792806571,21.08201982986673,-49.85086216733037,56.54194518315,23.33979118006,1.0064452
64971722633920768,0.738204795004537,"True ",18.161404,3.7835940999999997,7.239831982148124,19.137058011285028,-45.60656363223237,56.45816034438,23.32896704028,1.0437182
64971933089093760,1.0,"True ",13.21777,1.6409626,7.388568334356816,19.542915850187022,-45.246857647763434,56.53493394536,23.3473212123,1.0232012
64974338270788864,0.948928831445573,"True ",16.11487,2.8657188,7.400842842890291,20.3498907854033,-45.84120467577862,56.30068677483,23.36456659754,1.050245
64974574492213248,0.794043460994394,"True ",17.363674,3.2474785,7.492486097833368,21.406088529779183,-45.05231984456653,56.42870174001,23.33658916129,0.9524142
64977705525131904,0.938851746321551,"True ",14.081177,2.0335311999999997,7.223361814603207,20.296996397713922,-44.83110777745387,56.64730542253,23.4115310618,1.008254
64979732749686016,0.896975294154256,"True ",11.273634,1.0054016,7.3865285438288355,19.0718927796905,-45.023437835823266,56.75601002051,23.49474145128,0.9098149
64980278208557696,0.213985978774121,"False",11.961676,1.419446,7.361204841283512,16.022889853821304,-46.941451369412746,56.66777638111,23.49753520642,1.227622
64980832261312640,0.904899764538146,"True ",16.288599,2.929678,7.435614097188134,20.879451936648078,-45.021752623356974,56.70879817516,23.53208141913,0.9718782
64981137202021376,0.902593439556466,"True ",12.397641,1.3820218999999998,7.349143996550215,19.01388855774152,-45.46238890136218,56.5172850878,23.40531966532,1.0410229
64981863053470592,0.769142402456303,"True ",17.219704,3.3249388,7.1504152564487145,19.859186488699244,-44.83001585254262,56.59367990043,23.48542789778,0.9135021
64981931772948480,0.748259717456999,"True ",10.363573,1.1260823999999998,7.179336279416077,19.818583154771787,-43.24129115752879,56.57506229159,23.48645761045,1.3110294
64982344089813248,0.652435287938847,"True ",16.27454,2.936716,7.216786495064386,20.003641467123558,-46.24638543392014,56.46988426929,23.46487435939,1.0719284
64984951133439232,0.885223500258595,"True ",17.09217,3.2278833,7.2808591598947565,20.85878320088261,-44.73620178028239,56.55285246405,23.58701264824,1.0779377
64985127228608128,0.808698042334177,"True ",12.563813,1.584384,7.350579885028083,18.427570634978657,-44.8554791328628,56.61581566561,23.59251492433,1.177594
64986325522809728,0.752507116876422,"True ",18.267855,3.2330417999999996,7.452761101984952,19.84477584934094,-47.13858324068734,57.02080880346,23.40357707911,1.100372
64987876007763968,0.899270076255412,"True ",16.418585,2.8655157000000004,7.353462097116692,18.67680196333135,-45.76653225878188,57.06355849716,23.43468552037,1.0564281
64988322684358144,0.812542431217399,"True ",16.84718,3.1534615,7.509023760722853,20.586114440560067,-45.14237539307773,57.09464904982,23.46174619316,0.9564138
64988803720689408,0.848205885688383,"True ",17.783087,3.3266983,7.206584546538968,19.379611669304246,-44.93597341377126,57.0858136641,23.51687667697,1.0376607
64989490915460608,0.926035604395065,"True ",13.712051,1.8174418999999997,7.318953310037485,19.707121012585898,-44.53956232297975,57.04583326092,23.50681118381,1.0550884
64990349908937984,0.885223500258595,"True ",15.722567,2.7443657000000004,7.190891560508792,20.03342244952955,-44.360398258748255,56.8672334216,23.44802253199,1.0598742
64990586130069504,0.61156999007295,"True ",13.113663,1.5855236000000001,7.272149432844637,21.22160226198077,-44.86687402523243,56.90846714444,23.46784903103,1.1117022
64990792288875264,0.896975294154256,"True ",17.404692,3.1785507,7.548538567542814,19.302490159035987,-46.08682265883761,56.90022381409,23.47393838707,0.96674895
64992544636157568,0.266163523333934,"False",19.498247,2.9433746,8.23007419917087,18.208773648843454,-44.40827297652657,56.95607965231,23.53120566211,1.1243807
64993579724240896,0.500381911734041,"True ",18.28803,3.4373989999999996,7.072160110962178,18.650779454047864,-45.245299515997566,56.8747666393,23.55402339756,0.99587977
64997187496822912,1.0,"True ",17.839243,3.2330704,7.406563177256343,19.64784256494785,-45.611131322381546,57.25484893391,23.63747709886,0.8294257
64998905483757568,0.786965436571092,"True ",15.042486,2.4323664000000003,7.327464562394925,20.80787395564015,-44.449002369934576,57.08270162428,23.60313797003,0.97364295
64999558318784768,1.0,"True ",15.923727,2.796442,7.437404133116669,20.121801104173304,-45.97765650888577,57.05745057369,23.63299008833,1.0796728
64999588381514496,0.769395002187292,"True ",9.99203,0.7404546999999999,7.1943979767951705,18.291523231258868,-44.75731337240399,57.07052147815,23.63658449526,0.9410188
65000073712701056,0.350713788974232,"False",19.53008,3.4325867,7.061613568569041,19.143649354954604,-44.93870161163164,57.01950344317,23.65822198457,0.95156616
65000417312240896,0.93963771808766,"True ",15.711198,2.3947048,7.279935854079413,19.68836366974725,-45.045557565889204,57.04676066619,23.66195219778,1.0621207
65000623471297024,0.564485408869657,"True ",15.735696,2.9153109,6.988906661520379,20.001070493605926,-45.048301109494496,57.06368705743,23.70079343721,1.980989
65000863988835200,0.668086366039727,"True ",16.795107,3.0857982999999995,7.54865510036712,20.935367912891873,-47.27674284468649,57.03735109357,23.70632997828,1.0614438
65003612767943040,0.727863013292721,"True ",17.898127,3.6698284,7.582012654647615,20.174479794914447,-47.09982488667018,56.75985492349,23.5431602599,0.94226295
65004437401569664,0.949518717491859,"True ",16.694729,2.8807096000000003,7.355182666949438,20.16316093085053,-46.00919158608535,56.74245105011,23.56061715977,1.0239232
65004712279475712,0.936805151757579,"True ",10.388345,0.8150959,7.497436461447745,20.796107814926483,-45.15376721686923,56.72404434207,23.58335393181,0.99693227
65005262035285888,0.731141283346684,"True ",14.2646475,2.4753046000000003,7.209191094463601,20.780047946237534,-44.242085995364654,56.76583191331,23.61611499254,1.1201135
65005846150835200,0.752965570200568,"True ",16.335794,3.1281033,7.203188984556041,19.562190919181596,-43.40545891146265,56.8615963769,23.63387817083,1.2707179
65007083101413888,0.665796870241296,"True ",7.7467694,0.21737766,7.4729883656354055,21.72387551654079,-45.709694588780785,56.86189019777,23.67812685242,1.009509
65007942094880640,0.410954696575283,"False",17.557415,3.5812302000000003,6.979594312588576,17.613899941309107,-42.464484267359644,56.68706288706,23.61855310239,1.0325537
65008010814357248,0.91664064514796,"True ",17.381496,3.1402092,7.33137776768408,19.032958763484334,-44.73395614195889,56.68002306055,23.62260295725,1.0776341
65008388771477120,0.99681330712711,"True ",16.497435,3.2339296,7.263568493862063,19.341465818406746,-45.10348228374381,56.71926880123,23.6451388465,1.0335654
65010175477867776,0.435025157023531,"False",13.320808,1.7361965,8.119985067761405,19.54100378327512,-47.27318126555512,56.78562001621,23.71055110418,3.9692523
65010239900405504,0.962220105255686,"True ",11.99486,1.215661,7.3503939491290735,19.425567035566694,-44.409138446134044,56.77834370557,23.71495241088,1.1385349
65010519075247616,0.930554801676254,"True ",16.342907,2.9733076,7.481431550014758,20.220945081172406,-45.791995280139076,56.84458758908,23.73506530394,0.91359335
65010549138050944,1.0,"True ",12.215946,1.2616501,7.417636325472424,19.730513631399997,-45.60886780973222,56.80648230099,23.71408562078,0.9788415
65011412428446592,0.782125339409098,"True ",14.170108,2.395114,7.329093106510833,21.21594470792443,-45.57679495157199,56.78942568111,23.74197963633,1.6133932
65011481147922560,0.653744869912029,"True ",17.294428,3.1273947,7.141353557340773,18.265519303836555,-43.55515692303906,56.77549159809,23.75544346708,1.0635456
65011476851589632,0.903466023732495,"True ",18.451954,3.3400763999999996,7.356181567875133,18.99170651645838,-44.52505445070616,56.77419713239,23.75949117569,0.97876674
65011962184337664,0.609732967045156,"True ",17.058777,3.1215677000000004,7.809189651429023,20.613921327030734,-47.06955448123922,56.96658486416,23.66317575455,1.0405909
65012408860856832,0.948887603165544,"True ",16.648165,3.0387678,7.252925571892043,20.328177414703305,-45.216292132663604,56.93613786706,23.7007045401,0.9428905
65013474012743936,0.881234307638375,"True ",13.317822,1.6477528000000001,7.415330238219003,19.389676621809908,-44.41979686439394,56.92168447899,23.74008588097,1.0288638
65014195567317504,0.850647999740795,"True ",15.997229,2.7870903,7.6078664900519835,19.47968172660324,-46.64789860885492,57.03323531524,23.73970884587,1.0254738
65014985841292032,0.738961694076426,"True ",16.735138,2.995575,7.160999926269236,19.836314489992358,-43.429277219843186,57.07240387537,23.8063973617,1.0162568
65017627244152064,1.0,"True ",6.997606,0.04240656,7.312944753255134,19.095680019507558,-45.51979499835105,56.83746288644,23.80314110025,1.0218508
65017906418989312,0.937375009381975,"True ",14.748187,2.6375847,7.390669390750133,20.661868809603533,-45.951866205710274,56.807022076,23.83129346815,1.0817058
65018417518780672,0.837396878935919,"True ",16.862331,3.0882645,7.33883323931341,19.272619406218368,-46.35662374169974,56.8819223601,23.87181815563,1.1373919
65019963707009024,0.926557338263704,"True ",18.670362,3.3574599999999997,7.581643669811053,20.56262156862604,-45.80923727841007,56.87336883958,23.88023184346,1.046665
65019246448775424,0.644840619407673,"True ",17.37894,3.1116486,7.392645465941638,20.181137542829056,-43.4664291978785,57.02449569519,23.88344303937,1.0650707
65020414679879296,0.915644905301262,"True ",9.761056,0.7080078000000001,7.376293478669214,19.684597110725647,-46.39380780023058,56.96895425475,23.94102406851,1.3117672
65023232178029440,0.718147528098297,"True ",14.220257,2.1069383999999998,7.2107244103887105,20.443968442355228,-43.615631895788304,55.62266700134,22.79038336607,1.0311948
65026839950559744,0.848041742781,"True ",13.883523,1.8962811999999998,7.414311257263758,21.03875282773397,-45.91094789901183,55.44629077538,22.85682951098,1.1278907
65027595864800000,0.770873169089003,"True ",9.057103,0.6310768,7.451380363496461,20.956669492460254,-44.68794288703312,55.5197834852,22.85835816894,1.1695522
65027905102436608,0.773327354180267,"True ",13.702901,1.8353577,7.3911225554567395,20.931199055488747,-44.495503230336666,55.60962925403,22.89445831917,0.98453134
65029550073165184,0.689306300878665,"True ",18.133823,3.4207592000000004,7.4232683148511995,19.869169644135393,-43.852702618421446,55.73566057861,22.85483397428,0.9572704
65030344643851776,0.465319877217862,"False",11.829097,1.1800528000000001,7.734497657711125,20.03449568704365,-44.54995557137322,55.74682843323,22.90070615627,3.241516
65032745528876032,0.695507998583811,"True ",18.516258,3.7325477999999994,7.26127120230344,21.363551921586858,-46.743900405688294,55.84406564335,23.0155284221,1.1247672
65034910192391680,0.402447218017243,"False",19.54457,3.3177300000000005,7.877880919814537,18.900124672754213,-43.90371188485384,55.69709280777,23.01106065449,1.0624247
65037731987586304,0.691068218301352,"True ",17.058886,3.2424612,7.6459452679232225,20.17786927703748,-46.430883788775155,55.6849089659,23.10432423095,1.0118152
65038281743395584,0.683421015256718,"True ",16.831034,3.3351288,7.319003731392653,19.91290055599684,-43.607288494737816,55.71537887939,23.14532896149,0.9722538
65040686925109760,0.787643651839186,"True ",15.615843,2.6748362,7.485443374199612,21.19075895669152,-45.75072890563625,55.49448945798,22.95034269755,1.141276
65042439271761280,0.663927151308245,"True ",17.29081,3.2460575,7.382324950580081,21.821171152495207,-45.57155864966064,55.44449969061,23.0219983555,0.9410097
65042645428743680,0.756433304055881,"True ",17.786415,3.4955597000000003,7.549815546589053,20.471968097350988,-45.69571439724876,55.45410782174,23.05638602589,1.2290251
65047043476608128,0.715185223169738,"True ",16.736732,3.1455584,7.176704369385575,20.52215060868029,-43.97400437766897,55.3599023648,23.13393922945,0.9838054
65048589663795200,0.502015863873439,"True ",20.058289,2.8168450000000003,8.109209998437597,20.81497250256232,-46.81916443400196,55.4757547644,23.08452964018,1.0953836
65049139420729856,0.542010016285517,"True ",19.14169,3.4667149,7.6140203372494675,19.547040334155472,-44.384343221770344,55.52400476587,23.12056786411,1.0386919
65052639818118400,0.811632192318096,"True ",18.776737,3.6409397000000006,7.239971457247265,19.898278019009368,-44.533459586344996,55.43225882288,23.13314273397,1.030911
65052953351603456,0.855534752177341,"True ",12.413892,1.3606424,7.522221748654657,21.489136618115143,-45.99569262566769,55.38534473979,23.16151981666,1.8055725
65053915424355584,0.759964652311544,"True ",17.104906,3.2087088,7.248243663666067,19.927100246483946,-45.17265679717415,55.56411491671,23.19181588955,1.0374994
65056526764528128,0.769142402456303,"True ",15.538341,2.6872349,7.183729162793428,20.21799379712614,-44.39095671123844,55.93744520454,23.0556942687,1.0226176
65058760147520000,0.872178285261218,"True ",16.57428,3.0747375,7.247552583959741,19.61969983571182,-44.38208098727167,56.03890906144,23.14619150015,0.99937665
65062917675789184,0.216842742813377,"False",16.419624,3.0819970000000003,8.026309032888229,24.93512172008801,-46.60350583759989,55.90246275019,23.2093206046,0.9302586
65063707949772672,0.445114701580611,"False",15.696248,1.741106,7.320884398120753,20.899384242078334,-42.29185439614603,55.85174576047,23.22490289942,0.69251686
65063707949772544,0.337799679829685,"False",10.357922,0.95835876,7.1801581909466075,20.84782871474849,-41.44442218548832,55.85234648557,23.22574276328,1.6050472
65064837524605312,0.648554033495371,"True ",18.181866,3.6247977999999996,7.164801526717113,19.286172664444198,-43.282862368578094,56.09235889438,23.18174556471,1.0718024
65072435323295872,0.606886230848927,"True ",11.193929,1.0334635,7.58020870179761,22.039851021011096,-46.63903879701039,56.04683380132,23.37911934605,1.00204
65078929312363392,0.853352745315852,"True ",16.435478,2.848033,7.478305728429822,20.645758346090915,-46.35373552612505,55.67670942939,23.33896669258,1.06617
65079788307324672,0.686885337313934,"True ",16.140701,2.8447046,7.456015960593475,19.555682528777613,-43.9289691613249,55.65117902937,23.36783880667,1.0383351
65084358152509440,0.804205507509928,"True ",13.831366,1.8890305,7.234753689152003,20.104480832584933,-44.02245494436507,55.90259101573,23.45375386006,1.1825956
65086591535491584,1.0,"True ",10.823086,0.98379326,7.297531268657662,19.55870683741184,-44.75242968274939,56.00257297938,23.54374398487,1.1061329
65088275162687104,0.770968824251273,"True ",16.996695,3.0464563,7.500634830364742,20.33014330525751,-46.80745783805581,55.7559044282,23.49166437152,0.9035413
65089336018173440,0.705513377809665,"True ",10.5763235,0.8666190999999999,7.524981265385147,19.527245020995085,-45.29240678300611,55.90730074032,23.53578784875,0.98257875
65089473457126784,0.675002332016257,"True ",13.418813,1.7170792000000001,7.241582954749215,21.48331442498705,-44.38909546773306,55.95261401767,23.53919347158,1.0401119
65090680344356992,0.658129950044655,"True ",9.430407,0.68530273,7.392698468900249,19.833141547148962,-47.226007157035255,55.92875181768,23.59457025593,6.012103
65096899456994304,0.438246461906051,"False",15.868685,2.7593088,6.944196831805782,19.53011982032914,-42.00960297662542,55.05317309326,23.15977661573,0.97264725
65098514364769408,0.824581726303649,"True ",16.232439,2.9086323,7.287877913694782,20.825910225757177,-45.02650905828326,55.21602761544,23.23053552842,0.9655239
65101606741121792,0.799492070625323,"True ",16.835623,3.13842,7.353979850941794,21.430531919380343,-45.768936753226264,55.35827479061,23.25980604541,0.97007865
65107860213588096,0.7226708346891,"True ",13.492777,1.7266588,7.224446903964589,19.485467093679205,-44.451635700060436,55.30763642249,23.38474215324,1.0215166
65108714911246720,0.619464003045965,"True ",16.459938,2.8729153,7.4300032060515475,19.684433890715137,-44.69982920331617,55.04043570168,23.17554600043,0.9652924
65112739296356608,0.555624490095575,"True ",16.70023,3.1022243,7.106110705709443,21.185362190355754,-44.55818284056245,55.10957950827,23.35793606988,1.1939926
65113559634339200,0.591787772700603,"True ",9.810571,0.7111435,7.2436090465676335,21.292095189450613,-43.70881158081545,54.92166516558,23.29068704861,0.8472086
65113873167733248,0.360817967273334,"False",17.078058,3.1484747000000004,8.412299271002707,22.5435394232632,-50.36805907002037,54.98907073327,23.32825147919,1.071728
65117206062341760,0.940849630226088,"True ",14.743395,2.574564,7.4235134388076505,21.346841954878272,-45.29914457194122,55.00086921867,23.43477564838,1.4016548
65119164567417856,0.699659536579797,"True ",10.658403,0.8932123,7.5633005054528555,21.69712229242184,-45.497866176963164,55.21027734304,23.41823955761,1.0724381
65119469509073152,0.708063281022332,"True ",18.58516,3.2688656000000003,7.561025966869867,21.1178810609702,-44.361757421866216,55.16450502269,23.44286661596,1.0336248
65120470237460480,0.815989649176948,"True ",9.069493,0.5979481,7.480111658668807,21.62667494348407,-45.324354884444176,55.34580150776,23.48673483571,0.98665714
65121810267254656,0.637067023291476,"True ",19.740993,2.2253857000000004,7.482056266290665,21.72997648444975,-44.81366245108036,55.27263202113,23.5489601922,1.1059537
65125452399528320,0.722353903798481,"True ",14.410244,2.1775074,7.488421887730397,22.03511084624788,-46.2842418446027,55.13134552102,23.55044873326,1.0477535
65125516823040256,0.488465771982652,"False",19.29973,3.5181332000000003,7.144622300854548,20.96326973364636,-43.694402921883096,55.1191232977,23.56162881899,1.1086146
65125864716379264,0.890543051095813,"True ",12.452076,1.3631744,7.5221538253663525,21.134981861628486,-45.75717959178242,55.21373303657,23.59821916838,1.1481409
65128506120036352,0.650513204316252,"True ",18.148575,3.5555440000000003,7.11584754651513,19.02766922949857,-45.310723799904174,55.64182280027,23.41427037594,0.9598029
65129506848731136,0.386942123088842,"False",12.169894,1.3467989,8.309649468736074,22.295339381875124,-50.83776685232493,55.67669619215,23.50263721595,0.995228
65131121756446592,0.793640911676897,"True ",13.487999,1.8508358,7.48613184109967,21.75305457538712,-45.20610303839722,55.47365462562,23.45779725239,1.8494896
65134592089910656,0.655654247870993,"True ",14.803357,2.349576,7.259168619515059,19.04030741626996,-44.24965803381016,55.53692422707,23.58789591936,1.1159865
65135176205557888,0.657773129499362,"True ",16.075401,2.8521223,7.764517612049255,21.313117784499426,-47.16556106923917,55.72227588593,23.51855675012,1.041539
65136791113382912,0.735900973526939,"True ",16.743004,3.077446,7.410691983881695,21.67933864275433,-46.49129154083005,55.70385233586,23.58000313661,1.0497593
65147438335354624,0.867773504694546,"True ",17.286898,3.0945377,7.3462456511291965,20.6996905766858,-45.86647144833789,55.39506643063,23.63753992972,0.9835673
65150947325369600,0.879393040543985,"True ",10.972593,0.96062183,7.450040846780469,20.259840824477635,-45.71660093350053,55.36604390474,23.70813709776,0.9286118
65151531440914560,0.618223096609545,"True ",13.867477,1.8860197,7.582046291334272,22.103628080665608,-46.89623639600778,55.41503159546,23.76288351385,1.0402107
65153833543386624,0.846370358194395,"True ",13.935524,1.9494696,7.327419894069631,19.953576720669552,-45.752929812527505,55.49459139514,23.70713528477,0.98458207
65155856471318912,0.521562641123915,"True ",17.686852,3.4975414,7.091215455128367,21.15571222969549,-45.69060347606563,55.6902746099,23.82282265578,0.98347014
65156891560085504,0.69515907289488,"True ",17.641811,3.3021964999999995,7.238355792828113,21.47914794802953,-44.34702859826589,55.60955126593,23.8606077123,1.0018151
65161250950264192,0.554028518545817,"True ",15.555487,2.7090015,7.1285598605967975,21.649997198461733,-44.00589987129682,55.51227170472,23.9315503765,0.9305524
65161560188203776,0.317481486933551,"False",17.538729,3.3679142,8.093948459864036,22.547410052943484,-51.03959845121485,56.24788981636,23.35487982958,0.9371447
65161976802151680,0.723519139262615,"True ",13.3745775,1.7224798,7.547018989298301,19.889033018800962,-46.94423051275081,56.24574641632,23.3887289689,0.94657576
65162492198224768,0.922261580407502,"True ",17.780386,3.2430534,7.462238224855825,20.62067712169717,-46.409736905953295,56.28508301598,23.41676879534,0.9456038
65163110673516928,0.657821752955053,"True ",16.323061,2.951087,7.4255680209980675,18.802964800017666,-44.67446134102455,56.24181931752,23.40847130159,1.0671307
65163797868281088,0.194488638771748,"False",11.943017,1.2685183999999998,5.95676284789145,16.15513381249811,-35.83494257628211,56.35829496527,23.43002292443,0.9288403
65164171528305792,0.864946799540464,"True ",12.190561,1.3070021,7.307413485207008,20.223885800497985,-44.650177537694596,56.34254222359,23.47151034942,0.9438896
65165653294149760,0.948887603165544,"True ",16.157358,3.2043476,7.172780984631883,20.675289820301945,-44.85616584762688,56.30591985851,23.516716713,1.0579132
65167577439502592,0.874270885965728,"True ",15.381319,2.6189442,7.196435385252508,19.261618283223093,-44.18167451157025,56.15126273682,23.50290282738,1.0963196
65168844452782208,0.604888129899787,"True ",17.820105,3.373333,7.089320664949418,19.65426186432432,-44.79677199809907,56.31845658251,23.56697449592,0.9112794
65169394210980096,0.399380251307594,"False",19.801334,2.9885577999999997,6.9220501274364015,19.356994975225913,-44.830030447577045,56.22141739192,23.57286476497,1.0234694
65169566007289216,0.306659776044791,"False",18.89392,3.6015089999999996,6.783900531431093,20.145383363877254,-45.57401351324285,56.21366072046,23.57224054851,0.9954819
65169943964429952,0.909497312620548,"True ",16.988838,3.4484148,7.230917167248847,19.068891767681066,-44.98068962263365,56.27833987282,23.61413935963,1.0175426
65170016980919808,0.891468143883929,"True ",16.171886,2.8697624,7.500034623921711,21.219353630595922,-46.27851751485043,56.23629783448,23.60638236898,1.154042
65171009118683264,0.275571670025846,"False",19.613657,3.4644852,7.089674992446658,18.009218748319984,-46.41701176710789,56.47906514638,23.56594577145,1.0771624
65173620458875008,0.948887603165544,"True ",17.018866,2.7245939999999997,7.224087278284057,20.374159257125207,-44.81977356734409,56.46271855132,23.6212783472,0.98196167
65175480179315840,0.86703139933995,"True ",17.297462,3.0938892000000005,7.566883576477942,20.970122285631863,-45.66117693144511,56.36469576575,23.63234055041,1.0161119
65178190301724544,0.606257360794583,"True ",18.718615,3.3896254999999997,7.7880253572516445,20.5359427551615,-46.69823385785528,56.40739057191,23.73043120596,0.958523
65178568258674176,0.195451304851882,"False",11.925609,1.6230211,7.137653092351973,24.01932161688941,-45.253009886278804,56.41428433449,23.75409592072,5.670898
65179946945247488,0.797460214377536,"True ",15.793812,2.7235603,7.372910720374971,19.28602141734942,-46.303525996360214,56.08703423988,23.56092855087,1.0418881
65181115176348544,0.434942745369539,"False",15.794596,2.9484844,7.450890340933603,22.5414303663053,-47.594981070054104,56.06865698054,23.61763077489,1.036575
65181321334778240,0.600194434193707,"True ",18.633621,3.9137058,6.731841119516058,19.19231470727461,-43.68124042306106,56.14966288664,23.57817517359,1.0218021
65181527493208192,0.941255228631071,"True ",16.055323,2.8237982,7.24946466059114,20.500960783305388,-45.03641678694635,56.13224000851,23.59042529758,1.0818568
65184894747573376,0.777447395888345,"True ",15.929374,3.057953,7.380512084447237,19.871268352271496,-44.6156897748046,55.90468213861,23.64209500872,1.1792295
65184929107310592,0.469948970864025,"False",7.8598695,0.4854188,7.806210964547051,20.23368750385818,-45.61787696237123,55.923150568,23.64895762076,5.2615423
65188090203295744,0.902593439556466,"True ",8.888269,0.5366392,7.47060055813846,19.74960133387602,-46.401071174135026,56.27211037046,23.70246592517,1.1877493
65189739470654464,0.888886401661689,"True ",17.109238,3.3934975,7.502788343313918,20.57710525757045,-46.42513221012004,56.27089546399,23.76829178719,1.0821106
65190048708380160,1.0,"True ",12.071662,1.5379562,7.277032576643956,19.691249477388762,-44.56064014037388,56.33837180875,23.72727095406,1.0951537
65190220507070208,0.945581607494823,"True ",12.855757,1.5521526,7.399616619911858,19.065021323928246,-45.755836459670746,56.37331924695,23.76030233531,1.0100722
65190838982357760,0.783677372613386,"True ",18.086927,3.3416843000000003,7.437462707543171,18.931323025525273,-44.772924924605256,56.4121662012,23.81538702478,0.9738739
65194274954079104,0.430529327145233,"False",19.30919,3.4498824999999997,7.876654122249076,20.335163548586017,-44.412567298941354,56.14298769626,23.8566877675,1.0332108
65194584193758336,1.0,"True ",11.684071,1.1114388000000002,7.434634406907008,20.343324117642556,-45.77202907717511,56.26375187558,23.8392093177,1.0351657
65195404530870144,1.0,"True ",18.384014,3.2893084999999997,7.440590196934589,19.701211898142226,-45.37883391111224,56.30266024809,23.89569109926,1.0535712
65196370900147968,0.802264805227365,"True ",10.590246,1.0418558,7.226440781576338,21.062076818946014,-45.346349053981676,56.2244333696,23.92108582136,1.1517957
65196405259884544,0.883014262764936,"True ",16.095974,2.8608084,7.274297226962083,21.06580795418214,-45.62513939192596,56.24422047136,23.92787685606,1.1529555
65199222758514048,0.659354689934968,"True ",16.09085,2.8712997000000002,7.423995688819728,18.573060512208645,-43.7319165447048,56.6668412654,23.78274102188,0.9855092
65199978672758272,0.800666074599846,"True ",10.045166,0.90088654,7.471863203927213,20.01127262219112,-47.267423429233034,56.65709673683,23.78750955142,1.1117623
65200283613608704,0.806372437693362,"True ",17.161976,3.3704547999999996,7.3976813023598815,19.371365646455065,-43.871928402510044,56.61546284551,23.81249172308,0.8381101
65201039527567232,0.908266535831683,"True ",12.133683,1.7130537000000001,7.425795986386205,19.495712257918264,-44.257128688239504,56.511596002,23.73718212048,1.0954742
65201073889760896,0.679578246519432,"True ",18.689657,2.9544658999999998,7.2528901646155015,18.566546132668236,-45.360746051471494,56.53153932856,23.74500045933,1.0232905
65201249983083392,0.929618812645945,"True ",14.375109,2.4468641,7.3094182053318,20.576972275058342,-44.18331512582181,56.52329273641,23.75705828476,1.0223185
65201245688454144,0.359687168728164,"False",19.739166,3.2041264,8.054925826696268,19.545527894368007,-43.756458845747844,56.52132989085,23.75955291035,1.1380215
65202383854448384,0.835013516065649,"True ",17.039532,2.792656,7.584054434284223,20.4579022335004,-46.74669948230612,56.49673767202,23.81286734443,1.0317597
65202418214188544,0.789705258686901,"True ",14.805443,2.599205,7.008717060407029,19.197093542220788,-45.35288725898114,56.44372984936,23.79515713239,5.539466
65202830531043968,0.679449861049019,"True ",14.606908,2.287283,7.1765118083800425,19.691236808686746,-45.97218248922506,56.52724342555,23.83880945903,1.0041559
65203723882387200,0.192980196104684,"False",19.511316,3.224657,7.253132457306032,19.516327149760087,-43.35612502686474,56.59278488593,23.8739155233,1.1749626
65203758244032512,0.782200572488504,"True ",16.309023,3.1592731,7.1116603531842495,19.385201134094537,-43.29755614690463,56.5925735476,23.87793117845,1.1299676
65204342359530112,0.761584234827145,"True ",18.085272,3.8449116,7.265131798859593,18.41856868541688,-44.31076620690117,56.55978465218,23.85061303268,0.92849815
65206674525036672,0.956187252744248,"True ",17.452063,3.6358585,7.258803479406005,19.58388880290639,-45.499123808652925,56.75155954237,23.87989483652,1.0392975
65207709613871744,0.629075573678728,"True ",9.739319,0.8328581,7.185575669070407,19.60591854512209,-46.32969547460585,56.84992842917,23.914271006,3.3770366
65207709611941376,0.937830866137194,"True ",7.286501,0.04229927,7.220987406121659,20.049108040161613,-44.13258985442616,56.85182143113,23.91447789176,1.0006701
65208396808627840,0.936805151757579,"True ",13.007188,1.5474538999999998,7.3675798561772385,20.524655700403642,-45.03220218366824,56.92276375783,23.97172758846,1.0548341
65209079706818176,0.583207817325782,"True ",18.482868,3.5176182000000003,7.670823942297687,21.065365252833168,-44.302524943581105,56.79446914567,23.97105283622,0.8724217
65210389673469312,0.536529566828826,"True ",16.523058,3.149763,7.0041880075101695,19.462720083764125,-42.19345694470355,56.73249284037,23.93987222951,1.2676601
65211038213901952,0.877156614644559,"True ",19.281624,2.9209384999999997,7.845355585645592,19.2059290183694,-44.701289097942905,56.64739459677,23.95190941618,1.0667657
65211145587780992,0.923651219916475,"True ",13.736212,1.8533316000000002,7.232270978962829,19.293091542047552,-44.06839315224453,56.64972601818,23.96682512457,1.0316483
65211557904569856,0.948887603165544,"True ",15.067968,2.386301,7.2862829876032436,20.50214043405068,-45.33555997342797,56.68172301552,23.99493684191,1.047322
65212107660378880,0.78994490879636,"True ",8.332108,0.411232,7.401981307676885,21.32317472970832,-45.436982058241185,56.76765840946,23.9950129144,0.8982019
65212206443054464,0.788864538477147,"True ",18.32441,3.0289287999999996,7.212780258086302,19.834392668263572,-44.44416377495759,56.80496181319,24.01239279683,1.0311942
65212691775922048,0.502750857580138,"True ",13.56767,1.8632498,7.340276386730737,22.032320566083087,-44.73567467390483,56.82577815809,24.03621806528,3.3618445
65212760495396736,0.858612016935689,"True ",15.390224,2.497138,7.381110433788617,18.361796049409968,-45.828109859833404,56.85568297187,24.04895316921,1.0565096
65212932294091264,0.905590659068259,"True ",15.380993,2.5782222999999997,7.3031279891572645,19.44326249797241,-43.83037106514393,56.788355137,24.05197806631,0.98439646
65213172812266752,0.578006403655565,"True ",17.144829,3.16395,7.449628020763334,19.211601348098558,-43.36324766229127,56.74283055817,24.02799565347,0.95862824
65213172812266240,0.841517535076635,"True ",16.13903,3.0877132,7.107755349819152,19.231314049232395,-43.90906851628049,56.74722551552,24.02839263225,1.1177913
65214409762926720,0.936805151757579,"True ",13.566717,1.7800311999999998,7.4607736871596835,21.187427183234853,-45.39186369950472,56.45402219951,23.85268637885,0.9892889
65214856439472640,0.948887603165544,"True ",13.134053,1.6774006000000001,7.212553394372475,19.875287535982068,-44.65217552603711,56.46044167389,23.873754046,1.0177566
65215058301202816,0.90426815834675,"True ",18.035473,3.0619373,7.459231640799746,20.74256010277341,-46.273210967016354,56.4454986712,23.88328757924,0.9373706
65215887229784320,0.886342392276751,"True ",19.715424,3.143484,7.551445316729151,19.5548940489008,-46.508763634270146,56.4220378945,23.90257256727,1.1471778
65216363971331072,0.798252688252062,"True ",17.420778,3.1692924,7.626957463557727,19.581562775963143,-46.711820349595975,56.41253094148,23.95011790838,0.98140705
65216643145862144,0.626328557866063,"True ",15.73245,2.7161846,7.0127858249413935,18.578847588284443,-43.374621259795276,56.51799855172,23.92784238006,1.1348923
65217222966811264,0.642992480097668,"True ",18.18747,2.987852,7.590686889973629,19.0351746770752,-43.878986858575274,56.57734998421,23.98390177419,1.0145491
65217326044027392,0.487465978972114,"False",18.299746,2.5997887000000004,7.797066786893609,19.115988612794247,-45.664066536947004,56.52529124319,23.97184934749,0.94900244
65217605216685568,0.636329556077414,"True ",18.179188,3.155592,7.716024514567285,20.44459642689754,-47.82145485344072,56.45599236233,23.95146803072,1.0606526
65220143544571520,0.656192512976088,"True ",19.49101,2.8836803,7.230073122661357,19.867198714896627,-44.11025194492977,56.28949749428,23.97897765656,0.88926363
65221487868870784,1.0,"True ",7.8336287,0.2657609,7.295877939593722,19.8061014454413,-45.00296374339572,56.46524526083,24.03867637775,1.3362249
65221586651685248,0.713673108191422,"True ",18.12122,3.0859604,7.147155067867327,18.217441362982647,-44.80112017638532,56.49050612273,24.051232484,1.0574329
65222209423382912,0.23282763462187,"False",8.016329,0.31210852,7.460537484916678,23.80721906322407,-48.99785677095743,56.35902804607,24.03494447031,1.6836591
65222484301820800,0.793474463656746,"True ",18.887249,3.2648067000000003,7.4560835623666195,18.6225088774893,-45.332163822789326,56.42643027296,24.0696246507,1.0056384
65222518661019520,0.748902079361757,"True ",13.691072,1.8298387999999999,7.325943657575481,19.954843057789,-43.35273923240335,56.43373928124,24.07392359529,1.1184418
65222759179728640,0.729607096911142,"True ",9.984646,0.8261423000000001,7.29980221203513,18.429572159983962,-45.20699962860034,56.39758231508,24.08301110684,1.0200727
65223515093523328,0.963475988675635,"True ",16.894072,3.0725603,7.373004713955718,19.227117530342714,-44.209033757952795,56.59787068226,24.03074731526,0.9753783
65223583812996864,0.897403510863781,"True ",17.106117,3.2613543999999997,7.5003671602505575,19.068631689164967,-45.640329630973326,56.64813693412,24.02633213314,1.9332057
65223618172733952,0.822767514259999,"True ",11.957084,1.2012396,7.316839029051112,20.265107296934566,-46.22769834800418,56.66420881499,24.02947983248,0.92620397
65224442806459008,0.519343098470595,"True ",13.603668,1.811161,7.332498475735201,22.067799911606254,-46.12808704052617,56.55372255611,24.05417116892,1.0267986
65224889481112832,0.916497709222075,"True ",19.425034,3.5200195,7.5721140123783925,20.70446351043377,-44.848087910203546,56.60879577279,24.08581219632,1.279491
65225469302220800,0.804571598584999,"True ",17.469643,3.2574387000000002,7.422710671658224,21.454720070774023,-45.221757813240025,56.71438897123,24.10432284781,1.0897739
65225611037551360,0.763238950951779,"True ",9.199545,0.6225795999999999,7.3609218133078445,20.529234552319267,-46.94187273360423,56.66398954459,24.10299456629,1.0005049
65226092073881856,0.742529610124931,"True ",17.303078,2.826087,7.117155933037084,19.309047531519298,-44.323805908853714,56.72491574885,24.13237068038,0.9730997
65226401312036864,0.761584234827145,"True ",13.540735,1.8473138999999998,7.393074300074635,18.379558739104734,-45.25195585383639,56.63002744351,24.11714094377,7.650714
65228772133391488,0.727676996553544,"True ",17.9169,3.3296375,7.56224918935397,20.64192353731954,-47.49822521472331,56.49137215999,24.1445440949,1.0240954
65229008357099136,0.276846474692329,"False",20.095755,2.9350357000000002,8.231176774277445,17.753579257611772,-46.23433692765917,56.46116117179,24.15082481751,1.2045583
65229184450247296,0.73808761174922,"True ",17.291239,3.2110767000000005,7.497115632105594,18.93781078845328,-44.620618058683355,56.51910615107,24.16536856902,1.0340664
65229734206151680,0.219122633863787,"False",14.781489,2.5503654,7.190575194590559,16.920655845873046,-48.01460687758252,56.60587308903,24.15991869115,2.6216292
65230764996027776,0.853187297181568,"True ",8.228746,0.44409132,7.399226753718945,19.605545013914057,-43.75937028293768,56.56677710162,24.18972847505,1.2529333
65230764998207232,0.230113972732051,"False",9.408872,0.40332794,7.39543822777499,20.75587383041595,-50.03176368981576,56.56678722416,24.1894348105,1.4792432
65231486552803328,0.968304301113396,"True ",7.352819,0.13436317,7.345983258822863,20.45035056432713,-44.64674558353142,56.61376023966,24.25480032904,1.0897243
65232066371441792,0.838257656791159,"True ",17.853973,3.311489,7.244614096975412,19.969143551789717,-45.53035596799632,55.91557278263,23.69221985706,0.9533538
65232105028172160,0.992772346796791,"True ",10.641136,0.8891134,7.4334947307831385,19.924954323283515,-45.31810028461178,55.88323532267,23.67385377651,2.9208245
65232757863112192,0.958697064700138,"True ",16.385273,3.1662235,7.388158879058592,20.46724171049212,-45.166444196554,55.91274812353,23.73464542726,1.1453283
65233788655261568,0.326059026740983,"False",11.201932,1.057806,7.2728175308912695,22.965940391640576,-47.116396720431645,55.89349233391,23.76171357964,1.3708965
65237911823760640,0.968645052584602,"True ",16.364956,2.9643745,7.267268144617628,20.10977196670377,-45.41689926668445,55.81925319484,23.83358475981,1.0550666
65239522434899840,0.872178285261218,"True ",19.276834,3.3844967000000006,7.353450280694628,19.594802695246173,-44.38043775282678,55.8541875001,23.86689549669,1.1042078
65240690665952768,0.28628861255145,"False",18.203392,3.5531712,6.499034891207707,17.337962605327522,-39.549016572130725,56.06109775917,23.82767987744,1.1487523
65241313435901568,1.0,"True ",14.32924,2.1890354,7.367449998542192,19.578880277606352,-45.42340532837509,56.13342908901,23.87484927647,1.1024199
65241313437941504,0.847433252074732,"True ",14.416532,2.4776735,7.357232412939338,19.612794179791926,-46.53499963859164,56.13322156163,23.8752114689,0.9595992
65241863193865856,0.881342777052091,"True ",16.52288,2.9920635,7.423976552521405,19.99343255069661,-45.1111142983606,56.05066499277,23.87688792464,1.0594523
65242069352190976,1.0,"True ",9.539745,0.7352009,7.332855207330711,19.88152990707388,-44.693576030497724,55.99511103369,23.88252732507,3.060309
65242271214003456,0.321545378830706,"False",18.296852,3.7332897000000003,7.842584691514768,20.578618998829306,-45.06179749088999,56.08213439454,23.89588276929,2.3931916
65244435877629824,0.895479849282626,"True ",17.847445,3.2905197,7.233113577210933,19.08858362212825,-45.09939507669907,56.11636811943,23.99976909883,0.989104
65244646332548352,0.605079211174615,"True ",16.130625,2.7916002,7.65386834667479,21.90033906389104,-46.77703374053318,56.19731354525,24.0103384534,1.1976473
65244749411766528,0.812489298128351,"True ",13.679698,1.8219136999999999,7.328443682577037,21.423837772886003,-45.87308933879669,56.14763096345,24.00113421797,1.1517475
65245539685760640,0.894191199164506,"True ",16.285315,2.9554882,7.402115833370591,20.85145897585871,-45.582320515610476,55.98757249613,23.95144798031,0.9595332
65247704349267584,0.859923150527834,"True ",11.167223,1.0097103,7.594803806906588,21.404856037527303,-45.88621865204381,56.05452292933,24.03061586305,0.95421356
65248151025861120,0.59285785743241,"True ",13.168843,1.7458124,7.442648971691503,21.774572647141717,-47.34106561409916,56.09618368467,24.06809498503,2.2517962
65248460263511552,0.993307713672424,"True ",11.859773,1.2780646999999998,7.363469370053254,20.146309227148773,-45.145317431776505,56.05316220658,24.03159225173,6.1513267
65249250537488128,0.381660213097447,"False",11.056349,1.2912006,6.909328975759728,18.73960637693308,-41.028878368305456,56.06126040462,24.10143653881,3.47899
65249250535404928,0.656533798945766,"True ",10.878019,1.2813435,7.1375867450273605,20.708631306878623,-43.43679844036549,56.06105910287,24.10191467207,1.1756079
65254576296865152,0.967738238231028,"True ",17.378773,3.1482334,7.302248027937387,19.709346367300665,-45.0715512315112,55.68530669041,23.97076612581,0.99530447
65254851174771584,0.455677341099247,"False",14.815301,2.4971094,7.353940259122917,18.058163125459572,-45.4803497493351,55.66768554509,23.98916056381,1.4341736
65254885534508672,0.715366102477105,"True ",16.582888,2.9095945,7.361057342556959,19.45472846866403,-46.510573037379245,55.67444049431,24.00416938051,1.0475366
65257187636977536,0.801474647920711,"True ",17.168375,3.255332,7.165841660739484,21.0177193533052,-44.67677495515933,55.67163354569,24.02839578956,1.1185441
65263097511969792,0.887570483498903,"True ",17.451342,3.3752002999999995,7.293955605946162,20.256023802410912,-45.77238477763018,55.79855132706,24.1144320202,1.1470174
65263612908043392,0.699659536579797,"True ",17.377176,3.257244,7.596763629614335,20.970523789670626,-45.9841385820174,55.86979742846,24.15158636443,1.0018568
65264506261240448,0.687862665456276,"True ",17.445004,3.1228599999999997,7.5405934166305375,19.330017856024007,-45.37558501400322,55.83802446731,24.18570143772,1.0160483
65264673762670080,0.48142290416986,"False",17.92541,3.2961883999999997,7.841224461094723,20.25163895267666,-45.904575030954675,55.80614970875,24.18346994797,1.003561
65265674492422784,0.89069588904897,"True ",17.757893,3.267561,7.427304424110286,20.931081673152953,-45.141944021051245,55.93142519816,24.21375792965,0.9560146
65266494828710400,0.838257656791159,"True ",14.178851,2.0962038,7.314589696392642,20.333375443219484,-46.51007290077471,55.90298289326,24.23211488844,4.685808
65267078945207296,0.765553506658764,"True ",15.717465,2.7110186,7.506431017580921,20.60871484892701,-44.77186423371442,56.23900505451,23.99217866659,1.131965
65267388182879104,0.601994889735942,"True ",17.134035,2.97758,7.574034930346782,20.616762386374205,-44.13114421068058,56.22181624494,24.01834460181,0.9704903
65268075377736832,0.48142290416986,"False",18.248959,2.9212417999999998,7.848492136112169,20.14337246880861,-45.19917152703699,56.29096988932,24.07562557072,0.9022444
65269935099961600,0.968645052584602,"True ",17.16973,3.07967,7.258451579517982,19.60135679255054,-45.788937346074896,56.41378202777,24.13886561386,1.0806322
65270450496044416,0.842328714755635,"True ",15.178773,2.4735107000000003,7.5299804938152395,19.870546455968466,-44.98035671662728,56.31729783783,24.12099472374,1.1365216
65271996684817280,0.337524363629664,"False",3.6982086,-0.08796215,8.345685150896063,20.541505263518893,-46.081450017195756,56.21900456453,24.11313304361,2.7675414
65272817023559040,0.361459393063299,"False",14.205589,1.3937540000000002,7.25107773889799,20.325850542233447,-47.78693371839614,56.09705800205,24.13237723371,0.99422127
65273027476967680,0.390548663776823,"False",12.943953,1.6693773,8.011358629656003,22.795671238318587,-48.90817827039521,56.11679051504,24.17134251408,5.186329
65275020341243520,0.919443084625741,"True ",16.460293,3.0200386000000004,7.226131411222815,19.303777387711946,-44.732350241084525,56.19942719257,24.21445081819,1.0059536
65275089060719104,0.735900973526939,"True ",11.193486,1.007863,7.465089779730926,21.467293470462913,-46.4541970849661,56.18336879678,24.23100327842,1.2194091
65275501377570944,0.333037838513892,"False",8.547794,0.4694643,6.834919644298814,19.01709736631261,-46.06544490408489,56.27733777372,24.26330921922,9.412993
65276703968959488,0.859696677276236,"True ",10.392956,0.92116547,7.563215718435812,20.57486069829536,-47.200365068387356,56.43515551317,24.22010548148,1.2293495
65276772687884544,0.314685780466504,"False",15.964371,3.0608845000000002,6.830993138718319,20.438700248688047,-46.25544176823607,56.47922254177,24.22372997109,3.8334925
65277975278721408,0.700562587311629,"True ",16.796629,2.6368952,7.476717798256291,21.79659738473249,-45.311776589518566,56.41779696867,24.28890740696,0.88658035
65279418387728896,0.718865928370987,"True ",16.810167,2.992241,7.41363476324288,18.663634706590376,-44.18651883515772,56.46397086947,24.29548137555,1.1398214
65280036863012864,0.775547757567485,"True ",17.37458,3.3146582,7.1052667579658895,19.17547678034964,-43.77841323432392,56.48794486728,24.35009571164,0.9913123
65280071222749824,0.448410492211771,"False",16.561602,2.9492043999999997,6.737441502552406,18.420127567135655,-41.82671249431167,56.51448084263,24.34902212732,1.1101922
65280552259109760,0.438931951501746,"False",17.197369,3.1227044999999998,7.8303083761058785,22.395162862478266,-46.544781667471774,56.30484671502,24.25640873706,1.1298686
65281166437426176,0.833623534670165,"True ",12.989489,1.5923738,7.522663209747789,20.256423623849187,-45.16538946574379,56.38734232753,24.30303428798,1.2143942
65281239453865856,0.715366102477105,"True ",14.607255,2.2880154,7.338781422028091,18.946319933632715,-47.250448256608685,56.37602962224,24.31244491566,1.0718954
65282098447322752,0.582724986826387,"True ",16.211872,2.842578,6.975272360665578,19.66739856424365,-43.51382742212486,56.3533599732,24.34576961905,1.0265061
65282716920396160,0.915644905301262,"True ",15.446207,1.479619,7.33086374162854,20.369488637927727,-46.5537849045442,56.4082327685,24.33413541577,1.0293899
65283094877491200,0.968304301113396,"True ",17.727373,2.6659107000000004,7.309588337637114,20.47253405385219,-44.49840350420613,56.48651262989,24.36867937847,0.9898644
65283232316451328,0.748793602143097,"True ",3.863349,-0.013768196000000002,7.671309961502888,19.515752191840228,-45.52730972393302,56.45679586433,24.36754142472,3.5421169
65284228751087872,0.580923872833828,"True ",15.503866,2.6440277,7.260957615101932,19.208686755382555,-42.782459424052924,56.45577051741,24.41850610979,1.1006508
65284327535890176,0.323122546133987,"False",18.861193,2.9979400000000003,7.692705798464871,21.144104200744707,-43.748066659007065,56.39881817324,24.4093641179,0.8939188
65284469269256704,0.909514463333583,"True ",11.090695,1.0036373,7.374518162509228,20.51139814322395,-44.71388534229041,56.42449682534,24.43131680345,0.93806535
65285633203088768,0.459508212068339,"False",16.799587,3.1408843999999996,8.021474196031225,22.494818782197953,-49.180230958874226,56.11465917614,24.23791108151,1.3074578
65287458566524928,0.98879232163637,"True ",5.4413247,-0.021222115,7.385246890845398,19.84914439143686,-44.96559622643841,56.20099235354,24.28926774501,0.9633128
65289004754691200,0.822816095936729,"True ",16.33304,2.9795141,7.511405170900616,20.996867317412807,-44.783064841288336,55.98874523519,24.22217609901,1.0448743
65289279632598016,0.756841543789905,"True ",16.479933,3.1174392999999996,7.258986318244719,18.739842453436488,-45.779611176591104,55.96571153529,24.2376230544,1.0665101
65289279632597760,0.845584030736949,"True ",11.1088,0.9990530000000001,7.480421328453063,21.607568997226135,-44.80289003132921,55.96136666026,24.24729269932,1.5047315
65289588870240384,0.544625160223363,"True ",15.17523,2.5290985,7.302329783350094,21.472255504994394,-43.34423303830621,56.04138926526,24.26762455351,1.1070453
65289623229979136,0.948887603165544,"True ",11.209136,1.0527544,7.285423899385576,20.133680883909427,-45.35637699913802,56.02026285603,24.27531918116,0.9129053
65290718444385536,0.314685780466504,"False",18.899288,3.5999392999999995,6.881415962957632,18.989503852792,-45.30534087165915,55.96994147372,24.31333603071,0.98424387
65292234570088064,0.521100334753495,"True ",8.121808,0.38341618,8.02785908082978,21.950422654419828,-49.20267411149293,56.10725957132,24.39449685186,0.9579118
65292268929825408,0.749295157771917,"True ",15.011795,2.3948364,7.176701000098327,20.199761658090104,-43.41954783249587,56.11209096785,24.40864542139,1.0468746
65293368441513344,0.872860803774859,"True ",15.395012,2.6234732000000003,7.207333658058761,20.169117642487628,-44.666216393849965,56.0740421307,24.44618790221,1.1538252
65294429297360000,0.45226419891729,"False",18.84571,2.8400517000000005,7.630577007053227,20.199077782077577,-43.28563421056332,56.28626598077,24.40248339926,0.99765116
65294807253267328,0.9721318952695,"True ",18.121277,3.1618252,7.304990403940583,19.564388234148808,-45.3960205422828,56.19232413413,24.38398237333,0.9145
65295430026352512,1.0,"True ",10.2749605,0.8318968000000001,7.397105402364088,19.698151724297126,-46.13508143517974,56.23507805711,24.43240474889,1.1424334
65296357738731008,0.7807588672586,"True ",8.54996,0.49812222,7.351642646560688,18.45262299245357,-46.101289273382704,56.39368645441,24.46310687838,1.2320466
65297251091930624,0.85300731104602,"True ",16.519524,3.0402287999999995,7.337793941106909,20.589522430997054,-44.039125684483054,56.3332729273,24.47333141899,1.0265754
65297594689312768,0.644082612034546,"True ",15.664892,2.7038784,7.821509420582805,21.22062429230634,-47.34283131249642,56.30039916332,24.50489129673,1.0649242
65298208867376384,0.787667933093372,"True ",17.7707,3.3192595999999996,7.193774850830724,20.05262586273948,-43.731594850314394,56.15747412516,24.4272866411,1.0870405
65298483745290368,0.644462586170099,"True ",16.687817,2.9233703999999996,7.687680328152036,19.847537212362248,-46.01917781646603,56.22548048214,24.44616834795,1.0488245
65299381395665664,0.352055814339394,"False",16.308125,3.2110863,7.065712191934261,20.990279699134792,-41.94665970999995,56.11065422849,24.48634831544,1.2607634
65299965511216384,1.0,"True ",15.661935,2.7471676,7.422471130114678,19.99497293917839,-46.246167123485726,56.16515315808,24.52875146115,1.133611
65304604076598784,0.494058240537984,"False",17.650377,3.4312858999999998,7.321304362716818,19.01763190898732,-46.00891040923718,59.16859512505,22.14614174196,1.0128171
65308418007467648,0.413468459655485,"False",8.97878,0.59165,8.179261177827511,21.01921016903969,-50.29550012385767,59.01626265022,22.226746961,0.8850469
65309100904545280,0.314419415870975,"False",11.319914,1.0690479,7.6081968814752,21.68047865362612,-46.55359218256474,59.04641371219,22.22098311857,1.0913528
65330099002345216,0.454972118493899,"False",12.854562,1.5781078000000002,7.750298936212663,20.36979273752468,-47.36402848117112,59.02430756115,22.43926478585,0.991129
65338688937033344,0.258957738425915,"False",16.776613,3.3494482000000003,7.134182124785483,16.66640893054783,-41.008505353388074,59.38341652306,22.43316837469,6.481953
65349684053273600,0.606153239008494,"True ",17.253536,3.3038540000000003,7.386335129308048,19.167195056497466,-45.36313189897572,59.64248660782,22.66961763048,1.076588
65390056745622144,0.295493065191595,"False",13.806207,2.1000576,7.965974043636299,17.535202975356054,-47.057211231826,58.89112416065,22.80869447199,7.46904
65392801227714048,0.635736427026632,"True ",18.889145,3.3674622000000003,7.368263631168414,19.10612955854981,-45.04556379168788,58.63124413084,22.65029712415,0.9731931
65393698877913728,0.559350245947367,"True ",17.043106,3.197772,7.2185169292703275,19.38080260263068,-45.078213933581274,58.60168673715,22.68889882046,0.92976254
65419434321982464,0.673113859531259,"True ",15.45358,2.6708174,7.430986194789562,18.61231286206045,-45.5792368331218,59.39702269491,22.98542158336,1.0802506
65430150263676800,0.281560433556132,"False",17.263535,3.4776887999999997,8.046491947781293,18.196121273280422,-49.10521205135756,58.79944049783,22.96722059665,0.9351358
65431185353051776,0.607223526229462,"True ",17.581938,3.3475857,7.285566950670416,19.488260720361005,-44.632172405991696,58.73066334275,22.99434671164,1.0196499
65434518247043072,0.568599341181637,"True ",15.266522,2.4824324,7.401322942096517,19.15024658812861,-44.76231192792038,59.04335596744,23.0397957742,1.043466
65435102362687616,0.587730591908745,"True ",14.358019,2.1178627,7.422215701590818,19.73360794942055,-46.26980424605291,59.10418014853,23.09059401905,1.0797757
65437644983224320,0.703066495205912,"True ",8.301424,0.36855602,7.364247553292617,18.51543341545685,-45.74470912887278,59.11726653105,23.1500730285,0.99234116
65437644983223936,0.468844538872113,"False",15.836971,2.5252457,7.293223370439239,18.388670560532795,-46.786899576698545,59.11935956734,23.1508228605,1.2734071
65437713703084544,0.281597909471148,"False",20.605509,1.9796333,8.543739278287811,19.36426442008429,-45.52704471502004,59.0897590615,23.1447305221,1.0408419
65467778474649856,0.598760213216749,"True ",17.431618,3.4309998,7.4917930357404465,17.929924888051566,-45.939788984617174,59.62918552418,23.07005302935,1.0469584
65471729844532864,0.422496858105683,"False",12.829326,1.5298176,7.396599891504867,19.565753607663233,-44.96977416916024,59.86478039091,23.12358794122,1.0108391
65482140845207680,0.212281718873045,"False",7.7818513,0.28178358,5.587084822327023,15.516581168572948,-33.18871086517056,60.23863741539,23.20009798986,1.3887465
65482175204949248,0.212281718873045,"False",9.51185,0.61884785,5.461656291303417,14.654321712935369,-32.946252908263176,60.2213929558,23.19377235074,1.0765896
65486951208575488,0.521362760080216,"True ",15.875267,2.7876492,7.061650618302847,17.745995796170646,-43.55986282229652,60.30838261208,23.17485611565,0.99686575
65496949892472832,0.212281718873045,"False",16.694832,2.9614954,5.541269302440352,15.4449838763747,-33.90527434427304,59.92169435628,23.22516497992,1.0791551
65505879126566400,0.324518079238153,"False",19.763779,3.166626,7.981822653422967,17.636812788822102,-45.465479617206405,60.04888143274,23.38569660498,1.0417526
65506467539939584,0.611574567914991,"True ",16.037605,3.1084614,7.32609101226264,17.78721356415285,-45.60853237350602,60.10899434708,23.43803403904,1.082603
65507807569730304,0.438704432426037,"False",16.982033,3.3524837,7.773348548881009,18.44431977088532,-48.228199813744794,60.16778031372,23.44816967273,1.0454
65531515789166976,0.391359376207627,"False",17.700287,3.3997612,6.885176994812598,17.355372215062282,-42.404117419051374,59.27594370188,23.21676268945,0.987085
65544538129847936,0.596625405869361,"True ",17.184761,3.1072797999999997,7.140164284709472,18.178372451726833,-43.71991150931614,59.33059198394,23.46032267502,1.0169874
65552681387907200,0.57198687416142,"True ",16.760855,3.0648909,7.4850000620110775,19.106047377216203,-46.42107261717893,59.8291753383,23.52319566705,1.0372151
65553471661907328,0.592740459975913,"True ",14.985798,2.7052965,7.148890059300609,17.90520488952166,-44.77764235400888,59.73398455446,23.46476086931,1.6313529
65561099523771264,0.497369347625082,"False",18.422298,3.4479847,7.2715919760616465,17.37573310941725,-44.27646179193072,59.98542187692,23.67080000074,1.0025576
65561473183104640,0.53039698854204,"True ",17.376736,3.2324677000000004,7.365650912464818,18.238053772145093,-44.875316133667525,59.99654739928,23.68450241351,1.0405189
65561507542846208,0.212281718873045,"False",18.96073,3.2948132000000006,5.664164533610832,15.309352200962465,-33.46382215034226,60.0070485462,23.68938985431,0.91434056
65576011650237440,0.571730917497618,"True ",14.5667095,2.3082342000000002,7.651702794399829,18.616198737328066,-47.11539738759346,59.73770918945,23.7085348448,1.0730697
65588484235454592,0.671399759543299,"True ",13.100869,1.5994911,7.2934325724195315,19.036700125001953,-45.56094834136596,58.26896651993,22.80115258652,1.0444378
65589137070475264,0.552036132392393,"True ",15.532084,2.6985512000000003,7.730450865699228,19.49914419001883,-47.30489909870079,58.31550471152,22.87048661723,1.0875376
65603946117575936,0.684096550203578,"True ",16.564484,3.056285,7.420786200411974,18.679104000737354,-45.228349435258544,58.25684895576,22.97990043814,1.0472369
65605354866829184,0.587761458801021,"True ",15.395707,2.5858727000000004,7.339353946453763,19.736552774957612,-46.536112488051494,58.29240738958,23.05279082596,1.0626303
65626623544976768,0.589637530607377,"True ",16.585747,3.0511217,7.137677265702495,19.005755722632816,-43.62218914476007,58.65574608992,23.22556459211,1.0254011
65635522717170944,0.567506846661673,"True ",15.975678,2.7695847000000002,7.351477392023253,18.061275469073127,-44.04141589893502,58.87881546681,23.39733058627,1.0316733
65641634452663296,0.559497216272373,"True ",18.158997,3.6113834000000002,6.977480091655438,18.083135470389173,-42.807952680944744,58.50472216315,23.32791427472,1.0187693
65641913628380288,0.477671356040468,"False",13.549343,1.8428898,7.4159029604348525,20.241861013349848,-44.2704168471072,58.48872630466,23.34510508446,1.4253517
65643184938861312,0.659728509346824,"True ",15.459801,2.6172266,7.593239732644184,19.433131920141896,-46.78892199301689,58.55428664833,23.34726970628,1.0476878
65644451951851776,0.229991819623255,"False",19.683691,3.422432,8.967224762505557,19.43260707003332,-47.417731995918246,58.4797412648,23.39320632202,1.3869882
65662765692400384,0.276650701779456,"False",19.899265,2.9407330000000003,7.4576480056089105,16.913888014152025,-43.98378222984808,57.99702641235,23.28813078503,1.0783333
65666102884206848,0.387218332987027,"False",17.307737,3.1656342,6.865076901566835,17.188845023349536,-41.70022565167011,58.31857793406,23.34933990405,1.0078301
65671634801986048,0.668281776911444,"True ",16.071117,2.8686714,7.282151258469367,18.81693981424189,-43.44242703781922,57.83124732911,23.16358608121,1.0601745
65673593307063552,0.699326753599341,"True ",14.110739,2.0543022,7.391214085957411,20.266120356445317,-45.19891385863382,57.81600521946,23.28207232448,1.0752883
65674383581036800,0.796523131827968,"True ",15.41097,2.6311836,7.35529316322418,18.71857105545529,-46.02887604433457,57.96320232012,23.29460660474,0.9858418
65675895409522048,0.377201783151145,"False",17.106327,3.1555882,8.117417323793795,21.38182935914153,-48.727436313263276,57.91290560165,23.367730001,1.1122673
65677098000371712,0.37240517333319,"False",16.782677,2.9567537,6.698013321182881,17.208624900521556,-41.87784485335313,57.77967751323,23.34918317805,0.9534129
65677372878285312,0.733017885744765,"True ",12.194483,1.2622708999999999,7.333804587650971,18.888363146076816,-46.33222420229264,57.71444143461,23.32886877947,1.130002
65677506019076224,0.655912469965493,"True ",18.279741,3.3798409,7.273865469453808,19.147023737008407,-45.51685953734932,57.67951149521,23.33201361147,0.99132437
65680499614460800,0.556735235644356,"True ",12.713165,1.4652519,7.484240264221192,20.844310650459587,-46.484903770444845,57.98900797238,23.33922129851,1.0727754
65685065162835840,0.373517938152468,"False",20.399689,2.2611485,7.603670503752665,20.469901040502645,-46.671152646154425,57.93734239462,23.44411545411,1.084303
65688539793220480,0.562836736634516,"True ",17.595358,3.2381860000000002,7.326865311897122,20.045250733072802,-47.20577088380842,57.96486380443,23.58017097964,1.0502069
65690498298435840,0.534425955293437,"True ",14.073176,2.3251457,7.539436764637113,20.973390183488306,-46.79148690227105,58.35353809174,23.4039574236,3.0856295
65697267166874240,0.485942359352621,"False",18.340422,3.5661507000000006,7.784782543947762,19.81285316337465,-47.120404834792545,58.29021865632,23.56311313951,1.0099624
65699569269925888,0.805133466118069,"True ",17.171106,3.2016191000000003,7.410325385253007,18.72016296847561,-46.10502442367074,58.51141173897,23.58347205367,1.0951525
65701527774387840,0.738934487893664,"True ",16.473394,2.9705972999999997,7.4050316715605184,18.36910938785275,-45.979828036328726,58.5937315266,23.63651277019,1.0372041
65702867804200448,0.228452105436834,"False",17.165022,3.0633535,6.040484165570637,15.617179632847108,-37.101535149583604,58.46474182163,23.62559994235,0.9722668
65707673870040832,0.464628101980131,"False",18.137424,3.5025177000000003,7.859820054121889,20.335747130649928,-47.40933826263047,58.21587315432,23.5632013911,1.0654304
65712488530853120,0.525581337643838,"True ",13.523306,1.8280773000000001,7.842320091834718,20.351204373725434,-48.34159308538509,58.09386516372,23.64466308656,1.0522459
65717814290369920,0.647121877718827,"True ",16.219612,2.941144,7.728498800241648,19.262269659732574,-47.7879885890919,58.44830839897,23.74174181738,1.1809828
65719463557799424,0.445486523307711,"False",18.019203,3.5918940999999998,7.864910535896298,20.06354580525604,-46.88631611568353,58.45023463125,23.81918184094,1.0435135
65720734868130816,0.6227028249279,"True ",16.478794,2.9820576,7.312227582298997,20.12536991378985,-44.91480158209932,58.35055879614,23.79940041424,1.0887698
65732447241199744,0.701778798565492,"True ",12.259071,1.3021393,7.4872121141316565,19.137855370932986,-46.08277784358752,58.98356165238,23.56706328888,1.0852377
65750627840192256,0.666455053046965,"True ",13.494305,1.735012,7.250917408676775,17.75908308968357,-44.95246810382396,58.87094939326,23.77224230863,1.1209916
65768151306811904,0.594475481030539,"True ",14.006242,1.9805269,7.174693891962564,17.88413965820177,-44.066440285321214,59.40037575317,23.93101020342,1.0888538
65772789871345024,0.557494516497993,"True ",17.190685,3.2179307999999995,7.487762389712789,18.995087333339008,-47.267746232117005,59.50825675474,23.89833703515,1.0579605
65775195052996608,0.534349499689207,"True ",16.437164,3.0067682000000002,7.477131647479548,19.66473860553489,-45.62571034716192,59.60482777443,24.01612394193,1.097115
65776736943479808,0.443189984688691,"False",7.197622,0.033896922999999995,7.019555905798031,18.168526206326682,-43.157880135115136,59.58717248565,24.08092060838,1.0346426
65779971056668032,0.520747072351995,"True ",16.605007,3.0123434,7.7564569906051215,19.651135938791487,-48.10405501535265,59.38781403426,23.94626374388,1.0044092
65781345446197504,0.62649703225638,"True ",12.35714,1.3529949,7.602595875652742,19.19173234565891,-46.886966066873995,59.32027138426,24.0089900989,1.0650197
65783029073414144,0.724987854622129,"True ",14.732029,2.3377056,7.444990183139546,18.991027601357587,-46.59379000993002,59.07754410451,23.96421430173,1.073541
65787289680918528,0.597343949468204,"True ",11.822466,1.1356583,7.2843183792895285,18.76077290795085,-45.31268329797533,59.38888478791,24.05298646073,1.0724282
65800930496992512,0.666301189178832,"True ",12.519773,1.6999273000000001,7.62204954685955,19.623069867350353,-47.43860470284522,58.61658885429,23.83517474603,1.0911793
65801205374896128,0.573368773222717,"True ",18.089643,3.326889,7.754253502491793,18.982609004848122,-47.24911819179592,58.60004820566,23.86617985601,1.0725254
65807218329068544,0.579650253139311,"True ",17.257784,3.1802653999999997,7.097516531348718,18.50662548390964,-43.286668333746405,58.89344311764,23.97441728525,0.998377
65814979333012352,0.67529184035358,"True ",18.008188,3.4443207,7.347398824127069,19.161216207733634,-45.28122285091688,58.61721631632,23.94319560254,1.0999233
65819965792011904,0.696466812219601,"True ",9.597126,0.6966171,7.38953573788731,19.32826700251732,-45.65249948875221,58.59003991694,24.07548827886,0.99219394
65823676643738368,0.66834722257071,"True ",15.64664,2.7174673,7.323080413458586,18.337982236034204,-45.316589743625315,58.78745716584,24.08390113067,1.1166182
65830548591559936,0.456182005620616,"False",16.53809,2.9411402,7.345629821126318,20.139647756382647,-46.4274576771565,59.1204969959,24.03155863772,1.0415274
65844361206181376,0.589933807474761,"True ",14.184004,2.0517874,7.185120293680008,18.2714406518312,-45.339926310019855,59.10811041446,24.2807946072,1.0593263
65864427293364992,0.595011114092887,"True ",15.775829,2.5117529999999997,7.502052728135732,19.598536631925164,-47.0518584622485,58.9924085402,24.5497697901,1.4606267
65864427293364864,0.666301189178832,"True ",12.307622,1.3281764999999999,7.504791433754841,18.608912286604085,-46.926344016426675,58.99343210356,24.5497332742,1.0008076
65871501101936896,0.310143542225145,"False",18.780855,3.8690032999999997,7.805737190632977,18.153855651841354,-46.27094373984434,60.36851441509,23.51647236875,0.9659158
65924762994490496,0.212281718873045,"False",17.017515,3.0709534,5.402098951385982,14.800310347220659,-32.94832765747085,60.66759630118,24.02470703186,1.0709203
65937712317870592,0.470978777689589,"False",18.60938,4.0513897000000005,7.141996199690461,17.860222151029607,-43.49837494173152,60.21057974933,23.73126048947,1.0047371
65945997312877952,0.58084894174163,"True ",15.830249,3.0459242000000004,7.213120892669938,17.8848163349788,-44.830717428719616,60.3004121332,23.90346347835,1.0432324
65963348980559616,0.483076421516862,"False",17.04558,3.073882,7.771396574481468,19.042803748959148,-48.45732311959461,60.03762711608,24.05693100136,1.008169
66009047433698048,0.385918552532618,"False",17.171795,3.2771187000000004,7.614693926012522,18.090775619103006,-46.797386393714895,61.3073246924,24.14506149325,1.0054914
66016499197830272,0.212281718873045,"False",17.977488,3.4578133,5.724051370824863,15.802926059874427,-34.794709412480515,61.37127242355,24.25460215357,0.98406696
66111886127026944,0.370999776598668,"False",16.517345,3.3145933,7.205495297457718,17.321147801043338,-44.102687949054825,61.1902342844,24.6885926961,1.0369165
66161020555461120,0.362761573899888,"False",16.859692,3.0548773,6.800568184143455,16.741579511783428,-42.13618446141797,59.8038758747,24.28830738829,1.0107522
66167205308371328,0.443543928114647,"False",16.356625,2.9824276000000003,7.5630020095753725,19.869105193829178,-46.529995124708215,59.73520427824,24.30879712455,1.4678355
66223585341377152,0.326567810224398,"False",18.778666,3.5483455999999998,7.010236347705897,18.65356001281574,-44.74334984223909,59.41233223813,24.46196958326,1.0625448
66253757489229568,0.212281718873045,"False",16.282982,2.6243067000000004,5.570441485907328,14.787538570258471,-34.22807624983814,59.71728909519,24.72998079074,1.0305859
66280248847432192,0.498076994262749,"False",15.346905,2.7314844,7.570555299696839,18.173443623615704,-47.27269581697594,59.77636182131,25.05540190718,1.179775
66289044940711168,0.228184426778851,"False",16.339365,3.0205792999999996,7.2050917204075295,18.816908948088308,-42.23617697267188,60.48279665891,24.73387201073,0.984884
66339381957477504,0.187875612164558,"False",14.900044,2.3718796,6.7155728652032005,13.759835447394812,-41.83846103024312,60.91948901843,25.35947766915,1.0727077
66359138806835840,0.221385694515241,"False",15.47584,2.6351852000000004,6.450214354821905,16.935157892455813,-41.58206568784129,60.06614663316,25.0294035246,1.6060144
66364047951798656,0.253037091147031,"False",18.705404,3.5741177000000004,6.900467656872887,16.517142714954478,-44.870902344825446,59.99940675138,25.14809308266,1.0766143
66429232674604544,0.788721540202956,"True ",16.541801,3.0028334,7.228956227453398,19.837780706879112,-44.85419874781839,57.61403231496,23.37901255936,1.0384145
66431775295228288,0.639011405465132,"True ",17.713388,3.3472881,7.6164496848370025,21.06591688176668,-45.95217604371761,57.67568656987,23.49238902122,0.96974486
66441323003146112,0.764485820527426,"True ",17.535738,3.2467766,7.2552123707056975,17.978631826672906,-44.82521311083765,57.76373831664,23.58322824286,1.0513706
66445038154189952,0.877247723662236,"True ",17.512774,3.1788692000000003,7.360262849437637,18.659365680315414,-45.624193765025254,57.79958344537,23.745211805,0.9986065
66451429065390080,0.888569223186714,"True ",16.797077,3.1767950000000003,7.4006288091952,19.230632867310945,-46.26524934090258,57.37428421163,23.64851541723,1.3766471
66451497784867712,0.837225411195935,"True ",15.786174,2.780384,7.376227208651057,18.204462282608745,-45.555203669747435,57.33962532353,23.65157825458,1.0369788
66452047540860160,0.89892616450207,"True ",16.796696,3.1152382000000003,7.362058685060756,19.957750625646163,-44.52370465052084,57.38016945576,23.68863083682,1.0409425
66452734735432192,0.673914156865021,"True ",15.160209,2.4875717,7.272111078001381,17.403520565966943,-44.874753299167956,57.49314930819,23.70921379287,1.0517503
66452769091505024,0.851306804946185,"True ",11.35299,1.0198593,7.208992297855638,19.586708265427433,-44.02362241603657,57.45992411581,23.7053885297,1.1626065
66453181412027392,0.789809784513311,"True ",17.699118,3.4090595,7.226296204120492,19.095428602205487,-45.25225591642536,57.49021652557,23.72432143485,1.0172051
66453490649681280,0.628155073205173,"True ",6.1591687,-0.049655914,7.462484863998609,17.868504681193286,-45.57243824211501,57.43146835789,23.71164959376,1.0356296
66460225158376192,0.939589715863201,"True ",17.770643,3.4066734,7.4400369842427985,19.48863478188771,-46.437842518425406,57.55256103672,23.81341270716,1.0642482
66462939577861248,0.83145982152009,"True ",10.161764,0.7804346,7.251408520456074,18.70635797044318,-44.35811453871018,57.66705812773,23.93284478322,1.2033594
66468918172339328,0.731366901479254,"True ",17.061905,3.0967865000000003,7.242062708797048,19.108210218397666,-45.416171756298425,57.89280600087,23.79703272574,0.96364164
66469742806047744,0.786490852220465,"True ",17.095089,3.3207053999999996,7.570281067984223,18.862964293747872,-46.428949981441505,57.91338206199,23.85491522238,1.055996
66470567439742208,0.731539815637008,"True ",17.230505,3.1835632,7.5240978037600375,18.47940820985644,-45.773577704994594,58.07804391541,23.8766903368,1.0682292
66471220274934272,0.634022843391632,"True ",9.926686,0.75233746,7.565372597348317,20.569032402298202,-45.93442687699005,57.98702676676,23.90175276491,1.0842375
66473178779856768,0.735985797465507,"True ",16.476507,2.9268503,7.437968020642973,19.552198149833774,-44.83384243068203,58.13899601979,23.85173807838,1.0843358
66473728535654784,0.603450780555264,"True ",17.981903,3.4128265,7.465864814559663,17.71581129663282,-44.78734856986105,58.1846082013,23.90401156948,1.079547
66480944080770176,0.708407580962429,"True ",12.090216,1.2307538999999998,7.332011141563543,19.84005887000616,-46.76124451832967,57.82037107285,23.8263996111,1.1693642
66481734354737792,0.723849039230611,"True ",13.465058,1.7394866999999998,7.370803781679367,19.113518113426856,-46.86222286887378,57.85568054293,23.88917177889,1.0155
66481837433947392,0.857004761246043,"True ",13.02816,1.5706215000000001,7.49850135876853,18.763216353022994,-45.890267411927034,57.87484201908,23.89903557128,1.2987894
66482868226100096,0.836423808456283,"True ",14.081378,2.0330086,7.523942582220989,19.62675317326353,-46.63269911041298,57.80039695024,23.93243025023,1.0512938
66483761579269888,0.852848690363584,"True ",16.594847,2.9742832000000003,7.5226590840494225,18.94046079568417,-46.25269448409782,57.97943739629,23.96153929784,0.98965865
66483795939004416,0.676686494618224,"True ",16.654318,2.9777431,7.323122391078233,17.542877824267492,-45.791890880586216,57.99317072138,23.97188582541,1.00307
66485582645439104,0.678085584767677,"True ",16.709013,3.0027494,7.21238536877687,18.43129956497794,-43.313898537776616,57.74244001261,23.9283579453,1.0054784
66486510358371072,0.334081955239654,"False",6.930358,0.1367259,6.7873128119934485,19.944675120872127,-45.36062770677222,57.71855293609,23.9612690201,4.034489
66486613437582464,0.185796824814848,"False",16.524082,3.2027216,5.872953318573107,16.510524085305008,-38.213807494911755,57.71234435994,23.97878248694,1.1758201
66489259137570816,0.829711150612657,"True ",12.779283,1.4697065,7.4740363009856905,19.14041254467395,-45.078411978289786,57.85177827356,24.0871723634,1.1050173
66490977124308352,0.400836429072156,"False",15.649214,2.9833326000000002,6.85068366756881,19.41812457955218,-44.35715675774507,57.97466329458,24.04751222629,1.6376337
66497952151148544,0.590671378925817,"True ",16.873875,2.9686623,7.514225040745197,19.02891889259654,-44.582926550567805,58.01871116735,24.24417935611,1.0511786
66498158310444288,0.393353504896899,"False",19.579899,3.3290062000000007,8.12704082944294,20.698449667855943,-46.833229639286444,58.02805274095,24.26663731803,1.1453363
66499154741977216,0.765782284625913,"True ",11.176867,0.99851704,7.588656285513703,19.93578510797832,-47.44869758218731,57.3698575948,23.71197964152,1.4216604
66500013736315264,0.547618398715431,"True ",14.787384,2.4432507,7.631160667477668,21.176565568742923,-45.50228208720245,57.27448410526,23.73959197267,1.507567
66501181966524800,0.812603625762566,"True ",10.746968,0.8867178,7.263685576556918,19.923695472266267,-43.75212075508752,57.38809269499,23.79519571324,1.1350733
66502281478384000,0.688434242144696,"True ",11.114523,0.98147297,7.299907366106098,18.987960750078393,-46.81658330836265,57.35031052451,23.83904217177,7.3253474
66503449709270400,0.670005927522798,"True ",10.430534,1.0322351,7.236496414377098,20.359244980198163,-45.9596393823888,57.27555029668,23.78103738009,1.9297724
66506331628024832,0.899060464233412,"True ",8.101668,0.29633617,7.417763214315632,19.620728847184104,-45.17323902020466,57.30087509594,23.88658760156,1.0928063
66507469798632320,0.268692433802787,"False",10.234675,0.90686226,7.6427806651503,21.53078682284725,-43.56503607173168,57.48946816008,23.84688194167,11.595963
66507469798631808,0.812459810430281,"True ",6.806421,0.05533743,7.389021187429237,18.377840455207256,-45.87032843086322,57.4919880124,23.84848726391,0.9739202
66507882115488128,0.658538924656735,"True ",15.739478,2.7262564,7.5888018064744225,19.78431628377371,-45.29047102789216,57.50914139243,23.86222290853,0.946568
66509595804577920,0.447645810414437,"False",19.73047,2.8717346,7.9945464623147675,19.182206080286008,-46.13590441708085,57.59175126061,23.92492578802,1.0227289
66509634462127360,0.441069961857548,"False",16.713524,2.9917746,6.838599741356638,17.828451126462845,-41.79215628014446,57.60485631104,23.92810758937,1.086405
66509771901085696,0.768804392743211,"True ",16.25907,3.2133502999999997,7.457034070158452,20.69247400212095,-45.6571137814936,57.55194981379,23.92647449588,1.1878479
66511970924353792,0.71857801804862,"True ",16.304827,2.9060162999999997,7.528337727096914,18.37844770925153,-45.35225791109156,57.38564080574,23.92829586717,1.0333118
66512074003566976,0.892426517207074,"True ",16.154657,2.8705664,7.28785562194042,19.411524359447647,-44.5730025382453,57.40055541253,23.93961675435,1.0865008
66515196441155712,0.915117921895214,"True ",18.430693,3.5397453000000003,7.2669688566264545,19.946675501238914,-44.744078990753415,57.46854339144,24.061788326,0.95642775
66515922294233728,0.740565039666754,"True ",16.615265,2.9840287999999995,7.3053209871643725,18.959841346880506,-43.54104335376583,57.48126199309,24.10123486774,1.057341
66517468482370304,0.692718257136652,"True ",10.245731,0.79774,7.288929036654956,17.88603537123723,-45.49537923971175,57.07140351417,23.89015053852,0.8990129
66517468482370176,0.985651382587492,"True ",13.975899,1.9212398999999998,7.295109846533388,19.10444402856323,-45.3486188239001,57.07512164513,23.89127367846,1.109031
66521179334108928,0.910449718495527,"True ",17.046577,3.0933533,7.245161749059522,19.513016268459424,-44.302007848779716,57.12405282632,23.96812762182,1.0028831
66521213693847808,0.360871809901805,"False",14.001765,2.219675,8.123021269936034,21.525735557079987,-47.304044812155,57.09488735369,23.97234488912,19.452703
66521381194879232,0.808950169249638,"True ",16.340902,2.9869117999999997,7.547372277549449,19.656892472424325,-45.83816214998953,57.05551505474,23.97951838436,1.0021007
66522107047046656,0.664358298785993,"True ",16.513573,2.8769464,7.268901985724207,18.50190436130725,-46.78460799602044,57.03844829087,23.97778621777,1.1327714
66522137109124096,0.599380296607172,"True ",17.764944,3.351225,7.155010040680027,20.40412533095061,-46.034838538387824,57.04245461772,23.98878105534,0.99524105
66522381924952704,0.98408473698124,"True ",16.501642,2.957158,7.189384900282409,19.080368487026863,-44.48204907370185,57.02772402474,24.00172038533,1.0318178
66523103479455744,0.816923831241113,"True ",16.80336,3.041832,7.143801387073776,18.538275232761467,-44.38353799103615,57.13271390512,24.03280319756,0.99710137
66523103479455232,0.69462113976275,"True ",16.814566,2.9588032,7.065936301955447,19.299176702015146,-44.18203911333443,57.14081534927,24.03284976688,0.9394521
66523893753437824,1.0,"True ",9.903484,0.7340889,7.419126279193348,19.67344707868829,-46.25819665857012,57.1091158769,24.04818241728,0.8739928
66525061984664832,0.609932193706028,"True ",16.86826,3.1020355,7.580502634460286,21.34908679724192,-45.863136283697386,57.32009187664,24.01607812906,1.2055372
66526127137440128,0.383635308495666,"False",3.6157947,-0.036376238,8.118448445799721,19.07896807307441,-46.19324459047672,57.29068893294,24.05321183,4.116527
66529975427235712,0.380279737372266,"False",5.203287,-0.033113002999999995,7.241378315608465,19.49605376673818,-47.649899296042356,57.29683077455,24.13649842048,1.3034941
66531178017967872,0.938109217308828,"True ",16.580677,2.925684,7.266633947167957,19.04569974764892,-45.24692745584717,57.19179572683,24.16997873809,1.0282629
66532174450470656,0.580117533130483,"True ",17.994638,3.4822655,7.391217716925301,20.981535848879425,-47.477003325711614,57.38806152316,24.21779891824,1.0023088
66532621126978304,0.570495950786542,"True ",16.443531,2.939495,7.2574319959588145,17.890950946641645,-46.60387444536087,57.25630704318,24.19380165663,1.0527023
66533170882790784,0.834778523343269,"True ",16.850975,3.0043945,7.18561969642408,19.355334746538567,-45.80423043004015,57.29764575258,24.24000605914,1.0136846
66536331978799616,0.837456204931447,"True ",15.43928,2.5498629,7.283209392082528,19.002044932450236,-44.096572621397236,57.73930403706,24.10836898081,1.0341716
66537981246228096,0.725376537960904,"True ",11.425587,1.0269985000000001,7.156892922325294,18.856737930398275,-43.38606614358302,57.7296108752,24.1972465653,1.0684023
66539252556578816,0.645600937413918,"True ",13.446994,1.7277517,7.422949703786111,18.32622398983664,-46.979009335872576,57.52114270787,24.12375084194,1.0460765
66541142342159232,0.856611476024691,"True ",17.168797,3.0609894,7.334389583114658,19.76106528764419,-44.78950070037432,57.6768887678,24.21524450769,1.0646722
66542551091588352,0.55965781019768,"True ",14.994947,2.4955645,7.705673625166558,20.714787161494588,-48.224630468574475,57.82952312548,24.17012515879,1.0737038
66546742979468416,0.756629510708048,"True ",16.63125,2.9188994999999998,7.336717461362356,19.79467123420374,-44.48816979392952,57.92638266259,24.36131180743,0.99140495
66550350752004352,0.318355144773149,"False",14.980229,2.5868444,7.696650265078455,18.590895680031007,-43.344201802963866,57.79812643881,24.38680048679,3.0138123
66551686483467904,0.693269594059087,"True ",17.795551,3.3513029999999997,7.205215857775972,19.92888791242963,-43.618240728896225,57.49815604975,24.19589894135,1.0355865
66552824649322752,0.326447158997713,"False",19.952904,3.165556,7.992209903983975,19.77177720526445,-44.89668325671815,57.42610715031,24.24322259973,1.0810715
66553443128503552,0.752663914632608,"True ",16.20243,2.8745089,7.416513000247242,19.30252252790308,-44.28117503899102,57.5636777898,24.22654240157,0.97568065
66553885506789504,0.797985665284423,"True ",18.835318,3.6531142999999995,7.846879238903434,19.282574206235328,-47.243394577731934,57.57983415846,24.27596355161,1.0563852
66555573432261376,0.688592910155327,"True ",14.462538,2.2067528,7.243086363411307,17.833343166460896,-44.351060633719605,57.55368104569,24.35161554819,1.071376
66555985749157760,0.667789050619601,"True ",7.9557376,0.23378706,7.454869915597754,21.24852320847509,-46.074849171843255,57.35836849832,24.24749646236,1.0117768
66556535504958848,0.707088182770565,"True ",11.475932,1.0647631000000002,7.462035109288245,18.182616410101808,-45.943472271115034,57.40235505705,24.29585956567,1.1675231
66556535504957568,0.73200392032836,"True ",16.240494,2.8010054,7.176475690564862,18.7101485350458,-45.757147882348825,57.40227687241,24.30373739744,1.0286475
66556672943906688,0.63870203415783,"True ",16.043076,3.0495577000000003,7.469814986220503,20.44678768144668,-47.8397668094135,57.42804497401,24.31856840993,1.1767701
66558249192653952,0.959675279771564,"True ",7.546007,0.08989811,7.315576014582633,19.505374073802887,-44.59959947139736,57.48590927642,24.34879407015,0.8341919
66560349435890176,0.815847931735276,"True ",16.40082,2.8872976,7.624237364113362,19.40940981399628,-46.91155574344629,57.6379095793,24.33920630856,1.0213555
66560727393001216,0.781272933330146,"True ",16.679499,2.967493,7.4745821663756775,19.168660031261574,-47.10024451822018,57.72778472774,24.36532670246,0.9842361
66562342296619520,0.448963044149269,"False",17.559366,3.4984436000000003,7.909881877092285,19.054860478503088,-46.647089915958425,57.73922505916,24.41220688191,1.4677781
66565365957676416,0.740290778242632,"True ",10.915199,0.9196377,7.247913855179051,20.345935596036107,-45.482774434852,57.58720760547,24.46654508807,1.2305748
66565778274538624,0.817625142071865,"True ",16.925774,3.1714048,7.4007334518144825,18.486871543537863,-45.28980625571866,57.54494597991,24.47802874105,1.0290276
66566946505629440,0.786486920579691,"True ",12.286877,1.2707728999999999,7.217253321624428,19.843612051501747,-45.04069139111231,57.64417563888,24.50757202134,1.0799271
66567427541958784,0.43020021076141,"False",16.955412,3.0626907,6.968903348659405,17.490161314711415,-42.371268198107416,57.72916554735,24.55084531392,1.0843304
66570554277316992,0.737195235351021,"True ",11.173697,0.99782753,7.264549191017468,19.432927730850718,-45.300341465605506,58.34887161451,24.06483661401,1.1799468
66581549393480704,0.694243263506524,"True ",13.582582,1.7860488999999997,7.419621943102175,18.82225546715728,-46.75656400286956,58.61864199674,24.32093019302,1.0209115
66581961710329984,0.708708511090242,"True ",10.85027,0.965456,7.343930547078326,18.20985695272563,-45.54060796174583,58.60525412079,24.35988384413,1.1533413
66584332530000512,0.433091877379509,"False",12.184782,1.3436861,7.367492017884602,16.628944777293775,-46.42381782072467,58.53724258478,24.33348920239,1.7900016
66584465673208448,0.182665466997169,"False",18.17171,3.434618,5.953267267556285,16.221593561052355,-39.28506554078599,58.56509212328,24.34590218312,1.0497488
66586218019920640,0.208503357953256,"False",19.038036,3.6047763999999995,6.140993012717968,16.946219928827396,-39.694920151138156,58.49270177635,24.41900734737,1.0533856
66592265333776512,0.41341647619315,"False",18.837732,3.116396,7.059793962472235,17.709327998495265,-44.58102477608528,58.02432721972,24.29180548155,0.97710097
66593437863017984,0.787144460216093,"True ",17.161787,3.155282,7.340703499896583,18.285917267093502,-44.60077798837206,58.18540466189,24.34968332437,0.95261717
66597767189992832,0.599435270526021,"True ",15.093363,2.4002428,7.247984898455808,17.974962243229875,-43.57887427774815,58.42074750844,24.41920320713,1.079778
66612473157921024,0.655094412349552,"True ",12.603814,1.6745261999999999,7.208138391902515,18.67246102022614,-43.91358350807732,58.71911266638,24.57605411469,1.0526134
66623605713181184,0.437507608389212,"False",18.457989,3.5716114,7.660626561278847,18.511826027677746,-45.62902829463068,58.5016612957,24.58037396104,1.0804759
66624357329718400,0.54390040653765,"True ",18.086258,3.5286007000000006,7.510723470118594,19.71072528492776,-45.139448883739185,58.66312909035,24.59833239983,1.1410297
66628995894842624,0.567050896728604,"True ",17.29378,3.4330663999999995,7.596736014569262,20.33453036926534,-46.1169482386507,58.60440498088,24.71195832759,4.2915173
66640712564777856,0.710882773688781,"True ",12.341359,1.330162,7.3484326895350085,20.07659425306009,-46.265278945627536,57.9725395874,24.38676162475,1.3256525
66642641008348416,0.806933289326231,"True ",16.535604,3.0047407,7.408523325027352,19.24845000057392,-45.38210001648304,58.07318033775,24.45532678087,1.0566463
66648001127514368,0.757353208307162,"True ",16.8203,3.043069,7.329962061772593,18.086389860928332,-44.690937919690704,58.1802306008,24.46611078052,1.0686117
66649409876772096,0.762989101187644,"True ",15.435466,2.8775767999999995,7.188074287174772,18.927016013512805,-44.09308609092023,58.12888489916,24.54417829297,1.5697314
66652467893487488,0.710022724187419,"True ",14.509749,2.2128514999999997,7.180182816201833,18.501039956746688,-44.61576308443143,58.08614920432,24.56530417495,0.98088205
66655560269868544,0.751922887597597,"True ",9.341612,0.63813114,7.351452040211691,18.175993661279787,-45.04084563842572,58.22291567604,24.71553110368,1.0172889
66657415696297344,0.82366379817812,"True ",8.769578,0.5342140000000001,7.251437641917488,19.746631416057838,-45.45129456219521,57.86348961017,24.51844875471,0.93897635
66658240329321088,0.892314414005989,"True ",16.36067,2.9431114,7.4687067655893635,19.247375604735783,-46.16751787518278,57.7650921351,24.54295656381,0.9989945
66658996243552000,0.592129705015861,"True ",12.009029,1.2227964,7.479410227862506,21.2311257075505,-46.05927353044224,57.91375038406,24.54869612564,1.1484572
66659271121456768,0.679798091457028,"True ",16.468485,2.9859047000000003,7.421206266094838,20.342574414147478,-46.71852154545581,57.89173838719,24.56899130155,1.1151683
66659408560406528,0.703142705185192,"True ",16.571566,2.9861336,7.351766950892662,19.755724092916573,-44.265570209454935,57.91303365598,24.59126458527,1.0390334
66661809444531712,0.19831367799859,"False",19.456411,3.3957672,6.128167142022418,16.831724653893954,-38.73634740281938,57.77491832583,24.604566692,1.0497274
66665902550940800,0.612280665591614,"True ",15.811114,2.7524567,7.254904557109769,17.577519038694266,-44.625038953580024,57.99722936045,24.66617838451,1.0751644
66665902550940672,0.689981046327038,"True ",15.61589,2.6510029999999998,7.266969975379016,18.005237127078782,-44.88706041466088,57.99514722975,24.6677241308,1.0646888
66671468828544384,0.709268169858008,"True ",14.976172,2.7174968999999995,7.613926319617798,19.724971734678192,-46.495642971012195,57.85786918508,24.7939525791,1.6525404
66694455493470464,0.505097299655288,"True ",13.737393,1.8534888999999999,7.295031761348758,20.66895774858888,-45.248395131083576,58.24652162702,24.90134245519,0.9828631
66695688147432832,0.633149705382403,"True ",18.782063,3.568451,7.418578701587107,19.220914096946395,-46.55892535458558,58.23308551039,24.96147169318,0.9780595
66697547870378368,0.420674670828047,"False",16.585989,-0.40345383,7.724302179446776,21.71381177163539,-47.755160217941906,58.047315363,24.93000934343,0.9997602
66699712533433600,0.440254652203644,"False",17.059772,3.4400244,7.922947743785392,20.880895620974904,-47.66036853140864,58.1472399385,25.01778865596,1.3147202
66702048996405632,0.678171536939178,"True ",16.630585,3.2042303,7.458047576791753,19.219973089193786,-46.07461645091544,58.35214695355,25.03513354258,1.0633842
66709333257230720,0.554342228109536,"True ",19.115324,3.2836818999999995,7.848809801859377,18.773849814187752,-47.554509653509655,58.35107468333,25.24365471493,1.0202007
66710845088732160,0.820806294632538,"True ",14.752962,2.309679,7.555830848391911,20.172732693758086,-46.51394500518607,56.94337881611,24.05048171834,1.0793425
66710948167949696,0.834583753102894,"True ",16.773333,2.906951,7.493789781759396,19.01304665662284,-44.97089053166092,56.89387479189,24.03955394928,1.0432895
66711532283494656,0.744495224637155,"True ",16.304049,2.8830748,7.3613017948349775,20.163471457940336,-43.67557168646646,56.94067213271,24.09347871557,1.0365573
66712253837994880,0.567489756785397,"True ",16.740343,2.988432,7.217691953294108,20.11224968831819,-46.853801212355826,57.02676571552,24.11420727435,0.9946763
66713044112564864,0.620126627608819,"True ",9.440848,0.719471,7.372210598869264,17.901458738341887,-46.43975714497985,57.02995559056,24.14185767971,9.6859665
66714177981308800,0.946555205962733,"True ",17.282734,1.6539793,7.3060498316672735,19.5491746569062,-44.04487051734967,56.87471148664,24.09692587396,0.86351204
66714418501518848,0.867895588333169,"True ",16.853323,2.087882,7.311236732528621,20.936026699698907,-44.53787427995938,56.87239647546,24.11411246128,0.9165302
66715105696289024,0.948887603165544,"True ",6.29883,0.009374142,7.1999023457030145,20.344160878448307,-45.07643568357508,56.83776002021,24.11606748364,1.157944
66715273197982848,0.904566449988728,"True ",8.243902,0.35392094,7.269312246192696,19.017069653993055,-43.927570681464154,56.83070036888,24.13892013262,0.874114
66715827250786432,0.891183421873767,"True ",16.877417,3.0139809,7.4906875235903225,20.573342529904803,-45.74214434408879,56.88340577219,24.17339234281,0.8414757
66716136489019008,0.98879232163637,"True ",17.69065,3.0472088,7.38930585590348,19.19732918641361,-44.76750253968112,56.87290125295,24.20534135481,0.82112074
66717987616472704,0.878105734308936,"True ",17.494467,3.2398013999999997,7.434611530096157,20.509948176930326,-44.71688224010662,56.98605009588,24.25867098144,1.0295058
66719194505127168,0.596323919660738,"True ",17.41301,3.2321147999999997,7.2103673454456185,20.715969900055253,-45.71541499343871,57.14795709917,24.20069255246,1.0471992
66719228864863360,0.774797040244996,"True ",15.501962,2.6146746,7.3876554613403265,18.46508333799995,-46.53302131792629,57.16636349177,24.21171256485,1.1296408
66720294016753280,0.870117417196551,"True ",16.058432,3.0991343999999996,7.4686869842121615,19.544149379685106,-45.67771758535453,57.10522821659,24.24035732523,1.9730395
66720534534913792,0.803083660109142,"True ",14.94409,2.4508772,7.341192082208169,20.559808249866013,-46.52895034490698,57.1294732995,24.28127310518,1.0710096
66720946851771904,0.215895693614827,"False",10.7058525,1.0693511999999998,6.897881784660053,17.791532890139102,-47.53920278481299,57.20406155769,24.26717377103,2.4192097
66722355601033600,0.915407556333982,"True ",14.699243,2.5804596,7.401792152784152,19.0087181520752,-45.44562280473812,57.23905340917,24.32864061635,1.6424628
66722660540945408,0.977369324701054,"True ",18.549948,3.7239513,7.320987918447825,19.272027133323213,-44.91266894992003,57.23194867597,24.36101370581,1.0408256
66723008433853056,0.193657829461048,"False",19.05715,3.287178,6.7542220345227495,18.16185104626069,-47.24132486565314,57.0596536771,24.26389031293,1.0299248
66724451545088128,0.244215720416831,"False",8.214289,0.5012932,7.405014495827893,17.894192419007407,-41.11599642721762,57.05657664729,24.31821242807,3.1896222
66725379258016768,0.535993186973428,"True ",6.939808,0.18186283,6.899461381625251,19.609062528872432,-45.35583070029728,57.12549941432,24.3453246248,7.919
66727234683931520,0.997926101684828,"True ",13.826407,1.8952541,7.276889102352219,19.333333440782077,-44.72484181110622,56.76502117318,24.15948737687,1.031376
66728089380491648,0.947037186589075,"True ",17.542105,3.0739517000000003,7.219228074892928,19.51262477045458,-45.794365698025466,56.79601444541,24.23081065296,1.052468
66728089380492160,0.727033256039476,"True ",17.551449,3.3815842000000003,7.1911527684325165,19.074047457792112,-43.2991558599624,56.79950375402,24.23144167347,1.2849022
66728128037119616,0.457190093661171,"False",17.05648,3.3391886,7.529039931598729,18.02322029390012,-46.54776548308693,56.82561830737,24.23078024255,0.89206386
66728265476081408,0.909296453881648,"True ",17.19236,3.5798693,7.2253997576944125,20.39259051535456,-44.020638301805974,56.73055847875,24.18779819152,1.0476388
66728501697350016,0.822545079646437,"True ",18.567303,3.3200836000000002,7.379354659402112,18.826867117987913,-43.79682879291497,56.75775853208,24.22432801621,1.0413917
66729021390315904,0.394631473477016,"False",17.858953,3.257038,7.833640432074027,18.708368026433803,-44.98238317055792,56.78930915283,24.25948945044,1.1386613
66729261908482048,0.950698091132676,"True ",9.376594,0.6450882,7.357064223916838,19.959460137901694,-44.49803681241253,56.79198814384,24.27645362281,1.0107602
66729635568719872,0.796480079139927,"True ",17.617458,3.4563828,7.500762900049822,20.214841140132233,-44.319254341078775,56.84331611744,24.23840687175,0.9481336
66729674225341696,0.825522630231773,"True ",17.056747,3.0545607000000006,7.549568070174224,21.087168165577484,-46.027592700818865,56.85469975762,24.25462065235,0.9836351
66729880383767168,0.561321050761471,"True ",6.815936,0.10141754,7.230057778664303,18.551020432929977,-46.92179879334844,56.87281395749,24.28813024633,1.1449239
66730120901930240,0.8418938861351,"True ",13.26761,1.7036057,7.389580808289403,19.474561447511093,-47.069066278078964,56.91832612972,24.30173654543,1.7493252
66730601936067072,0.753573594397039,"True ",18.383253,3.573637,7.4870827663468775,20.71770318323345,-47.49661062005902,56.84287803293,24.28313654912,1.030738
66731731512764416,0.98879232163637,"True ",18.72439,3.3802394999999996,7.476143292239718,19.23052312108462,-44.242619250346365,56.72077961223,24.25201618214,0.9338337
66732423004453376,0.74794533299751,"True ",14.973033,2.7211971,7.368695724018906,19.249077626062416,-47.504040145173256,56.72344711252,24.2872941769,1.0109967
66733552578791296,0.51512495022557,"True ",12.441148,1.3932905,7.4103373667151455,22.380243790377808,-45.516188367631905,56.65554223667,24.3433389321,3.3418243
66733763034205696,0.63185471936729,"True ",15.690887,2.7416039,7.383106353077731,21.055021775947186,-47.460814017984816,56.78401518544,24.30663032493,1.1348422
66734720809017856,0.40297408280163,"False",12.229151,1.4832973,6.978968391758943,21.25740831159086,-45.55495905207201,56.8253562308,24.3905652358,1.6517943
66734725106867968,0.56971293657374,"True ",16.997358,3.3263502000000003,6.954858021476296,20.305497758988878,-45.21523036128829,56.81444649567,24.3917636429,1.0453055
66735446661374976,0.656322315289151,"True ",17.16143,3.0484152,7.034787986819493,19.49858518138614,-44.450118046415774,56.78290174725,24.39366460107,1.0650328
66737095928811648,0.929976839936753,"True ",10.402332,0.8469839,7.396118503759567,19.316594733162717,-45.4554205499203,56.91861653211,24.36435608057,1.023037
66737405166459264,0.909693913580991,"True ",14.798532,2.3478098,7.390213974601189,19.619007237982412,-46.591337831736574,56.87755475113,24.3703346529,1.0457706
66737576965143296,0.565661982893631,"True ",16.923494,3.240552,7.342869628062258,20.067565805501125,-47.76913267954702,56.90697333793,24.40625196188,0.91802347
66738023641737088,0.845057817661,"True ",16.653147,3.0433226,7.336132894725512,20.413652152090823,-45.89455578292166,56.95748952144,24.42848980052,1.0552306
66738328582414720,0.464601385498511,"False",20.168182,2.2044029999999997,7.707961736747638,17.881019737623838,-43.09088591328496,57.07927098071,24.42008110134,1.1244624
66739982146803456,0.95919284891726,"True ",13.717735,1.8534374,7.443940703770764,19.948050725702974,-46.219669158617926,57.07214182983,24.50422072393,1.2109858
66740497542906368,0.835117350207281,"True ",17.043259,3.0123444,7.580216981202935,19.454855978660017,-46.580092889828386,56.88397566646,24.40493750874,1.060084
66741116018188416,0.849811057560877,"True ",16.133425,2.9671144,7.179641625812423,19.09158069716053,-45.39827478952388,56.9140555869,24.45873245788,1.0969669
66741833275728768,1.0,"True ",20.620213,2.4553623,8.010790966568264,19.892622793992814,-46.17076891153943,56.80047561208,24.47536077556,1.1325217
66742765285619584,0.833815475075381,"True ",15.015844,2.4399347000000002,7.355850981343791,18.64001858817745,-45.03502657120564,56.96235820157,24.50501618903,1.1241056
66745170467302656,0.846696057107231,"True ",16.013287,2.8443222,7.333918726452953,20.412294770494363,-45.02321719830596,57.29606416461,24.34739901611,1.0396141
66745617143891968,0.716485722373881,"True ",6.604883,-0.032555102999999995,7.189385624305487,18.566769795996994,-45.347566636169084,57.34071662083,24.38075238779,0.9828397
66745754582838272,0.893581224920008,"True ",16.6729,3.0494738,7.403613021258438,19.23342251807069,-44.359617974719036,57.36500889975,24.40363692243,1.0273799
66746441777612416,0.563305508272589,"True ",7.525846,0.13290787,7.012849082916407,19.735690455662137,-44.081448971829964,57.32010689707,24.39593347467,0.880397
66747816167123712,0.689955356143861,"True ",11.899782,1.1820087,7.547732480662261,18.676157331737546,-46.77229142531257,57.42624525739,24.462799736,1.1796322
66749121837171840,0.838765228467368,"True ",15.359683,2.5900592999999996,7.418666857726492,20.208257770798163,-46.080407389762385,57.38774921505,24.53383268332,1.0772529
66750358787789056,0.416369924887049,"False",17.649462,3.2462635,7.938158096015888,19.43070052995618,-47.81516618883594,57.17794653309,24.45524029569,1.0535691
66752042414936704,0.270081833515765,"False",14.890118,2.5076437,6.868676362419625,21.11976874320004,-43.83470100318672,57.36525467918,24.53152918709,1.048202
66753038847347456,0.61836417159561,"True ",13.430262,1.7987633,7.336933606142371,18.09458655232295,-46.93970479463773,57.31420347455,24.56707217101,2.144635
66753446866736896,0.292151821868653,"False",19.331717,3.3389072,8.042853870300567,20.88739337621416,-44.463322747037424,57.3130998736,24.60609098705,1.0419061
66754241438299520,0.819931585689529,"True ",12.7328415,1.4336271,7.223150189887358,19.107476326659604,-45.53488788826454,57.55177538412,24.53272638784,1.031239
66755959425257856,0.816563837926404,"True ",16.821295,3.003501,7.546025078304683,19.59404308135298,-46.28803083358288,57.57598217277,24.58746632895,0.9516909
66757746131459200,0.723849039230611,"True ",17.477245,3.1725063,7.308001091922432,19.461883479905712,-46.86416657310411,57.53599531467,24.67145692585,0.92295635
66759773356036992,0.304300732222083,"False",18.582916,3.4543552,6.620640971826487,17.952987661522826,-42.836391521405076,57.42996817988,24.66276377253,0.9246141
66761903659793152,0.734384876398879,"True ",15.173774,2.5507517,7.531095617508779,20.01171871162373,-45.628015653581286,57.48251419167,24.74190453201,1.0768366
66763965244167808,0.809136506636891,"True ",16.977882,2.969945,7.302744961813066,18.457817188300933,-45.79389190581428,57.08979895347,24.57858677808,1.0157425
66765751950550144,0.690313555224798,"True ",16.251667,2.9620256,7.481852062532633,21.09433557700707,-46.54092951892664,57.16855137095,24.60929160554,1.0530705
66765855029760768,0.563016615169263,"True ",17.289736,3.2267857,7.247015256692816,18.35317048044745,-47.14631039106077,57.18905902933,24.62379553564,1.0324576
66765855029900288,0.460132522051979,"False",18.507313,3.3674277999999997,6.970635383546772,20.04551676152852,-45.13253593302453,57.18629978083,24.62302939952,1.0612152
66767843597097856,0.919683889168394,"True ",17.77927,3.3148994,7.3604730138808465,19.789732135352605,-45.68504554417561,56.99745157519,24.59348165094,1.0213176
66771146429454592,0.507997546155369,"True ",10.304679,0.8060932,7.122279602702367,20.682639119038488,-44.73938013188232,57.29898892437,24.63638142989,1.4188898
66771764904729984,0.852084373586229,"True ",17.683437,3.141058,7.370698641712576,19.561189732691787,-44.65965919954228,57.33862672844,24.69452803992,0.963428
66774513683782912,0.899994666369787,"True ",12.459594,1.3729848999999998,7.349364198624108,19.201379543302817,-44.4896665596113,57.33590317007,24.7764623603,1.1289179
66779358406877568,0.728515941586968,"True ",15.694813,2.7941722999999996,7.629451775111978,20.28361932283305,-47.39279179600212,57.2542013232,24.90260777619,1.0742036
66779564565300224,0.758520893999093,"True ",16.700275,2.973466,7.397308082411872,20.535736201611773,-45.84534167733388,57.34143853207,24.91186927953,1.0642352
66781316909399424,0.702649742475645,"True ",14.0124,1.9702711,7.432728772573676,18.931565384538512,-47.08706292205728,56.53138644474,24.37417789599,1.227079
66781832308018176,0.808879249690752,"True ",10.873117,0.9607104999999999,7.373997130574647,20.11114396745309,-43.52995455982669,56.61848429295,24.43373934391,0.9885728
66782450780736000,0.594710722537373,"True ",20.073732,2.9957275,7.442273447870588,17.926734595707977,-45.088570487488525,56.67917911086,24.41393308182,1.0793371
66782897460055424,0.825160706577019,"True ",16.011278,2.8537578999999997,7.467139144883222,19.30160487786689,-46.13939976115322,56.74397999975,24.4609217371,1.0880636
66782931820393216,0.752296785506407,"True ",17.010265,3.1241493,7.51823295054606,19.241254857364886,-44.78725340723068,56.75128246811,24.47341021111,1.1269342
66783099321711360,0.566195940498342,"True ",18.508291,2.9428616,7.100903113019547,20.77915960875575,-45.94510626335568,56.72872815707,24.46645117467,0.86404675
66783584654831872,0.840365911934397,"True ",15.896999,2.8038416,7.203917977597593,20.297947589994262,-44.707875399971066,56.61261347529,24.45374227557,0.98888147
66783722091045248,0.822767514259999,"True ",18.957493,3.1605492,7.456182470065161,19.98737098394188,-46.09776784709469,56.63354647408,24.47604839471,1.0464764
66785504503382528,0.546911223126198,"True ",18.133894,2.7649364,7.2097943535515086,18.42770452911397,-46.40663934106374,56.46297350546,24.43623670794,0.948428
66786505232432512,0.98879232163637,"True ",6.4252644,-0.01687336,7.423127367767807,19.582296508324045,-44.877584847283686,56.5121803559,24.52769732621,0.78916544
66786539592171392,0.932421036916914,"True ",16.471231,2.893527,7.320709076268946,20.307721821964204,-45.751590011352384,56.60273991008,24.47939883769,1.1160098
66786951909028736,0.615222655077121,"True ",18.101824,3.0770836,7.517992731860465,21.752897216758257,-44.9391300037184,56.6006039417,24.50341095374,1.0424516
66787119410915072,1.0,"True ",12.868829,1.5127659,7.412614947686768,20.23976526440455,-46.046204253081534,56.66214340428,24.52010758504,0.9290448
66788253282520192,0.831654820045401,"True ",17.185026,3.2691002,7.178588553994465,19.246538812863587,-44.22326675288659,56.58906496545,24.56438443481,1.0056987
66788291938818304,0.972776668704599,"True ",10.296593,0.8218440999999999,7.393670835522528,19.683164514250493,-44.993607217793205,56.5945534946,24.56994976906,0.8482524
66788669895935616,0.731674046735115,"True ",16.643583,2.911234,7.307118521203142,18.97836540820686,-43.60990886676682,56.5960370545,24.60485050167,0.95860523
66789872486779520,0.366600705478164,"False",6.8028107,0.034648895,7.271150194177562,22.27184551476769,-47.52140397943802,56.74758526953,24.51991333979,0.92515117
66791483097102464,0.684839206068395,"True ",17.592712,3.2622795,7.089912221780613,19.552870790207546,-43.379289492686475,56.90992716924,24.59977311594,0.9624747
66791521754962560,0.520030613807801,"True ",19.57034,3.6002883999999997,8.043128803711536,20.831207310046967,-46.75362471635582,56.91264277155,24.60601327556,1.0422273
66791624833561856,0.682442010118002,"True ",17.191496,2.9639435,7.3653992256586776,20.029976741282756,-43.499459079977576,56.93522462566,24.615331041,1.1320454
66791659193405952,0.560873261243423,"True ",16.691021,3.2024812999999996,7.560485614137077,18.290355820768703,-45.16310974427681,56.94138328334,24.63352445535,1.1355588
66792999222948992,0.726316952348872,"True ",16.739185,2.9624004,7.372727624081626,19.22354218151959,-47.19616446940896,56.86851689687,24.67569649233,1.0551442
66793583338514816,0.945305299140275,"True ",14.310514,2.1480045,7.386768646636278,19.35215923091256,-44.34839052032414,56.70512196595,24.59982559996,1.1212512
66795640626019200,0.281424542917206,"False",19.34698,3.5519943,7.628355268781066,17.47070524179368,-46.7222962601822,56.77385984973,24.66752670702,1.0029854
66797156751286912,0.742161027899046,"True ",16.827679,3.3351498,7.3213387557539225,21.14377527864498,-46.171009325389875,56.81861392883,24.74712712405,1.5107259
66798496781121792,0.834278211698342,"True ",5.752026,-0.02298975,7.305275363980725,20.331403142068623,-46.02205479828147,56.47708455754,24.55430537375,0.8798977
66798526845337344,0.956911711978671,"True ",13.832768,1.7650718999999997,7.3551891416930175,19.533204676406434,-45.55090168896121,56.47976397387,24.55460405917,1.2913687
66798977817468288,0.977369324701054,"True ",16.209143,2.7984066000000003,7.342700786360438,19.75073677504067,-44.3592580791877,56.34039171856,24.54350590311,1.0740938
66799768088857856,0.765504160172655,"True ",12.692504,1.4467468,7.375676434135071,19.40326285830028,-46.97160287418178,56.52886446573,24.5626051279,1.0467386
66799763794633856,0.929085087518044,"True ",12.414279,1.3388824,7.359134122682987,19.74939422977356,-46.62428769429713,56.52718924376,24.56722164753,0.9501909
66800180408292992,0.708587855361038,"True ",15.064789,2.4615822,7.3425690937253245,21.31815347205297,-44.540999909748145,56.52358628171,24.61215923226,1.0981
66800244832257280,0.774693732041334,"True ",17.224361,3.1212378,7.347148990756308,21.35536428162813,-45.16090854605797,56.52381410189,24.61368335739,1.009063
66800592725851776,0.669430236465009,"True ",11.405896,1.0540123,7.550076412992421,21.195216191185764,-44.69592411866067,56.54907922003,24.6221190946,1.2001574
66801623514684416,0.863667728815626,"True ",14.265003,2.3838396,7.375605230542338,20.49684982104614,-47.16133689112058,56.54130256139,24.67339403987,1.6221106
66801623517295104,0.929680596038799,"True ",16.6805,2.9957476,7.373604115597466,20.873189844183816,-45.69153438245064,56.53633699234,24.67572155693,0.99294305
66801795315987584,0.467897510963625,"False",17.648338,3.634348,6.91741303748717,18.971042237502672,-44.088480654335136,56.51242069316,24.68198826539,1.2534412
66802207632871808,0.691689093766198,"True ",15.082205,2.5459669999999996,7.666701713472893,20.82255034321436,-47.73125292623668,56.31946543928,24.57548111549,1.0978314
66802276352348416,0.85300731104602,"True ",13.399992,1.7045574000000001,7.521436338801172,20.809393414603466,-44.7020666462324,56.30003774761,24.58598863493,1.0836426
66802654309459712,0.25893488665468,"False",9.593008,0.7361574000000001,7.771671045232612,17.796128684531855,-43.097689439060325,56.4174964453,24.62703265921,2.1700711
66803616382830592,0.809548103553146,"True ",18.092802,3.1999473999999997,7.297438033437201,18.794078206161426,-45.5028170573955,56.35297311857,24.64608583133,0.9641204
66804406656115328,0.516123225306508,"True ",15.301958,2.9065533,7.201061397315414,21.417715899391748,-46.24268128789557,56.40309754228,24.65167632282,1.2912995
66807464672814336,0.838777758234861,"True ",15.306499,2.5445137000000004,7.3733244422021365,20.782566863578815,-44.527818092846296,56.5748329283,24.68579851335,1.110405
66808220587759104,0.842630559849646,"True ",13.70242,1.8476305,7.300009059416653,20.4865665870412,-46.51653872007118,56.61937054723,24.75879046515,1.0965658
66808839062339712,0.85300731104602,"True ",17.464863,3.2632522999999996,7.382649848312972,20.16782120245168,-44.18388468038046,56.68666506758,24.74939162434,1.030175
66808869124393600,0.74720135029878,"True ",11.587448,1.1021786,7.6327416445672664,20.422639395318274,-47.62659983841286,56.65748307122,24.7474777285,0.80998343
66809491897360896,0.89514036046526,"True ",10.408444,0.83399963,7.406586641921978,19.30065031090105,-46.34158408595681,56.72891863144,24.79613452,1.0771662
66811450402457216,0.669851720455075,"True ",13.337562,1.6946535,7.4547561792339145,18.583779121327936,-45.18087140683727,56.58539983665,24.78528298284,1.0836929
66814302260735104,0.475190153462622,"False",11.950156,1.3159351000000001,6.985169861758207,20.400114505231365,-45.42811427605886,56.53250842193,24.86669205739,7.545461
66816187748666624,0.653236060669278,"True ",12.904102,1.5783405000000001,7.754313311875143,20.43297629521534,-47.26646233291216,56.99900829163,24.73108641902,14.870772
66816295125702144,1.0,"True ",12.540388,1.4014874,7.422158629100371,19.582483258933237,-46.27140917710216,56.89041244831,24.68399679169,0.990435
66818322350220416,0.800613891876008,"True ",15.761837,2.6874208,7.455007092647662,20.02593228253752,-47.51493543992956,57.09512296363,24.81469358262,1.0198263
66820590092840960,0.753639390018301,"True ",15.393848,2.5778227000000005,7.321610715925585,18.77571686440077,-44.18426716411386,56.90863214909,24.81955061391,1.0841954
66821655244731264,0.628332695732809,"True ",15.617148,2.7824202000000002,7.761479927581553,20.80852597315821,-47.42928064291347,56.84583318283,24.84875204843,1.0696015
66823132713476480,0.852600356011972,"True ",16.87391,3.0793123,7.429236579015258,20.359214900915827,-44.682017512024316,56.89952947889,24.87396515674,1.0942961
66823304512166528,0.587680213398374,"True ",13.674303,1.8255548,7.395751435837692,21.066583884954692,-44.05532516247117,56.90877404779,24.89165534984,6.221586
66824472743376768,0.607953504082753,"True ",17.582697,3.2788582,7.101768935389728,18.34679772431905,-44.767943829631776,57.16384864961,24.83869963119,1.0412737
66828870789879168,0.723978971113947,"True ",16.20272,2.9738759999999997,7.471713201960252,20.48129901648269,-44.449096516730364,57.08465979451,24.91505649268,0.96503633
66831069813319936,0.911676079235239,"True ",15.47262,2.6695328,7.342300530836173,19.764167455834702,-46.080597014746935,57.17568673916,25.00769635422,1.1613567
66831172892327680,0.767403068931792,"True ",18.0745,3.6694412000000005,7.127345638109044,19.989028341757603,-44.09367382580041,57.16924995575,25.02202726586,0.9548437
66832100605159424,0.829667068851265,"True ",10.744773,0.91848373,7.499269077311336,19.516684921075115,-47.057326027126166,57.07381062716,25.04764063409,1.3372483
66834054814431232,0.829662655685365,"True ",16.563644,3.2475805,7.468890122751344,20.27841866733844,-45.47071690806422,56.74789903406,24.87933419481,2.4217708
66837495084120320,0.4008641975687,"False",13.436048,1.8325653000000002,7.255883536269022,22.210191703962067,-45.204944073794664,56.66783020915,24.93086438815,5.5730724
66838452861270272,0.885071362967456,"True ",10.10806,0.8023014,7.4069576100515615,20.610307326877862,-46.95446313105725,56.66165931699,24.95943688709,0.9594057
66839591028151552,0.236838297575425,"False",16.414059,3.1173477000000003,6.141568159980839,17.91179065500429,-38.40059329163031,56.75423555051,24.98246752414,1.1518043
66846291177113088,0.758118464440187,"True ",14.673388,2.3138905,7.256440119595137,18.65864663618749,-45.97708646887594,56.83687734919,25.08656572477,1.005088
66847631206903040,0.956099116898988,"True ",15.424488,2.9366293,7.432716794376759,20.01969194845268,-46.62908653221418,56.85755304008,25.14231117639,1.4722563
66850517426494208,0.730601086814259,"True ",17.439728,3.0729102999999998,7.21695823861784,19.463760308571747,-44.37617719432432,57.67018622912,24.66724828792,0.98710555
66852647730267264,0.759812705340469,"True ",13.310761,1.6780605,7.243738617452612,19.98616428855798,-45.29769641617262,57.77331327974,24.73657781007,1.1109239
66863058730966528,0.545563656631787,"True ",10.70626,0.9087715000000001,7.192075944321202,18.22676881362397,-46.381209584824255,57.9186150567,24.98296292857,1.631875
66867800374681344,0.684245134891509,"True ",15.381897,2.5497332000000004,7.286496325253769,19.06011331005313,-44.90507734289051,57.84963620047,25.09780493761,1.0132973
66872095342031872,0.587859154010342,"True ",16.321066,3.1475400000000002,7.0968258028556575,20.72235673924772,-48.12038780168115,57.52738552989,24.99604042107,7.2664127
66874599304044160,0.669594044367888,"True ",18.87,3.2848835,7.618373716073223,18.710229382715184,-45.81938533840347,57.4867642826,24.98514894211,0.9633543
66876596467931776,0.620079938808318,"True ",17.568546,3.2861767,7.5337284443571075,19.4091936104282,-47.91663424484297,57.49314058359,25.10567049533,0.9537864
66878245735176704,0.521582141290851,"True ",15.398036,2.559164,6.936834522963423,18.71670636605301,-44.116108576241004,57.62492811642,25.05172731021,1.0809911
66878932929927936,0.267428690862304,"False",12.8764305,1.4149704,6.276176566753496,16.34409640990836,-38.26526200990468,57.75971818178,25.05529120051,0.9955936
66880307319457408,0.642636875916778,"True ",17.516953,3.6058884,7.099560650653932,18.834909505189653,-44.743241772918786,57.68484167578,25.11793981049,1.0818169
66885942316710784,0.707004752773249,"True ",16.95706,3.0880490000000003,7.349344579395844,19.58736083813748,-46.49312161763032,58.01500229554,25.02030871801,1.00609
66886011036187392,0.604435582809231,"True ",16.50337,2.9461164,7.5715675542504295,18.57931969799805,-46.9529738677311,58.00692191346,25.02462381507,1.1009638
66887660303617408,0.743510593194632,"True ",16.868773,3.2155714,7.409750575654702,18.401739366429396,-45.28473751782227,58.01103965973,25.10400177716,1.0254073
66894772769437952,0.704941700601771,"True ",17.874992,3.3453732000000005,7.488955000161575,18.539162983119045,-45.571856802355185,58.17593010462,25.17824275474,1.0505677
66897933865345920,0.656901766652369,"True ",13.247913,1.6401625,7.224048040147685,19.494968153501567,-45.0654688095901,58.18906123797,25.27965990337,0.99487203
66898002584817280,0.627982298545298,"True ",16.320951,2.9117537000000002,7.2489757753492725,18.551292963029198,-45.021803693381536,58.22613014091,25.29521751523,0.9729033
66899239535574400,0.694194151515042,"True ",15.598198,2.6469774,7.340439849598904,19.837582004550182,-45.54461759190832,58.1308067638,25.25193444539,1.0918032
66903293984399872,0.7289130389922,"True ",13.613075,1.8187561,7.2075735854467355,19.598903434367205,-45.4340940423396,57.84233121849,25.16592888053,1.1168429
66905561727107200,0.228827351664465,"False",16.954079,3.0506945,8.288496789424999,23.61697734563511,-48.35423436196586,57.90168213004,25.22774077641,2.268216
66905561723623808,0.299687058790838,"False",16.73906,3.0516396,7.5657155081673615,16.894424703029973,-44.139702211969755,57.90186041195,25.22783113222,3.1530936
66911231083913600,0.657808684690057,"True ",15.793973,2.7774648999999996,7.494606979507357,19.43880335389787,-46.52088425027251,57.8077996561,25.38630230644,1.0412433
66915560410893440,0.432025355159633,"False",17.438322,3.2933769999999996,6.954660525737195,17.667047150445693,-42.955288372169974,58.03320620435,25.46503133102,1.0727127
66919163886142976,0.237116753313202,"False",20.306597,2.6441936000000004,7.19754299826867,19.555353747394427,-45.88271497137156,58.06519308252,25.51905973612,1.1044142
66926211929978880,0.741092275497045,"True ",16.598265,2.9636316000000003,7.3364991630470024,18.277633549560008,-45.99954302701701,57.18360002515,25.10607888928,1.004534
66930403817997696,0.658963232215314,"True ",16.304043,2.9474583,7.311133598699599,18.13843096158596,-46.098488328401324,57.50781770848,25.2112223155,1.0151677
66937859881182848,0.567298494243387,"True ",12.781891,1.7534046000000003,7.01616625251663,18.295871155539146,-44.854281443672335,57.50276089924,25.39859852117,2.8889759
66939848447027584,0.629441665823385,"True ",9.118056,0.6590395,7.358738230374514,18.11105149210825,-45.7244672361417,57.07039222939,25.21491968688,1.2645075
66941635153934848,0.857786418535575,"True ",18.346786,3.4136599999999997,7.418767708082098,19.443260865067547,-45.49184868196514,57.1514685446,25.26128986864,0.91953284
66940299422471296,0.568900114905609,"True ",14.485869,2.2242432,7.510258167750809,19.747984466432346,-48.32004863058663,57.10859424734,25.24449048958,1.0950806
66942189204257408,0.725755633840441,"True ",18.907158,3.3837851999999997,7.319272568279367,19.23823883372948,-45.14388680462774,57.21025857512,25.2983659642,1.0521104
66942910762588928,0.414986531542755,"False",17.047014,3.03438,6.855480925324778,19.155874667958145,-42.05680654783247,57.06457646223,25.2433130866,0.9985963
66944422591073024,0.294758610834921,"False",13.309442,1.7167311,7.363883737212068,20.146280152417916,-49.21068580797612,57.0320479776,25.31508636826,3.380635
66950435545271680,0.526503232922085,"True ",16.213099,2.864563,6.971480338793957,18.908085512775088,-43.69680503977185,57.33466730526,25.42830173269,1.0176995
66951466337428480,0.372056884525599,"False",17.001446,3.1802025,6.659725300304908,17.51634670364892,-40.921456485686114,57.21790500712,25.37551520708,1.0323986
66957612431742080,0.307810524949301,"False",12.017368,1.4667168,6.389250304766965,18.771487235556904,-45.5379105432414,57.66384347933,25.3935517538,10.812572
66957994687842176,0.630862400835819,"True ",11.730169,1.2106409,7.2922429808358755,18.29489900712647,-44.339487834463675,57.6489355092,25.42630877065,1.3848734
66960262430594816,0.716650019798652,"True ",9.52466,0.679121,7.23941620088313,19.34775319788397,-45.86003924563756,57.57373154237,25.37936374386,1.0734888
66960743466922624,0.737832654678633,"True ",16.939152,3.163248,7.443343423871986,19.420070860663905,-45.37822394377018,57.56154678863,25.42482323105,1.0182151
66969535261875072,0.639912253215791,"True ",15.461911,2.8506145,7.439765319902158,18.70364075313184,-46.63227427757368,57.73598403343,25.58491725369,1.7604898
66969676998824576,0.646626120445894,"True ",9.013485,0.6151848000000001,7.3098214892431725,20.12835332681689,-45.27003628820477,57.77650195987,25.59449243314,0.89512056
66974453002505088,0.592477250547235,"True ",16.260448,2.91426,7.746078028052953,20.025605993834702,-47.33343672454679,57.53514890396,25.54865892623,1.0135275
66980362877378432,0.682662845681156,"True ",9.434445,0.7121400999999999,7.246003957202508,18.623312387093797,-45.937951769335825,57.47057390621,25.64724643144,1.014025
66981599827956864,0.379306319585076,"False",16.263796,3.2445364,7.515211486956357,18.09048256512971,-45.37061129247907,57.44606846305,25.71007632857,2.29215
66982458821495424,0.669812888244598,"True ",17.51472,3.2240982000000002,7.5531174702120305,20.202756856391733,-47.39138443471077,57.67176413323,25.65830715786,1.0171729
66997817623367296,0.548112192453825,"True ",13.447046,1.7112875,7.164820193342343,17.884856597474325,-43.8422992957959,59.09798263642,24.8322173969,0.9929499
66999913567402112,0.332172711544266,"False",14.906961,2.5977,6.808899335071992,16.451870035837334,-42.30284538477126,59.23789633926,24.8094240057,3.544396
67011767677005568,0.456008999524842,"False",16.17624,3.1110077,7.650775254822233,19.722560164882047,-46.071074571242335,58.99524267627,24.96095042597,1.0511391
67019150723650560,0.363840332376302,"False",19.083107,3.2984923999999998,7.831370234260628,18.883900854841393,-45.39391957628321,59.04750568614,25.06000496188,0.99468076
67034994860213888,0.337868794298446,"False",15.463224,2.5566254,6.7108922932891,17.219712401420153,-41.71038219859663,59.41952732014,25.26769486417,1.1028457
67044198973423744,0.483887774854108,"False",18.4318,3.4989185,7.738455575708934,19.10319628796676,-46.94320613019424,59.21803142163,25.16793472755,0.97625756
67046775953855360,0.203285999286049,"False",18.14221,3.8305779,8.276361290456203,20.795384264833444,-50.82394759487278,59.38348173373,25.28247328419,1.2968091
67046780250475520,0.180815733067645,"False",15.079865,2.3100262000000003,6.2993591238593725,16.908245049374024,-37.940405028701456,59.37571143714,25.27954546489,1.1463574
67054305033161344,0.485059217547071,"False",16.526533,2.9940977,7.458432291780379,19.256233250762254,-45.62799565668913,59.429110157,25.38507611014,1.1269453
67069835634816896,0.58926509580248,"True ",15.76675,2.7281675,7.530544181332643,19.5346127374352,-47.54001042641008,58.74187604266,25.24127596268,1.0616418
67072236519533696,0.191245129801271,"False",18.623491,3.9288692000000003,6.439507231090987,18.88513666996449,-44.214393179670466,58.86279518648,25.24592085083,1.3098723
67072751916039040,0.189586003791922,"False",19.677654,2.8328094,6.0264134386145045,16.188502370899915,-37.52435360652039,58.94648110755,25.2442113185,1.0775622
67074096242336384,0.546324990527498,"True ",15.520327,2.720457,7.160615933777658,18.358723920733823,-45.053509089007406,58.98515881189,25.29982950142,1.072395
67085641114472320,0.616359918585183,"True ",16.777615,3.0865487999999996,7.4415280146399105,19.45661899469809,-45.61156294125378,58.54794646311,25.31173412692,0.98098475
67103405099117568,0.35608774133235,"False",17.058586,3.2045927000000005,7.3418460551331135,17.69529681842561,-43.36160581990585,59.06596886788,25.48750428788,1.2159388
67278158729741696,0.561477824212146,"True ",17.481783,3.0576267,7.570511532362097,18.051648108880087,-46.658336671843564,58.24497934067,25.43848141012,1.0004035
67281869581448704,0.290133232460166,"False",12.515738,1.4830856000000001,8.286999884215996,22.20277090821568,-49.9221767384628,58.57848481934,25.49503059561,1.0707629
67281869581448448,0.221253705731682,"False",15.203217,2.5302189999999998,8.199520810016935,23.48089414002517,-49.784855944055344,58.57893882862,25.49547289867,1.8806509
67285614792891264,0.408106074756896,"False",13.859352,2.2217426,6.806180924415817,17.655166189626,-41.929788411893725,58.64012247869,25.67861929274,10.188502
67304959325424768,0.619312770534648,"True ",17.576826,3.3793697,7.4420275178851645,20.009029858336266,-46.61491091799971,58.28042846027,25.78915388449,1.048844
67331381964358656,0.24229358594077,"False",10.882879,0.924098,6.297113655022863,17.061863279019384,-39.10305214608845,58.4595145861,25.96445261929,1.199993
67349764424286848,0.458588158487245,"False",16.227058,2.9541150000000003,7.906565387632749,20.46861971429473,-48.884779704390716,57.98975312247,25.80851483367,0.9931832
67352066526730240,0.541991401895561,"True ",16.171669,2.9164333,7.5158985579152855,20.317399685234925,-45.71550048962557,58.1622013642,25.84024414509,1.0450416
67364328655082752,0.209297296682862,"False",18.517399,3.3466015,5.954039147861767,16.59947715710363,-36.91023635928596,57.9264351827,25.95697382356,1.092795
67368353043627648,0.500991752998291,"True ",17.077164,3.2816419999999997,7.311513112665017,19.310613657171864,-43.88758080502819,57.82486427848,26.02265611661,1.1489267
67368834079847680,0.539927812318523,"True ",15.1005,2.4949684,7.29697952089291,19.81877501582772,-47.04745241682429,57.82865372341,26.05227743024,1.982128
67368834079044224,0.677893979408535,"True ",16.899532,3.0912428,7.274217633056106,18.95464920923878,-46.073171609353494,57.82803686461,26.05415071937,0.99135786
67368868438779392,0.652998275421347,"True ",15.409541,2.6246195,7.549094156257301,18.734513286680105,-46.237399466047584,57.850752651,26.05300429203,0.99967563
67369658709673344,0.644089782036186,"True ",7.648581,0.20271397,7.337022096802652,19.174378854485525,-46.70415445454513,57.98934328927,25.99866577646,0.8300703
67373094686549632,0.624712825625894,"True ",15.564647,2.6743287999999996,7.360596113610153,18.75034410307632,-46.15502930421356,58.05557458367,26.14343846138,1.041076
67376633739588352,0.423465009211404,"False",14.856225,2.4389095000000003,7.886466684738685,20.903516055779036,-48.4933467844087,58.05503782431,26.19580073198,0.9956856
67381787700522240,0.538956560842867,"True ",17.003773,3.3380146,7.156593213590406,17.58749587725939,-45.239204025077846,58.39805456753,26.11879868754,1.0807465
67429856973800960,0.306146515563463,"False",17.405403,3.4210625,7.99832033666889,19.977713759884573,-49.13510481474465,59.1942015566,26.34995789874,1.118756
67527885307288192,0.421772656235643,"False",16.362728,2.8978395,7.296589514363687,18.485340686092247,-45.3869254834319,59.21518684477,26.80722984338,1.0075488
67540495331120128,0.369869752930265,"False",16.923477,3.0709887000000005,7.491104925912312,19.04256039444588,-45.36234792829782,58.99977541862,26.9997742932,1.1216326
67576332537157888,0.50363871277968,"True ",17.068302,3.138382,7.206185200664611,20.763835505842952,-43.596542979457524,53.13743027013,22.30325801554,0.9001049
67618285777617664,0.58103451179312,"True ",9.733864,0.7007408,7.532695664265256,21.394415701598184,-45.466615730782614,53.88216141528,22.82338338603,1.1501563
67656665605333888,0.321570687414606,"False",16.639168,2.9042673,8.083688638029253,23.577732622963733,-49.76467708983897,52.95779386064,22.83999084915,1.1157457
67662330666441088,0.548032002093414,"True ",18.379122,3.5191135,7.225259355068935,20.549615807186942,-44.17893535340602,53.58075523166,22.81159964335,0.9782551
67667935599570432,0.527388491544827,"True ",17.20123,3.0366162999999995,7.228278661249062,20.599604432459408,-44.49542601087445,53.45758590718,22.93866437032,0.96708107
67680850564641792,0.384118639788526,"False",11.690367,1.1512813999999998,7.941030580559143,22.72987559784389,-48.596630748961175,53.30800661762,23.00623259856,0.8459248
67724697887107200,0.470645377559997,"False",17.51643,3.3112182999999997,7.492629956560324,20.142887156953574,-44.89040243405877,54.16008003273,23.14547753491,1.0043994
67732257029618048,0.787208163850716,"True ",14.31126,2.1313496,7.41348516289367,21.57072434828168,-45.48614654186306,54.59755350922,23.10784617892,1.1676027
67736070960579072,0.409302117294006,"False",16.76218,2.9824599999999997,6.921899154979081,19.379725944502553,-42.141886994150795,54.40459134187,23.18260356156,1.0305912
67747615832673408,0.454394098073876,"False",16.504719,3.010007,7.990363696942871,22.168188360545816,-48.66331092667877,54.31896492165,23.18436497707,0.99770606
67756789882795008,0.74780305626436,"True ",15.859415,2.7755547000000003,7.531107380234093,21.585578002893943,-46.147474694098904,54.48519642739,23.38223216603,1.1183434
67793309988387456,0.665056747748792,"True ",18.356155,3.625023,7.290477116287212,21.41779017094336,-45.14294304267494,53.82823630612,23.43898624598,1.0143195
67799189799869312,0.527799339118759,"True ",8.786226,0.49889278,7.09486561955451,20.569161817903474,-43.26375824955264,53.74453624196,23.52995493153,1.1534898
67832346947351424,0.692428924269456,"True ",17.240038,3.2489004,7.317767257828139,21.5121934352566,-44.744665948622504,54.04620601477,23.80625813956,0.99358135
67878663874731136,0.356677151033477,"False",16.109005,2.8502302000000004,7.168445713233685,19.906129194404684,-42.53063851459348,53.03286449262,23.23242622097,1.0598495
67899520235887616,0.570072647545285,"True ",17.188633,3.2413682999999995,7.2748694971298065,21.097670497281218,-44.375770540667794,53.1576341333,23.43291729438,1.0421113
67920926352940032,0.462769715104897,"False",15.754189,2.9027662,7.17787401927676,21.092408096546226,-44.1620807837806,52.49486917295,23.37163046519,1.0029199
67988615037924096,0.444362234674792,"False",17.926485,3.4051303999999996,7.505259297500794,20.429590994553262,-45.12786062673307,53.64827525954,23.64528208335,1.0742822
67998201404864896,0.481219742178027,"False",16.64228,3.1520405,7.255933297286535,20.55044920727818,-44.62603258252214,53.17636721374,23.56656052165,1.0198
68006241583701888,0.426254261485501,"False",15.914934,2.781724,8.021906987586915,23.628591833632175,-48.13589708221701,53.44442414914,23.80526296447,1.0345572
68014964661425280,0.499858886754281,"False",17.378237,3.374771,7.419275534095481,21.212686658137397,-46.59405588324736,53.81787672859,23.79924439729,1.0343736
68045583484082048,0.503662515302999,"True ",14.544645,2.2771711,7.684551529508981,21.451778956632786,-47.106394672406466,53.74721328209,24.20445022554,1.0937629
68046133239891584,0.642800385256344,"True ",14.357129,2.1544647,7.539687879108131,21.915036001221146,-46.318532327253024,53.78927918043,24.23869890644,1.0059556
68051390279853824,0.536634938717037,"True ",13.306072,1.6636294999999999,7.2354500671209525,21.202770005557962,-43.691173594708204,53.00208374667,23.77463246023,1.0691359
68097020012324352,0.569084058243399,"True ",9.433693,0.68093395,7.368017028297914,21.59097915161505,-45.057868171096345,53.53056707846,24.34424494913,1.052103
68117635855255168,0.724469326780942,"True ",16.598715,2.9964857000000005,7.377559616270141,20.477999618780316,-44.50814439668051,54.91129565076,23.38883701888,1.0489192
68120418994061312,0.831633813476783,"True ",17.177141,3.248084,7.2703253135617745,20.794171871057202,-44.543631001832466,54.92139561721,23.4730015443,0.96693814
68120728231661824,0.693150929485807,"True ",13.659394,1.8324870999999998,7.4248451511728,21.952550134686536,-45.244621881741246,54.87176771377,23.49917280959,1.0745244
68129764842889600,0.819871268243901,"True ",10.699779,0.9111519,7.498550540761938,20.54572004063613,-45.6288799637244,55.14330480577,23.68240599457,0.9385416
68141408498321280,0.685678490779835,"True ",17.13838,3.0781631000000003,7.228431844899335,20.455009282168664,-45.04122743597192,54.64378947103,23.6727137681,1.032703
68142374866825216,0.65077768730998,"True ",17.183352,3.2662935,7.484155963925398,21.01251130526328,-46.68696199242911,54.6425989695,23.71853047856,0.9777166
68145707761492608,0.676025378788404,"True ",17.778164,3.3081036,7.109772113525602,20.354035697092193,-43.554027997180306,54.96121741847,23.76440270472,1.0817424
68145776480904064,0.68811881681771,"True ",17.255363,3.2273922,7.635748886055413,20.925565207857378,-46.90572433483162,54.95217494014,23.7675955813,0.9942107
68147391388599808,0.607191991855171,"True ",15.734668,2.9731255,7.735459904904692,21.781214122121135,-47.44800048113087,54.95000439198,23.84894508168,1.0551088
68150861722174848,0.881284972257002,"True ",11.304962,1.0654496999999998,7.3887946659635775,21.164750174314186,-45.34759525391402,54.86597277252,23.89479513532,1.0996524
68152820227358720,0.724164047144148,"True ",15.784899,2.7386227,7.500368854873981,20.539656838226605,-44.91729456697406,55.26256117985,23.72247915263,1.0471059
68156290560900480,0.688332486937228,"True ",17.983885,3.4947357000000006,7.602452973629081,21.337675933042124,-45.28576383275218,55.27187406487,23.83735301338,1.036338
68161921261591808,0.25997567417771,"False",18.5983,3.4398402999999997,7.085902986522753,18.22029956273651,-46.058560635211116,55.42678496717,23.91569712568,1.0830735
68162028637205888,0.643090774714515,"True ",16.882187,3.1227102,7.411967132291862,20.085951759718974,-43.36242692609376,55.3307145812,23.86146815088,0.9455469
68162921990400256,0.686969682050228,"True ",16.227856,2.9083537999999995,7.4679281450793535,20.87002088439918,-43.94528385521718,55.34540991783,23.9299074121,1.125092
68167835432980480,0.969489612005147,"True ",15.505199,3.0001554,7.331133587575552,20.348207602315586,-45.02352676277764,55.36208894087,24.01718271549,1.1819943
68168419548529920,0.638539593214795,"True ",17.14373,3.1697445,7.859621346068522,21.79189743407413,-47.603785864379226,55.38009303304,24.05673709941,0.95180583
68170721650939264,0.784541238105984,"True ",16.658615,2.9471979999999998,7.508409802864794,20.96857757122531,-46.637626167120075,55.07859767518,23.90637216703,0.8909109
68174191984522368,0.878496419314578,"True ",16.293001,2.9563942,7.278890838079188,20.454982963912414,-45.01606595633935,54.9280606659,23.9075504225,0.97891575
68175806892217216,0.830794944819634,"True ",15.53727,2.6416682999999996,7.270878825569995,20.559818902988496,-44.365202011944554,54.94318764853,23.98123193567,1.0578907
68183125516472320,0.359796548259796,"False",15.516793,2.635684,6.7126248163488205,18.54911495497002,-42.009455567711285,55.11009789752,24.08976446248,1.0801526
68183331674900864,0.626980019230156,"True ",16.861164,3.0651522,7.743583699122782,21.32276568267739,-47.157499356438635,55.10681451622,24.09987966023,1.0323466
68185221460637824,0.775371430525913,"True ",16.584269,2.970541,7.313755069457189,21.151802316635575,-45.716889789305,55.19303268695,24.15698842702,1.0239469
68186114813689344,0.832401673710261,"True ",17.018175,3.180622,7.24926740919001,20.668062497077784,-44.92118727245914,55.25169198929,24.22626696033,1.0101063
68192093408157568,0.493067013610866,"False",17.612053,3.1623878,7.084015627498157,20.392608814317317,-42.6436550971227,54.37951976868,23.768517685,1.0676186
68195598101454336,0.614055667267336,"True ",16.495232,2.8842392000000006,7.5107151826257565,21.55407134628564,-44.7090969621511,54.51024535831,23.90965649072,1.0644646
68199270297901952,0.508008109217402,"True ",18.634268,3.2543392000000004,7.639966640057733,20.35983908088497,-43.877610170119,54.79117662156,23.98111610983,1.0015851
68222119524026112,0.424832457183602,"False",18.12979,3.2944602999999995,7.963989807949969,23.156539054687467,-47.071247545099055,54.52893048054,24.24861030032,0.8544338
68225834671270528,0.422390677767807,"False",14.685989,2.3127556,7.219133800544574,22.68088842211512,-45.69199800338584,54.89785384273,24.11823606928,1.2576001
68232191222851456,0.615896869647805,"True ",17.717175,3.2340565,7.331197713977184,21.004541730395342,-46.72419357942476,55.0296890111,24.2174501072,0.79382396
68232603539842944,0.638985512944569,"True ",17.68662,3.465557,7.800367963978907,21.6171333929636,-47.11979003030982,54.98011655879,24.21489595031,0.9772612
68233531252642432,0.835159351868933,"True ",16.483887,3.0038986,7.4481223612360665,20.505100504678424,-45.80671035626917,55.11240632812,24.23713916701,0.97000706
68236795427794816,0.569526666092675,"True ",16.123356,2.9054127,7.1824988964572825,19.773563485274593,-45.54958301411696,54.88473033038,24.26686402914,0.967869
68238543478364032,0.327528561386902,"False",18.210098,3.5797120000000002,6.77443576319599,19.70564894856892,-45.36074149903795,55.06642960258,24.37523674429,0.9887101
68250264445159936,0.303333824241323,"False",9.708421,0.74827385,7.0063925828546205,18.92460316042281,-40.7879756704596,54.78813141736,24.36762310332,1.3008121
68254245878512384,0.551393326288841,"True ",10.22619,0.80078983,7.118104224750291,19.81112688481169,-44.515091631458176,54.80623332661,24.46632471871,1.1078361
68254765570883712,0.669681356065149,"True ",17.32352,3.2182007,7.343794226671883,20.486628817235424,-46.14199897219629,54.69069200481,24.46757118116,1.095516
68259438496008832,0.7755734738562,"True ",14.768776,2.507063,7.476423218470284,21.50490821006327,-44.48195446349563,55.54560012636,24.08553094902,1.5789093
68261053403709312,0.857606095240896,"True ",17.022444,3.1169596,7.3201167882809495,20.98818941876304,-45.19580121506285,55.57465383102,24.11587920028,0.99574137
68261946756899456,0.687685389360813,"True ",17.688309,3.3666992,7.486610378982209,21.322857580850933,-43.94308802449449,55.64160932043,24.1833838163,1.0890057
68262973252098304,0.763835486512345,"True ",17.22576,3.0911226000000003,7.273094336703306,19.99213843563659,-46.07738211039895,55.47065675739,24.12341385043,1.0468141
68263145050803840,0.528096209795837,"True ",18.587467,3.7866192,7.054724665871137,21.136895741063928,-45.905267175290305,55.5016245426,24.17006028248,1.0482017
68265279651517056,0.687862665456276,"True ",16.258966,2.8948317,7.57228714125954,19.868715221579595,-46.095188050633745,55.60961755817,24.23535016564,0.98980755
68265588889169664,1.0,"True ",15.268429,2.537527,7.373741972330631,20.322957238161408,-45.86447097899181,55.51203056789,24.20989889242,1.0553981
68266787183070976,0.542940215897957,"True ",15.7546625,2.797762,6.9290099064123885,20.258479277082426,-43.75877144636193,55.7047079826,24.17086814542,3.040918
68267680536205440,0.339367857484746,"False",13.848956,1.9044436999999999,6.821304481889428,20.123377100985664,-41.14435023565595,55.6746878771,24.19927647337,1.0886706
68268165869533568,0.69625822637677,"True ",17.094841,3.1783933999999996,7.535920598102581,19.901504654785434,-46.99139134250538,55.73575580017,24.22917036681,1.0597413
68268303308484224,0.690353315815493,"True ",17.534178,3.2893752999999997,7.468803484431588,19.28171935053928,-45.75332459094989,55.75532685028,24.24773108224,1.0231262
68279225408437888,0.609232631520161,"True ",18.960083,3.6220531000000005,7.161844786532234,19.821034019449485,-43.578078022164796,55.4646441337,24.32411786029,1.0075848
68282837477714816,0.806577963735977,"True ",17.633608,3.2447472,7.246041435055829,20.66941639207741,-44.69952420819481,55.41178695038,24.38574612746,0.9705496
68283421593270400,0.846334288810038,"True ",17.595737,3.4147701,7.416619725713781,20.12459547363482,-45.74648397558014,55.34359888209,24.39754852507,0.92650163
68284104491279872,0.618655451171643,"True ",17.849161,3.4577827000000005,7.2306568674940594,18.71421604226845,-45.28656130692565,55.55626341952,24.31367196396,1.0448145
68291977168100480,0.623819163221264,"True ",15.252396,2.5035162,7.219944321360041,19.159797994693196,-44.29096381938997,55.51383787112,24.5368803916,1.0722638
68293729514855040,0.198393671299839,"False",8.198288,0.34831095,7.41282032449915,19.47970969626966,-40.04826146758642,55.93026689509,24.37439024189,1.0340874
68294309333614720,0.886374619311879,"True ",18.979607,3.0377693,7.483773659832442,21.073110411687992,-44.85878536682353,55.81715644575,24.3743216323,0.9795217
68294554148575232,0.828805951381344,"True ",13.636955,1.8262539,7.396111724020852,19.55133983597039,-44.49294093409765,55.90390788824,24.39378107218,1.0529833
68295481861500928,0.633094170698176,"True ",13.767338,1.9089831999999998,7.600980175545772,21.385866915384426,-47.735922375547894,55.98213353783,24.42620429717,1.0858728
68296650092601088,0.807836062431698,"True ",15.147523,2.505106,7.324938514001506,19.11283983965211,-46.17804308030151,55.93219893605,24.48753259514,1.1733079
68296890611072384,0.596743286903253,"True ",10.5296545,0.9041299999999999,7.386998687843287,22.072586733578984,-45.87187150601032,56.0148582894,24.50404176792,1.0499159
68297921403225984,0.353439562272285,"False",15.520733,2.7507992000000003,8.186511781004615,21.041824571381415,-49.68968016710679,55.86244467494,24.45257885142,3.2360976
68298093201624960,0.739982770989508,"True ",17.32333,3.2672653,7.584572766317956,21.33759087827145,-45.453826909820506,55.83579617938,24.44291608797,1.0291365
68300326584600448,0.460895582059845,"False",17.220604,3.1797543,6.856196578912852,18.70053415032632,-42.47265477404482,55.92983392964,24.54879813388,1.0279402
68301250000967680,0.256354492637657,"False",14.651505,2.3972168,8.240490332785942,22.66490230654077,-46.476948125092726,55.92569599196,24.57301221617,10.146496
68303487680516224,0.938365286148903,"True ",11.282754,1.0796499,7.465685925621427,19.65581279402085,-46.0475584579759,56.10957903583,24.58950062402,0.9851145
68303659479211776,0.853511328078595,"True ",15.863776,2.748232,7.234274294425554,20.893885779671052,-44.31425911868017,56.04008371333,24.58937266934,1.0643665
68303728198686080,0.813623955474651,"True ",16.39733,2.9260787999999995,7.293191575999418,19.376287909920762,-45.979039487416365,56.07950023047,24.58825783076,1.028139
68304548536306176,0.205574462461118,"False",19.634474,3.3042392999999994,8.291384292426986,17.517423380954355,-46.22554069292636,56.21849512792,24.61359482474,1.0638369
68306099020642432,0.921380112128902,"True ",8.041619,0.2723384,7.4124494843791915,20.534638717014488,-46.18983462732439,56.00122131402,24.55679292621,0.94553983
68308882159427840,0.653236060669278,"True ",15.432,2.7470636,7.775523482076141,20.97745614601153,-46.97992302418597,56.10672868467,24.68115970304,1.0681502
68310359628169472,0.732497002921455,"True ",12.553257,1.3937836000000001,7.409644234463457,21.23766123542085,-46.6511026025601,56.0913769195,24.76820671722,1.1281407
68310359628169088,0.578115643017105,"True ",10.84777,1.1080551,7.239818276902313,20.77951011355984,-46.366067289959155,56.08555902364,24.77265650136,5.585484
68310561489710336,0.741428297405934,"True ",9.3706045,0.6564312,7.270583160634106,21.20960169235345,-45.117209531116885,55.72974574866,24.49286881728,1.0204512
68314414077327744,0.781306038619543,"True ",14.889832,2.432414,7.217567238529469,20.551216953824404,-43.954594776002146,55.80453808024,24.65524287677,1.0124867
68317609532996480,0.719293455598181,"True ",11.684883,1.1234035,7.421775120105081,19.448560594792347,-46.251957092365615,55.76236248276,24.66955812561,0.9533442
68317746971945600,0.398501647829429,"False",15.114011,2.6329974999999997,7.679550128235233,23.19264487837735,-48.13535947272742,55.79070664544,24.6923139656,2.3706741
68319529381881344,0.625570910466472,"True ",17.55076,3.2488040000000002,7.578873356565054,20.777348312640164,-48.2465613696604,55.87463764734,24.6563966209,1.0597987
68322145018429952,0.949689722058473,"True ",10.600085,0.88736725,7.33309960496548,20.641313656639067,-45.235598838309635,56.05809868574,24.77919524107,0.97184104
68322454256073344,0.668751375481427,"True ",17.02367,2.9750729,7.343438733418157,19.086552281373905,-44.398418532675215,56.04572406548,24.81259517003,1.0472443
68323485048225152,0.814862207688911,"True ",13.734854,1.8592358,7.374984049012138,21.077958175405282,-44.257817138025274,55.9673819458,24.84141715924,1.1107836
68323966084583680,0.710528278847454,"True ",15.649356,2.963293,7.278881418037202,19.59711686499867,-46.91534249809131,55.80058954738,24.74574675825,1.1202147
68325649711754880,0.438372615922537,"False",14.418429,2.5223923,7.314582197294673,18.420219320448325,-46.966080840237474,55.77315476853,24.82441093119,1.5248162
68327402058399232,0.964008057183063,"True ",15.965781,2.7951956,7.397119658177524,20.93307748939296,-45.63443277770733,55.86760937924,24.89179594487,1.0600492
68334235349446528,0.62204671242236,"True ",11.509661,1.1079693000000002,7.3651112761723425,21.81546100664461,-44.1651530708225,55.12811088561,24.48711375761,1.7613467
68334617603435648,0.601874529229387,"True ",16.925804,2.9326458,7.032958583674125,19.971630261050453,-43.825132036868666,55.10875057437,24.53681598797,1.0286589
68345956317106688,0.528759251153134,"True ",15.7200165,2.7266684,8.064737193735667,22.25425992877109,-48.87893213284508,55.0151052039,24.50063333107,1.1227317
68348155340347776,0.704056741262659,"True ",15.177081,2.4608068,7.297294496883986,20.815545173730907,-44.23701968914629,55.10089179725,24.58430557649,1.0474195
68354374452892160,0.714631639151095,"True ",16.329308,2.9359349999999997,7.553124059345441,21.63172470092146,-46.379166447384904,55.00785428462,24.77371460602,1.0783483
68356367317952256,0.737007415943985,"True ",15.603813,2.6466903999999998,7.546891212349642,21.054175573782974,-47.189611443531476,55.16690520655,24.73568048752,1.0915166
68356367317952128,0.60276836174618,"True ",17.243416,3.1730824,7.662485885806237,20.522103307437142,-46.58775662675574,55.16567231202,24.73558287941,1.0419772
68363411064150272,0.856974642549995,"True ",13.830462,1.9059258000000001,7.367549758589729,20.382744156700035,-45.1690359507745,55.58985581891,24.66447145909,1.1203123
68364544935515392,0.490839425145236,"False",13.520599,1.7992916,7.815114208797574,22.205938636468435,-46.624015137844154,55.51625003415,24.71230890278,3.9949808
68364544933829376,0.748717593060668,"True ",13.597192,1.8732796000000003,7.4858062925350675,21.72158921102009,-45.29248536967149,55.51592567606,24.71253625904,1.4881749
68364643718417280,0.32968508078727,"False",18.468193,3.4308605000000005,6.991136939740228,18.185830081442052,-41.177147891613544,55.49866938603,24.70493921273,0.99622685
68364682374473856,0.491458580474626,"False",17.172848,3.220149,8.072320722652362,21.97554857431642,-49.142691465364116,55.46807003725,24.69915943227,0.98814744
68367190635351936,0.931436926783218,"True ",17.305487,3.210987,7.376373066555206,20.141859639629047,-45.809073145621134,55.63011375428,24.82248021988,1.0256048
68378563708730624,0.827703077744891,"True ",15.265487,2.5299558999999996,7.453376545814919,20.52420211977235,-46.80795882578826,55.61946862852,25.01659559811,1.1158209
68381793524163968,0.796510969841752,"True ",17.462278,3.2757912,7.484319407549663,21.256245694455195,-46.41398930723031,55.41607227662,24.87486553172,0.89564085
68385057699293056,0.667578909304735,"True ",17.05122,3.1405087000000003,7.513350192405817,21.940494491504825,-45.306779673896855,55.44626583439,25.00592597099,1.0248156
68385603159177344,0.299559414613025,"False",16.929817,2.9316988,6.423569055866071,18.60213251501288,-40.047981795172376,55.25834051213,24.92245417994,0.99163616
68390417818463872,0.608133240279079,"True ",12.376555,1.3086843000000001,7.132319559813701,19.37116282424195,-43.266849728563216,55.61508149876,25.0468282476,1.0151106
68390830135333504,0.787684472655596,"True ",15.981778,2.8222551,7.25899117883176,19.93211124667289,-45.037566573852786,55.50015912505,25.02960217166,1.0519222
68395399980532864,0.659501865613433,"True ",15.965155,2.837679,7.290173911930219,19.96269992321523,-44.17053004477459,55.39058289252,25.11331046765,1.0892282
68395606138958592,0.841309197501705,"True ",16.7538,3.0821714,7.523789987380409,20.633050296957,-46.28896028288202,55.40530763317,25.14226701997,1.0201783
68398732874994944,0.497238889943985,"False",11.978131,1.1977539,7.033976866053791,19.75606920665005,-43.167536910950076,54.12635880697,24.01198479605,1.1092664
68404711469410432,0.350461281272942,"False",15.412398,2.6855736,8.490772034512476,23.65568510928842,-51.54382352891919,54.08031222189,24.18102710013,1.0662452
68409487473090688,0.292616569531337,"False",10.443639,0.8421478000000001,6.386770513690612,17.948754619228215,-39.38159589628781,54.39553294033,24.23639804771,0.9142552
68433814167849728,0.675743066041927,"True ",16.179638,2.8751439999999997,7.208137384695205,20.70236533378469,-43.68569078322568,54.5085892583,24.33739433339,1.0556787
68436627369761664,0.585374770303979,"True ",19.019094,3.6881638,7.947124995180391,21.12851057964417,-44.54705827652758,54.60602658034,24.45316315233,1.0132046
68444878003882240,0.648311971646039,"True ",10.378874,0.8200331,7.160047883513872,20.161375137724107,-43.46365281158042,54.73703549837,24.5696163501,1.3256876
68448142178730752,0.724613902940013,"True ",16.846962,3.0869465,7.334908451148602,21.09136160678619,-45.71176278078071,54.5544133323,24.63785640304,1.0341412
68449757086421760,0.476841544659825,"False",17.407322,3.4548721,7.859327811537192,21.82394240715693,-46.9663973579646,54.72576070049,24.70421822836,0.9957497
68452265347345664,0.624402417889072,"True ",16.482616,2.9600992,7.6843995450564755,21.86722337948649,-47.385612182461436,54.36004148465,24.56684760806,1.0397055
68458514523905408,0.568937738920029,"True ",17.69337,3.2442512999999997,7.192328275553237,20.07884340830139,-44.22225444994749,54.39250015328,24.7040742583,0.97433466
68468203969427200,0.52098545102859,"True ",17.405783,3.2276993,7.034491882029855,19.98450558311313,-43.85114432191991,54.44803258771,24.89598496191,0.9480529
68475767408245632,0.379715736208099,"False",14.442084,2.091673,6.695409619460282,19.284758748373246,-41.0327707603365,53.77120790207,24.51201326258,1.048287
68475904847290240,0.517980832680918,"True ",16.66706,3.001933,7.172670900160543,20.70616102061893,-42.98802598703556,53.79354808311,24.53166364531,1.0128381
68505110624876032,0.685451150699258,"True ",15.9734125,2.8778658,7.573477587320924,21.94440776252384,-46.727457606855396,54.11411304753,24.68795954835,1.0167166
68506347575444096,0.519298025802866,"True ",15.023798,2.4989939,7.3915386050814895,20.064749700387786,-45.398362955026776,54.26456777541,24.74302293174,1.0197415
68508855836353536,0.441383822287344,"False",17.16749,3.1979666,7.986263574373892,22.89394972615231,-49.47233265563488,54.04406085049,24.76646509017,1.0026593
68513356962056704,0.523904310123285,"True ",17.071465,3.1822329,7.64975373478496,22.35172149593591,-46.4082538457289,54.37794600726,24.84832840206,1.0900918
68514559552895488,0.608362899551741,"True ",16.784979,2.9699697,7.1542297466143525,20.01189690313016,-43.75090282049841,54.34278163127,24.90432863222,1.0766789
68530124514310912,0.499719231899575,"False",15.321436,2.5126944,7.266821587959447,21.31898908871832,-43.7125156462814,53.95706481918,25.07989856329,1.1349444
68536549785807232,0.406788640876386,"False",15.330455,2.6818056,8.311367564403339,23.57515680736819,-50.1793775702124,54.06800863407,25.14675790961,12.251623
68540535515653504,0.68492997201294,"True ",7.10341,0.038693905,7.702833922832107,21.688592409300018,-47.25978374602024,54.77812109736,24.70265856456,1.0057169
68556508497159936,0.652322657756788,"True ",17.349161,3.4975796000000003,7.2593108449872625,20.46257909856886,-46.08665953737604,55.00773179679,25.07196331698,1.5254393
68559738312482048,0.365564569711034,"False",17.464352,3.446476,7.305524477865957,20.228106048472128,-42.694747553128735,54.81982690743,24.96055005254,0.98320985
68577300435634432,0.458475653447747,"False",16.688622,2.9570904,8.206844071640383,22.259098816703332,-50.37797715110469,55.33283855368,25.11349777213,0.9672041
68580530251050496,0.669385117424353,"True ",15.709093,3.048892,7.210110645661858,20.726510209230412,-45.338555741397855,55.12993085336,25.14789552457,1.2708517
68581694185489920,0.718886796777953,"True ",17.939394,3.4784622000000005,7.306643159453647,21.12464976090914,-45.97008590278054,55.2469853216,25.19856192052,0.98057616
68584034944338560,0.542940215897957,"True ",17.426853,3.2168255,7.049790089959683,20.271196541114666,-44.6678922943786,55.37801294396,25.19773344724,1.1026388
68586779426847104,0.432427735206769,"False",19.008127,3.8315334,6.8702750804602815,20.309043624515734,-45.50594894833833,55.37655052879,25.2848801242,1.0692264
68587161680620288,0.64279195874838,"True ",13.344251,2.046733,7.3331701300033245,20.102595653315607,-44.17704870600757,55.49566132294,25.32879416147,2.0261705
68591456647799552,0.577481184142123,"True ",17.099754,3.0725498,7.107390645724755,19.44656780772488,-43.1681210053775,55.35292270474,25.38482971529,1.0511023
68593346433465856,0.589939263197551,"True ",8.754338,0.48695087,6.9954987096345045,19.75251872271364,-43.07260171331955,54.96326524435,25.19466160217,0.91633356
68595751615127296,0.822450207591214,"True ",15.024521,2.4482164,7.429406078180151,21.093341849089338,-46.22701188689541,55.06220014487,25.32173126795,1.1364865
68600321460320768,0.695057985558341,"True ",16.925434,3.0741662999999995,7.544997506047376,20.391724290968668,-45.911248235502434,55.04607417748,25.39058935919,1.0123941
68605058807852928,0.373753184852622,"False",17.936289,3.352625,7.038790280080034,19.962279032630587,-45.81169533119183,55.26734730073,25.50698102635,0.95036906
68606918530067072,0.715887423658893,"True ",17.212824,3.1731243,7.435514579666062,20.165172086635003,-46.17431477537365,55.13584097677,25.47778442648,0.89566875
68607090328759040,0.603836765699028,"True ",15.619633,2.9673689999999997,7.622060732948219,21.03968683746736,-45.874705969436036,55.09613630788,25.49640316824,2.497268
68610006610414976,0.366199344951551,"False",13.129373,1.7476625,8.041208224425986,22.171401670875763,-50.2159343723061,54.48589453557,25.01701443139,3.2604663
68616779774936064,0.292037300297129,"False",17.905586,3.2857589999999997,6.736415344704626,18.87003552564,-43.00822540983453,54.5428751158,25.19232754266,1.034421
68618978798306432,0.444708873870008,"False",13.392295,1.9789305,7.280129670669818,18.916238255631303,-45.4444030064804,54.70292014366,25.18857655093,1.612552
68620868583787904,0.589144420935387,"True ",13.497553,1.7856665,7.776719175190282,22.106611774836345,-47.33410300337364,54.72052587344,25.23624701096,1.0897433
68624613795266432,0.467440803734986,"False",17.096783,3.2256202999999997,7.140137691850208,19.258512452782078,-44.08692682240532,54.6009990326,25.3302012544,0.95087904
68625846449476096,0.214349201984144,"False",15.551507,2.8754702,7.983232915122045,21.804943643746604,-46.06219578895261,54.68058036996,25.37407560494,19.229969
68632310376680064,0.405167069888448,"False",17.088264,3.1709414000000002,6.713575775762137,18.982117293256326,-41.56555389037529,54.29385778928,25.29280889796,0.9747793
68641037750201088,0.196071471859385,"False",14.814797,2.3956183999999996,6.202300990497043,19.941396030974214,-40.55627489609019,54.47834248528,25.44190762838,4.219884
68653201097557888,0.477698437005245,"False",15.461283,2.6894598,8.148473135242364,23.34168527643509,-50.01843932868205,54.87080783631,25.58202091995,1.2765626
68660244843997312,0.252055690133953,"False",11.862063,1.2395811,7.2117964827116605,18.34761443168427,-47.55173615592766,55.05016853184,25.64206884429,1.9902076
68660554081641472,0.725625534684154,"True ",16.92848,3.0767555,7.346215279595457,20.990544937543987,-45.58165874546525,55.02495437831,25.67234006993,1.0583377
68663470363446144,0.403294140139532,"False",18.964235,3.661335,6.565046421948857,18.455464713182767,-40.22918636482604,54.61470925023,25.50489541975,1.0481153
68672717428941184,0.42748611339215,"False",15.680477,2.9923859,7.311260332885229,21.68147661301884,-47.08774283910827,54.80555062189,25.73029674908,3.3195555
68738894284608256,0.217378507601854,"False",19.462788,3.2596512000000004,6.961208631808529,21.554568527695213,-44.527400135344244,52.14852759268,24.01202630537,0.9042863
68748751233818112,0.376730521606713,"False",17.639044,3.3496303999999997,6.946350085718155,20.45747073113832,-42.626634006578534,52.44804976284,24.2015296436,0.9675081
68828225308044288,0.446430378058935,"False",17.328482,3.1752415000000003,7.643891289964082,22.44063565714777,-45.8687406751457,52.79708332251,24.2321631532,1.0487056
68860012362308992,0.461298168177632,"False",16.081041,2.929677,7.86625777749718,23.565454764219947,-48.099384805612154,53.14055113304,24.49283869772,1.0417594
68862280104972544,0.176299342436756,"False",16.282486,2.7847815,6.3013812887881056,18.562268421821827,-40.693904246357455,53.00303352971,24.5153385803,1.0265093
68897842434107392,0.363232146510215,"False",11.909498,1.1817303,6.878266257804432,21.066824712866488,-41.62646104512346,52.40997572234,24.51033389551,0.9674165
68956803745067520,0.352817646330934,"False",13.745739,1.9092398000000002,7.642623427099763,21.45619620284237,-44.98673398949334,52.79970469587,25.16485639371,3.4786134
68979034496030848,0.328056526539106,"False",15.916973,2.7717313999999997,6.955708697933242,21.352930424523915,-42.46633831682279,51.14559562594,24.15118801846,0.94126403
69122520763444352,0.340386113488197,"False",15.786348,2.7832394,7.6607157635504235,22.58606758706761,-45.39416484539979,51.97616993559,24.93627369748,1.0089101
69162201965316096,0.450706489453515,"False",17.73708,3.1451588,7.16338935196359,21.326483016445557,-43.531332280570886,52.2820801285,25.36198200773,0.94995767
69218418793157632,0.297156546056721,"False",16.186283,2.945982,6.8855361898610425,19.419147847646986,-43.028223553415444,52.20036007928,25.57566354521,2.7583978
69250235911393408,0.467256384981018,"False",10.720195,0.8997803,7.156091026598196,21.298905914146786,-44.655887574637575,53.50763487452,24.88070575165,1.2662133
69252293199079424,0.242307628464238,"False",19.633228,3.2576466,7.967965647085799,22.877295600221164,-46.85846705294526,53.66092565715,24.85778327661,1.0649159
69260990509512192,0.472511760535732,"False",16.93472,3.2159834,7.995673577424718,23.40976230227671,-48.146654995673885,53.31001127815,24.83542766231,0.983129
69294010218010240,0.609781716230912,"True ",16.418324,2.9261055000000002,7.585001426477032,21.288737413062247,-46.61044368898376,54.02223934604,25.35081711484,0.93792504
69294319455655808,0.504377288922051,"True ",15.154167,2.501974,7.359264039204477,22.337696331366647,-45.527383228337285,53.98363478174,25.36635664486,1.0538728
69313419173585792,0.511489681372459,"True ",18.86689,3.5217972,7.820994429100765,21.560709059150586,-46.17547522856444,53.09406039266,24.99282335823,1.1189753
69335619861034752,0.493716655250996,"False",8.088434,0.32064533,7.616690674351754,22.624652175144604,-46.757324739338046,52.81657763314,25.25525753177,0.91500473
69349535555140608,0.409893086019561,"False",14.885939,2.696374,8.103662380748935,23.295656015446795,-49.93317134756182,53.40848358991,25.33787724623,1.234015
69351219182301184,0.484222458885849,"False",16.92915,3.0932082999999997,7.308317598967428,20.97173450197668,-45.558595346915844,53.55617770253,25.4235798635,1.0288146
69370941672125184,0.414014613629859,"False",13.381167,1.7677002,7.709878212550879,22.306755395626393,-45.868520517299395,53.21437751932,25.57929222655,12.213559
69383753558066560,0.312647456304617,"False",18.07075,3.3918457,6.482580884116937,17.700645828489485,-39.13177087207104,54.17698211819,25.32394131088,1.065588
69400010010608768,0.646606546836916,"True ",14.538095,2.2601385,7.520010336377549,21.760663434254713,-46.733330014537394,54.35069069015,25.72212307885,1.0996279
69400834644329984,0.350998897216158,"False",16.81632,3.0336237,6.638812684589175,19.53622970070336,-41.50605679011709,54.31970634887,25.7363149395,0.921124
69405782446704128,0.257296789622466,"False",10.523172,0.80460167,6.147471960184838,18.06838925133318,-37.4131784334831,53.883673576,25.56869190371,0.86033463
69409424578948608,0.573218345148036,"True ",15.8458605,2.8108625,7.363656223642926,21.814935349900306,-46.014288779117614,53.95961574333,25.70558993857,1.0260402
69420213536768896,0.309674387020915,"False",17.16172,3.060485,6.645173923390634,18.02947534865432,-41.00496360443103,54.4061501757,25.69704430653,1.1263521
69448899622936704,0.493316555946525,"False",19.811827,3.5530186,7.527259178634419,20.613251828666673,-43.96313063174584,54.54263831905,26.12574765714,1.03392
69461784523819904,0.252768848522186,"False",18.212976,3.4895,7.9078515557418525,21.56167920069161,-44.631518868055814,53.76968886838,25.84655247708,0.97218204
69470206956077056,0.40180032041826,"False",17.340832,3.409707,6.743869616690542,20.23384986757586,-42.08241688129668,53.99969599895,26.02550242087,1.0462041
69485978075890176,0.443663081340882,"False",12.876896,1.4556036,6.912739438900317,19.880209054075454,-42.21706758757696,53.68502739174,26.09579541395,0.98165596
69486733990130048,0.527215106166661,"True ",17.653664,3.4567184,7.280874528818412,21.292185398670266,-44.54337417738449,53.6731679913,26.15743457709,0.8851792
69498725538868352,0.361314853805579,"False",13.689861,1.7069998,6.333807561798007,18.056898422838486,-39.17633679435553,54.38397167009,26.20363403536,1.1618
69502298951642496,0.499321150614697,"False",16.682117,2.9964962,7.720616536554243,22.013730603119868,-48.340331861969005,54.40714228125,26.35099194708,1.0340863
69573251811510912,0.448284132357658,"False",17.18513,3.1691465,6.963288198620565,20.159340048802427,-42.56487596534092,53.21412091084,25.91562700985,1.0072017
69575313395795584,0.519298025802866,"True ",12.616145,1.4381808999999999,7.449186455944259,21.270234124855293,-45.85666164837582,53.25165254176,25.99584073468,1.1084311
69583456653826048,0.453370736312852,"False",14.452721,2.1984596,7.344328851874564,21.751817844489928,-44.74024407357747,52.81107055987,25.98089799555,1.1386995
69585140280997760,0.499176863602638,"False",12.308469,1.2807579,7.216216413017743,21.066410910028182,-43.68222051970024,52.82485133666,26.02861264021,1.1418533
69643757994608512,0.423133531946862,"False",10.579699,0.87231827,6.923330166710762,20.649001170736575,-42.10365018523661,52.89021439957,26.26527824861,0.93908703
69649736589001600,0.403427342231059,"False",12.820246,1.4558573000000001,6.959894066731411,20.855576424956862,-42.2269954926504,52.63976975201,26.21555153475,1.034029
69651759518208000,0.406827904057395,"False",17.323578,3.0907269,7.1268985902932735,21.253673587430907,-44.370212196547314,52.65622522456,26.34587768379,0.9401269
69704643451409792,0.50447991426728,"True ",16.654419,2.9518929,7.378745244155373,20.758934856325293,-45.31068495132085,53.69813615825,26.37028051117,1.0230062
69707907626540928,0.28939751607498,"False",16.477827,2.8861637000000004,6.3393513311283165,17.876332982787744,-38.29383782232079,53.83213028279,26.55286418021,0.96799195
69754121474458112,0.29606861874313,"False",17.486122,3.163206,6.4185465897828475,19.26700118913068,-39.298040615095054,52.86403550508,26.50255113539,0.9926426
69754155834196224,0.238434618272698,"False",16.682032,2.9310074,6.933387873677173,19.382058247044448,-44.43191457788265,52.87334941298,26.50328252954,0.99995804
69763158085629440,0.249274587734572,"False",15.491304,2.6816444,7.862971098710091,24.78881122415947,-46.55465213999452,53.06384016551,26.69831308699,0.99106306
69763329884321664,0.510798753057034,"True ",16.347681,3.0141373,7.0992214534101326,20.744222901268934,-43.675670055034615,53.04295162789,26.7034415366,1.0100659
69763329884321152,0.222042678912189,"False",16.217434,2.9578276000000003,8.880262350594155,25.385644340864854,-54.66504890558406,53.040452852,26.70896579572,1.0469036
69775179698089728,0.217961110695108,"False",17.650997,3.3581543,6.03446947228775,16.75436188205494,-37.18696315829036,53.37498373928,26.73418508656,1.0257294
69783842646586624,0.430811727780025,"False",19.438786,3.3654212999999995,7.354895689701988,19.78090724404601,-43.29403355620863,53.53344575905,26.87467668636,0.9933533
69794528526747136,0.38275110165319,"False",18.420551,3.6527958,7.814740624052497,22.373636889043716,-48.0915787813064,53.15127798157,26.96935667467,1.05269
69806039039416832,0.707487383764206,"True ",17.622309,3.4046497000000002,7.528401426921119,20.24411977407674,-44.80748682496666,56.27740714248,24.67840904027,1.0478622
69807963184755840,0.89738335154347,"True ",16.527004,2.989872,7.4811645664167425,20.69991043384025,-46.87193783784339,56.25481939509,24.7779078284,1.0551254
69810093488518784,0.634014345185746,"True ",14.467274,2.2317667,7.161952455113753,20.863478819919127,-44.53971579856422,56.34798254632,24.85060437616,2.2932675
69811364798863744,0.944258217508385,"True ",14.463644,2.235385,7.383367795347211,20.0096511843737,-45.86504913512492,56.10348570343,24.76821283213,1.0521954
69811639676769536,0.916092299601078,"True ",10.473494,0.8706722,7.509212453253538,19.89864206870716,-46.567636118163044,56.0838049309,24.79596109694,1.2359731
69811948914407168,0.887587565575515,"True ",9.715471,0.7056836999999999,7.489501972504944,20.238677643478304,-45.445803609583365,56.16992233858,24.81833395795,1.1954098
69812945346809600,0.719525509337474,"True ",5.6404076,-0.08046627,7.2221571705723475,20.218136384021552,-46.123981236486046,56.29068291044,24.83905700412,0.89882505
69812945346809344,0.968304301113396,"True ",15.99179,2.612996,7.377864703423147,20.861385322728072,-45.36497091661168,56.28658568439,24.84194865006,1.1523504
69814388455816960,0.634454603394865,"True ",12.985639,1.562665,7.4733806175867645,20.085431297811194,-48.0234078657867,56.20917356922,24.91091026358,0.82991743
69816102146573440,0.33360197803713,"False",19.957262,2.5908375,6.9117386932901885,19.90313586108005,-43.58128503749207,56.38075926465,24.87970959292,1.1749165
69819027020489088,1.0,"True ",9.570481,0.6845684,7.384165584979173,20.54340289805776,-45.56968459352292,56.35062955613,24.88577921414,1.0151197
69819404977607168,0.847895903778963,"True ",8.900821,0.6205778000000001,7.31021390474316,20.356301638083206,-44.16034359248282,56.33701983849,24.92187444149,2.073626
69822875311156224,0.204537060904473,"False",13.027423,1.4099416999999999,6.106456748286809,15.237306856938226,-38.46025054348271,56.42695832729,25.05691316079,0.9665537
69823940463098752,0.435692315237264,"False",13.280735,2.0092944999999998,7.503301131440387,20.676889317311133,-48.98876814771033,56.11385520617,24.84375697029,2.5674646
69823940463098112,0.67582667764134,"True ",18.244398,3.1903744,7.49971282732213,20.833615795268948,-47.79081336548626,56.11334731434,24.84495453928,1.0718635
69824249700740736,0.573860093264732,"True ",15.921976,3.0221949,7.340436243227128,20.013629175211577,-47.632589144591954,56.10294132042,24.86465691386,1.2340636
69824730737081600,0.698730617634516,"True ",17.5378,3.2501335,7.3045775207903585,21.310586325211943,-44.48411389935676,56.0470812575,24.87605286457,0.9636664
69829541100441600,0.841822191704636,"True ",15.050903,2.4658097999999997,7.489878731778486,21.268953201729552,-45.12454657473461,55.98635194866,24.9933242578,1.0688877
69829609819915648,0.211732019486024,"False",10.561445,0.8635349,6.840847671650263,18.685803311061864,-47.78752417756785,56.01779348562,24.9896169244,9.54743
69834282744302208,1.0,"True ",16.973806,3.1722373999999998,7.392752847218598,20.68709891680141,-45.78757340549822,56.26209890465,25.08865176266,0.87161964
69834759483788928,0.970030256444281,"True ",12.777334,1.4643488000000002,7.505058121310262,20.585544507614465,-46.245293248954276,56.30646591339,25.08756084914,1.0887399
69834763780636672,0.398236210175175,"False",13.686684,1.7572775,6.7238369311690125,18.962293916845173,-41.36768252342469,56.30933332022,25.08863163862,1.0770315
69834866859848192,0.949689722058473,"True ",13.570004,1.78121,7.43807721394236,20.863518801640218,-46.294052896284896,56.32570328428,25.09934109815,1.0589367
69837134602589952,0.591036711923608,"True ",16.97633,3.1792479,7.1556032681894095,19.550841497341686,-45.85813750178682,56.21473010374,25.08777464661,1.0292149
69838131035001856,0.662268663175294,"True ",17.42494,3.1727524,7.662160127462412,21.463357658961307,-48.07332552456982,56.13412411807,25.13659429381,0.946606
69838302833692160,0.59434694966257,"True ",12.7919235,1.5025406000000001,7.6355811604397665,22.077416089437662,-46.671458959432755,56.15605465286,25.13758449624,0.99145377
69840879814047872,0.564030588189041,"True ",10.546825,0.8806629,7.4281433530325724,18.647569844836685,-45.40830146952661,56.26681313038,25.25764686691,1.1489583
69841257769938944,0.412342907607048,"False",16.570871,3.0228662,7.002036665353852,18.492129452413486,-45.936137693668854,56.58284035514,24.98353113813,1.2361132
69847610026687104,0.823838714881431,"True ",10.402031,0.8369837,7.435385667487052,20.86626267854035,-45.539960496281005,56.61407039499,25.13533113169,1.0625377
69854348831573504,0.698472956291241,"True ",15.038713,2.4484262,7.177210726519303,19.37996475282249,-43.66235822193345,56.72520599409,25.24564655686,1.0530971
69856272976786560,0.738302933053405,"True ",16.592688,3.1941824,7.555849500708871,20.87602236036224,-46.923578417101076,56.69669194845,25.34794352419,1.0601027
69857235049588736,0.817616851956734,"True ",11.425433,1.0868158,7.473088690859399,19.5615504543579,-45.937804813456154,56.81177708244,25.37162604311,0.96752083
69858094042908928,0.663784012234294,"True ",15.161356,2.8248568,7.182057919317965,20.58033921483641,-45.01120907151647,56.76987710788,25.38041195117,4.7154922
69859124835119360,0.712100106153466,"True ",16.831028,3.1243819999999998,7.368127350969553,18.782484712686713,-45.499138757603454,56.46653993674,25.16698929533,0.92855597
69859262274067584,0.438333385534028,"False",15.265581,2.7637424,6.994303778369079,20.310408127342875,-46.48636248818742,56.48875204163,25.18671522376,2.523059
69860293066219136,0.841494440499231,"True ",14.256176,2.121193,7.282245692610076,19.832396859021436,-45.07769249739836,56.41275809461,25.22420894537,1.0119166
69863454162150656,0.698472956291241,"True ",14.92041,2.6992493,7.324419380236702,19.925733136652973,-43.96283417147319,56.32088462821,25.26308312258,1.1241428
69864313155605120,0.923057054466583,"True ",11.010165,1.0158415,7.425788405396613,20.04008492530601,-45.968639917465715,56.31406723889,25.28927622486,1.4058044
69864313154046592,0.542539047404252,"True ",17.271841,1.7593756,7.357267393115776,19.15259332187381,-47.94546030189541,56.31516777309,25.28970685583,1.2041953
69871219462957952,0.838843910851172,"True ",15.6527,2.700879,7.422793427745173,20.648906381777124,-46.511619407268775,56.69080914398,25.45824837858,1.0399888
69872044096705664,0.837598866220264,"True ",8.016677,0.27722025,7.412431557949202,20.318909900230626,-45.413234118608926,56.49651525087,25.39839015778,1.3044506
69873418486230272,0.36541794111555,"False",13.811097,1.8720063999999998,7.318591468953866,22.57188830405141,-44.96015851641579,56.51601035673,25.45279619678,1.044891
69876506565909632,0.531868578638825,"True ",12.238136,1.3596001,7.523301424204543,19.041444522785405,-44.587357069914894,55.86099896616,24.99413271748,2.1984007
69876712724339456,0.841026867633939,"True ",11.434036,1.1084728000000001,7.435405583801451,19.85967336466963,-45.602737339570204,55.951482386,25.00418502284,1.1137286
69876923179646080,0.62194831534032,"True ",15.993855,3.0450907000000003,7.201589805683961,19.278146177105445,-46.13396049825154,55.9519419292,25.0434049641,1.3087212
69877163697813248,0.995474719806197,"True ",13.9155445,1.9273453,7.482215142708712,20.977326174300586,-46.051783609112135,55.94994861467,25.05300565393,1.1381932
69877434278985088,0.217063279195648,"False",19.255594,3.8101519999999995,6.204513147295383,17.497412475153645,-41.49601006521725,55.89252606197,25.03781619031,0.9423545
69877468638718720,0.388819810660754,"False",18.05234,3.8537788,7.44637417462094,18.004377487928323,-45.17427793023197,55.86628662904,25.02789517561,0.97380877
69877988331531904,0.233532476461957,"False",7.512999,0.18276978,8.126112789370952,22.19743440367169,-52.65404230681625,55.9300989339,25.08049424832,0.947698
69878503727603072,0.712242781803967,"True ",14.705767,2.3262224,7.472112695373374,20.52584151103505,-44.50217440357429,56.00959167318,25.06475519189,1.0198548
69883417170175488,0.973237705319118,"True ",10.628875,1.0470848,7.496096452318164,20.27366295500377,-46.57631857711389,55.9518194167,25.18986146471,3.2232192
69887432964003584,0.207980433734474,"False",20.307032,2.633337,6.99282796332865,20.06610139373569,-47.2510579392929,56.14660937075,25.22840182324,1.2384413
69889876800977408,0.816966146288332,"True ",14.827288,2.3523836,7.479300400638658,19.992474626369923,-45.783661946124276,55.98631467387,25.26208174502,1.054227
69892385061858944,0.51212162475648,"True ",15.500117,2.8986224999999997,7.657522583382872,22.41075110193537,-46.413603056585075,56.09758094956,25.35816634054,3.276656
69894962042148096,0.773972113417855,"True ",17.730902,3.4320470000000003,7.529091809216199,20.80471927227085,-47.205350473711434,55.67556599462,25.19670128433,0.927768
69896473870624640,0.899304289862879,"True ",11.959438,1.2340412,7.479777791823295,20.009558000383134,-46.01546639608174,55.80678409298,25.2699292605,1.6470119
69898294936767488,0.720557794230344,"True ",17.410069,3.217619,7.335305240582374,19.838197493850103,-44.484169817595166,55.65402563416,25.23250873853,1.056955
69898810332838400,0.573135785593964,"True ",13.756668,1.8043183999999997,6.993866596372298,19.564432701860884,-43.228499223283826,55.67856772337,25.28089738949,1.1171854
69904101732529408,0.672383712628866,"True ",11.151539,1.0633583,7.173660816351543,20.23912161684829,-44.00363001302028,55.86311858121,25.38738773414,1.0701579
69904410970171392,0.725799142770021,"True ",15.347046,2.5985422000000002,7.638439452106812,21.298491141882245,-47.28289469076985,55.90555622606,25.4087861856,0.9856743
69904617128601984,0.641036212919019,"True ",15.61384,2.6645193,7.602327314027255,20.198179043309718,-47.368090583590316,55.89680277272,25.40846050448,1.0605189
69906472554465792,0.679088438691787,"True ",15.019618,2.457306,7.26266420477807,19.00230019109934,-45.790530423392774,55.97455348593,25.47487895307,1.1150742
69906571336964608,0.860251245366956,"True ",12.185305,1.2658901000000002,7.428714539269931,20.772845832208727,-45.66424166197637,56.0213404509,25.48363034153,0.98806936
69906713072633856,0.773510285626851,"True ",16.485218,2.9181337000000003,7.2329471546199775,20.38386716875307,-45.443936809774534,55.97003028972,25.49162663918,1.0233552
69908156181656576,0.376650587502927,"False",17.10669,3.2232703999999996,6.839491558937705,19.64236162101324,-41.249863394946935,55.76825100404,25.4365635395,1.0271643
69911282917833216,0.854229149254707,"True ",15.779932,2.7809133999999998,7.527230130460904,20.454355060832366,-46.136904980757045,55.89233307152,25.59039452761,0.9578586
69911867033651200,0.855172056964111,"True ",17.140594,3.1177254,7.338951516005683,19.72096734544033,-46.16514955455619,56.25512663573,25.35142791437,1.0328075
69912309413652864,0.76563122207121,"True ",17.451437,3.733448,7.41271227501754,20.69781486737717,-47.17136322751894,56.28775495285,25.37478296657,1.0181135
69916127639488256,0.289001724177385,"False",19.326239,2.7897757999999997,6.867428431178039,20.942975024268804,-45.827782094803574,56.13477915837,25.42151161271,0.9759038
69917635172718720,0.722226537050042,"True ",11.862408,1.1800013,7.186533778949463,20.32485977606972,-43.831609132363255,56.18321118056,25.4990904085,1.022739
69918086146123520,0.764728282150681,"True ",15.064909,2.4520407000000004,7.307102820399967,20.48440956570171,-46.50619197847436,56.27224584038,25.48623226226,0.9624008
69918979499309952,0.765359422347249,"True ",16.726799,3.009122,7.490897652344597,19.883603965289023,-45.446415692660466,56.28772677586,25.54681374936,0.9686813
69922243674432896,0.221586881978344,"False",9.988429,0.7699108,6.39818997912542,19.703335508228616,-43.026458770279824,56.43811533969,25.59560285837,0.82583135
69927260196225024,0.35402305164351,"False",14.310601,2.301672,6.662527138164528,20.61767966574253,-46.31290290279896,56.42378578215,25.68657650159,5.7350564
69930283851373184,0.347716719692539,"False",16.021551,3.0735416,6.663989637210632,17.422014026631555,-40.52207801155785,56.05814456139,25.53747707041,1.7476783
69930764889482752,0.696874990216791,"True ",17.323833,3.4583157999999994,7.320168724172881,20.873708971453574,-46.7635571412532,56.10458705679,25.56760995826,1.1231356
69932276717968512,0.601544866464359,"True ",14.340455,2.1378307,7.110221839905992,20.05272126797404,-43.57713254051983,56.12540453064,25.59621076222,1.0751115
69933852969722240,0.311934220419806,"False",19.056427,3.460453,7.613178900532218,22.034143330585575,-46.5573984528724,55.98342811525,25.60688604171,0.9240502
69934334006064768,0.745886142374296,"True ",16.46216,3.041275,7.319788244552367,19.599441257442738,-46.14850166704002,56.04490060537,25.62714909235,1.0376313
69935162935991168,0.702465161162358,"True ",12.610382,1.4632463,7.323156582407242,19.773088992553234,-46.019073391669544,56.01189022138,25.65614920129,1.196614
69935678330276992,0.303228330195258,"False",18.787388,3.9277572999999997,8.216507758729717,23.25186522923785,-48.565041368016345,56.09692387873,25.64565557519,0.98710144
69942515919994368,0.741697615264839,"True ",16.459324,2.9976807,7.149068071202812,19.715959801268216,-44.83680822050025,56.13788197136,25.75251974021,1.1406668
69945814454871680,0.669483651181697,"True ",11.437774,1.0962276000000002,7.573754288408809,19.765767321605686,-45.89511551848928,56.17999120209,25.87532244635,1.0513775
69947635521777152,0.729706850723986,"True ",16.461193,3.0447903,7.208952742799343,18.452672337497226,-45.72217892673376,56.90569654899,25.33384802905,1.006535
69948253997063424,0.682701378086457,"True ",8.26957,0.34359264,7.200978496689324,19.422889821125843,-45.7770402267978,56.94524283765,25.38549346833,0.82473665
69951449452730752,0.72785673069645,"True ",16.65519,3.3346682,7.235428938011102,20.062196487855136,-45.20469410471818,56.85797410627,25.44056636612,1.0557957
69954713627862528,0.383767120830176,"False",13.986233,1.9626875,6.764412874641353,18.62521430911821,-42.809819411684636,56.89678892562,25.5437587917,1.2456479
69962719446879232,0.603080024672404,"True ",15.570668,2.7173166,7.418253803653885,18.322003904114002,-45.47780664230429,57.19040905458,25.70026259762,1.0659646
69964879813013248,0.777765048466293,"True ",9.696473,0.7528343000000001,7.44663752434784,19.30358786010648,-45.56852791313415,56.83709232129,25.52563883889,1.1370097
69968113925681408,0.605206578604452,"True ",16.606457,3.0747107999999996,7.160889198044507,18.803034682968608,-44.15855892729408,56.88781044276,25.63831243313,1.0144483
69974504837007232,0.627838966427751,"True ",16.268084,2.8864403,7.673490988631685,20.19878544649288,-46.51248487600978,56.89244548481,25.71816482563,1.0261426
69977597213945984,0.414098971686793,"False",18.60169,3.5313434999999997,7.012934047920242,20.000409580126426,-44.776933335808714,56.84292958111,25.72068541952,0.98691094
69983369649631872,0.65816077440479,"True ",15.634993,2.91811,7.316276018466568,18.700357787215395,-45.534717517686616,57.30272250751,25.70187044643,1.0931144
69985499953396480,0.433273448623635,"False",16.536205,2.9829654999999997,6.94028215287807,19.41255011592517,-43.07535022079901,57.34233213175,25.79368982438,1.1482606
69985637392346496,0.75371088570015,"True ",16.544926,2.9255428,7.371013649320316,19.710225185339752,-46.3621781553077,57.38677013765,25.79621120736,1.078974
69988489250631680,0.548144629105843,"True ",13.315139,1.7197398999999998,7.747734110425985,19.652589032555056,-47.629531617316154,57.33572618441,25.81781951369,1.1851069
69990001079112320,0.199939038202349,"False",17.706488,3.3740099999999997,6.048395671932161,14.559726920594912,-38.02662340711617,57.31200331145,25.88273495975,1.0329525
69990241597280640,0.70188348007923,"True ",15.00792,2.4943686,7.2932676583497225,18.81362173874884,-46.1659037655231,57.2868834233,25.89671500101,1.0934405
69992371901046400,0.4842684715473,"False",17.203047,3.17352,7.5491718165493475,21.594274045092174,-46.67945562362612,57.4942860685,25.89603421422,1.01036
69996976105980800,0.651211802519274,"True ",16.722004,3.0908432,7.548105197674343,20.634656702017,-46.822150320066136,57.39710417795,25.99281163336,1.0806928
70010303387697024,0.523950627062933,"True ",17.751265,3.5320568,7.402525727526367,20.3860061379901,-44.998275638273896,57.4013900211,26.03772788873,1.0504239
70012128750557312,0.188032647727783,"False",15.640018,2.5590037999999997,6.523788848217465,15.16264352387478,-42.04203659387593,57.42233530142,26.14800270882,1.0709983
70019378655328768,0.671575903880973,"True ",15.82318,2.7353716,7.286429472382369,20.28293361825352,-44.51992939679294,56.667843836,25.73135614782,1.0549431
70024154658949120,0.303304977402223,"False",8.645617,0.4909295999999999,7.379061618516553,16.961073467576995,-45.52740980140536,56.64521560009,25.843658463,6.6524506
70024356520465664,0.607810416269819,"True ",17.476831,3.3127155,7.376009369345683,21.483210131187974,-46.605443876276006,56.6347277216,25.85702419931,1.2667929
70026899141106304,0.309714137514883,"False",18.017368,3.3465519999999995,6.301740815036457,16.994885413266207,-39.5106973876958,56.73070963501,25.85803282479,0.91601616
70028170451469312,0.596260253023251,"True ",14.385638,2.1702852000000004,7.171909892274891,20.30233114114823,-45.19011725401001,56.84109229961,25.8977392657,1.0687273
70035351636365824,0.567822320485311,"True ",14.520498,2.3063849999999997,7.219855323807745,20.43298479625248,-43.71042320473896,56.46956248113,25.86153169423,1.4850247
70036695963457792,0.494255631891847,"False",16.64712,3.0286245,7.954880662205943,20.88224133519206,-49.32035064287108,56.51536449393,25.87451805538,1.0404488
70037795475083008,0.596260253023251,"True ",15.976979,3.1159706000000003,7.026509807199093,19.50747216059418,-44.04160172413718,56.46921136036,25.91649075167,1.2229246
70042743277270016,0.58484466570721,"True ",16.206894,2.9062061000000003,7.286612572195773,20.260907066879614,-44.030689839099395,56.4299653202,26.04058588588,1.1960437
70043155594129536,0.178352163501432,"False",15.932243,2.891079,9.345195005657644,24.670904452134575,-57.514059456934156,56.43210409014,26.08378227149,1.0830655
70044456967585280,0.581627703563973,"True ",17.3328,3.1881866000000003,7.082930667980825,19.887445049674827,-45.073044763067436,56.54213467685,26.0023723962,0.9596296
70044628765739776,0.703296948897168,"True ",14.088978,1.992032,7.478152057866121,20.323680540547322,-45.98185989200832,56.58103788138,26.04307325184,1.0073797
70049477786093056,0.752646536399517,"True ",11.516263,1.2716522,7.485472360190817,20.08964626314995,-45.74988881788626,56.53968722098,26.13864853415,1.1745491
70060610341280128,0.525736067000988,"True ",16.817139,3.0454922000000004,7.117148539463227,20.062687055667485,-44.78331391588192,56.93293309775,26.22401171576,0.9817764
70072773688658432,0.609938874834893,"True ",15.803625,2.7274551,7.392871542707543,20.97282841077188,-46.21132509663894,56.87751552406,26.27891563464,1.1019601
70077270518065920,0.629609729098967,"True ",16.477106,2.9439450000000003,7.535994762888508,20.679228201590327,-46.72475675327604,56.84147827795,26.37966852782,1.0492511
70085929172184704,0.422754740861676,"False",14.967357,2.4555693,6.817379102918072,18.765887990111434,-42.097927421868576,56.98619759614,26.53078066941,4.380864
70087612798384384,0.426845021257716,"False",18.060589,3.882164,7.532456205886749,18.989085838745588,-47.14010976858406,55.51484749881,25.32146033584,0.84471637
70088819686490496,0.760109588554114,"True ",16.582438,3.168581,7.205722816295625,20.091908702629333,-43.87991696907186,55.51430776994,25.37740668553,1.4618703
70091259227969920,0.760109588554114,"True ",17.84341,3.4304466000000002,7.234602964116198,20.460033482893287,-44.29195405773243,55.65988578713,25.47884835306,1.0223122
70096791144155008,0.275045677979076,"False",18.32072,3.7610664,8.493388960570057,22.03851196415712,-49.81844573115811,55.79908870344,25.52540174933,0.9837656
70097581419826944,0.878909110698404,"True ",15.527512,2.634223,7.281823665960581,20.132943253920267,-45.387221011575406,55.68259731256,25.53492479218,1.0474272
70098612211973248,0.92404482542776,"True ",16.097664,2.8966007,7.407633218727595,20.44428488081952,-45.949116719721566,55.78162924002,25.57459869044,0.92638355
70108473456817280,0.266207776879123,"False",9.931939,0.78020096,7.260360591268323,17.45329149479062,-43.163775092241785,55.40077339536,25.61913253966,1.2195249
70110363240973568,0.483093076774759,"False",19.922623,2.9352837000000003,8.064563848237835,20.34857954475934,-46.407725825824976,55.2304938297,25.58247198704,1.1031418
70114039734416128,0.684014284333479,"True ",14.559706,2.562068,7.183251797456246,19.61186381623379,-44.44273913200854,55.52034957514,25.6630848768,1.708634
70118197262752768,0.591058990581196,"True ",15.557904,2.6319199,7.416742738578558,21.901060782356616,-46.34521776764542,55.47596879895,25.7296061154,1.0264697
70121805035254144,0.709050661220547,"True ",12.406143,1.3656206,7.455247491858338,21.057609030003384,-46.89673268846661,55.51973531138,25.88567302608,1.1817119
70123003329050880,0.536554524824841,"True ",17.220388,3.116231,7.663925692212121,20.66660599513524,-45.993050326798866,55.93374708447,25.66362571552,0.95341307
70125000491024128,0.596021304549526,"True ",11.733715,1.1455383,7.513559806401316,21.27076048171719,-47.76507840699674,55.95431715608,25.72941113716,0.9764908
70127955428529536,0.786337877979991,"True ",16.52787,3.0445175,7.525572168680947,20.48658561394439,-47.00370301192739,55.77098887381,25.74292846925,1.0766809
70129050643128832,0.618871280998267,"True ",15.788612,2.7681245999999997,7.7844963597866546,21.20974887341313,-47.425708976963705,55.902869543,25.78335142208,0.97793764
70129913933603328,0.525177921242143,"True ",17.34499,3.2661495,7.9024327179580975,22.297458479615567,-48.86914784636478,55.92880322489,25.86012708831,1.0229851
70132658415356672,0.441098116118806,"False",12.512795,1.4363918,7.3083810767353725,19.256685715816428,-43.266689311151474,56.01878964028,25.85610373779,1.1794591
70138499571946752,0.263238921227119,"False",17.489765,3.2277183999999997,6.558566743806491,17.00924219398475,-39.06166300600912,56.11254696484,26.01214432698,0.9739224
70138881823528832,0.453816228462501,"False",14.918668,2.540966,7.581977004819232,19.73061343343113,-48.05572530437978,56.11018086632,26.04146616631,1.0471511
70143314231433600,0.330732460856008,"False",17.26757,3.1501349999999997,6.274822370108825,17.26666190077103,-38.78394574217744,55.85826185411,25.97826480224,0.9524077
70146853284493312,0.616862184663902,"True ",16.597889,3.0539446,7.206710612673412,21.229495411776,-45.77057068564906,55.73631518443,25.98049446551,1.1191865
70148841853153792,0.176540125356296,"False",19.140116,3.6006832,9.024748259735238,20.989927565264512,-49.81460877293682,55.8937570247,25.95836411684,1.0551627
70150357977789056,0.741307717156469,"True ",15.682308,2.7230577,7.531798746166223,21.044990858903468,-46.57714171018587,55.85925726123,26.04171814485,0.94088715
70152144684310144,0.672769940390292,"True ",15.8355,2.7806025,7.1239626223134085,20.134319603109525,-44.8751076038033,55.94626178164,26.07635238903,1.1097306
70153484713977472,0.750762333750394,"True ",16.255726,2.9240837,7.333114923095777,20.089343981375066,-45.58550505316986,55.82948712891,26.07874713293,1.1012641
70158977974956672,0.788207093657426,"True ",12.313311,1.3088255,7.396323568957691,20.78501557084721,-45.870989526591224,55.17747786165,25.70526832583,1.1459452
70160287942261376,0.537824119892747,"True ",16.040766,2.8925896,7.7974662464994635,21.563527220546952,-47.149997250522006,55.2928749217,25.76541903414,1.0487144
70165476262750976,0.754008980412242,"True ",16.019033,2.8320007,7.256145998522228,20.865652578504715,-45.70745967540278,55.16807944161,25.84659427533,1.014686
70169251536714624,0.734450046359751,"True ",12.449474,1.3623418999999999,7.291083068714322,20.577735288715886,-45.13735752166035,55.49621763546,25.92071760337,1.0878749
70175474946486784,0.495086442146676,"False",17.180622,3.09622,7.0830795931215285,18.865772908616623,-43.413899446452405,55.04463153937,25.82483063727,1.0204391
70176265220466048,0.608362899551741,"True ",17.977596,3.3076363,7.039188533354888,19.66800042817445,-43.159311418195436,55.04973603282,25.87550520376,0.90814424
70180216590377600,0.609587822575375,"True ",17.592936,3.3874663999999997,7.670244565641674,21.07126951839483,-47.354060674171215,54.99110908657,25.92476101462,0.9982637
70189837317110016,0.619942707507584,"True ",16.743217,3.0388546,7.124132246599021,20.132120655612773,-43.722996453233726,55.04559055683,26.11121030198,1.0204114
70190249631846272,0.398116054360497,"False",10.966018,0.90754986,6.611920466491807,18.336844578361283,-40.73457508683807,55.14953166686,26.15121397018,0.8262036
70194029205283840,0.203937432821816,"False",17.000456,3.155263,6.667232658407285,18.485155256694444,-38.245119488726495,55.50026877044,26.01991512328,3.8130999
70200935512668800,0.596265470135134,"True ",15.668273,2.6919975,7.042131602648404,19.524101171738504,-44.17768915147208,55.49531840756,26.20575375009,0.84203464
70201725786644608,0.498673440052005,"False",16.80722,3.0683346,7.662535829651433,19.95717012398481,-46.84906909428154,55.72508427907,26.13767341056,0.9794475
70215705904150272,0.544090041922432,"True ",17.529934,3.2153034,7.1328565749085655,19.35120800503036,-44.35235596193266,55.29810728691,26.27180407732,0.8872926
70224643732103680,0.557198331216799,"True ",16.68356,3.0489187,7.847842024058634,22.008647535406574,-48.589726047064936,55.49900192094,26.46087417731,1.0679435
70230652389756928,0.770112893782916,"True ",18.211119,3.5836277,7.372932552531048,20.16044064131279,-46.413227941368284,56.33901866388,26.090268845,0.8841371
70234882933734400,0.508594060806715,"True ",12.130169,1.2783766,7.831227884182649,21.60896339138993,-48.86030346051346,56.22103743981,26.14179686806,0.9503228
70241033326866944,0.599375081983029,"True ",17.55147,3.4921703,7.2735182817377675,19.996582200164305,-44.52598918784556,56.49510380195,26.3336918445,1.307425
70242785673539712,0.657101031350143,"True ",11.22545,1.009407,7.363967286383346,19.67389418735072,-45.70708260116015,56.28429366185,26.29231185969,1.0814631
70248180152474368,0.708454814520552,"True ",15.680851,2.813116,7.5069663190446905,19.901138058326865,-46.30616846389316,56.13965790259,26.24796151678,1.9050993
70252681278085376,0.677979958593686,"True ",10.86981,0.9226103000000001,7.252740248540545,20.03882786956428,-44.722805947410116,56.06412628855,26.33102087358,1.0061343
70271854012150912,0.527058056905894,"True ",16.846046,3.099907,7.528568173291346,19.27135497537804,-46.89144701804662,56.59895767544,26.57294021231,0.9961032
70274190474468864,0.653547483188081,"True ",16.338064,2.9357967,7.372225510083305,20.170626566598024,-46.3115765151861,56.86843160832,26.53476462462,1.0026253
70286319462343808,0.630599204138068,"True ",11.747271,1.1114073,7.1113851139447215,19.29684407887724,-44.3324120623329,56.3080879751,26.58821402349,1.0937083
70305865857368064,0.411169124629149,"False",18.74802,3.228735,7.1199648969936336,19.00830258833557,-42.11986843272303,55.90657673131,26.53349856058,1.0550613
70306106375800064,0.629154471868001,"True ",19.718779,3.2929877999999997,7.574017732946888,21.166791662591592,-46.732495673373705,55.86693188311,26.49867648626,0.9973682
70310027681371648,0.313187358329942,"False",13.87592,1.8171453000000002,6.561997163672969,18.184316478525954,-41.761246476190756,56.19835775037,26.6005914194,0.9952522
70313016978627584,0.544740414491472,"True ",13.390502,1.6709251,7.034812837832362,18.96927253509914,-43.74373870479166,55.90868834592,26.61231386108,1.0334506
70334384440377472,0.609498785247402,"True ",16.74325,3.0470924,7.298202957063744,20.27005069560436,-46.10552722573111,56.26761473216,26.67893635265,0.96633023
70347033119553408,0.309453813877672,"False",8.549268,0.35654736,6.553150855484303,17.597250041393988,-39.8454911744065,56.31261774424,26.89125150391,1.251152
70356580830628864,0.527974566768596,"True ",17.315113,3.2657604,7.474264263220654,20.58947399635434,-45.552545743145075,56.02056349332,26.96946450922,0.95486456
70376097161725952,0.677292182695127,"True ",18.272564,3.618557,7.20949495327266,18.99811697912333,-45.633187938667184,57.71749255723,26.19435460101,1.0433965
70377510209693568,0.311572527311976,"False",18.511187,3.4977875,8.046491857257392,18.758114280454443,-46.93982812127861,57.6639348623,26.26757981978,1.0418731
70387057918968064,0.634513298828313,"True ",18.578836,3.5772285000000004,7.400986644031785,20.35478919469962,-45.79438527737845,57.56656469007,26.19351071413,0.9859863
70403589251055232,0.584191937472591,"True ",16.577065,2.9548206,7.426077076073525,20.432778271871538,-46.53089579671571,57.66551653057,26.57215264766,1.0436798
70404894921335936,0.473726051642296,"False",15.24355,2.824129,7.54602310802559,19.160902473229925,-45.611569289477366,58.05086694633,26.36901020529,1.0936141
70426507196531456,0.47580277380601,"False",13.456802,1.6936665000000002,7.007297483928808,18.03360133717749,-44.10886014640896,57.79406565213,26.58748706099,1.0676464
70426782074435584,0.423111607531394,"False",17.665558,3.25877,7.193973340297591,18.304234312289196,-43.630301420453065,57.77125635676,26.61410783609,1.0923853
70433241705178240,0.450968581966691,"False",17.11057,3.1805716,7.385264532032263,18.964839610456647,-47.62105921547926,58.17431918431,26.76946175997,1.029859
70453303494018432,0.497216589911539,"False",18.28616,3.4555397000000005,7.629110584794089,19.28776461180914,-46.372723485571356,57.45072259099,26.62974817689,1.0826064
70457671479120000,0.499759019385417,"False",16.297382,2.9179583,7.610695564329928,20.643104101937567,-46.2689615978846,57.17979485408,26.53902530025,1.0172153
70457877637565824,0.481824872923464,"False",16.525291,3.0225697,7.771877340288462,20.775924413454668,-49.073057631362026,57.06939334324,26.50311188523,1.016582
70459836143275392,0.247942529788345,"False",14.615964,2.423191,7.579266304225142,22.765446737042947,-45.3105479806275,57.23779995025,26.61486750887,2.0818465
70461554129560448,0.529911379538202,"True ",13.178868,1.6358708999999998,7.582671190496229,20.983984868839897,-46.5651161931697,57.05197215631,26.58360374255,1.029075
70462688000922880,0.545387564283576,"True ",11.462444,1.0760059,7.56666014095888,19.92491125489628,-47.51687397599811,56.99008522853,26.62905268563,0.8562191
70462928519077632,0.273532393934411,"False",18.75198,3.3448982000000003,6.831768127963201,18.70376670540113,-43.84999550886402,57.08124849197,26.64967318022,1.1516677
70472304429797248,0.601871513193745,"True ",19.364632,2.9606093999999996,7.402503911495125,19.080884383511094,-46.00345233388346,57.31748195201,26.81736178543,0.975474
70472789763930496,0.343519575250771,"False",17.907574,3.3762760000000003,6.73726653593855,18.240874857100607,-41.52464164493511,57.37007234655,26.84749755435,1.0179442
70493268167993984,0.548668320890889,"True ",16.096619,2.8489628,7.310328046118832,19.59946001609844,-45.508575239918066,57.40940394343,26.85143507931,1.0729588
70495707709395584,0.51961853841002,"True ",16.917927,3.0636816000000002,7.469647336402018,19.551514295073247,-45.63641312787733,57.5268298328,26.97174736066,1.0062532
70506874624338176,0.336118831651072,"False",11.134379,1.015809,7.944592162128188,21.22534972506798,-50.400937262889755,57.58889306963,27.1441686951,1.7505903
70545318874491776,0.181114526034966,"False",18.824797,3.3477516000000005,6.6143361974974075,18.11498635426021,-42.511554922441306,58.75126570559,27.01046800263,1.0038333
70740482188431872,0.467928417514672,"False",20.302423,2.6191654,7.6177421668022145,19.77228831318852,-44.05117040462361,56.50704496468,27.2263841954,1.1538272
70761063671155072,0.370119713920579,"False",18.859985,3.6014595000000003,6.9646307586699745,18.293397350594546,-42.884808408237866,56.88147198034,27.44946172105,0.955056
70768554094282368,0.295926000117446,"False",17.80625,3.3325748,6.9195981641455875,18.23403150438368,-41.675542624310204,57.23966398531,27.6403564887,1.0647296
70794396915576448,0.280834563098204,"False",18.141165,3.3485546000000004,6.921172192437112,17.971860181695668,-44.835284202121095,57.72677710658,27.43682679212,1.0106381
70847512772943488,0.316847825377902,"False",17.718212,3.3527546000000004,7.535878473342207,19.970007630629105,-49.05173786140405,57.86621334559,27.98200447034,0.9801616
70934649068656896,0.444446071297892,"False",17.638304,3.425232,7.5078418321564575,21.15842415951452,-48.50582801179768,54.9881836137,26.11654322313,1.0572698
70938810893886208,0.442111437361143,"False",16.576252,2.9238424,7.299654038284224,20.813997433170137,-46.9775282840436,54.84346435803,26.19321979915,1.0285347
70941383577307392,0.494755639510525,"False",11.022619,0.9944649,7.83227143212911,22.066807239079765,-48.8631447414982,55.02406174043,26.19615276144,1.2337873
70946644914222464,0.244923162913333,"False",17.385056,3.0080376,6.0876767059119645,17.66095497064605,-38.16312303077614,54.93490743163,26.30511897694,0.92476285
70948534699826816,0.516092053112583,"True ",16.685457,3.0279597999999996,7.870925036200137,22.460803636010066,-48.93256705363639,54.9459952904,26.35383893122,1.0034993
70954307135798912,0.425962324671029,"False",16.098974,2.928668,8.027383099945942,23.40920288125889,-49.366802501018064,54.60340551513,26.25639819946,1.0137872
71020067378507776,0.245596191749241,"False",18.221056,3.497633,8.202813815046044,22.09380215237249,-47.471770427647435,54.31511046383,26.49149552815,1.0859244
71021927100882560,0.60278223944493,"True ",14.186597,2.1377772999999998,7.385659108154692,20.96694582390708,-45.686163782122485,54.40012598188,26.54668044544,1.1519417
71027798319922432,0.250915533410643,"False",18.446878,3.274681,6.270005963264202,17.23025532540467,-37.38556117297418,54.28276418534,26.71834454585,0.89820534
71036250816160128,0.281706603961996,"False",19.897753,2.8662357000000003,6.7344031573137615,18.186541657450057,-40.445430479105404,54.44422323215,26.84560584029,1.0269818
71036358190950528,0.461232996178899,"False",16.516937,3.018568,7.788669417247223,21.237353457539,-47.64579595620772,54.45395435497,26.86241472791,0.99328035
71042439864623104,0.546067521409979,"True ",13.478973,1.7291327,7.36345833515009,20.26272089965141,-45.49681699821517,54.82633071571,26.79321943009,1.1605082
71042641727187968,0.486251595342954,"False",17.542894,3.2931805,7.725854859056574,21.601946539976296,-48.27398700074737,54.81489397592,26.80090721475,0.8190839
71056252479453056,0.396678077874858,"False",16.93793,3.1598672999999997,7.0861817693181415,20.120478336003302,-45.025018702561404,54.61606337251,26.85693179712,1.0791752
71059138697443200,0.212824661366828,"False",16.011057,2.8034115,7.201042651914692,23.38317885467104,-42.91694225903434,54.76699956276,27.00123256075,0.939779
71078483230315520,0.445358241770285,"False",15.581441,2.6198577999999997,7.0688004637267365,19.994076639057898,-42.88747302013654,55.45026051976,26.78898039284,1.0192645
71079441007018880,0.542122490034725,"True ",16.544268,3.2139987999999997,7.086826200784055,19.35806358409925,-43.627691014251795,55.55263764669,26.82903456556,1.145876
71100404743364992,0.562728923929461,"True ",16.844255,3.013709,7.5821368920008405,21.17369495320468,-47.081964627914026,55.48542356522,27.04930066773,1.0609542
71103428400426368,0.541645955775867,"True ",16.893152,3.1388922000000004,7.352313329316505,20.291062053580532,-45.683733851303465,55.47107818959,27.07846998059,1.0431647
71108440625265280,0.562728923929461,"True ",17.830961,3.4504242,7.469524192307425,20.951342267326574,-45.774519413287955,55.91215268739,27.01689344109,1.0361651
71151841271691904,0.496931976634393,"False",17.398544,3.432293,7.500865364688532,20.8685345563016,-46.429995181681726,55.38995793568,27.1637953445,1.0858754
71161771235981312,0.448785310825797,"False",15.792248,2.7502240000000002,7.2850501607867075,19.866940764230574,-44.06275743425881,54.95066129652,27.18935870192,1.0180703
71185342016542592,0.195672225171125,"False",17.563005,3.1778202,5.914587545037095,16.964724479264262,-37.62036851285539,55.60402778298,27.5392417948,1.0370189
71202831123254272,0.482884993411451,"False",14.819542,2.5328293,7.467684852008184,20.869626967712644,-46.25582975115407,55.41170778873,27.68522168606,1.0926106
71205133225715328,0.244800789987566,"False",18.04121,3.1433315,7.167037218705378,18.509342917297143,-41.89859510180254,55.6039298699,27.70423023614,0.94047225
71207710206088192,0.431930247581742,"False",15.927162,2.8588972000000004,7.2912762113052105,19.601585726699145,-44.519532518017684,55.59862400565,27.76552285959,1.275876
71216093982249984,0.544090041922432,"True ",16.33459,3.1324673,7.088259937260912,20.566766857740184,-43.83094889305366,54.29996930889,26.77452362875,1.2821684
71262410909499264,0.392697021548352,"False",15.120753,2.540924,7.790099575870124,21.25931953504175,-47.13092135712293,54.61277310384,27.27048534523,1.0068603
71292986780551424,0.357306071980558,"False",18.659435,3.8352451000000003,6.666850335704561,20.819906520249106,-42.7578777312265,54.00817012474,27.18454588284,0.9221595
71296667568555904,0.449082964419944,"False",9.215451,0.7591038,7.784236871856562,21.967444502982627,-47.89654133020946,54.0353467286,27.3427639037,1.2167645
71309655549854080,0.486983923195394,"False",15.5603485,2.7572842,7.570661547950876,21.891463550078807,-46.548744864264144,53.59223941698,27.39583944315,0.9263791
71321853256875264,0.24136839354237,"False",17.429731,3.1059113,5.986919301603741,16.69821182505138,-37.01542880046168,54.25009218697,27.44984980251,0.99786556
71351883668034048,0.50785244989405,"True ",13.412615,1.7107391,7.2154418051351765,20.552926798386167,-44.266458746590615,54.16953975555,27.83217638023,1.0521535
71359782111917696,0.284285805356734,"False",18.260307,3.509943,6.702393513540333,18.948506516422604,-40.177792625414725,54.69061454761,27.46212537501,0.98046887
71371262561007232,0.440025478020636,"False",9.50426,0.66483593,7.166965774617082,20.793063975848504,-44.4267896049025,55.01294709502,27.74031646414,0.9874615
71377000637253504,0.318872505698903,"False",13.340695,1.7241201000000002,6.871714596684697,18.96723920566573,-43.568620731763,54.53880339485,27.58579159818,5.0140324
71382906216030464,0.326240605781243,"False",18.085613,3.7591267,6.515644877857907,18.81704128216628,-41.09292464570086,54.92859200648,27.75575596896,0.8768837
71404385348752768,0.505578537605424,"True ",13.804359,2.1478853,7.2422769241224,19.939827732508828,-44.776317904660104,55.29573366629,28.01121335838,1.2982919
71409985986006016,0.452994700599848,"False",15.456091,2.6442069999999998,7.450867275462982,20.470849451341355,-45.46279824063043,55.06948247876,27.9226310454,0.99745065
71452282823829632,0.405886297551599,"False",12.913839,1.4976788,7.1608171019248354,19.618411901195266,-44.532626574215136,54.4462390409,28.06581746262,0.8922417
71468294461982592,0.378638688920204,"False",17.66939,3.249115,7.083845307795796,19.191079743282735,-44.52519611173726,55.02594184109,28.14213584747,0.985744
71521586416304768,0.177087797747951,"False",17.237123,3.017292,6.693731310390757,21.01431268377398,-40.34519530849553,56.29219377509,27.66909592439,1.0429232
71662049027684096,0.233630180271307,"False",17.410923,3.1170788,6.291832046988711,17.096981459143027,-40.255329638826865,56.9286046248,28.31632458714,0.9984217
71693556907673088,0.235290762542097,"False",13.810037,2.0342789,8.362433721556512,22.493520670023578,-51.72654737217578,57.09692033616,28.65970233779,0.98013407
71723862196809856,0.396572051935539,"False",17.345512,3.3200226,7.296692331701131,20.092324614604763,-44.75132515029033,56.41992682271,28.53482608028,0.9263265
71729531553625984,0.25237520729335,"False",7.3951254,0.16549778,8.026833143420694,19.89077256973748,-49.09144971482726,56.36485143707,28.66848397177,0.92368984
71865145143973120,0.207938058038542,"False",19.656054,3.347458,7.121533228646531,19.24870798380168,-45.010530960926246,55.06366229904,28.58352061582,1.10445
71873842454589568,0.351031243465134,"False",14.348489,2.0599355999999998,6.949359923661929,19.555723117058392,-42.61715991408225,55.23361984768,28.72739563115,0.96126777
71917685480203136,0.375168117022092,"False",16.71431,3.0075455,7.2633884076430775,20.283079111035377,-45.40566396107965,56.2761047352,28.70518773605,1.0685627
72023341675567360,0.279184064413371,"False",13.568679,1.8094702,7.850489599498317,22.04280082910119,-49.370356541993296,56.26688321935,29.40711165429,1.0801162
111019720578786560,0.231053010181388,"False",14.441338,2.5800562,7.1739174946957185,21.14285608384159,-43.104723136131696,49.45477887174,24.34782888117,2.5052652
111092322705538048,0.183464561769242,"False",16.645359,2.9058217999999996,6.3341895509627815,20.449530046667608,-37.469627079446894,50.35725724186,24.67706586427,1.1061187
111721552594418304,0.184173875205752,"False",12.117957,1.2897758,7.977360815267444,24.316492484224728,-47.70818459515665,47.40077507939,24.90662827453,1.0975488
112256976100897408,0.180943026334861,"False",12.708488,1.4563208,7.123205194816843,25.508264516382674,-42.83447913165054,47.97014303439,25.84524645338,1.1391342
117138193548596480,0.363169576440793,"False",14.590978,2.2893066,7.585288538613982,23.713374276909732,-45.849077049513504,51.18947621284,25.17796887125,1.1058398
117141354644522752,0.246011225870873,"False",13.657797,1.760191,6.760746593259541,19.88577443619004,-42.114134801596634,51.17604483896,25.30456404352,1.0629541
117161145853735680,0.256359382585242,"False",16.337584,2.8989582,8.426795292201897,25.2048819233985,-50.85894319835797,50.82900989913,25.47002716548,0.939749
117179356515011584,0.322980910379057,"False",16.601688,3.2087069,7.262178930754813,21.95552756524972,-43.53082421794985,50.44783648985,25.29600227874,1.0628202
117215807902051200,0.341062879956664,"False",12.7825575,1.4933319,7.540262602239814,23.01243700011712,-44.67888856184205,50.79051301897,25.69930243028,0.9768564
117448530705462912,0.278149538010221,"False",15.716307,2.6541509999999997,7.199572649126071,21.85693949357765,-42.81739000325249,49.67108158754,25.78521785301,1.0060369
117517421980731776,0.257882376402065,"False",16.018986,2.7621603,6.793801668548729,20.95451138462508,-42.260452174568954,50.57362144044,26.05563225547,1.0541861
117669120225730048,0.383721266022469,"False",15.73018,2.8088741,7.746637116893238,22.91856968196792,-48.06806151326341,52.24400231881,26.30331428109,1.0109403
117672075163287680,0.288741690645783,"False",8.330847,0.4247141,7.6913637490387785,21.945139724400907,-48.26957956482831,52.2363695778,26.30841644768,0.8186767
117709729140216320,0.303646390880008,"False",11.783889,1.0771255,6.518482382464982,19.63057940146408,-40.02249970769072,52.20328901735,26.49919111555,0.9201085
117770786396229376,0.341339237908791,"False",18.469936,3.5094510000000003,7.200177317773035,20.710538747334112,-43.33832597133127,52.04728336144,26.92686177773,0.96612036
117834940322217728,0.24181931639561,"False",19.413395,3.1814308,7.631254694397935,21.661573516435734,-47.1415622097212,53.14828101941,27.06010319469,1.1203161
117846450835917568,0.499176863602638,"False",17.807346,3.3538608999999995,7.349596106404433,21.038915878842964,-44.945341343556144,53.23994232558,27.28865178019,1.0916979
117857755189714048,0.503741931614017,"True ",15.543323,2.6128826000000003,7.205455854683533,21.026228626793404,-43.595746021208356,52.86140388882,27.32656005284,1.0961264
117874110425255424,0.332126269543867,"False",16.671446,3.219823,7.140112943517617,20.160861914469372,-43.0666881920402,52.29698668254,27.16451963527,1.6285983
117944577952339456,0.22747265093399,"False",12.315098,1.4837685,8.496742476895097,26.43001958668957,-52.680378635892154,51.24259316689,26.85023074841,9.599008
118010205052095104,0.263332272716717,"False",12.685639,1.495883,8.042680985914254,23.244709229200396,-48.82927500264368,51.01224792741,27.06352184085,0.981186
118057488348669056,0.243652202405988,"False",13.368843,1.8976898000000002,7.955327840010395,22.532909662432324,-48.28635893320986,51.49170680424,27.60943420836,15.333973
118078791386289920,0.344092648096589,"False",10.601268,0.89407635,7.552710940088531,22.22423149342649,-46.822112199470816,52.046276068,27.30702253088,1.0102866
118159193173934848,0.340943823404441,"False",15.232319,2.5670366000000002,7.182693558081195,21.226976361776952,-43.200279425858376,51.83937776575,27.86424266113,1.1492255
118715683496508032,0.23406539432925,"False",15.482626,2.6209002,7.702478356774106,24.305123004958528,-45.35070057153047,48.90396482002,27.77818042509,1.0581363
118934207136604288,0.243868293213696,"False",17.338604,3.1277027000000004,6.593858881173918,20.44122226059497,-41.22071443580269,51.60509766074,28.23054201781,0.98228467
119006092005322112,0.176352619550122,"False",7.110304,0.1496234,9.744793178205784,29.264879855565948,-57.951642218049535,51.20421266507,28.65228550633,1.1796899
119058490606226048,0.178053421207963,"False",16.331062,3.0767622,5.940930545976488,17.013809451251113,-35.73030743102579,51.36163449805,29.12549752895,1.0525148
119400851039785600,0.50100559395618,"True ",15.407915,2.6385202000000003,7.254427847209304,20.792045427794907,-44.007508704424346,53.69321939547,27.92557858345,1.0624498
119443869432136192,0.252729138029643,"False",17.493088,3.2828063999999997,7.690850677431028,21.11293043440688,-45.44244473302832,53.08206830812,28.06193552575,0.94954413
119499665350704384,0.390510925548142,"False",17.766754,3.3247833,7.6851884575909795,21.261633476811,-47.55248335199197,54.1937188304,28.25155013372,0.967038
119513134368205056,0.25835294382366,"False",17.461916,3.3180847,6.39739736201213,19.16117915618128,-39.603720139455746,54.17782401285,28.35157022093,1.0977309
119520079331712896,0.315788162609735,"False",12.18186,1.295434,7.235639729559156,19.719202814314574,-45.5153901165024,54.18390037719,28.55026280043,1.0568128
119580754333554176,0.314773987121122,"False",17.617117,3.4047565000000004,7.747853377684895,22.673175789779997,-48.72392205902366,53.60751717178,28.65328318356,0.99615306
119609655169509760,0.287473607858153,"False",16.864048,3.15804,6.829192346390097,20.059711660067826,-41.88749287877725,53.93600549088,28.85191067387,1.0214483
119610342364458112,0.245668135774751,"False",17.142508,3.0459595,6.769003982293858,20.528482546794194,-43.21438279675306,54.00790488394,28.91332591864,0.9096985
119707889661936768,0.211794398952505,"False",15.080872,2.4980392000000005,7.394300687769481,20.277727288608663,-47.06841859984146,52.5663139379,28.58167163511,1.0938436
119776604841920896,0.406748875789641,"False",17.38918,3.2502956000000003,7.2320355980130895,20.99262668027041,-44.52427051973393,53.63006579485,28.84198407329,1.0149173
119840552611277056,0.234654868152103,"False",15.678382,2.6220894,6.294101399318607,18.03694217204768,-39.226374012920935,53.14971228373,29.10389302852,1.1408585
120532175489096448,0.180761009805813,"False",17.119919,2.9653492000000004,5.910480864480016,17.555997540149892,-35.572948549733376,52.16307780822,29.40877801404,1.0142282
120566642602294144,0.231133332316716,"False",16.90721,3.1138048,6.923646889870727,21.1078993043677,-43.94270167316967,51.57181963932,29.40262469097,1.0217454
120907044530235776,0.189437103702429,"False",16.315172,2.9818735,8.415943849746363,23.086611628550497,-52.67900998994917,52.0924283895,30.30052482281,0.920219
121349735399525632,0.188843931042254,"False",11.189152,1.1043158000000002,8.013592229341647,21.729870729624587,-50.539242004154794,52.76402869679,31.32041460333,1.2054734
121664981703811712,0.195136987843652,"False",17.62225,3.4110812999999993,8.860885934587962,27.91938918922544,-52.23830693125452,48.10663268403,28.16117426037,0.94751966
121962197736025216,0.186029496834867,"False",14.671579,2.6758957000000003,8.813213397318146,26.71777573291265,-54.06100489271105,47.02345584981,28.70405790908,1.1901299
122123482347867520,0.186004917447983,"False",16.85914,3.1217422000000004,9.187733346943173,27.809809087465826,-55.14533001108678,47.52860317166,29.57126273286,1.0433512
122143479715593472,0.18080135535399,"False",15.692155,2.9892435,7.3352914809657905,23.311084902129803,-44.283960400215435,47.65902862354,29.57156725907,1.1416681
122441859683763712,0.198226322465522,"False",15.269166,2.6238356,7.581364985713787,24.177390553053712,-46.228553623320636,48.54405888589,29.36329180042,0.94747555
122680346332491136,0.185161144523457,"False",19.623487,3.6653727999999997,8.135312877611463,25.02716251760726,-47.17314525643744,48.85373278779,30.76809240221,0.9996207
122767864881453568,0.19500013692819,"False",16.116386,2.9390945,8.560880671257344,26.571018943553586,-50.68849445220785,47.00546738298,29.24193828153,1.055448
123444098892039296,0.188843931042254,"False",17.001152,3.4673623999999994,8.551297374748456,25.84420765266313,-51.27907217494475,48.66662268844,31.15277128249,1.1140846
123464233698804096,0.180761009805813,"False",17.359167,3.3813,5.570912516232028,17.776955533584708,-33.195406932480154,48.94549325723,31.14566097359,1.1944088
123561334319267328,0.179540441803617,"False",9.935842,0.81912804,9.093049164800293,27.65180052536553,-54.51190471890646,48.60338377147,31.88041374718,0.97796214
123895341040168192,0.180761009805813,"False",17.311167,3.092661,5.400539594844158,16.747319429432988,-32.742276417225256,51.26982621382,30.64922464745,0.97672576
124159984041130112,0.180761009805813,"False",17.997162,3.1451664,5.643419099395968,17.61402092143419,-34.65218936615853,50.0311137453,31.21818771662,1.0468982
124225748580358912,0.180761009805813,"False",17.46218,3.1300106,5.35076391677055,16.920731418332743,-32.66911856010464,49.46387947927,31.47273386744,1.0326277
124519008947445248,0.179436290066252,"False",16.257288,2.9365463,7.546340380452162,23.258422326611058,-46.678358632636794,51.98706097103,32.18423044834,1.0841037
124962833688209024,0.17945651866967,"False",12.00337,1.0618591,5.412115278543551,16.301593137258006,-33.3453559464269,51.73455077744,33.85589017585,0.93220305
125273308283618816,0.180761009805813,"False",15.737464,2.4873505000000002,5.454756533159256,17.041761535601026,-33.52213401794598,48.66039565894,32.56062805386,0.9646015
125411292696859776,0.180761009805813,"False",17.88876,3.1969051,5.5379311519934005,16.868314526958702,-34.283520313724196,49.35682301931,33.17447590385,1.0252177
135287316592202880,0.180761009805813,"False",12.624855,1.3022671000000001,5.457595808444703,17.415467076701034,-32.236738920549,46.10682958832,31.20062307879,1.5334748
136887655766542848,0.176833998863516,"False",15.654179,2.426031,5.353585244277096,16.965545775888632,-31.612273417507318,44.60770756679,33.50346680912,1.0438324
137148407525432960,0.180761009805813,"False",17.705633,2.9945984,5.2883255759690275,17.677062756876964,-30.892347226545876,44.62313531744,34.53229107351,1.0161091
138544924731410816,0.180761009805813,"False",19.131111,3.4358234,5.415934686755885,16.838171828909758,-33.177257109338825,46.49670919174,35.00508274682,0.96456224
145259990135756928,0.194164468810211,"False",5.9690137,0.067807674,5.812136622232701,14.292567648938807,-34.806757248409326,65.884927558,20.98189032686,0.9916973
149943428633879296,0.186663977811076,"False",13.590588,1.9094162000000001,7.059712103015385,17.38920144271069,-45.17915562041063,64.08373648645,24.6136908113,1.057206
162301763235565312,0.180450321584476,"False",18.03068,3.2325592,7.904249877338837,19.042975273110336,-45.833150894344385,62.536714171,25.76440991705,1.0327024
162501324595549440,0.19921515984308,"False",18.580208,3.412857,6.316489337191126,14.832239967705052,-39.30712516769499,60.72968908528,25.89809834126,0.94105226
163355546348513152,0.379002441698088,"False",14.682872,2.333519,7.2464846919275585,18.14682605149628,-45.87143620894411,60.16353910345,26.73850580232,1.0153785
163647015711395584,0.226326777178239,"False",12.728684,1.4954205,7.040956929241796,19.195396338905553,-43.175456982993076,59.68636537658,27.39527696072,0.9848471
167703084044638976,0.198210891622616,"False",16.577946,3.1570644,7.164730534794956,16.779011401684365,-44.96241902849333,60.14102191894,30.67145880987,1.0252602
167982634875013248,0.244057761841236,"False",15.284433,2.4717293,6.974713954827554,17.846764243087367,-43.498683073416274,58.19395106738,30.00109445015,1.1438015
168047815299448960,0.309002676176163,"False",17.49668,3.3246727,7.291933490214128,19.73215234388574,-45.02755958830549,56.99866156404,29.56054641155,1.0599512
3313944092114835712,0.192105105283895,"False",18.20878,3.5589085,5.5308198766566745,14.163378056303356,-32.27517521525383,65.43582418729,17.49447757643,1.0239851
