phi0,g,delta,rh_pc,rt_pc,converged,nll,error,seconds,iteration
3.0,0.0,0.0,2.0,5.01853538955016,True,4084.2307896101565,,0.11619860003702343,1
3.0,0.0,0.0,3.0,7.52780308432524,True,2184.3981519440304,,0.11068699997849762,1
3.0,0.0,0.0,4.0,10.03707077910032,True,1389.054601592474,,0.1103011998347938,1
3.0,0.0,0.0,5.0,12.5463384738754,True,1291.6047440378093,,0.11147539992816746,1
3.0,0.0,0.0,6.0,15.05560616865048,True,1334.7606983327507,,0.11234520003199577,1
3.0,0.0,0.0,8.0,20.07414155820064,True,1457.531533641114,,0.11347710015252233,1
3.0,0.0,0.0,10.0,25.0926769477508,True,1559.3177451191057,,0.11487879999913275,1
3.0,0.0,0.15,2.0,5.120523004031696,True,3968.934097195396,,0.19792760000564158,1
3.0,0.0,0.15,3.0,7.680784506047545,True,2123.027450056431,,0.199130600085482,1
3.0,0.0,0.15,4.0,10.241046008063392,True,1358.4952820823435,,0.1967718000523746,1
3.0,0.0,0.15,5.0,12.80130751007924,True,1289.2530822571744,,0.19831619993783534,1
3.0,0.0,0.15,6.0,15.36156901209509,True,1337.8139971765036,,0.20029349997639656,1
3.0,0.0,0.15,8.0,20.482092016126785,True,1461.9525436883237,,0.199504200136289,1
3.0,0.0,0.15,10.0,25.60261502015848,True,1562.1099502375569,,0.19858940015546978,1
3.0,0.0,0.3,2.0,5.302060453608698,True,3786.0713023941507,,0.22212939988821745,1
3.0,0.0,0.3,3.0,7.953090680413047,True,2034.2569078798872,,0.22047759988345206,1
3.0,0.0,0.3,4.0,10.604120907217396,True,1319.6844034104138,,0.22146199992857873,1
3.0,0.0,0.3,5.0,13.255151134021744,True,1289.1976106791683,,0.2157102997880429,1
3.0,0.0,0.3,6.0,15.906181360826094,True,1342.2957897166284,,0.21461179992184043,1
3.0,0.0,0.3,8.0,21.208241814434793,True,1464.2615136876045,,0.2133349000941962,1
3.0,0.0,0.3,10.0,26.51030226804349,True,1560.6876105713511,,0.21430839993990958,1
3.0,0.0,0.45,2.0,5.577729288953659,True,3671.3153150170547,,0.24407470016740263,1
3.0,0.0,0.45,3.0,8.366593933430488,True,1981.5103567719327,,0.24025809997692704,1
3.0,0.0,0.45,4.0,11.155458577907318,True,1299.0602846916677,,0.23941019992344081,1
3.0,0.0,0.45,5.0,13.944323222384147,True,1293.3505936172987,,0.24092580005526543,1
3.0,0.0,0.45,6.0,16.733187866860977,True,1349.2620830307092,,0.23999059991911054,1
3.0,0.0,0.45,8.0,22.310917155814636,True,1463.9388982609394,,0.24284219997934997,1
3.0,0.0,0.45,10.0,27.888646444768295,True,1552.7294047010118,,0.23626030003651977,1
3.0,0.0,0.6,2.0,5.905568131304836,True,3562.4716789461363,,0.2564661998767406,1
3.0,0.0,0.6,3.0,8.858352196957254,True,1936.889294486305,,0.25452230009250343,1
3.0,0.0,0.6,4.0,11.811136262609672,True,1288.6905407634395,,0.25704830000177026,1
3.0,0.0,0.6,5.0,14.763920328262092,True,1305.173918521665,,0.2555917000863701,1
3.0,0.0,0.6,6.0,17.716704393914508,True,1359.3982484354042,,0.25397700001485646,1
3.0,0.0,0.6,8.0,23.622272525219344,True,1459.3887751078091,,0.25383669999428093,1
3.0,0.0,0.6,10.0,29.527840656524184,True,1535.8740416876715,,0.2543330998159945,1
3.0,1.0,0.0,2.0,7.465668150548572,True,2706.7741552547673,,0.12240749993361533,1
3.0,1.0,0.0,3.0,11.198502225822859,True,1458.6584870241927,,0.12088530021719635,1
3.0,1.0,0.0,4.0,14.931336301097144,True,1284.3476015922924,,0.12166649987921119,1
3.0,1.0,0.0,5.0,18.66417037637143,True,1282.6087148346369,,0.12578370003029704,1
3.0,1.0,0.0,6.0,22.397004451645717,True,1326.1501277661364,,0.1243308000266552,1
3.0,1.0,0.0,8.0,29.862672602194287,True,1436.04634584234,,0.12553120008669794,1
3.0,1.0,0.0,10.0,37.32834075274286,True,1533.8962071435355,,0.12244009994901717,1
3.0,1.0,0.15,2.0,7.647185694912254,True,2590.800721174114,,0.197785799857229,1
3.0,1.0,0.15,3.0,11.470778542368382,True,1429.8066011096207,,0.1974462999496609,1
3.0,1.0,0.15,4.0,15.294371389824509,True,1277.4980652194151,,0.20011800015345216,1
3.0,1.0,0.15,5.0,19.117964237280635,True,1282.0151972231329,,0.201640099985525,1
3.0,1.0,0.15,6.0,22.941557084736765,True,1327.5171540225665,,0.20051550003699958,1
3.0,1.0,0.15,8.0,30.588742779649017,True,1437.684481314484,,0.20087360008619726,1
3.0,1.0,0.15,10.0,38.23592847456127,True,1535.294630524777,,0.1962739999871701,1
3.0,1.0,0.3,2.0,7.996387577404345,True,2414.3434984590826,,0.20458989986218512,1
3.0,1.0,0.3,3.0,11.994581366106516,True,1392.13154243374,,0.2034213999286294,1
3.0,1.0,0.3,4.0,15.99277515480869,True,1270.4670883475374,,0.20123969996348023,1
3.0,1.0,0.3,5.0,19.99096894351086,True,1282.4379370198344,,0.2061111000366509,1
3.0,1.0,0.3,6.0,23.989162732213032,True,1329.1281041969382,,0.20249700010754168,1
3.0,1.0,0.3,8.0,31.98555030961738,True,1437.1976179830046,,0.20358569989912212,1
3.0,1.0,0.3,10.0,39.98193788702172,True,1531.8556035008664,,0.21102629997767508,1
3.0,1.0,0.45,2.0,8.60260133612363,True,2288.291385236822,,0.22822579997591674,1
3.0,1.0,0.45,3.0,12.903902004185447,True,1354.3844511630737,,0.22887649992480874,1
3.0,1.0,0.45,4.0,17.20520267224726,True,1266.207892231681,,0.22966179996728897,1
3.0,1.0,0.45,5.0,21.506503340309077,True,1284.9455796826553,,0.23517540004104376,1
3.0,1.0,0.45,6.0,25.807804008370894,True,1331.2205165337496,,0.23388900002464652,1
3.0,1.0,0.45,8.0,34.41040534449452,True,1433.417875998524,,0.2299472999293357,1
3.0,1.0,0.45,10.0,43.013006680618155,True,1522.5200984561018,,0.22622419986873865,1
3.0,1.0,0.6,2.0,9.585121906252091,True,1932.3297076420138,,0.2636174999643117,1
3.0,1.0,0.6,3.0,14.377682859378137,True,1321.2066959912424,,0.26458760001696646,1
3.0,1.0,0.6,4.0,19.170243812504182,True,1268.3804598202425,,0.26000960008241236,1
3.0,1.0,0.6,5.0,23.962804765630228,True,1291.6370670698375,,0.2565758000127971,1
3.0,1.0,0.6,6.0,28.755365718756273,True,1333.9508493383887,,0.26190169993788004,1
3.0,1.0,0.6,8.0,38.340487625008365,True,1423.1704519247933,,0.25809470005333424,1
3.0,1.0,0.6,10.0,47.925609531260456,True,1500.7598425457086,,0.2560689998790622,1
3.0,2.0,0.0,2.0,14.486291204446525,True,1665.8746458147002,,0.13781309989281,1
3.0,2.0,0.0,3.0,21.72943680666979,True,1342.6302160851112,,0.13804150000214577,1
3.0,2.0,0.0,4.0,28.97258240889305,True,1270.7113636151664,,0.1392945998813957,1
3.0,2.0,0.0,5.0,36.21572801111631,True,1277.6135606032535,,0.13657790003344417,1
3.0,2.0,0.0,6.0,43.45887361333958,True,1313.5908437165158,,0.13771150005050004,1
3.0,2.0,0.0,8.0,57.9451648177861,True,1407.991661059061,,0.13739120005629957,1
3.0,2.0,0.0,10.0,72.43145602223262,True,1498.4723998355382,,0.13948839996010065,1
3.0,2.0,0.15,2.0,15.022126612048467,True,1635.8006988634268,,0.1968392999842763,1
3.0,2.0,0.15,3.0,22.5331899180727,True,1333.002132776196,,0.1973393999505788,1
3.0,2.0,0.15,4.0,30.044253224096934,True,1267.5725862461106,,0.20581219997256994,1
3.0,2.0,0.15,5.0,37.55531653012117,True,1276.9997085057016,,0.19786290009506047,1
3.0,2.0,0.15,6.0,45.0663798361454,True,1313.7750976961718,,0.19947650004178286,1
3.0,2.0,0.15,8.0,60.08850644819387,True,1408.1353561763076,,0.19829380000010133,1
3.0,2.0,0.15,10.0,75.11063306024234,True,1498.4788760728447,,0.1999764998909086,1
3.0,2.0,0.3,2.0,16.121331716623935,True,1590.6043493252268,,0.2138772001489997,1
3.0,2.0,0.3,3.0,24.181997574935906,True,1321.3540529254474,,0.2106029000133276,1
3.0,2.0,0.3,4.0,32.24266343324787,True,1264.9239286346713,,0.2128903998527676,1
3.0,2.0,0.3,5.0,40.30332929155984,True,1276.6717764339671,,0.21374839986674488,1
3.0,2.0,0.3,6.0,48.36399514987181,True,1313.3530610305513,,0.21611110004596412,1
3.0,2.0,0.3,8.0,64.48532686649574,True,1405.8503461762402,,0.21826569992117584,1
3.0,2.0,0.3,10.0,80.60665858311968,True,1493.9714411671898,,0.21438319981098175,1
3.0,2.0,0.45,2.0,18.286837943886436,True,1531.4830014504507,,0.22897729999385774,1
3.0,2.0,0.45,3.0,27.430256915829656,True,1308.0933790580286,,0.23264439986087382,1
3.0,2.0,0.45,4.0,36.57367588777287,True,1263.8435836990175,,0.2344079001341015,1
3.0,2.0,0.45,5.0,45.71709485971609,True,1277.531755977305,,0.2308947998099029,1
3.0,2.0,0.45,6.0,54.86051383165931,True,1313.0085606097232,,0.23056619986891747,1
3.0,2.0,0.45,8.0,73.14735177554574,True,1399.9814086440147,,0.22807419998571277,1
3.0,2.0,0.45,10.0,91.43418971943218,True,1483.025858432652,,0.23069230001419783,1
3.0,2.0,0.6,2.0,22.902104348899236,True,1467.2273237320508,,0.26157820015214384,1
3.0,2.0,0.6,3.0,34.35315652334886,True,1300.513704871811,,0.2595493998378515,1
3.0,2.0,0.6,4.0,45.80420869779847,True,1267.886347114476,,0.2567741998936981,1
3.0,2.0,0.6,5.0,57.2552608722481,True,1280.6699164376164,,0.2693503999616951,1
3.0,2.0,0.6,6.0,68.70631304669772,True,1310.1662977624317,,0.2656008000485599,1
3.0,2.0,0.6,8.0,91.60841739559694,True,1384.4886460182527,,0.2670808001421392,1
3.0,2.0,0.6,10.0,114.5105217444962,True,1457.8550026102248,,0.2641914999112487,1
4.0,0.0,0.0,2.0,5.745439483327211,True,3672.4486288572834,,0.13777139992453158,1
4.0,0.0,0.0,3.0,8.618159224990817,True,1989.45735214956,,0.13558149989694357,1
4.0,0.0,0.0,4.0,11.490878966654423,True,1297.9486552767462,,0.13390889996662736,1
4.0,0.0,0.0,5.0,14.363598708318028,True,1280.5082020995135,,0.1339400999713689,1
4.0,0.0,0.0,6.0,17.236318449981635,True,1323.3054405349887,,0.13790339999832213,1
4.0,0.0,0.0,8.0,22.981757933308845,True,1425.941509567061,,0.13513640011660755,1
4.0,0.0,0.0,10.0,28.727197416636056,True,1514.4253019305556,,0.13465350004844368,1
4.0,0.0,0.15,2.0,5.927791298844502,True,3598.2598179775973,,0.22377260006032884,1
4.0,0.0,0.15,3.0,8.891686948266754,True,1950.601573275726,,0.22184070013463497,1
4.0,0.0,0.15,4.0,11.855582597689004,True,1281.4665114158863,,0.2202097000554204,1
4.0,0.0,0.15,5.0,14.819478247111256,True,1280.973918134518,,0.21956130000762641,1
4.0,0.0,0.15,6.0,17.783373896533508,True,1327.7025013723278,,0.2197539999615401,1
4.0,0.0,0.15,8.0,23.71116519537801,True,1430.5705424817427,,0.22528130002319813,1
4.0,0.0,0.15,10.0,29.638956494222512,True,1517.6136225733558,,0.22056169994175434,1
4.0,0.0,0.3,2.0,6.226055096462852,True,3522.662391867321,,0.2343373999465257,1
4.0,0.0,0.3,3.0,9.339082644694276,True,1916.6144414788314,,0.23007709998637438,1
4.0,0.0,0.3,4.0,12.452110192925703,True,1271.9635643948159,,0.23850029986351728,1
4.0,0.0,0.3,5.0,15.565137741157129,True,1287.4187874550912,,0.2308221000712365,1
4.0,0.0,0.3,6.0,18.678165289388552,True,1335.363236777102,,0.23450860008597374,1
4.0,0.0,0.3,8.0,24.904220385851406,True,1431.9818101394942,,0.23310810001567006,1
4.0,0.0,0.3,10.0,31.130275482314257,True,1511.8550357383576,,0.23312800005078316,1
4.0,0.0,0.45,2.0,6.527086015567987,True,3460.65787535086,,0.27069279993884265,1
4.0,0.0,0.45,3.0,9.790629023351979,True,1458.675325087472,,0.2714682000223547,1
4.0,0.0,0.45,4.0,13.054172031135973,True,1276.1639682958103,,0.27028950001113117,1
4.0,0.0,0.45,5.0,16.317715038919964,True,1302.0177375202024,,0.2795829998794943,1
4.0,0.0,0.45,6.0,19.581258046703958,True,1347.0478262695285,,0.2797213001176715,1
4.0,0.0,0.45,8.0,26.108344062271946,True,1429.5965705415658,,0.273135099792853,1
4.0,0.0,0.45,10.0,32.63543007783993,True,1495.7361961441227,,0.2705357000231743,1
4.0,0.0,0.6,2.0,6.182948678082767,True,3505.1228505673703,,0.3858241999987513,1
4.0,0.0,0.6,3.0,9.274423017124152,True,1922.1127220342332,,0.38067829981446266,1
4.0,0.0,0.6,4.0,12.365897356165535,True,1294.7577675759367,,0.38960640016011894,1
4.0,0.0,0.6,5.0,15.457371695206918,True,1318.8298243202453,,0.3834228999912739,1
4.0,0.0,0.6,6.0,18.548846034248303,True,1364.675748147712,,0.3784414001274854,1
4.0,0.0,0.6,8.0,24.73179471233107,True,1440.2567896795958,,0.3812813002150506,1
4.0,0.0,0.6,10.0,30.914743390413836,True,1492.8639013220043,,0.38221230008639395,1
4.0,1.0,0.0,2.0,8.76003639422637,True,2327.2159755611588,,0.11794729996472597,1
4.0,1.0,0.0,3.0,13.140054591339556,True,1376.4718120584048,,0.1173113000113517,1
4.0,1.0,0.0,4.0,17.52007278845274,True,1272.2004686313128,,0.12254959996789694,1
4.0,1.0,0.0,5.0,21.900090985565928,True,1278.2246287496155,,0.12433949997648597,1
4.0,1.0,0.0,6.0,26.280109182679112,True,1316.126207664282,,0.1229324999731034,1
4.0,1.0,0.0,8.0,35.04014557690548,True,1410.903945483302,,0.12414059997536242,1
4.0,1.0,0.0,10.0,43.800181971131856,True,1499.1551269303454,,0.12503640004433692,1
4.0,1.0,0.15,2.0,9.131767062806677,True,2254.5730641768914,,0.20618800004012883,1
4.0,1.0,0.15,3.0,13.697650594210014,True,1349.7810445168325,,0.2083471999503672,1
4.0,1.0,0.15,4.0,18.263534125613354,True,1265.5792311699615,,0.21451710001565516,1
4.0,1.0,0.15,5.0,22.829417657016695,True,1277.9286041426897,,0.20652789995074272,1
4.0,1.0,0.15,6.0,27.395301188420028,True,1317.74104249907,,0.2087817001156509,1
4.0,1.0,0.15,8.0,36.52706825122671,True,1412.2047768914256,,0.2063003999646753,1
4.0,1.0,0.15,10.0,45.65883531403339,True,1498.7642455652692,,0.20704769995063543,1
4.0,1.0,0.3,2.0,9.863235026872738,True,1815.5438532319947,,0.23119659977965057,1
4.0,1.0,0.3,3.0,14.794852540309108,True,1321.8617394214907,,0.2277597999200225,1
4.0,1.0,0.3,4.0,19.726470053745476,True,1262.8922806935852,,0.23009130009450018,1
4.0,1.0,0.3,5.0,24.658087567181845,True,1280.866958901118,,0.2294120998121798,1
4.0,1.0,0.3,6.0,29.589705080618216,True,1320.084913627854,,0.22881180001422763,1
4.0,1.0,0.3,8.0,39.45294010749095,True,1408.9923509870769,,0.23404949996620417,1
4.0,1.0,0.3,10.0,49.31617513436369,True,1490.4457846639611,,0.22909460007213056,1
4.0,1.0,0.45,2.0,11.047834741727117,True,1597.4784387169072,,0.2614440000616014,1
4.0,1.0,0.45,3.0,16.571752112590676,True,1303.1359469740323,,0.2610120999161154,1
4.0,1.0,0.45,4.0,22.095669483454234,True,1269.3264897032627,,0.2596082000527531,1
4.0,1.0,0.45,5.0,27.61958685431779,True,1289.4832994885678,,0.26031140005216,1
4.0,1.0,0.45,6.0,33.14350422518135,True,1323.6518667141265,,0.25669170008040965,1
4.0,1.0,0.45,8.0,44.19133896690847,True,1398.093185129459,,0.2637877999804914,1
4.0,1.0,0.45,10.0,55.23917370863558,True,1466.942802658975,,0.2638996997848153,1
4.0,1.0,0.6,2.0,11.72079041226305,True,1532.538414580457,,0.3722016999963671,1
4.0,1.0,0.6,3.0,17.581185618394574,True,1309.4620675712533,,0.36845629988238215,1
4.0,1.0,0.6,4.0,23.4415808245261,True,1289.5843583600217,,0.3643686000723392,1
4.0,1.0,0.6,5.0,29.301976030657627,True,1307.8528879262044,,0.36732569988816977,1
4.0,1.0,0.6,6.0,35.16237123678915,True,1334.4364122871361,,0.3702136999927461,1
4.0,1.0,0.6,8.0,46.8831616490522,True,1386.536192607005,,0.38257130002602935,1
4.0,1.0,0.6,10.0,58.603952061315255,True,1432.1033166779405,,0.3744406998157501,1
4.0,2.0,0.0,2.0,18.575265129362684,True,1567.0378186015387,,0.16252989997155964,1
4.0,2.0,0.0,3.0,27.862897694044026,True,1327.3549217315488,,0.15316530014388263,1
4.0,2.0,0.0,4.0,37.15053025872537,True,1269.8403758543514,,0.1512882998213172,1
4.0,2.0,0.0,5.0,46.43816282340671,True,1274.902114346793,,0.15195710002444685,1
4.0,2.0,0.0,6.0,55.72579538808805,True,1304.5517465321404,,0.15440639993175864,1
4.0,2.0,0.0,8.0,74.30106051745074,True,1386.294436757093,,0.15240660007111728,1
4.0,2.0,0.0,10.0,92.87632564681341,True,1468.7239508282976,,0.15630319993942976,1
4.0,2.0,0.15,2.0,19.950913534010844,True,1531.5021445407485,,0.2296819998882711,1
4.0,2.0,0.15,3.0,29.926370301016263,True,1315.988990663526,,0.22831729985773563,1
4.0,2.0,0.15,4.0,39.90182706802169,True,1266.1568154190918,,0.22786410013213754,1
4.0,2.0,0.15,5.0,49.87728383502711,True,1273.826569372868,,0.23331399983726442,1
4.0,2.0,0.15,6.0,59.852740602032526,True,1304.0575646680209,,0.23783080000430346,1
4.0,2.0,0.15,8.0,79.80365413604338,True,1385.083661246874,,0.23718039994128048,1
4.0,2.0,0.15,10.0,99.75456767005421,True,1466.0762203795937,,0.2358286001253873,1
4.0,2.0,0.3,2.0,23.141674286862703,True,1484.0605566918068,,0.25533160008490086,1
4.0,2.0,0.3,3.0,34.71251143029405,True,1304.7851438340733,,0.2539540999568999,1
4.0,2.0,0.3,4.0,46.283348573725405,True,1265.3442067178564,,0.25405990006402135,1
4.0,2.0,0.3,5.0,57.85418571715676,True,1274.5151666382083,,0.25332389981485903,1
4.0,2.0,0.3,6.0,69.4250228605881,True,1303.2953912475107,,0.25067520001903176,1
4.0,2.0,0.3,8.0,92.56669714745081,True,1378.5432786139042,,0.2443259998690337,1
4.0,2.0,0.3,10.0,115.70837143431352,True,1454.6230382450804,,0.25073660002090037,1
4.0,2.0,0.45,2.0,30.676206066246657,True,1434.6456539531516,,0.27338559995405376,1
4.0,2.0,0.45,3.0,46.01430909936998,True,1302.5758888140138,,0.27773369988426566,1
4.0,2.0,0.45,4.0,61.35241213249331,True,1271.9725541685557,,0.27614580001682043,1
4.0,2.0,0.45,5.0,76.69051516561665,True,1278.2819515103806,,0.27831989992409945,1
4.0,2.0,0.45,6.0,92.02861819873996,True,1300.4341755923672,,0.273989399895072,1
4.0,2.0,0.45,8.0,122.70482426498663,True,1360.8513679365856,,0.2787603000178933,1
4.0,2.0,0.45,10.0,153.3810303312333,True,1423.5576378294832,,0.27705750009045005,1
4.0,2.0,0.6,2.0,46.338282997140865,True,1415.0274081562106,,0.39425219991244376,1
4.0,2.0,0.6,3.0,69.50742449571129,True,1328.0985820565404,,0.3928781000431627,1
4.0,2.0,0.6,4.0,92.67656599428173,True,1302.4667479204643,,0.3905573000665754,1
4.0,2.0,0.6,5.0,115.84570749285217,True,1299.1239944389738,,0.3939924999140203,1
4.0,2.0,0.6,6.0,139.01484899142258,True,1306.0607358824946,,0.3962244000285864,1
4.0,2.0,0.6,8.0,185.35313198856346,True,1331.1472833762443,,0.395172200165689,1
4.0,2.0,0.6,10.0,231.69141498570434,True,1361.7616123374992,,0.4001183998771012,1
5.0,0.0,0.0,2.0,6.717922000080765,True,3499.827626154134,,0.13980979984626174,1
5.0,0.0,0.0,3.0,10.076883000121148,True,1441.7472607484308,,0.13912920001894236,1
5.0,0.0,0.0,4.0,13.43584400016153,True,1271.831958101227,,0.140166400000453,1
5.0,0.0,0.0,5.0,16.79480500020191,True,1276.813356734343,,0.13920950004830956,1
5.0,0.0,0.0,6.0,20.153766000242296,True,1310.3669752973285,,0.1372136001009494,1
5.0,0.0,0.0,8.0,26.87168800032306,True,1389.1294129182083,,0.14004690013825893,1
5.0,0.0,0.0,10.0,33.58961000040382,True,1462.4362690990931,,0.1402517999522388,1
5.0,0.0,0.15,2.0,6.98337456261114,True,3441.322757341623,,0.22660759999416769,1
5.0,0.0,0.15,3.0,10.475061843916711,True,1370.0614075457056,,0.22583919996395707,1
5.0,0.0,0.15,4.0,13.96674912522228,True,1263.3730760000105,,0.2251468999311328,1
5.0,0.0,0.15,5.0,17.458436406527852,True,1279.7778750138305,,0.22914379998110235,1
5.0,0.0,0.15,6.0,20.950123687833422,True,1316.4423942887959,,0.22883589984849095,1
5.0,0.0,0.15,8.0,27.93349825044456,True,1393.8058876750097,,0.2285735998302698,1
5.0,0.0,0.15,10.0,34.916872813055704,True,1463.0611694821046,,0.22853749990463257,1
5.0,0.0,0.3,2.0,7.234456509546097,True,2493.617719962268,,0.26881529996171594,1
5.0,0.0,0.3,3.0,10.851684764319145,True,1343.3693900829462,,0.27118810010142624,1
5.0,0.0,0.3,4.0,14.468913019092193,True,1270.585620929352,,0.2692631999962032,1
5.0,0.0,0.3,5.0,18.08614127386524,True,1294.5157513171582,,0.2704497999511659,1
5.0,0.0,0.3,6.0,21.70336952863829,True,1329.2243835795557,,0.2794910001102835,1
5.0,0.0,0.3,8.0,28.937826038184387,True,1395.8456019279604,,0.27184940013103187,1
5.0,0.0,0.3,10.0,36.17228254773048,True,1453.8332415236093,,0.2756974999792874,1
5.0,0.0,0.45,2.0,6.696740325815887,True,3436.280483371277,,0.37051640008576214,1
5.0,0.0,0.45,3.0,10.04511048872383,True,1419.0024590179055,,0.3622343000024557,1
5.0,0.0,0.45,4.0,13.393480651631775,True,1287.829089836774,,0.3612860001157969,1
5.0,0.0,0.45,5.0,16.74185081453972,True,1314.942722469892,,0.36990119982510805,1
5.0,0.0,0.45,6.0,20.09022097744766,True,1353.0736469502112,,0.36244940012693405,1
5.0,0.0,0.45,8.0,26.78696130326355,True,1414.6739544748034,,0.36310849990695715,1
5.0,0.0,0.45,10.0,33.48370162907944,True,1458.4898650033224,,0.36320800008252263,1
5.0,0.0,0.6,2.0,5.661147962348854,True,3614.555570400281,,0.43040410010144114,1
5.0,0.0,0.6,3.0,8.491721943523281,True,1963.094059385103,,0.4328958000987768,1
5.0,0.0,0.6,4.0,11.322295924697707,True,1301.1031119237266,,0.4357201000675559,1
5.0,0.0,0.6,5.0,14.152869905872135,True,1306.9390646653385,,0.42946929996833205,1
5.0,0.0,0.6,6.0,16.983443887046562,True,1358.124383422883,,0.43036799994297326,1
5.0,0.0,0.6,8.0,22.644591849395415,True,1449.3912588548583,,0.42875000019557774,1
5.0,0.0,0.6,10.0,28.30573981174427,True,1512.2584052795805,,0.44148529996164143,1
5.0,1.0,0.0,2.0,10.710056788595043,True,1693.6575184416565,,0.1529447000939399,1
5.0,1.0,0.0,3.0,16.065085182892567,True,1332.8425005182446,,0.16601409995928407,1
5.0,1.0,0.0,4.0,21.420113577190087,True,1269.1848301367158,,0.14647620008327067,1
5.0,1.0,0.0,5.0,26.775141971487606,True,1275.24001825584,,0.14195630000904202,1
5.0,1.0,0.0,6.0,32.13017036578513,True,1304.032108730922,,0.1421950999647379,1
5.0,1.0,0.0,8.0,42.84022715438017,True,1379.5894755736892,,0.1440510000102222,1
5.0,1.0,0.0,10.0,53.55028394297521,True,1455.0423734724857,,0.14497840008698404,1
5.0,1.0,0.15,2.0,11.405886707643615,True,1602.9215493027584,,0.22568530007265508,1
5.0,1.0,0.15,3.0,17.108830061465422,True,1310.4662350458461,,0.2254943000152707,1
5.0,1.0,0.15,4.0,22.81177341528723,True,1264.2165026253574,,0.22786949994042516,1
5.0,1.0,0.15,5.0,28.51471676910904,True,1275.9633501454855,,0.2324367999099195,1
5.0,1.0,0.15,6.0,34.217660122930845,True,1306.236813415041,,0.22752800001762807,1
5.0,1.0,0.15,8.0,45.62354683057446,True,1380.0829339901206,,0.2295069000683725,1
5.0,1.0,0.15,10.0,57.02943353821808,True,1451.721506254333,,0.22792840003967285,1
5.0,1.0,0.3,2.0,12.630315835486359,True,1508.4576954734193,,0.27357279998250306,1
5.0,1.0,0.3,3.0,18.94547375322954,True,1298.1635032460422,,0.27533299988135695,1
5.0,1.0,0.3,4.0,25.260631670972717,True,1269.8226471340254,,0.2796815999317914,1
5.0,1.0,0.3,5.0,31.5757895887159,True,1283.2953477692133,,0.27547360002063215,1
5.0,1.0,0.3,6.0,37.89094750645908,True,1310.0634604426539,,0.2701806998811662,1
5.0,1.0,0.3,8.0,50.521263341945435,True,1372.4354781476948,,0.2750240999739617,1
5.0,1.0,0.3,10.0,63.1515791774318,True,1432.6399746227512,,0.2735874999780208,1
5.0,1.0,0.45,2.0,13.061126326896337,True,1476.105893211206,,0.361255900003016,1
5.0,1.0,0.45,3.0,19.591689490344507,True,1307.3824295699035,,0.3565267000813037,1
5.0,1.0,0.45,4.0,26.122252653792675,True,1290.9963287924375,,0.36102389986626804,1
5.0,1.0,0.45,5.0,32.65281581724084,True,1304.3397548373714,,0.3593876000959426,1
5.0,1.0,0.45,6.0,39.183378980689014,True,1324.3286877526755,,0.35731879994273186,1
5.0,1.0,0.45,8.0,52.24450530758535,True,1366.479527116473,,0.3562453999184072,1
5.0,1.0,0.45,10.0,65.30563163448168,True,1404.7958900418944,,0.35460629989393055,1
5.0,1.0,0.6,2.0,10.180191079945889,True,1701.213725423883,,0.43545940006151795,1
5.0,1.0,0.6,3.0,15.270286619918835,True,1317.3435152521556,,0.4372586999088526,1
5.0,1.0,0.6,4.0,20.360382159891778,True,1281.7447215209659,,0.43736089998856187,1
5.0,1.0,0.6,5.0,25.450477699864724,True,1302.536713167601,,0.43709579994902015,1
5.0,1.0,0.6,6.0,30.54057323983767,True,1333.902376812468,,0.4315114999189973,1
5.0,1.0,0.6,8.0,40.720764319783555,True,1394.3020985202859,,0.4347051000222564,1
5.0,1.0,0.6,10.0,50.90095539972945,True,1442.0618576634884,,0.44021099992096424,1
5.0,2.0,0.0,2.0,26.5639495895834,True,1498.9330436869914,,0.15287790005095303,1
5.0,2.0,0.0,3.0,39.845924384375095,True,1322.4140024755186,,0.153554999968037,1
5.0,2.0,0.0,4.0,53.1278991791668,True,1273.412220877707,,0.1556200000923127,1
5.0,2.0,0.0,5.0,66.4098739739585,True,1272.8878728388809,,0.15284219989553094,1
5.0,2.0,0.0,6.0,79.69184876875019,True,1293.1762113219602,,0.15356289991177619,1
5.0,2.0,0.0,8.0,106.2557983583336,True,1357.4294932461512,,0.15076990006491542,1
5.0,2.0,0.0,10.0,132.819747947917,True,1427.9848759521415,,0.15047120000235736,1
5.0,2.0,0.15,2.0,30.460752627370244,True,1462.1630887023318,,0.2582926999311894,1
5.0,2.0,0.15,3.0,45.69112894105537,True,1310.7993818122654,,0.25990960001945496,1
5.0,2.0,0.15,4.0,60.92150525474049,True,1270.224519369487,,0.25901310006156564,1
5.0,2.0,0.15,5.0,76.15188156842561,True,1271.80127593564,,0.25698950001969934,1
5.0,2.0,0.15,6.0,91.38225788211074,True,1292.3398513714246,,0.26181229995563626,1
5.0,2.0,0.15,8.0,121.84301050948098,True,1353.8823402426565,,0.26142039988189936,1
5.0,2.0,0.15,10.0,152.30376313685122,True,1420.5335411153058,,0.26772979996167123,1
5.0,2.0,0.3,2.0,41.03040867246836,True,1426.9155338957066,,0.29345660004764795,1
5.0,2.0,0.3,3.0,61.54561300870254,True,1310.3995448767262,,0.2897251998074353,1
5.0,2.0,0.3,4.0,82.06081734493672,True,1276.7170271121806,,0.30215179990045726,1
5.0,2.0,0.3,5.0,102.5760216811709,True,1275.7085475345466,,0.2939872001297772,1
5.0,2.0,0.3,6.0,123.09122601740508,True,1290.0908478151703,,0.2937193000689149,1
5.0,2.0,0.3,8.0,164.12163468987345,True,1337.6383903629305,,0.2955662999302149,1
5.0,2.0,0.3,10.0,205.1520433623418,True,1391.8229407333688,,0.28748210007324815,1
5.0,2.0,0.45,2.0,61.54375398201884,True,1419.2605397807808,,0.385035099927336,1
5.0,2.0,0.45,3.0,92.31563097302828,True,1340.2197727116354,,0.38860170007683337,1
5.0,2.0,0.45,4.0,123.08750796403768,True,1311.5995688197352,,0.3855613002087921,1
5.0,2.0,0.45,5.0,153.85938495504712,True,1302.4149703595644,,0.38794529996812344,1
5.0,2.0,0.45,6.0,184.63126194605655,True,1303.1647138668377,,0.3872201999183744,1
5.0,2.0,0.45,8.0,246.17501592807537,True,1316.8013684354019,,0.38689040020108223,1
5.0,2.0,0.45,10.0,307.71876991009424,True,1338.281727332345,,0.38774650008417666,1
5.0,2.0,0.6,2.0,34.41678663554067,True,1422.6156497794764,,0.44737379997968674,1
5.0,2.0,0.6,3.0,51.625179953311,True,1323.9466797130117,,0.4435110001359135,1
5.0,2.0,0.6,4.0,68.83357327108133,True,1300.8006960037917,,0.4520608000457287,1
5.0,2.0,0.6,5.0,86.04196658885166,True,1301.9882524304924,,0.4388251998461783,1
5.0,2.0,0.6,6.0,103.250359906622,True,1312.1022770456302,,0.4417886999435723,1
5.0,2.0,0.6,8.0,137.66714654216267,True,1340.5214477468846,,0.44297770014964044,1
5.0,2.0,0.6,10.0,172.08393317770333,True,1368.3787660288156,,0.4451240999624133,1
6.0,0.0,0.0,2.0,7.895116235228143,True,2222.3355203628416,,0.14074099995195866,1
6.0,0.0,0.0,3.0,11.842674352842213,True,1340.388383725324,,0.1414161000866443,1
6.0,0.0,0.0,4.0,15.790232470456287,True,1273.3540748720877,,0.13992000021971762,1
6.0,0.0,0.0,5.0,19.737790588070357,True,1278.64084775658,,0.13946340000256896,1
6.0,0.0,0.0,6.0,23.685348705684426,True,1299.3751155804785,,0.13838370004668832,1
6.0,0.0,0.0,8.0,31.580464940912574,True,1351.0643413944438,,0.13867520005442202,1
6.0,0.0,0.0,10.0,39.475581176140714,True,1403.9907126447647,,0.14203820005059242,1
6.0,0.0,0.15,2.0,8.096933106755321,True,2156.828807618029,,0.26616629981435835,1
6.0,0.0,0.15,3.0,12.14539966013298,True,1314.524916340138,,0.2630980000831187,1
6.0,0.0,0.15,4.0,16.193866213510642,True,1270.9464281793466,,0.2694935000035912,1
6.0,0.0,0.15,5.0,20.2423327668883,True,1284.7106202672644,,0.2698209001682699,1
6.0,0.0,0.15,6.0,24.29079932026596,True,1307.1188103295472,,0.26936579984612763,1
6.0,0.0,0.15,8.0,32.387732427021284,True,1356.0301298851134,,0.26897340011782944,1
6.0,0.0,0.15,10.0,40.4846655337766,True,1403.5457776649869,,0.2761783997993916,1
6.0,0.0,0.3,2.0,7.526490728595368,True,2293.6376976832344,,0.3234061000403017,1
6.0,0.0,0.3,3.0,11.289736092893053,True,1333.7464528275598,,0.3203206998296082,1
6.0,0.0,0.3,4.0,15.052981457190736,True,1285.4187482592968,,0.3208298999816179,1
6.0,0.0,0.3,5.0,18.81622682148842,True,1307.7681795581925,,0.31441310001537204,1
6.0,0.0,0.3,6.0,22.579472185786106,True,1334.1304750827803,,0.31308209989219904,1
6.0,0.0,0.3,8.0,30.10596291438147,True,1378.310030101567,,0.31079560006037354,1
6.0,0.0,0.3,10.0,37.63245364297684,True,1412.487475239495,,0.31721129990182817,1
6.0,0.0,0.45,2.0,6.062349835463462,True,3524.2797919301884,,0.4042626000009477,1
6.0,0.0,0.45,3.0,9.093524753195194,True,1925.987623786332,,0.3980409998912364,1
6.0,0.0,0.45,4.0,12.124699670926924,True,1288.0733096557783,,0.40045489999465644,1
6.0,0.0,0.45,5.0,15.155874588658653,True,1305.9961976496215,,0.4039680000860244,1
6.0,0.0,0.45,6.0,18.187049506390387,True,1351.1381612525722,,0.3949923000764102,1
6.0,0.0,0.45,8.0,24.24939934185385,True,1426.7161336899057,,0.4004484999459237,1
6.0,0.0,0.45,10.0,30.311749177317306,True,1477.859010069484,,0.40046189981512725,1
6.0,0.0,0.6,2.0,5.7195478733547125,True,3600.1927042716097,,0.4793425998650491,1
6.0,0.0,0.6,3.0,8.579321810032068,True,1955.958843477922,,0.4776455999817699,1
6.0,0.0,0.6,4.0,11.439095746709425,True,1297.2705096215925,,0.48248220002278686,1
6.0,0.0,0.6,5.0,14.298869683386783,True,1305.650457797531,,0.47873079986311495,1
6.0,0.0,0.6,6.0,17.158643620064137,True,1357.118014748882,,0.47624890017323196,1
6.0,0.0,0.6,8.0,22.87819149341885,True,1449.1917891084995,,0.4735804998781532,1
6.0,0.0,0.6,10.0,28.597739366773567,True,1514.2934198851049,,0.4756138001102954,1
6.0,1.0,0.0,2.0,13.594644679943595,True,1526.880148199174,,0.15428170002996922,1
6.0,1.0,0.0,3.0,20.391967019915395,True,1320.1654672651882,,0.15520249982364476,1
6.0,1.0,0.0,4.0,27.18928935988719,True,1276.011860002882,,0.15352980000898242,1
6.0,1.0,0.0,5.0,33.98661169985899,True,1276.0100292400991,,0.15681300009600818,1
6.0,1.0,0.0,6.0,40.78393403983079,True,1292.9193602530481,,0.16237729997374117,1
6.0,1.0,0.0,8.0,54.37857871977438,True,1344.0377949443985,,0.15894390014000237,1
6.0,1.0,0.0,10.0,67.97322339971798,True,1401.2070704674284,,0.159549199976027,1
6.0,1.0,0.15,2.0,14.629894483231066,True,1465.8747170109016,,0.2762339999899268,1
6.0,1.0,0.15,3.0,21.944841724846597,True,1304.6537151438026,,0.2761975000612438,1
6.0,1.0,0.15,4.0,29.259788966462132,True,1274.1562515236105,,0.29630120005458593,1
6.0,1.0,0.15,5.0,36.57473620807767,True,1278.3243428004362,,0.2870929001364857,1
6.0,1.0,0.15,6.0,43.889683449693194,True,1294.7798705014918,,0.2776542999781668,1
6.0,1.0,0.15,8.0,58.519577932924264,True,1341.4272332854562,,0.2788650000002235,1
6.0,1.0,0.15,10.0,73.14947241615533,True,1392.5877773018035,,0.2743959999643266,1
6.0,1.0,0.3,2.0,15.007609685331076,True,1435.168097750371,,0.3238391999620944,1
6.0,1.0,0.3,3.0,22.511414527996614,True,1309.4787079925404,,0.3242709001060575,1
6.0,1.0,0.3,4.0,30.01521937066215,True,1291.6917214397315,,0.32535100006498396,1
6.0,1.0,0.3,5.0,37.51902421332769,True,1297.5573866437958,,0.3268201998434961,1
6.0,1.0,0.3,6.0,45.02282905599323,True,1310.4002401230441,,0.32441679993644357,1
6.0,1.0,0.3,8.0,60.0304387413243,True,1341.9212800103112,,0.32214029994793236,1
6.0,1.0,0.3,10.0,75.03804842665538,True,1373.9274581625828,,0.3204757999628782,1
6.0,1.0,0.45,2.0,11.372057570326634,True,1557.6683872587396,,0.4099497999995947,1
6.0,1.0,0.45,3.0,17.058086355489948,True,1310.9096488872242,,0.4178259999025613,1
6.0,1.0,0.45,4.0,22.744115140653268,True,1287.6180874283036,,0.41035020002163947,1
6.0,1.0,0.45,5.0,28.430143925816584,True,1304.7156884536366,,0.4166469001211226,1
6.0,1.0,0.45,6.0,34.116172710979896,True,1329.365526689189,,0.4089516999665648,1
6.0,1.0,0.45,8.0,45.488230281306535,True,1376.1190041167745,,0.4099739999510348,1
6.0,1.0,0.45,10.0,56.86028785163317,True,1412.9019276756057,,0.4071025000885129,1
6.0,1.0,0.6,2.0,9.997404661115453,True,1733.4531304198333,,0.47496529994532466,1
6.0,1.0,0.6,3.0,14.996106991673178,True,1317.6548115856376,,0.4776742998510599,1
6.0,1.0,0.6,4.0,19.994809322230907,True,1276.772384053756,,0.4756908998824656,1
6.0,1.0,0.6,5.0,24.99351165278863,True,1297.505378062799,,0.4791640001349151,1
6.0,1.0,0.6,6.0,29.992213983346357,True,1330.8916223801032,,0.483681800076738,1
6.0,1.0,0.6,8.0,39.989618644461814,True,1397.1307911608023,,0.48504129983484745,1
6.0,1.0,0.6,10.0,49.98702330557726,True,1451.459324663434,,0.49018800002522767,1
6.0,2.0,0.0,2.0,45.673390377128655,True,1463.9760814268616,,0.1827597999945283,1
6.0,2.0,0.0,3.0,68.51008556569299,True,1333.0068417509592,,0.18435300001874566,1
6.0,2.0,0.0,4.0,91.34678075425731,True,1286.3611800659996,,0.18376919999718666,1
6.0,2.0,0.0,5.0,114.18347594282163,True,1275.5672553469474,,0.1829130998812616,1
6.0,2.0,0.0,6.0,137.02017113138598,True,1282.8056146405966,,0.17891109990887344,1
6.0,2.0,0.0,8.0,182.69356150851462,True,1321.420722344481,,0.17775720008648932,1
6.0,2.0,0.0,10.0,228.36695188564326,True,1372.7887799815524,,0.18024239991791546,1
6.0,2.0,0.15,2.0,59.13086885064495,True,1435.9574110092688,,0.28466650005429983,1
6.0,2.0,0.15,3.0,88.69630327596744,True,1328.0613738810132,,0.2846758998930454,1
6.0,2.0,0.15,4.0,118.2617377012899,True,1287.7561344771057,,0.2841883997898549,1
6.0,2.0,0.15,5.0,147.8271721266124,True,1277.065397018025,,0.2877434999682009,1
6.0,2.0,0.15,6.0,177.39260655193488,True,1281.312013153389,,0.2919159000739455,1
6.0,2.0,0.15,8.0,236.5234754025798,True,1312.136200975107,,0.28387110005132854,1
6.0,2.0,0.15,10.0,295.6543442532248,True,1354.470886838166,,0.2877885999623686,1
6.0,2.0,0.3,2.0,87.81689600901896,True,1432.4704793511398,,0.35537120001390576,1
6.0,2.0,0.3,3.0,131.72534401352843,True,1355.8694414617967,,0.3577876999042928,1
6.0,2.0,0.3,4.0,175.63379201803792,True,1321.7926544635616,,0.36187729984521866,1
6.0,2.0,0.3,5.0,219.5422400225474,True,1306.0963515533347,,0.3599785999394953,1
6.0,2.0,0.3,6.0,263.45068802705686,True,1299.918263823514,,0.35618370003066957,1
6.0,2.0,0.3,8.0,351.26758403607585,True,1302.91029400536,,0.35999409994110465,1
6.0,2.0,0.3,10.0,439.0844800450948,True,1316.5995977111315,,0.35937690013088286,1
6.0,2.0,0.45,2.0,44.7058740956897,True,1420.4794376492966,,0.433954699896276,1
6.0,2.0,0.45,3.0,67.05881114353456,True,1338.4621555709668,,0.42598449997603893,1
6.0,2.0,0.45,4.0,89.4117481913794,True,1315.0218931855195,,0.42679699999280274,1
6.0,2.0,0.45,5.0,111.76468523922428,True,1311.4495364309441,,0.4626281999517232,1
6.0,2.0,0.45,6.0,134.1176222870691,True,1315.4520843489454,,0.4244009000249207,1
6.0,2.0,0.45,8.0,178.8234963827588,True,1331.5612305973973,,0.4181180000305176,1
6.0,2.0,0.45,10.0,223.52937047844856,True,1349.2560196567042,,0.4222925999201834,1
6.0,2.0,0.6,2.0,30.89084235915456,True,1428.2020827838444,,0.5047569000162184,1
6.0,2.0,0.6,3.0,46.33626353873184,True,1314.9147580833244,,0.5133895999751985,1
6.0,2.0,0.6,4.0,61.78168471830912,True,1289.360329500183,,0.5096200997941196,1
6.0,2.0,0.6,5.0,77.2271058978864,True,1292.519546055592,,0.5309534000698477,1
6.0,2.0,0.6,6.0,92.67252707746368,True,1306.3744476833324,,0.5220183997880667,1
6.0,2.0,0.6,8.0,123.56336943661825,True,1343.3089291205129,,0.487170800101012,1
6.0,2.0,0.6,10.0,154.4542117957728,True,1380.0628664356313,,0.49276429996825755,1
7.0,0.0,0.0,2.0,8.91702767428123,True,2099.9827646676713,,0.14751820010133088,1
7.0,0.0,0.0,3.0,13.375541511421847,True,1329.4132726371645,,0.14737739996053278,1
7.0,0.0,0.0,4.0,17.83405534856246,True,1291.2347463202925,,0.14854410011321306,1
7.0,0.0,0.0,5.0,22.292569185703076,True,1290.5646994126764,,0.14764670003205538,1
7.0,0.0,0.0,6.0,26.751083022843694,True,1298.0101791824102,,0.14766000001691282,1
7.0,0.0,0.0,8.0,35.66811069712492,True,1321.5348322970167,,0.14761869981884956,1
7.0,0.0,0.0,10.0,44.58513837140615,True,1349.8023918922527,,0.14893130003474653,1
7.0,0.0,0.15,2.0,8.542603563392175,True,2088.4058113612623,,0.2989624999463558,1
7.0,0.0,0.15,3.0,12.813905345088266,True,1314.4155257050231,,0.2936183998826891,1
7.0,0.0,0.15,4.0,17.08520712678435,True,1289.4873018154135,,0.29579550004564226,1
7.0,0.0,0.15,5.0,21.35650890848044,True,1299.9400257049756,,0.30351080000400543,1
7.0,0.0,0.15,6.0,25.62781069017653,True,1313.207407399865,,0.2986292999703437,1
7.0,0.0,0.15,8.0,34.1704142535687,True,1338.168822985731,,0.29700940009206533,1
7.0,0.0,0.15,10.0,42.71301781696088,True,1361.189814896827,,0.31355409999378026,1
7.0,0.0,0.3,2.0,6.799996453707025,True,3429.5273621607494,,0.3720370000228286,1
7.0,0.0,0.3,3.0,10.199994680560538,True,1392.264715497068,,0.37584390002302825,1
7.0,0.0,0.3,4.0,13.59999290741405,True,1284.4069350257207,,0.4054976999759674,1
7.0,0.0,0.3,5.0,16.999991134267564,True,1307.8281549610147,,0.37580589996650815,1
7.0,0.0,0.3,6.0,20.399989361121076,True,1340.955890136606,,0.3754483999218792,1
7.0,0.0,0.3,8.0,27.1999858148281,True,1392.5616693642346,,0.36812120000831783,1
7.0,0.0,0.3,10.0,33.99998226853513,True,1426.2993585130714,,0.3674312001094222,1
7.0,0.0,0.45,2.0,5.968888167615938,True,3547.496294863317,,0.4233796999324113,1
7.0,0.0,0.45,3.0,8.953332251423907,True,1932.9153853540438,,0.4235626000445336,1
7.0,0.0,0.45,4.0,11.937776335231876,True,1286.7088641524344,,0.43164149997755885,1
7.0,0.0,0.45,5.0,14.922220419039846,True,1300.7725105478924,,0.431615199893713,1
7.0,0.0,0.45,6.0,17.906664502847814,True,1347.842736580418,,0.4283799999393523,1
7.0,0.0,0.45,8.0,23.87555267046375,True,1429.6093809368608,,0.44321330008096993,1
7.0,0.0,0.45,10.0,29.84444083807969,True,1486.8524639354462,,0.4270959000568837,1
7.0,0.0,0.6,2.0,5.82711166936832,True,3574.808666932969,,0.5237444001249969,1
7.0,0.0,0.6,3.0,8.74066750405248,True,1946.1844327461372,,0.5281368000432849,1
7.0,0.0,0.6,4.0,11.65422333873664,True,1295.4477344162046,,0.5352600000333041,1
7.0,0.0,0.6,5.0,14.567779173420801,True,1308.4081080470596,,0.526100300019607,1
7.0,0.0,0.6,6.0,17.48133500810496,True,1358.7699829657656,,0.5311098000966012,1
7.0,0.0,0.6,8.0,23.30844667747328,True,1446.7960464966332,,0.5337340000551194,1
7.0,0.0,0.6,10.0,29.135558346841602,True,1508.716676532462,,0.5901020998135209,1
7.0,1.0,0.0,2.0,17.194471533796797,True,1462.181755017446,,0.18513009999878705,1
7.0,1.0,0.0,3.0,25.79170730069519,True,1333.1339304383407,,0.1934569999575615,1
7.0,1.0,0.0,4.0,34.388943067593594,True,1296.4839522629763,,0.20711219985969365,1
7.0,1.0,0.0,5.0,42.98617883449199,True,1287.0508037575012,,0.25715600000694394,1
7.0,1.0,0.0,6.0,51.58341460139038,True,1289.5109825057912,,0.20303829992190003,1
7.0,1.0,0.0,8.0,68.77788613518719,True,1311.392725377829,,0.1811659000813961,1
7.0,1.0,0.0,10.0,85.97235766898397,True,1342.8784825679554,,0.16844589984975755,1
7.0,1.0,0.15,2.0,17.446418605863943,True,1424.0423927218349,,0.28273669979535043,1
7.0,1.0,0.15,3.0,26.169627908795917,True,1322.1946214866475,,0.28620600001886487,1
7.0,1.0,0.15,4.0,34.89283721172789,True,1298.413379744429,,0.27979480009526014,1
7.0,1.0,0.15,5.0,43.61604651465986,True,1294.5603027870402,,0.3036199000198394,1
7.0,1.0,0.15,6.0,52.339255817591834,True,1298.6562626742168,,0.30329619999974966,1
7.0,1.0,0.15,8.0,69.78567442345577,True,1315.3153584577783,,0.29943779995664954,1
7.0,1.0,0.15,10.0,87.23209302931971,True,1338.0053718104991,,0.27704549999907613,1
7.0,1.0,0.3,2.0,13.553808609600992,True,1462.7617621643806,,0.38296950003132224,1
7.0,1.0,0.3,3.0,20.330712914401488,True,1314.7219758487058,,0.3778730998747051,1
7.0,1.0,0.3,4.0,27.107617219201984,True,1300.0971894799206,,0.37290149996988475,1
7.0,1.0,0.3,5.0,33.88452152400248,True,1310.0336700736955,,0.39125680015422404,1
7.0,1.0,0.3,6.0,40.661425828802976,True,1324.1395042007614,,0.3705821998883039,1
7.0,1.0,0.3,8.0,54.21523443840397,True,1351.7159734215031,,0.3747711000032723,1
7.0,1.0,0.3,10.0,67.76904304800496,True,1373.8162519025734,,0.3726425999775529,1
7.0,1.0,0.45,2.0,10.634516790995866,True,1634.7128149112912,,0.43882729997858405,1
7.0,1.0,0.45,3.0,15.951775186493796,True,1311.5760541638506,,0.4772526000160724,1
7.0,1.0,0.45,4.0,21.26903358199173,True,1278.120639787455,,0.45658380002714694,1
7.0,1.0,0.45,5.0,26.586291977489658,True,1296.1937085080633,,0.4462524000555277,1
7.0,1.0,0.45,6.0,31.903550372987592,True,1324.998223651138,,0.4470039999578148,1
7.0,1.0,0.45,8.0,42.53806716398346,True,1381.4543106123247,,0.44661340001039207,1
7.0,1.0,0.45,10.0,53.172583954979316,True,1427.8732753471722,,0.4515146999619901,1
7.0,1.0,0.6,2.0,10.373851893885625,True,1670.8002346636665,,0.5432672000024468,1
7.0,1.0,0.6,3.0,15.560777840828438,True,1313.6473438283294,,0.5429893000982702,1
7.0,1.0,0.6,4.0,20.74770378777125,True,1279.6657692308809,,0.5523286999668926,1
7.0,1.0,0.6,5.0,25.93462973471406,True,1300.279671642459,,0.5710391998291016,1
7.0,1.0,0.6,6.0,31.121555681656876,True,1332.1913247548077,,0.541268200147897,1
7.0,1.0,0.6,8.0,41.4954075755425,True,1394.5555744295602,,0.569152900017798,1
7.0,1.0,0.6,10.0,51.86925946942812,True,1445.9109766596118,,0.5328071999829262,1
7.0,2.0,0.0,2.0,106.11583136977475,True,1475.1842569543287,,0.18456290010362864,1
7.0,2.0,0.0,3.0,159.17374705466213,True,1377.0495038663753,,0.18084449996240437,1
7.0,2.0,0.0,4.0,212.2316627395495,True,1327.4925046558526,,0.1810018999967724,1
7.0,2.0,0.0,5.0,265.28957842443685,True,1301.6298090130974,,0.1825327998958528,1
7.0,2.0,0.0,6.0,318.34749410932426,True,1289.8358402532556,,0.17967350012622774,1
7.0,2.0,0.0,8.0,424.463325479099,True,1289.9369065309907,,0.18818780011497438,1
7.0,2.0,0.0,10.0,530.5791568488737,True,1307.0992220444725,,0.18467439990490675,1
7.0,2.0,0.15,2.0,141.31671637498553,True,1464.5380206923342,,0.3354472001083195,1
7.0,2.0,0.15,3.0,211.9750745624783,True,1389.3616308709309,,0.3398289999458939,1
7.0,2.0,0.15,4.0,282.63343274997106,True,1348.768188369427,,0.3629858000203967,1
7.0,2.0,0.15,5.0,353.2917909374639,True,1324.452834574886,,0.33410540013574064,1
7.0,2.0,0.15,6.0,423.9501491249566,True,1309.8886957644308,,0.33817710005678236,1
7.0,2.0,0.15,8.0,565.2668654999421,True,1297.1763132526933,,0.32853959989733994,1
7.0,2.0,0.15,10.0,706.5835818749277,True,1297.8819011619598,,0.326530700083822,1
7.0,2.0,0.3,2.0,68.66355545553571,True,1434.340461227551,,0.3934980998747051,1
7.0,2.0,0.3,3.0,102.99533318330357,True,1368.1079347681869,,0.3967842999845743,1
7.0,2.0,0.3,4.0,137.32711091107143,True,1342.784352154846,,0.3963277000002563,1
7.0,2.0,0.3,5.0,171.6588886388393,True,1332.546455604176,,0.3986160000786185,1
7.0,2.0,0.3,6.0,205.99066636660714,True,1328.9329213537178,,0.3960297000594437,1
7.0,2.0,0.3,8.0,274.65422182214286,True,1329.601294118045,,0.39598549995571375,1
7.0,2.0,0.3,10.0,343.3177772776786,True,1333.6717695155908,,0.39604320004582405,1
7.0,2.0,0.45,2.0,35.61975570380597,True,1424.5018726651817,,0.43539820006117225,1
7.0,2.0,0.45,3.0,53.42963355570896,True,1322.7651412607224,,0.4377911000046879,1
7.0,2.0,0.45,4.0,71.23951140761194,True,1297.0255509758515,,0.43986940011382103,1
7.0,2.0,0.45,5.0,89.04938925951494,True,1296.4387554719021,,0.43570259981788695,1
7.0,2.0,0.45,6.0,106.85926711141792,True,1305.5341705782344,,0.43684209999628365,1
7.0,2.0,0.45,8.0,142.47902281522389,True,1333.2474612262283,,0.4352895999327302,1
7.0,2.0,0.45,10.0,178.09877851902988,True,1361.685432271618,,0.4397805999033153,1
7.0,2.0,0.6,2.0,33.954816065731684,True,1422.7047844573488,,0.5306202999781817,1
7.0,2.0,0.6,3.0,50.93222409859752,True,1318.040823080899,,0.5362829000223428,1
7.0,2.0,0.6,4.0,67.90963213146337,True,1293.1966407211328,,0.5298580001108348,1
7.0,2.0,0.6,5.0,84.8870401643292,True,1294.7375824600867,,0.5488011999987066,1
7.0,2.0,0.6,6.0,101.86444819719505,True,1306.6138948826278,,0.5423447999637574,1
7.0,2.0,0.6,8.0,135.81926426292674,True,1340.1888900142587,,0.5413547998759896,1
7.0,2.0,0.6,10.0,169.7740803286584,True,1374.4263797571434,,0.538319000042975,1
8.0,0.0,0.0,2.0,9.014865176389904,True,2086.7566367003847,,0.15801270003430545,1
8.0,0.0,0.0,3.0,13.522297764584858,True,1342.7062720550236,,0.159229600103572,1
8.0,0.0,0.0,4.0,18.029730352779808,True,1315.3156810623211,,0.15973259997554123,1
8.0,0.0,0.0,5.0,22.537162940974763,True,1314.898683961098,,0.15806040004827082,1
8.0,0.0,0.0,6.0,27.044595529169715,True,1317.3300352810547,,0.1572639001533389,1
8.0,0.0,0.0,8.0,36.059460705559616,True,1322.6024386373876,,0.15736079984344542,1
8.0,0.0,0.0,10.0,45.07432588194953,True,1329.2803117370956,,0.1559711000882089,1
8.0,0.0,0.15,2.0,7.853064330680724,True,2192.1784453897335,,0.30331810005009174,1
8.0,0.0,0.15,3.0,11.779596496021087,True,1333.5670440778547,,0.3030175000894815,1
8.0,0.0,0.15,4.0,15.706128661361449,True,1295.4393402542064,,0.30418209987692535,1
8.0,0.0,0.15,5.0,19.63266082670181,True,1311.3798425971702,,0.30126170022413135,1
8.0,0.0,0.15,6.0,23.559192992042174,True,1328.8911772773295,,0.30491440021432936,1
8.0,0.0,0.15,8.0,31.412257322722898,True,1353.756994437163,,0.30308070010505617,1
8.0,0.0,0.15,10.0,39.26532165340362,True,1368.6144572554972,,0.30243570008315146,1
8.0,0.0,0.3,2.0,6.383046278651363,True,3477.385585816017,,0.37877319986000657,1
8.0,0.0,0.3,3.0,9.574569417977044,True,1491.2600012632543,,0.38020540005527437,1
8.0,0.0,0.3,4.0,12.766092557302725,True,1279.1795228278438,,0.382246799999848,1
8.0,0.0,0.3,5.0,15.957615696628409,True,1298.6992792655685,,0.38486770004965365,1
8.0,0.0,0.3,6.0,19.149138835954087,True,1337.1555578519228,,0.38317990000359714,1
8.0,0.0,0.3,8.0,25.53218511460545,True,1401.0090310151065,,0.38092679996043444,1
8.0,0.0,0.3,10.0,31.915231393256818,True,1444.2871183238951,,0.38219400006346405,1
8.0,0.0,0.45,2.0,6.113409283485001,True,3520.1793111368197,,0.4791333000175655,1
8.0,0.0,0.45,3.0,9.1701139252275,True,1921.8975463178876,,0.4766444999258965,1
8.0,0.0,0.45,4.0,12.226818566970001,True,1283.8909781250754,,0.4701167999301106,1
8.0,0.0,0.45,5.0,15.283523208712502,True,1302.0731423123082,,0.47351600020192564,1
8.0,0.0,0.45,6.0,18.340227850455,True,1347.7077912115947,,0.48757870006375015,1
8.0,0.0,0.45,8.0,24.453637133940003,True,1427.0569610316284,,0.4990834000054747,1
8.0,0.0,0.45,10.0,30.567046417425004,True,1482.94029906675,,0.4898908000905067,1
8.0,0.0,0.6,2.0,5.795583969173151,True,3580.0041569211626,,0.6202804998029023,1
8.0,0.0,0.6,3.0,8.693375953759727,True,1948.2158993491903,,0.6087002002168447,1
8.0,0.0,0.6,4.0,11.591167938346302,True,1296.3902352935486,,0.6039126000832766,1
8.0,0.0,0.6,5.0,14.48895992293288,True,1308.3553634978787,,0.600043100072071,1
8.0,0.0,0.6,6.0,17.386751907519454,True,1358.7461092540755,,0.6091604998800904,1
8.0,0.0,0.6,8.0,23.182335876692605,True,1447.082320637321,,0.6246637001167983,1
8.0,0.0,0.6,10.0,28.97791984586576,True,1509.1114642262762,,0.6130258999764919,1
8.0,1.0,0.0,2.0,19.109411844836252,True,1450.7596599533056,,0.1792161997873336,1
8.0,1.0,0.0,3.0,28.664117767254382,True,1359.9383780613657,,0.17484870017506182,1
8.0,1.0,0.0,4.0,38.218823689672504,True,1331.1820823215464,,0.18683860008604825,1
8.0,1.0,0.0,5.0,47.77352961209064,True,1318.5180390713167,,0.18911779997870326,1
8.0,1.0,0.0,6.0,57.328235534508764,True,1311.8829738657253,,0.18631609994918108,1
8.0,1.0,0.0,8.0,76.43764737934501,True,1309.0684881966276,,0.19049439998343587,1
8.0,1.0,0.0,10.0,95.54705922418128,True,1313.417684462823,,0.18934609997086227,1
8.0,1.0,0.15,2.0,16.41345317862357,True,1429.7390040144462,,0.34638860006816685,1
8.0,1.0,0.15,3.0,24.620179767935355,True,1333.6549550827494,,0.34402450011111796,1
8.0,1.0,0.15,4.0,32.82690635724714,True,1318.0790307691775,,0.34770140005275607,1
8.0,1.0,0.15,5.0,41.033632946558924,True,1317.9959646851642,,0.34723349986597896,1
8.0,1.0,0.15,6.0,49.24035953587071,True,1321.6499750103133,,0.3518358999863267,1
8.0,1.0,0.15,8.0,65.65381271449428,True,1329.6854793803461,,0.34671129984781146,1
8.0,1.0,0.15,10.0,82.06726589311785,True,1337.0990792492346,,0.3507520998828113,1
8.0,1.0,0.3,2.0,11.856870348888123,True,1537.0964945252924,,0.4000740998890251,1
8.0,1.0,0.3,3.0,17.785305523332188,True,1310.6561313334862,,0.41196949989534914,1
8.0,1.0,0.3,4.0,23.713740697776245,True,1286.4369442763293,,0.4148959000594914,1
8.0,1.0,0.3,5.0,29.64217587222031,True,1299.7532254205662,,0.41902679996564984,1
8.0,1.0,0.3,6.0,35.570611046664375,True,1320.2770079374584,,0.40851259999908507,1
8.0,1.0,0.3,8.0,47.42748139555249,True,1360.5527325229168,,0.4199290999677032,1
8.0,1.0,0.3,10.0,59.28435174444062,True,1392.5531420525542,,0.4019074998795986,1
8.0,1.0,0.45,2.0,10.915985554002177,True,1596.9603734096863,,0.46750789997167885,1
8.0,1.0,0.45,3.0,16.37397833100327,True,1308.9153756991495,,0.48510409984737635,1
8.0,1.0,0.45,4.0,21.831971108004353,True,1277.8452960470233,,0.4815832001622766,1
8.0,1.0,0.45,5.0,27.28996388500544,True,1295.2636941907365,,0.4769257998559624,1
8.0,1.0,0.45,6.0,32.74795666200654,True,1323.7074503056872,,0.48056629998609424,1
8.0,1.0,0.45,8.0,43.66394221600871,True,1380.333773583496,,0.4835020999889821,1
8.0,1.0,0.45,10.0,54.57992777001088,True,1426.9208706657855,,0.4802436998579651,1
8.0,1.0,0.6,2.0,10.381326087210207,True,1662.2061727995867,,0.6565020000562072,1
8.0,1.0,0.6,3.0,15.57198913081531,True,1314.2251657298516,,0.6599378001410514,1
8.0,1.0,0.6,4.0,20.762652174420413,True,1280.7922120658234,,0.6748794999439269,1
8.0,1.0,0.6,5.0,25.953315218025516,True,1301.1492899768264,,0.6921960001345724,1
8.0,1.0,0.6,6.0,31.14397826163062,True,1332.8633184801113,,0.6608957999851555,1
8.0,1.0,0.6,8.0,41.52530434884083,True,1394.1323103995958,,0.6636896000709385,1
8.0,1.0,0.6,10.0,51.90663043605103,True,1443.3712569241786,,0.7016477999277413,1
8.0,2.0,0.0,2.0,213.11385990638973,True,1522.7862173430558,,0.23649340006522834,1
8.0,2.0,0.0,3.0,319.6707898595846,True,1459.6885560244527,,0.24389940011315048,1
8.0,2.0,0.0,4.0,426.22771981277947,True,1421.947380775131,,0.24126009992323816,1
8.0,2.0,0.0,5.0,532.7846497659743,True,1394.853411987348,,0.23095700005069375,1
8.0,2.0,0.0,6.0,639.3415797191692,True,1374.9077746183766,,0.23053590022027493,1
8.0,2.0,0.0,8.0,852.4554396255589,True,1346.2288960008837,,0.22974539990536869,1
8.0,2.0,0.0,10.0,1065.5692995319487,True,1327.3491611801055,,0.23353959992527962,1
8.0,2.0,0.15,2.0,112.57999041318732,True,1469.3168211082364,,0.3783180001191795,1
8.0,2.0,0.15,3.0,168.86998561978098,True,1413.1350237355236,,0.398276099935174,1
8.0,2.0,0.15,4.0,225.15998082637464,True,1386.2074191598638,,0.3885657999198884,1
8.0,2.0,0.15,5.0,281.4499760329683,True,1370.3923901578721,,0.3764237000141293,1
8.0,2.0,0.15,6.0,337.73997123956195,True,1360.9997404688484,,0.37807540013454854,1
8.0,2.0,0.15,8.0,450.31996165274927,True,1348.6555579140322,,0.37630969984456897,1
8.0,2.0,0.15,10.0,562.8999520659366,True,1341.2068043102709,,0.3754952000454068,1
8.0,2.0,0.3,2.0,45.85271379058044,True,1427.030967069106,,0.43588789994828403,1
8.0,2.0,0.3,3.0,68.77907068587065,True,1342.2149436554616,,0.4274307999294251,1
8.0,2.0,0.3,4.0,91.70542758116088,True,1316.6733162936703,,0.4232280000578612,1
8.0,2.0,0.3,5.0,114.63178447645109,True,1310.922565896281,,0.423746399814263,1
8.0,2.0,0.3,6.0,137.5581413717413,True,1313.4358406727965,,0.43087639985606074,1
8.0,2.0,0.3,8.0,183.41085516232175,True,1326.8033087130336,,0.428293599979952,1
8.0,2.0,0.3,10.0,229.26356895290218,True,1342.4186677950256,,0.4243848000187427,1
8.0,2.0,0.45,2.0,37.060327576412995,True,1422.6467059190784,,0.49209280009381473,1
8.0,2.0,0.45,3.0,55.59049136461949,True,1321.5488339355702,,0.4990742998197675,1
8.0,2.0,0.45,4.0,74.12065515282599,True,1294.6906417824557,,0.4925117001403123,1
8.0,2.0,0.45,5.0,92.65081894103248,True,1293.570509750751,,0.49223720002919436,1
8.0,2.0,0.45,6.0,111.18098272923898,True,1302.8888879768588,,0.5095818999689072,1
8.0,2.0,0.45,8.0,148.24131030565198,True,1331.0490218550683,,0.5110993999987841,1
8.0,2.0,0.45,10.0,185.30163788206497,True,1361.456225962017,,0.5136929999571294,1
8.0,2.0,0.6,2.0,34.74392292648655,True,1421.9186471518974,,0.6522808999288827,1
8.0,2.0,0.6,3.0,52.11588438972982,True,1320.5199540568797,,0.6374707000795752,1
8.0,2.0,0.6,4.0,69.4878458529731,True,1296.1619605774688,,0.6483634999021888,1
8.0,2.0,0.6,5.0,86.85980731621636,True,1297.2030423518913,,0.6457617001142353,1
8.0,2.0,0.6,6.0,104.23176877945964,True,1308.0635514606597,,0.6596168000251055,1
8.0,2.0,0.6,8.0,138.9756917059462,True,1339.0387182191387,,0.6472912000026554,1
8.0,2.0,0.6,10.0,173.71961463243272,True,1370.924384663925,,0.6437814999371767,1
9.0,0.0,0.0,2.0,8.162993630956297,True,2167.0532467160465,,0.20409779995679855,1
9.0,0.0,0.0,3.0,12.244490446434448,True,1355.7973385434289,,0.20828829985111952,1
9.0,0.0,0.0,4.0,16.325987261912594,True,1320.2539336115178,,0.2016793000511825,1
9.0,0.0,0.0,5.0,20.407484077390745,True,1328.1576801681183,,0.20198499993421137,1
9.0,0.0,0.0,6.0,24.488980892868895,True,1337.8196186977893,,0.19348190003074706,1
9.0,0.0,0.0,8.0,32.65197452382519,True,1348.8962457706498,,0.20170470001176,1
9.0,0.0,0.0,10.0,40.81496815478149,True,1352.5513722175488,,0.19381810002960265,1
9.0,0.0,0.15,2.0,7.0777723727959945,True,3415.3866486405736,,0.33844940015114844,1
9.0,0.0,0.15,3.0,10.616658559193993,True,1366.3218196113007,,0.33599659986793995,1
9.0,0.0,0.15,4.0,14.155544745591989,True,1285.857541236099,,0.33286429988220334,1
9.0,0.0,0.15,5.0,17.694430931989984,True,1304.314321108445,,0.3361512999981642,1
9.0,0.0,0.15,6.0,21.233317118387987,True,1330.0128685695904,,0.33452310017310083,1
9.0,0.0,0.15,8.0,28.311089491183978,True,1368.2678527710646,,0.3339413998182863,1
9.0,0.0,0.15,10.0,35.38886186397997,True,1392.0182053384483,,0.33648749999701977,1
9.0,0.0,0.3,2.0,6.397560397567139,True,3482.4811603627345,,0.3939608000218868,1
9.0,0.0,0.3,3.0,9.596340596350709,True,1541.8065944233265,,0.42687600012868643,1
9.0,0.0,0.3,4.0,12.795120795134277,True,1277.0103384116135,,0.425982000073418,1
9.0,0.0,0.3,5.0,15.99390099391785,True,1295.2496201917152,,0.42430650000460446,1
9.0,0.0,0.3,6.0,19.192681192701418,True,1333.7880130043443,,0.42299719993025064,1
9.0,0.0,0.3,8.0,25.590241590268555,True,1400.4038370217404,,0.4221516000106931,1
9.0,0.0,0.3,10.0,31.9878019878357,True,1448.3418405581785,,0.4137600001413375,1
9.0,0.0,0.45,2.0,6.194394375971837,True,3502.683101756363,,0.5381265000905842,1
9.0,0.0,0.45,3.0,9.291591563957756,True,1915.9580229789292,,0.5264373000245541,1
9.0,0.0,0.45,4.0,12.388788751943673,True,1283.6058774588087,,0.5261670001782477,1
9.0,0.0,0.45,5.0,15.485985939929591,True,1304.3702007361562,,0.5405820000451058,1
9.0,0.0,0.45,6.0,18.58318312791551,True,1348.8878910392687,,0.5248300000093877,1
9.0,0.0,0.45,8.0,24.777577503887347,True,1424.539496157663,,0.5288090000394732,1
9.0,0.0,0.45,10.0,30.971971879859183,True,1477.9203862414195,,0.5128077999688685,1
9.0,0.0,0.6,2.0,5.771579576704189,True,3590.3682717094675,,0.6624231999740005,1
9.0,0.0,0.6,3.0,8.657369365056283,True,1952.6337350357737,,0.664269199827686,1
9.0,0.0,0.6,4.0,11.543159153408379,True,1297.4160176550442,,0.6655798999127001,1
9.0,0.0,0.6,5.0,14.428948941760472,True,1307.6428648911851,,0.6686960000079125,1
9.0,0.0,0.6,6.0,17.314738730112566,True,1358.5742995787396,,0.6759097001049668,1
9.0,0.0,0.6,8.0,23.086318306816757,True,1447.820324210342,,0.6731926000211388,1
9.0,0.0,0.6,10.0,28.857897883520945,True,1510.0675327590322,,0.6851590999867767,1
9.0,1.0,0.0,2.0,17.050115917245996,True,1458.5677257849434,,0.18490100000053644,1
9.0,1.0,0.0,3.0,25.575173875868995,True,1366.251872814227,,0.18721410003490746,1
9.0,1.0,0.0,4.0,34.10023183449199,True,1347.7730485971533,,0.18560750014148653,1
9.0,1.0,0.0,5.0,42.62528979311499,True,1343.4384911546567,,0.1816541999578476,1
9.0,1.0,0.0,6.0,51.15034775173799,True,1342.2076656195532,,0.18642110005021095,1
9.0,1.0,0.0,8.0,68.20046366898399,True,1341.0048826971401,,0.1806743999477476,1
9.0,1.0,0.0,10.0,85.25057958622997,True,1339.029467606698,,0.18275170004926622,1
9.0,1.0,0.15,2.0,13.835675511786286,True,1469.722653304328,,0.34002609993331134,1
9.0,1.0,0.15,3.0,20.75351326767943,True,1324.60552416231,,0.3336447000037879,1
9.0,1.0,0.15,4.0,27.671351023572573,True,1307.2013359896423,,0.33655699994415045,1
9.0,1.0,0.15,5.0,34.58918877946572,True,1313.4826288664844,,0.3371791001409292,1
9.0,1.0,0.15,6.0,41.50702653535886,True,1324.400069295409,,0.33319949987344444,1
9.0,1.0,0.15,8.0,55.342702047145146,True,1344.8222145531442,,0.33639379986561835,1
9.0,1.0,0.15,10.0,69.17837755893144,True,1359.7980414514054,,0.35827909992076457,1
9.0,1.0,0.3,2.0,11.574683452247314,True,1553.3799771508434,,0.3945208000950515,1
9.0,1.0,0.3,3.0,17.36202517837097,True,1308.8457328749619,,0.399462099885568,1
9.0,1.0,0.3,4.0,23.149366904494627,True,1280.1937536999635,,0.3970137999858707,1
9.0,1.0,0.3,5.0,28.936708630618288,True,1293.2962066327252,,0.3922321000136435,1
9.0,1.0,0.3,6.0,34.72405035674194,True,1316.0587840062421,,0.4019317999482155,1
9.0,1.0,0.3,8.0,46.298733808989255,True,1361.8033093662475,,0.39523110003210604,1
9.0,1.0,0.3,10.0,57.873417261236575,True,1399.2765324568768,,0.39122049999423325,1
9.0,1.0,0.45,2.0,11.262056478739842,True,1568.7154994736,,0.5076882999856025,1
9.0,1.0,0.45,3.0,16.893084718109762,True,1307.9247721146708,,0.5267448998056352,1
9.0,1.0,0.45,4.0,22.524112957479684,True,1280.5606312278567,,0.5616544000804424,1
9.0,1.0,0.45,5.0,28.155141196849602,True,1297.553158558508,,0.5332567999139428,1
9.0,1.0,0.45,6.0,33.786169436219524,True,1323.8170233695423,,0.5090375998988748,1
9.0,1.0,0.45,8.0,45.04822591495937,True,1376.6963284271217,,0.5255033001303673,1
9.0,1.0,0.45,10.0,56.310282393699204,True,1420.8312406304074,,0.527688599890098,1
9.0,1.0,0.6,2.0,10.273216276175281,True,1656.4580312113683,,0.6725021000020206,1
9.0,1.0,0.6,3.0,15.409824414262923,True,1315.3726929075015,,0.6513676000759006,1
9.0,1.0,0.6,4.0,20.546432552350563,True,1279.6334251486714,,0.6516787000000477,1
9.0,1.0,0.6,5.0,25.683040690438208,True,1300.0300249904287,,0.6520125002134591,1
9.0,1.0,0.6,6.0,30.819648828525846,True,1331.8841984196215,,0.652103700209409,1
9.0,1.0,0.6,8.0,41.092865104701126,True,1394.3432193827844,,0.6578401001170278,1
9.0,1.0,0.6,10.0,51.366081380876416,True,1445.148099661784,,0.7181290001608431,1
9.0,2.0,0.0,2.0,110.95301175921357,True,1497.3404230586584,,0.22187589993700385,1
9.0,2.0,0.0,3.0,166.42951763882036,True,1443.4873947350882,,0.21546759991906583,1
9.0,2.0,0.0,4.0,221.90602351842713,True,1418.6666721342576,,0.21501939999870956,1
9.0,2.0,0.0,5.0,277.3825293980339,True,1404.171563472791,,0.21680840011686087,1
9.0,2.0,0.0,6.0,332.8590352776407,True,1395.3525694617035,,0.21838389988988638,1
9.0,2.0,0.0,8.0,443.81204703685427,True,1383.9175742508805,,0.2184607998933643,1
9.0,2.0,0.0,10.0,554.7650587960678,True,1375.759868247072,,0.21857979986816645,1
9.0,2.0,0.15,2.0,63.13737762916163,True,1445.7850605152037,,0.36784849991090596,1
9.0,2.0,0.15,3.0,94.70606644374243,True,1376.7702638236487,,0.3709032000042498,1
9.0,2.0,0.15,4.0,126.27475525832325,True,1351.6597452557392,,0.37158789997920394,1
9.0,2.0,0.15,5.0,157.84344407290408,True,1341.9457559409636,,0.3771492999512702,1
9.0,2.0,0.15,6.0,189.41213288748486,True,1338.8043552694446,,0.37613960006274283,1
9.0,2.0,0.15,8.0,252.5495105166465,True,1339.5403859529445,,0.36816860013641417,1
9.0,2.0,0.15,10.0,315.68688814580815,True,1343.5460822744922,,0.36997260013595223,1
9.0,2.0,0.3,2.0,41.91184600476378,True,1426.8732221648759,,0.44986119982786477,1
9.0,2.0,0.3,3.0,62.867769007145675,True,1332.5556937191398,,0.44378229998983443,1
9.0,2.0,0.3,4.0,83.82369200952756,True,1304.7131929886564,,0.4414020001422614,1
9.0,2.0,0.3,5.0,104.77961501190946,True,1299.8046839307208,,0.4397338000126183,1
9.0,2.0,0.3,6.0,125.73553801429135,True,1304.2704829868658,,0.44111860007978976,1
9.0,2.0,0.3,8.0,167.64738401905512,True,1323.4814468792547,,0.42832279996946454,1
9.0,2.0,0.3,10.0,209.5592300238189,True,1345.1440844157682,,0.4282104999292642,1
9.0,2.0,0.45,2.0,40.73544065176376,True,1420.1603145767199,,0.521793199935928,1
9.0,2.0,0.45,3.0,61.10316097764564,True,1325.9630757178975,,0.5175475999712944,1
9.0,2.0,0.45,4.0,81.47088130352752,True,1299.7339462398274,,0.5167902000248432,1
9.0,2.0,0.45,5.0,101.83860162940941,True,1297.2357416155805,,0.5197884999215603,1
9.0,2.0,0.45,6.0,122.20632195529129,True,1303.9639282160333,,0.5166694999206811,1
9.0,2.0,0.45,8.0,162.94176260705504,True,1328.302880192518,,0.5206174999475479,1
9.0,2.0,0.45,10.0,203.67720325881882,True,1355.2947847621979,,0.5245959998574108,1
9.0,2.0,0.6,2.0,33.68421317968859,True,1423.1674091860684,,0.6693048998713493,1
9.0,2.0,0.6,3.0,50.52631976953289,True,1319.0749205369448,,0.6751437000930309,1
9.0,2.0,0.6,4.0,67.36842635937718,True,1294.5514932342692,,0.6747811001259834,1
9.0,2.0,0.6,5.0,84.21053294922149,True,1296.3308856255658,,0.6661991998553276,1
9.0,2.0,0.6,6.0,101.05263953906578,True,1307.713664426501,,0.6690982000436634,1
9.0,2.0,0.6,8.0,134.73685271875436,True,1340.0459478057564,,0.6961622999515384,1
9.0,2.0,0.6,10.0,168.42106589844298,True,1372.812380596194,,0.6881953000556678,1
3.0,0.0,0.0,2.0,5.018535405551183,True,4084.2288384226626,,0.12123759998939931,2
3.0,0.0,0.0,3.0,7.527803108326775,True,2184.3971852048285,,0.12205979996360838,2
3.0,0.0,0.0,4.0,10.037070811102366,True,1389.0546629540158,,0.11876170011237264,2
3.0,0.0,0.0,5.0,12.546338513877958,True,1291.604747637756,,0.11731070000678301,2
3.0,0.0,0.0,6.0,15.05560621665355,True,1334.7606995772371,,0.11843650019727647,2
3.0,0.0,0.0,8.0,20.07414162220473,True,1457.5315282364118,,0.11535669979639351,2
3.0,0.0,0.0,10.0,25.092677027755915,True,1559.3177510102514,,0.11572920018807054,2
3.0,0.0,0.15,2.0,5.120444888836205,True,3969.1028496274876,,0.1829234000761062,2
3.0,0.0,0.15,3.0,7.6806673332543065,True,2123.114199332631,,0.1825536999385804,2
3.0,0.0,0.15,4.0,10.24088977767241,True,1358.524124138852,,0.1836481001228094,2
3.0,0.0,0.15,5.0,12.801112222090511,True,1289.2305292299225,,0.18142749997787178,2
3.0,0.0,0.15,6.0,15.361334666508613,True,1337.7659207306117,,0.18414389993995428,2
3.0,0.0,0.15,8.0,20.48177955534482,True,1461.8846475273779,,0.1824880000203848,2
3.0,0.0,0.15,10.0,25.602224444181022,True,1562.0407024158326,,0.18745990004390478,2
3.0,0.0,0.3,2.0,5.301889925981344,True,3786.3157510427777,,0.20300720003433526,2
3.0,0.0,0.3,3.0,7.952834888972015,True,2034.3828824504933,,0.20038900012150407,2
3.0,0.0,0.3,4.0,10.603779851962688,True,1319.7167301513289,,0.20584800001233816,2
3.0,0.0,0.3,5.0,13.254724814953358,True,1289.1458228908223,,0.2012940999120474,2
3.0,0.0,0.3,6.0,15.90566977794403,True,1342.1954470411988,,0.20337289990857244,2
3.0,0.0,0.3,8.0,21.207559703925376,True,1464.1221048277391,,0.20341309998184443,2
3.0,0.0,0.3,10.0,26.509449629906715,True,1560.5439983182182,,0.20207150001078844,2
3.0,0.0,0.45,2.0,5.577382639780326,True,3671.8410097982082,,0.23764239996671677,2
3.0,0.0,0.45,3.0,8.366073959670489,True,1981.7686507004994,,0.24244760000146925,2
3.0,0.0,0.45,4.0,11.154765279560651,True,1299.1370927630712,,0.2415803000330925,2
3.0,0.0,0.45,5.0,13.943456599450814,True,1293.2701961044304,,0.24248709995299578,2
3.0,0.0,0.45,6.0,16.732147919340978,True,1349.1087525679045,,0.24164570006541908,2
3.0,0.0,0.45,8.0,22.309530559121303,True,1463.7269580772574,,0.2438399000093341,2
3.0,0.0,0.45,10.0,27.886913198901627,True,1552.4968120157457,,0.24103519995696843,2
3.0,0.0,0.6,2.0,5.904410500130893,True,3563.352081937772,,0.2698129001073539,2
3.0,0.0,0.6,3.0,8.856615750196339,True,1937.3205840237702,,0.2488704000134021,2
3.0,0.0,0.6,4.0,11.808821000261785,True,1288.8362709318499,,0.24865740002132952,2
3.0,0.0,0.6,5.0,14.76102625032723,True,1305.0989957842835,,0.24938379996456206,2
3.0,0.0,0.6,6.0,17.713231500392677,True,1359.1971196837824,,0.25325349997729063,2
3.0,0.0,0.6,8.0,23.61764200052357,True,1459.1232932461567,,0.2483548999298364,2
3.0,0.0,0.6,10.0,29.52205250065446,True,1535.546465434147,,0.24898150004446507,2
3.0,1.0,0.0,2.0,7.465668094855835,True,2706.7745877043462,,0.12919040000997484,2
3.0,1.0,0.0,3.0,11.198502142283752,True,1458.6585846982916,,0.12926180008798838,2
3.0,1.0,0.0,4.0,14.93133618971167,True,1284.3476087000156,,0.12716139992699027,2
3.0,1.0,0.0,5.0,18.664170237139587,True,1282.6087139060487,,0.12616829993203282,2
3.0,1.0,0.0,6.0,22.397004284567505,True,1326.1501291097304,,0.12743619992397726,2
3.0,1.0,0.0,8.0,29.86267237942334,True,1436.0463509597857,,0.1263786000199616,2
3.0,1.0,0.0,10.0,37.32834047427917,True,1533.8961976795258,,0.12634370010346174,2
3.0,1.0,0.15,2.0,7.647055346810697,True,2590.932390837228,,0.21610750001855195,2
3.0,1.0,0.15,3.0,11.470583020216047,True,1429.8572914445465,,0.21676179999485612,2
3.0,1.0,0.15,4.0,15.294110693621395,True,1277.5056212172099,,0.21106379991397262,2
3.0,1.0,0.15,5.0,19.117638367026746,True,1281.9982495015988,,0.2186654000543058,2
3.0,1.0,0.15,6.0,22.941166040432094,True,1327.4857583136131,,0.21913690003566444,2
3.0,1.0,0.15,8.0,30.58822138724279,True,1437.6406331982835,,0.22628509998321533,2
3.0,1.0,0.15,10.0,38.23527673405349,True,1535.2486234595365,,0.22073609987273812,2
3.0,1.0,0.3,2.0,7.99615409840384,True,2414.5303079485484,,0.23767450009472668,2
3.0,1.0,0.3,3.0,11.99423114760576,True,1392.2167083055604,,0.20848859986290336,2
3.0,1.0,0.3,4.0,15.99230819680768,True,1270.475912520381,,0.21038580010645092,2
3.0,1.0,0.3,5.0,19.990385246009602,True,1282.400183568236,,0.20950029999949038,2
3.0,1.0,0.3,6.0,23.98846229521152,True,1329.06196878854,,0.21051250002346933,2
3.0,1.0,0.3,8.0,31.98461639361536,True,1437.1054602774047,,0.20958200003951788,2
3.0,1.0,0.3,10.0,39.980770492019204,True,1531.757937745186,,0.20569039997644722,2
3.0,1.0,0.45,2.0,8.602380606574517,True,2288.5830565290667,,0.220152199966833,2
3.0,1.0,0.45,3.0,12.903570909861775,True,1354.5051269892433,,0.22188440011814237,2
3.0,1.0,0.45,4.0,17.204761213149034,True,1266.219973640014,,0.21874679997563362,2
3.0,1.0,0.45,5.0,21.50595151643629,True,1284.8875864751737,,0.2218847000040114,2
3.0,1.0,0.45,6.0,25.80714181972355,True,1331.1159892688895,,0.2183568999171257,2
3.0,1.0,0.45,8.0,34.40952242629807,True,1433.264468630383,,0.22462220001034439,2
3.0,1.0,0.45,10.0,43.01190303287258,True,1522.3552955830446,,0.22029519989155233,2
3.0,1.0,0.6,2.0,9.5846876843948,True,1929.6035740903658,,0.25161919998936355,2
3.0,1.0,0.6,3.0,14.3770315265922,True,1321.3665981011284,,0.25197109999135137,2
3.0,1.0,0.6,4.0,19.1693753687896,True,1268.4225888791016,,0.2487628001254052,2
3.0,1.0,0.6,5.0,23.961719210987,True,1291.5832574407711,,0.24972279998473823,2
3.0,1.0,0.6,6.0,28.7540630531844,True,1333.8315700829878,,0.2519288999028504,2
3.0,1.0,0.6,8.0,38.3387507375792,True,1422.9555261633018,,0.24973260005936027,2
3.0,1.0,0.6,10.0,47.923438421974,True,1500.4863531637525,,0.24867340014316142,2
3.0,2.0,0.0,2.0,14.486291151312487,True,1665.8745996632447,,0.14312330004759133,2
3.0,2.0,0.0,3.0,21.72943672696873,True,1342.6302059576592,,0.14150549983605742,2
3.0,2.0,0.0,4.0,28.972582302624975,True,1270.7113607101574,,0.14435159997083247,2
3.0,2.0,0.0,5.0,36.215727878281214,True,1277.6135623966754,,0.14606300019659102,2
3.0,2.0,0.0,6.0,43.45887345393746,True,1313.5908467485028,,0.1453245000448078,2
3.0,2.0,0.0,8.0,57.94516460524995,True,1407.9916664807854,,0.14385619992390275,2
3.0,2.0,0.0,10.0,72.43145575656243,True,1498.47239372814,,0.14787559979595244,2
3.0,2.0,0.15,2.0,15.021746546752663,True,1635.8702278137098,,0.2037850001361221,2
3.0,2.0,0.15,3.0,22.532619820128993,True,1333.0297131684652,,0.200628399848938,2
3.0,2.0,0.15,4.0,30.043493093505326,True,1267.576262908532,,0.203646200010553,2
3.0,2.0,0.15,5.0,37.55436636688166,True,1276.9885004337516,,0.20797470002435148,2
3.0,2.0,0.15,6.0,45.065239640257985,True,1313.754770426071,,0.202849900117144,2
3.0,2.0,0.15,8.0,60.08698618701065,True,1408.1063109205202,,0.20310949999839067,2
3.0,2.0,0.15,10.0,75.10873273376332,True,1498.447469058603,,0.20080430014058948,2
3.0,2.0,0.3,2.0,16.120715230747738,True,1590.7293092155026,,0.21670249989256263,2
3.0,2.0,0.3,3.0,24.181072846121605,True,1321.4041905290724,,0.21590930013917387,2
3.0,2.0,0.3,4.0,32.241430461495476,True,1264.928457541628,,0.21605730010196567,2
3.0,2.0,0.3,5.0,40.30178807686934,True,1276.6469851757627,,0.21519640018232167,2
3.0,2.0,0.3,6.0,48.36214569224321,True,1313.3096332954,,0.21487959986552596,2
3.0,2.0,0.3,8.0,64.48286092299095,True,1405.7879735767137,,0.21568659995682538,2
3.0,2.0,0.3,10.0,80.60357615373869,True,1493.903481279285,,0.2164727000053972,2
3.0,2.0,0.45,2.0,18.28697417945207,True,1531.6394174988015,,0.23753960011526942,2
3.0,2.0,0.45,3.0,27.430461269178107,True,1308.1661549064274,,0.24086000001989305,2
3.0,2.0,0.45,4.0,36.57394835890414,True,1263.8517331774594,,0.24537160014733672,2
3.0,2.0,0.45,5.0,45.71743544863018,True,1277.4950410604124,,0.2525954998563975,2
3.0,2.0,0.45,6.0,54.86092253835621,True,1312.9375548831715,,0.24744690000079572,2
3.0,2.0,0.45,8.0,73.14789671780828,True,1399.8721759011748,,0.2494795999955386,2
3.0,2.0,0.45,10.0,91.43487089726035,True,1482.9043577276534,,0.2484369999729097,2
3.0,2.0,0.6,2.0,22.906575051628778,True,1467.4240861923854,,0.26604870008304715,2
3.0,2.0,0.6,3.0,34.35986257744317,True,1300.646055532778,,0.2666080999188125,2
3.0,2.0,0.6,4.0,45.813150103257556,True,1267.9273446683437,,0.2637485999148339,2
3.0,2.0,0.6,5.0,57.266437629071945,True,1280.6282349773578,,0.2625148000661284,2
3.0,2.0,0.6,6.0,68.71972515488633,True,1310.0646723967582,,0.2576137001160532,2
3.0,2.0,0.6,8.0,91.62630020651511,True,1384.311217321477,,0.2594602999743074,2
3.0,2.0,0.6,10.0,114.53287525814389,True,1457.6139632799839,,0.2568536000326276,2
4.0,0.0,0.0,2.0,5.7454389426033945,True,3672.4485823386185,,0.13046279991976917,2
4.0,0.0,0.0,3.0,8.618158413905093,True,1989.4573337671868,,0.13006539992056787,2
4.0,0.0,0.0,4.0,11.490877885206789,True,1297.9486467568672,,0.12987810000777245,2
4.0,0.0,0.0,5.0,14.363597356508487,True,1280.5082026603745,,0.1295210998505354,2
4.0,0.0,0.0,6.0,17.236316827810185,True,1323.3054414992914,,0.12931489991024137,2
4.0,0.0,0.0,8.0,22.981755770413578,True,1425.9415062170594,,0.13098459993489087,2
4.0,0.0,0.0,10.0,28.727194713016974,True,1514.4253043537883,,0.13212900003418326,2
4.0,0.0,0.15,2.0,5.927640720521719,True,3598.4188935765865,,0.22633450012654066,2
4.0,0.0,0.15,3.0,8.891461080782578,True,1950.6828370231412,,0.22362799989059567,2
4.0,0.0,0.15,4.0,11.855281441043438,True,1281.4835129952885,,0.22980210022069514,2
4.0,0.0,0.15,5.0,14.819101801304296,True,1280.9356145667236,,0.22284750011749566,2
4.0,0.0,0.15,6.0,17.782922161565157,True,1327.6336243020444,,0.2266228999942541,2
4.0,0.0,0.15,8.0,23.710562882086876,True,1430.4757387926975,,0.2293825000524521,2
4.0,0.0,0.15,10.0,29.63820360260859,True,1517.5137520713213,,0.22624539979733527,2
4.0,0.0,0.3,2.0,6.225618925369388,True,3522.9887687765,,0.21792550012469292,2
4.0,0.0,0.3,3.0,9.338428388054082,True,1916.7584103027611,,0.2168902000412345,2
4.0,0.0,0.3,4.0,12.451237850738776,True,1271.985572925146,,0.21748069999739528,2
4.0,0.0,0.3,5.0,15.564047313423467,True,1287.338084755021,,0.21535179996863008,2
4.0,0.0,0.3,6.0,18.676856776108163,True,1335.2247206158215,,0.21706490009091794,2
4.0,0.0,0.3,8.0,24.902475701477552,True,1431.7893204498519,,0.21867039985954762,2
4.0,0.0,0.3,10.0,31.128094626846934,True,1511.6498836113017,,0.2157486998476088,2
4.0,0.0,0.45,2.0,6.525573730344858,True,3461.1349732997082,,0.2770674000494182,2
4.0,0.0,0.45,3.0,9.788360595517288,True,1459.4799850252034,,0.2734138001687825,2
4.0,0.0,0.45,4.0,13.051147460689716,True,1276.2156516260131,,0.27613990008831024,2
4.0,0.0,0.45,5.0,16.313934325862146,True,1301.9196085638491,,0.2744099998380989,2
4.0,0.0,0.45,6.0,19.576721191034576,True,1346.8818409941068,,0.27921529999002814,2
4.0,0.0,0.45,8.0,26.102294921379432,True,1429.3418961845434,,0.2792285999748856,2
4.0,0.0,0.45,10.0,32.62786865172429,True,1495.4214377376848,,0.2799176999833435,2
4.0,0.0,0.6,2.0,6.1773719167478145,True,3506.008240710891,,0.37934069987386465,2
4.0,0.0,0.6,3.0,9.26605787512172,True,1922.5964117168146,,0.37736760010011494,2
4.0,0.0,0.6,4.0,12.354743833495629,True,1294.8837389037913,,0.38268880010582507,2
4.0,0.0,0.6,5.0,15.443429791869535,True,1318.7150495269489,,0.3928670999594033,2
4.0,0.0,0.6,6.0,18.53211575024344,True,1364.527273894645,,0.3971101997885853,2
4.0,0.0,0.6,8.0,24.709487666991258,True,1440.1299308241146,,0.38574620010331273,2
4.0,0.0,0.6,10.0,30.88685958373907,True,1492.6956716410623,,0.39001299999654293,2
4.0,1.0,0.0,2.0,8.760036339923948,True,2327.215864080677,,0.13564680004492402,2
4.0,1.0,0.0,3.0,13.140054509885921,True,1376.4717878602669,,0.13386850012466311,2
4.0,1.0,0.0,4.0,17.520072679847896,True,1272.200470384727,,0.13285119994543493,2
4.0,1.0,0.0,5.0,21.90009084980987,True,1278.2246299175158,,0.13059769989922643,2
4.0,1.0,0.0,6.0,26.280109019771842,True,1316.126209793106,,0.13028649985790253,2
4.0,1.0,0.0,8.0,35.04014535969579,True,1410.9039498665893,,0.12813500012271106,2
4.0,1.0,0.0,10.0,43.80018169961974,True,1499.1551207679572,,0.1289913000073284,2
4.0,1.0,0.15,2.0,9.131495672528303,True,2254.711601386694,,0.20117249991744757,2
4.0,1.0,0.15,3.0,13.697243508792456,True,1349.8417954599852,,0.20039350003935397,2
4.0,1.0,0.15,4.0,18.262991345056605,True,1265.5856697056524,,0.20073050004430115,2
4.0,1.0,0.15,5.0,22.82873918132076,True,1277.9027637303957,,0.20030219992622733,2
4.0,1.0,0.15,6.0,27.39448701758491,True,1317.695438284523,,0.203601400135085,2
4.0,1.0,0.15,8.0,36.52598269011321,True,1412.1404525347277,,0.20046459999866784,2
4.0,1.0,0.15,10.0,45.65747836264152,True,1498.6954677778422,,0.20124169997870922,2
4.0,1.0,0.3,2.0,9.862642935877657,True,1815.8757419139174,,0.23423060006462038,2
4.0,1.0,0.3,3.0,14.793964403816487,True,1321.9695079706269,,0.23507060017436743,2
4.0,1.0,0.3,4.0,19.725285871755315,True,1262.9004930061287,,0.2332439001183957,2
4.0,1.0,0.3,5.0,24.656607339694144,True,1280.8129714808263,,0.23195739998482168,2
4.0,1.0,0.3,6.0,29.587928807632974,True,1319.9917404979465,,0.23518389998935163,2
4.0,1.0,0.3,8.0,39.45057174351063,True,1408.8582020435645,,0.2363406999502331,2
4.0,1.0,0.3,10.0,49.31321467938829,True,1490.2987225644235,,0.23293430008925498,2
4.0,1.0,0.45,2.0,11.04626430479003,True,1597.3867962289237,,0.25926789990626276,2
4.0,1.0,0.45,3.0,16.569396457185047,True,1303.3165003342974,,0.2649456998333335,2
4.0,1.0,0.45,4.0,22.09252860958006,True,1269.3566519297087,,0.26731149991974235,2
4.0,1.0,0.45,5.0,27.61566076197508,True,1289.429750911435,,0.26337950001470745,2
4.0,1.0,0.45,6.0,33.13879291437009,True,1323.5212465546108,,0.26298559992574155,2
4.0,1.0,0.45,8.0,44.18505721916012,True,1397.8822101210567,,0.2628665999509394,2
4.0,1.0,0.45,10.0,55.23132152395016,True,1466.7045127593967,,0.25880709988996387,2
4.0,1.0,0.6,2.0,11.709946787016209,True,1533.5852093913286,,0.3720799000002444,2
4.0,1.0,0.6,3.0,17.564920180524314,True,1309.7714826731612,,0.3716148999519646,2
4.0,1.0,0.6,4.0,23.419893574032418,True,1289.6810282897457,,0.3827468000818044,2
4.0,1.0,0.6,5.0,29.27486696754052,True,1307.8736962140658,,0.37397049996070564,2
4.0,1.0,0.6,6.0,35.12984036104863,True,1334.4393366891104,,0.37183469999581575,2
4.0,1.0,0.6,8.0,46.839787148064836,True,1386.3671805862282,,0.368504999903962,2
4.0,1.0,0.6,10.0,58.54973393508104,True,1431.854968961659,,0.3720858001615852,2
4.0,2.0,0.0,2.0,18.575265162401845,True,1567.0378066512108,,0.15282199997454882,2
4.0,2.0,0.0,3.0,27.86289774360277,True,1327.3549140196883,,0.15492510003969073,2
4.0,2.0,0.0,4.0,37.15053032480369,True,1269.8403754194774,,0.1524111998733133,2
4.0,2.0,0.0,5.0,46.43816290600462,True,1274.9021173384092,,0.15538130002096295,2
4.0,2.0,0.0,6.0,55.72579548720554,True,1304.5517503529422,,0.15665989997796714,2
4.0,2.0,0.0,8.0,74.30106064960738,True,1386.2944418441189,,0.15436179982498288,2
4.0,2.0,0.0,10.0,92.87632581200924,True,1468.7239433649797,,0.15647000004537404,2
4.0,2.0,0.15,2.0,19.9499492126401,True,1531.594216230236,,0.25563180004246533,2
4.0,2.0,0.15,3.0,29.924923818960153,True,1316.0265425943683,,0.2532120000105351,2
4.0,2.0,0.15,4.0,39.8998984252802,True,1266.161902946057,,0.2535148998722434,2
4.0,2.0,0.15,5.0,49.87487303160025,True,1273.811017882498,,0.2508547999896109,2
4.0,2.0,0.15,6.0,59.849847637920305,True,1304.0287054521032,,0.24670090014114976,2
4.0,2.0,0.15,8.0,79.7997968505604,True,1385.0407827990266,,0.2496162001043558,2
4.0,2.0,0.15,10.0,99.7497460632005,True,1466.0289516442122,,0.24451479990966618,2
4.0,2.0,0.3,2.0,23.139939307924177,True,1484.2254236969338,,0.25658950000070035,2
4.0,2.0,0.3,3.0,34.70990896188626,True,1304.855541519697,,0.26365310000255704,2
4.0,2.0,0.3,4.0,46.279878615848354,True,1265.353638435573,,0.26127119990997016,2
4.0,2.0,0.3,5.0,57.84984826981043,True,1274.4836820156559,,0.2659835999365896,2
4.0,2.0,0.3,6.0,69.41981792377253,True,1303.2351671527176,,0.2667384999804199,2
4.0,2.0,0.3,8.0,92.55975723169671,True,1378.4508503176623,,0.2649318999610841,2
4.0,2.0,0.3,10.0,115.69969653962086,True,1454.5179050063382,,0.2588841998949647,2
4.0,2.0,0.45,2.0,30.675365203168994,True,1434.8799611936868,,0.27842179988510907,2
4.0,2.0,0.45,3.0,46.013047804753484,True,1302.7031781222743,,0.2799947001039982,2
4.0,2.0,0.45,4.0,61.35073040633799,True,1272.0160597767972,,0.27307130000554025,2
4.0,2.0,0.45,5.0,76.68841300792248,True,1278.25919094513,,0.279379699844867,2
4.0,2.0,0.45,6.0,92.02609560950697,True,1300.3596240529487,,0.27730740001425147,2
4.0,2.0,0.45,8.0,122.70146081267598,True,1360.7031636299316,,0.27518359990790486,2
4.0,2.0,0.45,10.0,153.37682601584496,True,1423.3625537687474,,0.2746051999274641,2
4.0,2.0,0.6,2.0,46.282770374780114,True,1415.408422633168,,0.3955221998039633,2
4.0,2.0,0.6,3.0,69.42415556217017,True,1328.3391285447092,,0.40478710015304387,2
4.0,2.0,0.6,4.0,92.56554074956023,True,1302.6348020792002,,0.40436189994215965,2
4.0,2.0,0.6,5.0,115.70692593695027,True,1299.2364108451268,,0.4048750000074506,2
4.0,2.0,0.6,6.0,138.84831112434034,True,1306.1630984638605,,0.4083245999645442,2
4.0,2.0,0.6,8.0,185.13108149912046,True,1331.0758723593003,,0.40379110001958907,2
4.0,2.0,0.6,10.0,231.41385187390054,True,1361.577541522316,,0.40482259984128177,2
5.0,0.0,0.0,2.0,6.717921951838096,True,3499.82764257199,,0.14231389993801713,2
5.0,0.0,0.0,3.0,10.076882927757143,True,1441.747696011044,,0.142731900094077,2
5.0,0.0,0.0,4.0,13.435843903676192,True,1271.83195530382,,0.1413061001803726,2
5.0,0.0,0.0,5.0,16.79480487959524,True,1276.8133558335685,,0.14642239990644157,2
5.0,0.0,0.0,6.0,20.153765855514287,True,1310.3669752867877,,0.15011859987862408,2
5.0,0.0,0.0,8.0,26.871687807352384,True,1389.1294141766164,,0.14565409999340773,2
5.0,0.0,0.0,10.0,33.58960975919048,True,1462.4362682658123,,0.14573669992387295,2
5.0,0.0,0.15,2.0,6.983106627324203,True,3441.493858793783,,0.22646989999338984,2
5.0,0.0,0.15,3.0,10.474659940986303,True,1370.1779352545589,,0.22020310000516474,2
5.0,0.0,0.15,4.0,13.966213254648405,True,1263.3819938193194,,0.2275569001212716,2
5.0,0.0,0.15,5.0,17.457766568310507,True,1279.728352485974,,0.22174960002303123,2
5.0,0.0,0.15,6.0,20.949319881972606,True,1316.3580018563998,,0.22117520007304847,2
5.0,0.0,0.15,8.0,27.93242650929681,True,1393.6881976552618,,0.22342359996400774,2
5.0,0.0,0.15,10.0,34.915533136621015,True,1462.9333508980853,,0.22241699998266995,2
5.0,0.0,0.3,2.0,7.233343322127907,True,2495.6521547070565,,0.2580338001716882,2
5.0,0.0,0.3,3.0,10.85001498319186,True,1343.643813130429,,0.2627234999090433,2
5.0,0.0,0.3,4.0,14.466686644255814,True,1270.6085703600174,,0.2567274000030011,2
5.0,0.0,0.3,5.0,18.08335830531977,True,1294.4277685335846,,0.2601038001012057,2
5.0,0.0,0.3,6.0,21.70002996638372,True,1329.073892846132,,0.26026310003362596,2
5.0,0.0,0.3,8.0,28.93337328851163,True,1395.627150819759,,0.2572087999433279,2
5.0,0.0,0.3,10.0,36.16671661063954,True,1453.5869690097406,,0.2582298000343144,2
5.0,0.0,0.45,2.0,6.692417762084766,True,3436.9683462184435,,0.3654261000920087,2
5.0,0.0,0.45,3.0,10.038626643127147,True,1420.0644516636787,,0.3571389000862837,2
5.0,0.0,0.45,4.0,13.384835524169532,True,1287.89725523525,,0.3618572000414133,2
5.0,0.0,0.45,5.0,16.731044405211914,True,1314.887058948921,,0.3611940999981016,2
5.0,0.0,0.45,6.0,20.077253286254294,True,1352.97370180764,,0.35993550019338727,2
5.0,0.0,0.45,8.0,26.769671048339063,True,1414.5426165049096,,0.3607320999726653,2
5.0,0.0,0.45,10.0,33.46208881042383,True,1458.3194127055458,,0.3639066000469029,2
5.0,0.0,0.6,2.0,5.658175991100405,True,3615.454897436455,,0.42832319997251034,2
5.0,0.0,0.6,3.0,8.487263986650609,True,1963.6388532069295,,0.43158149998635054,2
5.0,0.0,0.6,4.0,11.31635198220081,True,1301.2351655338323,,0.4316042000427842,2
5.0,0.0,0.6,5.0,14.145439977751016,True,1306.863427330675,,0.4340026997961104,2
5.0,0.0,0.6,6.0,16.974527973301218,True,1357.9713420909966,,0.428059000056237,2
5.0,0.0,0.6,8.0,22.63270396440162,True,1449.2403032381198,,0.4280035998672247,2
5.0,0.0,0.6,10.0,28.29087995550203,True,1512.1083622283836,,0.42921800003387034,2
5.0,1.0,0.0,2.0,10.710057851413156,True,1693.6575096932968,,0.14474579994566739,2
5.0,1.0,0.0,3.0,16.065086777119735,True,1332.8424953819285,,0.14468229981139302,2
5.0,1.0,0.0,4.0,21.420115702826312,True,1269.1848295797558,,0.1445374998729676,2
5.0,1.0,0.0,5.0,26.77514462853289,True,1275.2400194844006,,0.1474379999563098,2
5.0,1.0,0.0,6.0,32.13017355423947,True,1304.032109346654,,0.14971790020354092,2
5.0,1.0,0.0,8.0,42.840231405652624,True,1379.5894782828605,,0.15172070008702576,2
5.0,1.0,0.0,10.0,53.55028925706578,True,1455.042378803113,,0.15258349990472198,2
5.0,1.0,0.15,2.0,11.405339612242276,True,1603.1027619708682,,0.230239599943161,2
5.0,1.0,0.15,3.0,17.108009418363416,True,1310.5348660532077,,0.22807359998114407,2
5.0,1.0,0.15,4.0,22.810679224484552,True,1264.2231065676317,,0.22699350002221763,2
5.0,1.0,0.15,5.0,28.513349030605692,True,1275.9314013925577,,0.22997580002993345,2
5.0,1.0,0.15,6.0,34.21601883672683,True,1306.1805236616196,,0.23062149994075298,2
5.0,1.0,0.15,8.0,45.621358448969104,True,1380.0005209287228,,0.22951159998774529,2
5.0,1.0,0.15,10.0,57.026698061211384,True,1451.6290123577946,,0.22847920004278421,2
5.0,1.0,0.3,2.0,12.628576632175307,True,1508.7861638813138,,0.2573164999485016,2
5.0,1.0,0.3,3.0,18.942864948262958,True,1298.2960824413994,,0.2573995999991894,2
5.0,1.0,0.3,4.0,25.257153264350613,True,1269.844120466674,,0.2620711999479681,2
5.0,1.0,0.3,5.0,31.571441580438265,True,1283.2462899519383,,0.260100900195539,2
5.0,1.0,0.3,6.0,37.885729896525916,True,1309.9657609138135,,0.25661830021999776,2
5.0,1.0,0.3,8.0,50.514306528701226,True,1372.278346492916,,0.2566040998790413,2
5.0,1.0,0.3,10.0,63.14288316087653,True,1432.450685935031,,0.25682240002788603,2
5.0,1.0,0.45,2.0,13.051978159067279,True,1477.0400989764196,,0.3447033001575619,2
5.0,1.0,0.45,3.0,19.577967238600916,True,1307.6080829947284,,0.3431759001687169,2
5.0,1.0,0.45,4.0,26.103956318134557,True,1291.059353836349,,0.3453110000118613,2
5.0,1.0,0.45,5.0,32.629945397668195,True,1304.32301575238,,0.3498283999506384,2
5.0,1.0,0.45,6.0,39.15593447720183,True,1324.2858404304777,,0.34319030004553497,2
5.0,1.0,0.45,8.0,52.207912636269114,True,1366.3725210648959,,0.3416958001907915,2
5.0,1.0,0.45,10.0,65.25989079533639,True,1404.6282280355138,,0.34723429987207055,2
5.0,1.0,0.6,2.0,10.16932056694717,True,1683.9361854390636,,0.44639379996806383,2
5.0,1.0,0.6,3.0,15.253980850420753,True,1317.7023059822818,,0.4560808998066932,2
5.0,1.0,0.6,4.0,20.33864113389434,True,1281.7480865579885,,0.45742029999382794,2
5.0,1.0,0.6,5.0,25.423301417367924,True,1302.3799433580546,,0.43508339999243617,2
5.0,1.0,0.6,6.0,30.507961700841506,True,1333.8063505503949,,0.44040510011836886,2
5.0,1.0,0.6,8.0,40.67728226778868,True,1394.3021059894825,,0.4373816999141127,2
5.0,1.0,0.6,10.0,50.84660283473585,True,1442.0565038020904,,0.4389532001223415,2
5.0,2.0,0.0,2.0,26.563949380875105,True,1498.9330402021244,,0.1534415001515299,2
5.0,2.0,0.0,3.0,39.84592407131266,True,1322.41399686026,,0.15363349998369813,2
5.0,2.0,0.0,4.0,53.12789876175021,True,1273.4122226208212,,0.15528189996257424,2
5.0,2.0,0.0,5.0,66.40987345218777,True,1272.8878756453305,,0.15528159984387457,2
5.0,2.0,0.0,6.0,79.69184814262532,True,1293.1762147362324,,0.15565999993123114,2
5.0,2.0,0.0,8.0,106.25579752350042,True,1357.4294901656276,,0.15889060008339584,2
5.0,2.0,0.0,10.0,132.81974690437553,True,1427.9848823533707,,0.1586496999952942,2
5.0,2.0,0.15,2.0,30.457910188026784,True,1462.27471755462,,0.2751448000781238,2
5.0,2.0,0.15,3.0,45.68686528204017,True,1310.848635576696,,0.2778926999308169,2
5.0,2.0,0.15,4.0,60.91582037605357,True,1270.2344819304417,,0.2798921999055892,2
5.0,2.0,0.15,5.0,76.14477547006696,True,1271.7849972461656,,0.2836492999922484,2
5.0,2.0,0.15,6.0,91.37373056408035,True,1292.305559596094,,0.28032030002214015,2
5.0,2.0,0.15,8.0,121.83164075210713,True,1353.8282401706688,,0.2791397999972105,2
5.0,2.0,0.15,10.0,152.28955094013392,True,1420.4698967244385,,0.27624669997021556,2
5.0,2.0,0.3,2.0,41.02256577762128,True,1427.1202478286648,,0.2748547999653965,2
5.0,2.0,0.3,3.0,61.533848666431915,True,1310.5043549724223,,0.2715181999374181,2
5.0,2.0,0.3,4.0,82.04513155524256,True,1276.7520876499962,,0.2752336000557989,2
5.0,2.0,0.3,5.0,102.55641444405319,True,1275.692823953112,,0.2734466998372227,2
5.0,2.0,0.3,6.0,123.06769733286383,True,1290.0370044918498,,0.27202360006049275,2
5.0,2.0,0.3,8.0,164.09026311048513,True,1337.5331150273817,,0.27411250001750886,2
5.0,2.0,0.3,10.0,205.11282888810638,True,1391.6864945671268,,0.2911119998898357,2
5.0,2.0,0.45,2.0,61.46260280700711,True,1419.5612187285706,,0.396793199935928,2
5.0,2.0,0.45,3.0,92.19390421051067,True,1340.4207922019255,,0.3892035000026226,2
5.0,2.0,0.45,4.0,122.92520561401422,True,1311.7225896709224,,0.3919589000288397,2
5.0,2.0,0.45,5.0,153.65650701751778,True,1302.5281945774,,0.3931976999156177,2
5.0,2.0,0.45,6.0,184.38780842102133,True,1303.239460124061,,0.3889051000587642,2
5.0,2.0,0.45,8.0,245.85041122802843,True,1316.7889251399242,,0.3963805998209864,2
5.0,2.0,0.45,10.0,307.31301403503556,True,1338.1925891240694,,0.3960217998828739,2
5.0,2.0,0.6,2.0,34.31951470969726,True,1423.03032580327,,0.4464151000138372,2
5.0,2.0,0.6,3.0,51.47927206454589,True,1323.9632863946822,,0.44261779985390604,2
5.0,2.0,0.6,4.0,68.63902941939452,True,1300.7390533727294,,0.4502566000446677,2
5.0,2.0,0.6,5.0,85.79878677424315,True,1301.9026364674737,,0.4482372000347823,2
5.0,2.0,0.6,6.0,102.95854412909178,True,1312.0693350796764,,0.44244319992139935,2
5.0,2.0,0.6,8.0,137.27805883878904,True,1340.5269314068819,,0.44358479999937117,2
5.0,2.0,0.6,10.0,171.5975735484863,True,1368.5748873760992,,0.4565879001747817,2
6.0,0.0,0.0,2.0,7.895116236110098,True,2222.3354704714206,,0.14885269990190864,2
6.0,0.0,0.0,3.0,11.84267435416515,True,1340.388366555225,,0.14489870006218553,2
6.0,0.0,0.0,4.0,15.790232472220197,True,1273.3540750339096,,0.1448602001182735,2
6.0,0.0,0.0,5.0,19.737790590275246,True,1278.6408515836476,,0.14760490017943084,2
6.0,0.0,0.0,6.0,23.6853487083303,True,1299.375121439646,,0.14347999985329807,2
6.0,0.0,0.0,8.0,31.580464944440394,True,1351.0643366399395,,0.14341469993814826,2
6.0,0.0,0.0,10.0,39.47558118055049,True,1403.990715466257,,0.14475320000201464,2
6.0,0.0,0.15,2.0,8.096526388556882,True,2157.0880233805688,,0.26900109997950494,2
6.0,0.0,0.15,3.0,12.144789582835324,True,1314.640680243774,,0.26576270000077784,2
6.0,0.0,0.15,4.0,16.193052777113763,True,1270.9601884564545,,0.2616427999455482,2
6.0,0.0,0.15,5.0,20.241315971392208,True,1284.665894381767,,0.25937410001643,2
6.0,0.0,0.15,6.0,24.28957916567065,True,1307.0363739063941,,0.2592681001406163,2
6.0,0.0,0.15,8.0,32.38610555422753,True,1355.9046884792785,,0.2571239999961108,2
6.0,0.0,0.15,10.0,40.482631942784415,True,1403.4015161839964,,0.2583409999497235,2
6.0,0.0,0.3,2.0,7.524168622796991,True,2294.4997352809123,,0.3136657001450658,2
6.0,0.0,0.3,3.0,11.286252934195486,True,1334.13028694015,,0.31529810000211,2
6.0,0.0,0.3,4.0,15.048337245593983,True,1285.4694797057357,,0.31661900016479194,2
6.0,0.0,0.3,5.0,18.810421556992477,True,1307.7108214176371,,0.3193536999169737,2
6.0,0.0,0.3,6.0,22.572505868390973,True,1334.030886290251,,0.32429299992509186,2
6.0,0.0,0.3,8.0,30.096674491187965,True,1378.1505570852871,,0.3293659999035299,2
6.0,0.0,0.3,10.0,37.620843113984954,True,1412.286794070308,,0.3207121999002993,2
6.0,0.0,0.45,2.0,6.05930774826054,True,3525.074864493039,,0.4081380001734942,2
6.0,0.0,0.45,3.0,9.088961622390809,True,1926.3503715480724,,0.40258749993517995,2
6.0,0.0,0.45,4.0,12.11861549652108,True,1288.1757759471102,,0.4046522001735866,2
6.0,0.0,0.45,5.0,15.148269370651349,True,1305.938245920744,,0.40583299985155463,2
6.0,0.0,0.45,6.0,18.177923244781617,True,1351.0519564233082,,0.4040472998749465,2
6.0,0.0,0.45,8.0,24.23723099304216,True,1426.6183789358302,,0.4036020999774337,2
6.0,0.0,0.45,10.0,30.296538741302697,True,1477.767261102737,,0.4051041000057012,2
6.0,0.0,0.6,2.0,5.718264393615714,True,3601.7757147672332,,0.49044129997491837,2
6.0,0.0,0.6,3.0,8.57739659042357,True,1956.6842601401258,,0.4586845999583602,2
6.0,0.0,0.6,4.0,11.436528787231428,True,1297.5773894479858,,0.4650395999196917,2
6.0,0.0,0.6,5.0,14.295660984039284,True,1305.6062364805466,,0.4618061000946909,2
6.0,0.0,0.6,6.0,17.15479318084714,True,1357.1137645030667,,0.49400389986112714,2
6.0,0.0,0.6,8.0,22.873057574462855,True,1449.0904751311173,,0.47703599999658763,2
6.0,0.0,0.6,10.0,28.591321968078567,True,1514.0248589769421,,0.47578919981606305,2
6.0,1.0,0.0,2.0,13.59464477570678,True,1526.8801401117425,,0.1585264999885112,2
6.0,1.0,0.0,3.0,20.39196716356017,True,1320.165468755954,,0.16551720001734793,2
6.0,1.0,0.0,4.0,27.18928955141356,True,1276.0118596878608,,0.16040089982561767,2
6.0,1.0,0.0,5.0,33.98661193926695,True,1276.0100302622247,,0.15693279984407127,2
6.0,1.0,0.0,6.0,40.78393432712034,True,1292.919357654673,,0.15439280006103218,2
6.0,1.0,0.0,8.0,54.37857910282712,True,1344.0377939614987,,0.15643689990974963,2
6.0,1.0,0.0,10.0,67.9732238785339,True,1401.2070727028672,,0.15623389999382198,2
6.0,1.0,0.15,2.0,14.62887841889765,True,1466.066188078964,,0.25967790000140667,2
6.0,1.0,0.15,3.0,21.943317628346474,True,1304.7344362051901,,0.258816699963063,2
6.0,1.0,0.15,4.0,29.2577568377953,True,1274.1725813499418,,0.2580661999527365,2
6.0,1.0,0.15,5.0,36.57219604724413,True,1278.2985291515784,,0.25389789999462664,2
6.0,1.0,0.15,6.0,43.88663525669295,True,1294.7254730547418,,0.2571435000281781,2
6.0,1.0,0.15,8.0,58.5155136755906,True,1341.337033337149,,0.25675960001535714,2
6.0,1.0,0.15,10.0,73.14439209448825,True,1392.481036785096,,0.2603337001055479,2
6.0,1.0,0.3,2.0,15.002507119718977,True,1435.5608680165144,,0.3263014000840485,2
6.0,1.0,0.3,3.0,22.503760679578466,True,1309.6446048999187,,0.3266661998350173,2
6.0,1.0,0.3,4.0,30.005014239437955,True,1291.7526969703417,,0.32721769995987415,2
6.0,1.0,0.3,5.0,37.50626779929744,True,1297.5556228218104,,0.32968569989316165,2
6.0,1.0,0.3,6.0,45.00752135915693,True,1310.3539122179602,,0.32727480004541576,2
6.0,1.0,0.3,8.0,60.01002847887591,True,1341.8189614362511,,0.3280780001077801,2
6.0,1.0,0.3,10.0,75.01253559859488,True,1373.7715668176406,,0.33106759982183576,2
6.0,1.0,0.45,2.0,11.361598262780902,True,1558.421325171415,,0.40745629998855293,2
6.0,1.0,0.45,3.0,17.042397394171353,True,1311.088657193791,,0.4029421000741422,2
6.0,1.0,0.45,4.0,22.723196525561804,True,1287.6301155418519,,0.4019582998007536,2
6.0,1.0,0.45,5.0,28.403995656952254,True,1304.6427938349057,,0.40471889986656606,2
6.0,1.0,0.45,6.0,34.084794788342705,True,1329.319171323362,,0.401114400010556,2
6.0,1.0,0.45,8.0,45.44639305112361,True,1376.109425915098,,0.4043449000455439,2
6.0,1.0,0.45,10.0,56.80799131390451,True,1412.912026263258,,0.4029884999617934,2
6.0,1.0,0.6,2.0,9.994001367745426,True,1720.1745496214671,,0.4824318999890238,2
6.0,1.0,0.6,3.0,14.991002051618139,True,1318.0893232747894,,0.4912040999624878,2
6.0,1.0,0.6,4.0,19.988002735490852,True,1276.8342644804409,,0.4941507999319583,2
6.0,1.0,0.6,5.0,24.98500341936356,True,1297.403285381618,,0.4953486998565495,2
6.0,1.0,0.6,6.0,29.982004103236278,True,1330.7943988383224,,0.5021476000547409,2
6.0,1.0,0.6,8.0,39.976005470981704,True,1397.0886021786082,,0.4868836000096053,2
6.0,1.0,0.6,10.0,49.97000683872712,True,1451.2758294733017,,0.4807978000026196,2
6.0,2.0,0.0,2.0,45.67339034315244,True,1463.9760817652214,,0.17328110011294484,2
6.0,2.0,0.0,3.0,68.51008551472866,True,1333.0068400047558,,0.17403520015068352,2
6.0,2.0,0.0,4.0,91.34678068630488,True,1286.3611785249398,,0.1705657998099923,2
6.0,2.0,0.0,5.0,114.18347585788109,True,1275.5672549370388,,0.17322210012935102,2
6.0,2.0,0.0,6.0,137.02017102945732,True,1282.805614624823,,0.17066050018183887,2
6.0,2.0,0.0,8.0,182.69356137260976,True,1321.4207244028696,,0.1710305002052337,2
6.0,2.0,0.0,10.0,228.36695171576218,True,1372.7887829427616,,0.17038389993831515,2
6.0,2.0,0.15,2.0,59.11963710702028,True,1436.0867754287985,,0.2896348999347538,2
6.0,2.0,0.15,3.0,88.67945566053042,True,1328.1292406565562,,0.29308889992535114,2
6.0,2.0,0.15,4.0,118.23927421404056,True,1287.7831517593402,,0.2926741000264883,2
6.0,2.0,0.15,5.0,147.7990927675507,True,1277.0627209521306,,0.29120100010186434,2
6.0,2.0,0.15,6.0,177.35891132106084,True,1281.2881354931144,,0.2919408001471311,2
6.0,2.0,0.15,8.0,236.47854842808113,True,1312.0839072534109,,0.28990460000932217,2
6.0,2.0,0.15,10.0,295.5981855351014,True,1354.4028969096175,,0.2877219000365585,2
6.0,2.0,0.3,2.0,87.7433991220613,True,1432.698819294556,,0.35670830006711185,2
6.0,2.0,0.3,3.0,131.61509868309193,True,1356.0244628408113,,0.35838659992441535,2
6.0,2.0,0.3,4.0,175.4867982441226,True,1321.8994018318276,,0.36220650002360344,2
6.0,2.0,0.3,5.0,219.35849780515323,True,1306.16271212542,,0.3545266001019627,2
6.0,2.0,0.3,6.0,263.23019736618386,True,1299.9584964952026,,0.358183000003919,2
6.0,2.0,0.3,8.0,350.9735964882452,True,1302.892256809111,,0.3565112999640405,2
6.0,2.0,0.3,10.0,438.71699561030647,True,1316.5389975722794,,0.3648171001113951,2
6.0,2.0,0.45,2.0,44.59976290386263,True,1420.6987251851374,,0.43208359996788204,2
6.0,2.0,0.45,3.0,66.89964435579395,True,1338.4722065803908,,0.42882289993576705,2
6.0,2.0,0.45,4.0,89.19952580772527,True,1314.9944748119617,,0.4445022998843342,2
6.0,2.0,0.45,5.0,111.49940725965658,True,1311.4223116208007,,0.4487604000605643,2
6.0,2.0,0.45,6.0,133.7992887115879,True,1315.4149471487162,,0.4427660999353975,2
6.0,2.0,0.45,8.0,178.39905161545053,True,1331.60275840453,,0.4392830999568105,2
6.0,2.0,0.45,10.0,222.99881451931316,True,1349.3451787396514,,0.44648770010098815,2
6.0,2.0,0.6,2.0,30.864770872953113,True,1428.4682647557704,,0.4901048999745399,2
6.0,2.0,0.6,3.0,46.29715630942967,True,1315.037884823703,,0.4920836999081075,2
6.0,2.0,0.6,4.0,61.729541745906225,True,1289.4259223171746,,0.489201300079003,2
6.0,2.0,0.6,5.0,77.16192718238277,True,1292.5469740739022,,0.48869040003046393,2
6.0,2.0,0.6,6.0,92.59431261885933,True,1306.3290907387252,,0.48793790000490844,2
6.0,2.0,0.6,8.0,123.45908349181245,True,1343.3221038653335,,0.5260755999479443,2
6.0,2.0,0.6,10.0,154.32385436476554,True,1380.0921855469364,,0.5202915000263602,2
7.0,0.0,0.0,2.0,8.917028514752845,True,2099.98282664863,,0.15910960012115538,2
7.0,0.0,0.0,3.0,13.375542772129265,True,1329.4132623451092,,0.15773850004188716,2
7.0,0.0,0.0,4.0,17.83405702950569,True,1291.2347408657386,,0.15319460001774132,2
7.0,0.0,0.0,5.0,22.29257128688211,True,1290.564691432662,,0.14927350007928908,2
7.0,0.0,0.0,6.0,26.75108554425853,True,1298.0101818739488,,0.15104230004362762,2
7.0,0.0,0.0,8.0,35.66811405901138,True,1321.5348385758161,,0.14828269998542964,2
7.0,0.0,0.0,10.0,44.58514257376422,True,1349.8023959351972,,0.15066189994104207,2
7.0,0.0,0.15,2.0,8.54214741787028,True,2088.675990374366,,0.27657620003446937,2
7.0,0.0,0.15,3.0,12.81322112680542,True,1314.5480818774613,,0.2755110999569297,2
7.0,0.0,0.15,4.0,17.08429483574056,True,1289.5242697231192,,0.2798961999360472,2
7.0,0.0,0.15,5.0,21.355368544675702,True,1299.9208767298232,,0.28218619991093874,2
7.0,0.0,0.15,6.0,25.62644225361084,True,1313.1508136170048,,0.27567790006287396,2
7.0,0.0,0.15,8.0,34.16858967148112,True,1338.0633715399122,,0.27347170002758503,2
7.0,0.0,0.15,10.0,42.710737089351404,True,1361.05524549734,,0.27417810005135834,2
7.0,0.0,0.3,2.0,6.797703179723379,True,3429.967391790597,,0.3477284999098629,2
7.0,0.0,0.3,3.0,10.196554769585067,True,1392.3926044810719,,0.347753900103271,2
7.0,0.0,0.3,4.0,13.595406359446757,True,1284.4551263975923,,0.38762920000590384,2
7.0,0.0,0.3,5.0,16.994257949308444,True,1307.7761014558284,,0.349291899939999,2
7.0,0.0,0.3,6.0,20.393109539170133,True,1340.875763617755,,0.356679700082168,2
7.0,0.0,0.3,8.0,27.190812718893515,True,1392.4583689420863,,0.36846889997832477,2
7.0,0.0,0.3,10.0,33.98851589861689,True,1426.1821725491313,,0.3597788999322802,2
7.0,0.0,0.45,2.0,5.96783227671784,True,3548.6536241126732,,0.45099299983121455,2
7.0,0.0,0.45,3.0,8.95174841507676,True,1933.4366357958502,,0.452934900065884,2
7.0,0.0,0.45,4.0,11.93566455343568,True,1286.897649761522,,0.45983669999986887,2
7.0,0.0,0.45,5.0,14.919580691794602,True,1300.6941120997155,,0.43782009999267757,2
7.0,0.0,0.45,6.0,17.90349683015352,True,1347.6564838576232,,0.44448859989643097,2
7.0,0.0,0.45,8.0,23.87132910687136,True,1429.505317513299,,0.4432447000872344,2
7.0,0.0,0.45,10.0,29.839161383589204,True,1486.6895122748465,,0.4420689002145082,2
7.0,0.0,0.6,2.0,5.824673109790993,True,3578.599851520109,,0.5240334998816252,2
7.0,0.0,0.6,3.0,8.73700966468649,True,1947.8464579339773,,0.5248792001511902,2
7.0,0.0,0.6,4.0,11.649346219581986,True,1296.0996670868233,,0.516849200008437,2
7.0,0.0,0.6,5.0,14.561682774477484,True,1308.3922326499965,,0.5133698999416083,2
7.0,0.0,0.6,6.0,17.47401932937298,True,1358.8356321234694,,0.5127731000538915,2
7.0,0.0,0.6,8.0,23.298692439163972,True,1446.7885740844042,,0.5158254001289606,2
7.0,0.0,0.6,10.0,29.12336554895497,True,1508.4623613515953,,0.5153069000225514,2
7.0,1.0,0.0,2.0,17.19447147337593,True,1462.1817527211913,,0.16697190003469586,2
7.0,1.0,0.0,3.0,25.791707210063898,True,1333.1339297778438,,0.1737118000164628,2
7.0,1.0,0.0,4.0,34.38894294675186,True,1296.4839459360724,,0.16879929997958243,2
7.0,1.0,0.0,5.0,42.986178683439825,True,1287.050796984806,,0.1697300998494029,2
7.0,1.0,0.0,6.0,51.583414420127795,True,1289.5109835473625,,0.16972960019484162,2
7.0,1.0,0.0,8.0,68.77788589350372,True,1311.3927299708969,,0.1715770000591874,2
7.0,1.0,0.0,10.0,85.97235736687965,True,1342.8784863155058,,0.16972399991936982,2
7.0,1.0,0.15,2.0,17.44506668977416,True,1424.238690519407,,0.2956683000084013,2
7.0,1.0,0.15,3.0,26.167600034661238,True,1322.297562148146,,0.29519119998440146,2
7.0,1.0,0.15,4.0,34.89013337954832,True,1298.458643439672,,0.29049280006438494,2
7.0,1.0,0.15,5.0,43.6126667244354,True,1294.564767167865,,0.29155070008710027,2
7.0,1.0,0.15,6.0,52.335200069322475,True,1298.6304206121786,,0.2940015001222491,2
7.0,1.0,0.15,8.0,69.78026675909663,True,1315.2466039296596,,0.2985829000826925,2
7.0,1.0,0.15,10.0,87.2253334488708,True,1337.9094118607372,,0.3017414999194443,2
7.0,1.0,0.3,2.0,13.546789274533037,True,1463.2694514814057,,0.37509729992598295,2
7.0,1.0,0.3,3.0,20.320183911799557,True,1314.877466022495,,0.37985739996656775,2
7.0,1.0,0.3,4.0,27.093578549066073,True,1300.151382453713,,0.37582499999552965,2
7.0,1.0,0.3,5.0,33.866973186332594,True,1310.0534447287466,,0.36356620001606643,2
7.0,1.0,0.3,6.0,40.640367823599114,True,1324.1176241805258,,0.3667157001327723,2
7.0,1.0,0.3,8.0,54.18715709813215,True,1351.681269130102,,0.36432369984686375,2
7.0,1.0,0.3,10.0,67.73394637266519,True,1373.7687367209576,,0.37303760019131005,2
7.0,1.0,0.45,2.0,10.630697088514637,True,1634.1051216418448,,0.4280631002038717,2
7.0,1.0,0.45,3.0,15.946045632771956,True,1311.7740475773678,,0.42527489992789924,2
7.0,1.0,0.45,4.0,21.261394177029274,True,1278.1283535135535,,0.42458399990573525,2
7.0,1.0,0.45,5.0,26.576742721286593,True,1296.18297047917,,0.42635280010290444,2
7.0,1.0,0.45,6.0,31.89209126554391,True,1324.8702843902558,,0.42797760013490915,2
7.0,1.0,0.45,8.0,42.52278835405855,True,1381.3210955466675,,0.4309634999372065,2
7.0,1.0,0.45,10.0,53.153485442573185,True,1427.8474581036453,,0.42472889996133745,2
7.0,1.0,0.6,2.0,10.369053987297217,True,1672.9999193695153,,0.5375087999273092,2
7.0,1.0,0.6,3.0,15.553580980945828,True,1313.9209138292774,,0.5388903999701142,2
7.0,1.0,0.6,4.0,20.738107974594435,True,1279.6788136236403,,0.5271876000333577,2
7.0,1.0,0.6,5.0,25.922634968243045,True,1300.3677348752055,,0.526372600113973,2
7.0,1.0,0.6,6.0,31.107161961891656,True,1331.976357026163,,0.5314029001165181,2
7.0,1.0,0.6,8.0,41.47621594918887,True,1394.301615653265,,0.526189099997282,2
7.0,1.0,0.6,10.0,51.84526993648609,True,1445.905975458364,,0.5371114001609385,2
7.0,2.0,0.0,2.0,106.11583211652746,True,1475.1842490082433,,0.19078540010377765,2
7.0,2.0,0.0,3.0,159.17374817479117,True,1377.0495005628395,,0.19330549985170364,2
7.0,2.0,0.0,4.0,212.23166423305491,True,1327.492504066759,,0.18833049992099404,2
7.0,2.0,0.0,5.0,265.2895802913186,True,1301.6298089803227,,0.18928110017441213,2
7.0,2.0,0.0,6.0,318.34749634958234,True,1289.8358378772823,,0.19397329981438816,2
7.0,2.0,0.0,8.0,424.46332846610983,True,1289.936910761352,,0.18876539985649288,2
7.0,2.0,0.0,10.0,530.5791605826372,True,1307.099225933358,,0.19006279995664954,2
7.0,2.0,0.15,2.0,141.27105141753452,True,1464.677990088429,,0.3544467000756413,2
7.0,2.0,0.15,3.0,211.90657712630178,True,1389.461196563224,,0.3543012998998165,2
7.0,2.0,0.15,4.0,282.54210283506904,True,1348.8377028158457,,0.3445271998643875,2
7.0,2.0,0.15,5.0,353.17762854383625,True,1324.4999237012123,,0.3678028001450002,2
7.0,2.0,0.15,6.0,423.81315425260357,True,1309.9162091576059,,0.35136709990911186,2
7.0,2.0,0.15,8.0,565.0842056701381,True,1297.1722292624443,,0.3493721999693662,2
7.0,2.0,0.15,10.0,706.3552570876725,True,1297.8594241477183,,0.34635569993406534,2
7.0,2.0,0.3,2.0,68.56772220057817,True,1434.4944101204637,,0.39637800003401935,2
7.0,2.0,0.3,3.0,102.85158330086725,True,1368.175521029835,,0.39389539998956025,2
7.0,2.0,0.3,4.0,137.13544440115635,True,1342.821643813238,,0.39563259994611144,2
7.0,2.0,0.3,5.0,171.41930550144542,True,1332.5706305148728,,0.4002910000272095,2
7.0,2.0,0.3,6.0,205.7031666017345,True,1328.9511704730417,,0.39416659995913506,2
7.0,2.0,0.3,8.0,274.2708888023127,True,1329.6133134609363,,0.3946559999603778,2
7.0,2.0,0.3,10.0,342.83861100289084,True,1333.6937080334021,,0.389227099949494,2
7.0,2.0,0.45,2.0,35.58611913444215,True,1424.7682646751716,,0.45052090007811785,2
7.0,2.0,0.45,3.0,53.379178701663214,True,1322.8464616991607,,0.4517441999632865,2
7.0,2.0,0.45,4.0,71.1722382688843,True,1297.0421427943895,,0.4497518998105079,2
7.0,2.0,0.45,5.0,88.96529783610536,True,1296.3863604239534,,0.4550890000537038,2
7.0,2.0,0.45,6.0,106.75835740332643,True,1305.507588395025,,0.45224359980784357,2
7.0,2.0,0.45,8.0,142.3444765377686,True,1333.2575267800407,,0.4521614001132548,2
7.0,2.0,0.45,10.0,177.93059567221073,True,1361.7130672606274,,0.45022590016014874,2
7.0,2.0,0.6,2.0,33.9288214769761,True,1422.9762061762935,,0.551735799992457,2
7.0,2.0,0.6,3.0,50.89323221546414,True,1318.2489330770775,,0.54463000013493,2
7.0,2.0,0.6,4.0,67.8576429539522,True,1293.273593259922,,0.5384909000713378,2
7.0,2.0,0.6,5.0,84.82205369244024,True,1294.7671264702992,,0.5345622000750154,2
7.0,2.0,0.6,6.0,101.78646443092828,True,1306.6315921741684,,0.5544936000369489,2
7.0,2.0,0.6,8.0,135.7152859079044,True,1340.0728645224178,,0.5340658000204712,2
7.0,2.0,0.6,10.0,169.64410738488047,True,1374.4673100496593,,0.5298440998885781,2
8.0,0.0,0.0,2.0,9.01486514959892,True,2086.7565550181653,,0.1516746999695897,2
8.0,0.0,0.0,3.0,13.52229772439838,True,1342.7062608428234,,0.15212589991278946,2
8.0,0.0,0.0,4.0,18.02973029919784,True,1315.3156964194088,,0.1536139000672847,2
8.0,0.0,0.0,5.0,22.5371628739973,True,1314.8987010754818,,0.1524969998281449,2
8.0,0.0,0.0,6.0,27.04459544879676,True,1317.330028636678,,0.15085450001060963,2
8.0,0.0,0.0,8.0,36.05946059839568,True,1322.6024385857322,,0.14923939993605018,2
8.0,0.0,0.0,10.0,45.0743257479946,True,1329.2803140314709,,0.14918359997682273,2
8.0,0.0,0.15,2.0,7.852664600908255,True,2192.449718216155,,0.29909400013275445,2
8.0,0.0,0.15,3.0,11.778996901362381,True,1333.7222141980712,,0.302596100140363,2
8.0,0.0,0.15,4.0,15.70532920181651,True,1295.496277152431,,0.30443940008990467,2
8.0,0.0,0.15,5.0,19.631661502270635,True,1311.3845059820958,,0.2995962998829782,2
8.0,0.0,0.15,6.0,23.557993802724763,True,1328.862847489,,0.3024289000313729,2
8.0,0.0,0.15,8.0,31.41065840363302,True,1353.685271452245,,0.30223609996028244,2
8.0,0.0,0.15,10.0,39.26332300454127,True,1368.5142961885037,,0.30353239993564785,2
8.0,0.0,0.3,2.0,6.382026423750021,True,3477.8641408308495,,0.3752311000134796,2
8.0,0.0,0.3,3.0,9.573039635625031,True,1493.5736981197347,,0.42373870010487735,2
8.0,0.0,0.3,4.0,12.764052847500041,True,1279.2434566496522,,0.37564179999753833,2
8.0,0.0,0.3,5.0,15.955066059375051,True,1298.6666775714395,,0.38367790007032454,2
8.0,0.0,0.3,6.0,19.146079271250063,True,1337.0811826016247,,0.37290529999881983,2
8.0,0.0,0.3,8.0,25.528105695000082,True,1400.895194147366,,0.3770014999900013,2
8.0,0.0,0.3,10.0,31.910132118750102,True,1444.1567250297658,,0.37593779992312193,2
8.0,0.0,0.45,2.0,6.112501545322749,True,3521.703542015347,,0.47267739987000823,2
8.0,0.0,0.45,3.0,9.168752317984122,True,1922.5687430448784,,0.4934472998138517,2
8.0,0.0,0.45,4.0,12.225003090645497,True,1284.129520435553,,0.48952349997125566,2
8.0,0.0,0.45,5.0,15.28125386330687,True,1301.9961023049852,,0.49092120002023876,2
8.0,0.0,0.45,6.0,18.337504635968244,True,1347.5153020981536,,0.487540400121361,2
8.0,0.0,0.45,8.0,24.450006181290995,True,1426.7782264134605,,0.4783844999037683,2
8.0,0.0,0.45,10.0,30.56250772661374,True,1482.767488865207,,0.47386960010044277,2
8.0,0.0,0.6,2.0,5.79252642969718,True,3580.046902979156,,0.5973433998879045,2
8.0,0.0,0.6,3.0,8.68878964454577,True,1948.523265907694,,0.5932197000365704,2
8.0,0.0,0.6,4.0,11.58505285939436,True,1296.3923960620075,,0.5978216000366956,2
8.0,0.0,0.6,5.0,14.48131607424295,True,1308.3123327429137,,0.6061073001474142,2
8.0,0.0,0.6,6.0,17.37757928909154,True,1358.553462727122,,0.5958383001852781,2
8.0,0.0,0.6,8.0,23.17010571878872,True,1446.8303708102706,,0.5947796001564711,2
8.0,0.0,0.6,10.0,28.9626321484859,True,1508.8430722815979,,0.5955400001257658,2
8.0,1.0,0.0,2.0,19.109411956356592,True,1450.7596675465318,,0.1787497999612242,2
8.0,1.0,0.0,3.0,28.664117934534882,True,1359.9383776925365,,0.177319300128147,2
8.0,1.0,0.0,4.0,38.218823912713184,True,1331.1820829365943,,0.17843179986812174,2
8.0,1.0,0.0,5.0,47.77352989089148,True,1318.5180420314991,,0.1774880001321435,2
8.0,1.0,0.0,6.0,57.328235869069765,True,1311.8829696260264,,0.1781790000386536,2
8.0,1.0,0.0,8.0,76.43764782542637,True,1309.0684990805037,,0.17781749996356666,2
8.0,1.0,0.0,10.0,95.54705978178296,True,1313.417672347608,,0.17822359991259873,2
8.0,1.0,0.15,2.0,16.412359105084885,True,1429.935454006949,,0.3286090998444706,2
8.0,1.0,0.15,3.0,24.618538657627326,True,1333.7718862093293,,0.32916219998151064,2
8.0,1.0,0.15,4.0,32.82471821016977,True,1318.149737113538,,0.3320796999614686,2
8.0,1.0,0.15,5.0,41.03089776271221,True,1318.0346005877057,,0.3258420000784099,2
8.0,1.0,0.15,6.0,49.23707731525465,True,1321.6636670838118,,0.33041579998098314,2
8.0,1.0,0.15,8.0,65.64943642033954,True,1329.662090781248,,0.33991080010309815,2
8.0,1.0,0.15,10.0,82.06179552542442,True,1337.0483065984997,,0.33381150010973215,2
8.0,1.0,0.3,2.0,11.853276604841787,True,1537.409223438196,,0.39666070020757616,2
8.0,1.0,0.3,3.0,17.779914907262683,True,1310.8007975378544,,0.3905654000118375,2
8.0,1.0,0.3,4.0,23.706553209683573,True,1286.4647472751315,,0.3889772999100387,2
8.0,1.0,0.3,5.0,29.63319151210447,True,1299.713302737048,,0.384565900079906,2
8.0,1.0,0.3,6.0,35.559829814525365,True,1320.2230254115873,,0.38067839993163943,2
8.0,1.0,0.3,8.0,47.413106419367146,True,1360.4956582440643,,0.38007139996625483,2
8.0,1.0,0.3,10.0,59.26638302420894,True,1392.4903158450095,,0.3821297998074442,2
8.0,1.0,0.45,2.0,10.914217359202565,True,1598.2328811147127,,0.4580729999579489,2
8.0,1.0,0.45,3.0,16.371326038803847,True,1309.0824028454538,,0.4556047001387924,2
8.0,1.0,0.45,4.0,21.82843471840513,True,1277.9114404814509,,0.4566240001004189,2
8.0,1.0,0.45,5.0,27.285543398006414,True,1295.2840247967526,,0.4528308999724686,2
8.0,1.0,0.45,6.0,32.742652077607694,True,1323.699975450012,,0.4528349000029266,2
8.0,1.0,0.45,8.0,43.65686943681026,True,1380.2880600392457,,0.45724870008416474,2
8.0,1.0,0.45,10.0,54.57108679601283,True,1426.8281956981186,,0.45930369989946485,2
8.0,1.0,0.6,2.0,10.373283747619947,True,1671.153750314656,,0.6133336999919266,2
8.0,1.0,0.6,3.0,15.559925621429919,True,1314.4622819957528,,0.6184575001243502,2
8.0,1.0,0.6,4.0,20.746567495239894,True,1280.859468093563,,0.6181896000634879,2
8.0,1.0,0.6,5.0,25.933209369049866,True,1301.2406676054168,,0.6085336999967694,2
8.0,1.0,0.6,6.0,31.119851242859838,True,1332.8771936080439,,0.6161335001233965,2
8.0,1.0,0.6,8.0,41.49313499047979,True,1393.8395473336036,,0.6240260999184102,2
8.0,1.0,0.6,10.0,51.86641873809973,True,1443.4744573245935,,0.6353333999868482,2
8.0,2.0,0.0,2.0,213.11385639717972,True,1522.786213023196,,0.22900000005029142,2
8.0,2.0,0.0,3.0,319.6707845957696,True,1459.6885448526914,,0.224046700168401,2
8.0,2.0,0.0,4.0,426.22771279435943,True,1421.9473723749609,,0.22824369999580085,2
8.0,2.0,0.0,5.0,532.7846409929493,True,1394.853413210061,,0.22569179977290332,2
8.0,2.0,0.0,6.0,639.3415691915392,True,1374.9077694000546,,0.22785130003467202,2
8.0,2.0,0.0,8.0,852.4554255887189,True,1346.228896061541,,0.21817490016110241,2
8.0,2.0,0.0,10.0,1065.5692819858987,True,1327.3491605654253,,0.21935730008408427,2
8.0,2.0,0.15,2.0,112.5620794868849,True,1469.4466955295643,,0.363605999853462,2
8.0,2.0,0.15,3.0,168.84311923032732,True,1413.2431327086106,,0.3606062999460846,2
8.0,2.0,0.15,4.0,225.1241589737698,True,1386.298714069052,,0.36151330010034144,2
8.0,2.0,0.15,5.0,281.4051987172122,True,1370.4724115220752,,0.35621290002018213,2
8.0,2.0,0.15,6.0,337.68623846065464,True,1361.0684359254653,,0.3616438000462949,2
8.0,2.0,0.15,8.0,450.2483179475396,True,1348.707125383588,,0.36214939993806183,2
8.0,2.0,0.15,10.0,562.8103974344244,True,1341.2440729497475,,0.35832849983125925,2
8.0,2.0,0.3,2.0,45.820843873693605,True,1427.203101195543,,0.41543569997884333,2
8.0,2.0,0.3,3.0,68.7312658105404,True,1342.2906627939988,,0.40955330012366176,2
8.0,2.0,0.3,4.0,91.64168774738721,True,1316.6953820630174,,0.4164054999127984,2
8.0,2.0,0.3,5.0,114.55210968423401,True,1310.9234354328444,,0.42677500005811453,2
8.0,2.0,0.3,6.0,137.4625316210808,True,1313.437451919762,,0.41502149985171854,2
8.0,2.0,0.3,8.0,183.28337549477442,True,1326.7918397063838,,0.42424389999359846,2
8.0,2.0,0.3,10.0,229.10421936846802,True,1342.4119200894465,,0.4197172001004219,2
8.0,2.0,0.45,2.0,37.04947320431666,True,1422.8337188624687,,0.4798286999575794,2
8.0,2.0,0.45,3.0,55.574209806475,True,1321.6524842760123,,0.4714728998951614,2
8.0,2.0,0.45,4.0,74.09894640863332,True,1294.7429985747413,,0.47503339988179505,2
8.0,2.0,0.45,5.0,92.62368301079167,True,1293.578520984497,,0.47808329993858933,2
8.0,2.0,0.45,6.0,111.14841961295,True,1302.9425962441028,,0.48464950011111796,2
8.0,2.0,0.45,8.0,148.19789281726665,True,1331.0179397458444,,0.49188670003786683,2
8.0,2.0,0.45,10.0,185.24736602158333,True,1361.3813954767816,,0.48496239981614053,2
8.0,2.0,0.6,2.0,34.68387065664658,True,1422.2059331740727,,0.6341706998646259,2
8.0,2.0,0.6,3.0,52.02580598496988,True,1320.6928219413148,,0.62849529995583,2
8.0,2.0,0.6,4.0,69.36774131329317,True,1296.1487377619233,,0.6178843001835048,2
8.0,2.0,0.6,5.0,86.70967664161645,True,1297.178522222508,,0.6224589000921696,2
8.0,2.0,0.6,6.0,104.05161196993976,True,1308.0743775673386,,0.6185540000442415,2
8.0,2.0,0.6,8.0,138.73548262658633,True,1338.9009667819848,,0.6220693001523614,2
8.0,2.0,0.6,10.0,173.4193532832329,True,1370.8846432057983,,0.6199701000005007,2
9.0,0.0,0.0,2.0,8.162993674333155,True,2167.052621006216,,0.19486559997312725,2
9.0,0.0,0.0,3.0,12.244490511499732,True,1355.79724980013,,0.19642190006561577,2
9.0,0.0,0.0,4.0,16.32598734866631,True,1320.2539417145222,,0.19649020000360906,2
9.0,0.0,0.0,5.0,20.40748418583289,True,1328.1576856343368,,0.19736939994618297,2
9.0,0.0,0.0,6.0,24.488981022999464,True,1337.8196449436778,,0.19914979999884963,2
9.0,0.0,0.0,8.0,32.65197469733262,True,1348.8962353364059,,0.19205900002270937,2
9.0,0.0,0.0,10.0,40.81496837166578,True,1352.5513629235286,,0.19581410009413958,2
9.0,0.0,0.15,2.0,7.07752257963662,True,3415.580757804407,,0.34499859996140003,2
9.0,0.0,0.15,3.0,10.61628386945493,True,1366.4766713480217,,0.3367912999819964,2
9.0,0.0,0.15,4.0,14.15504515927324,True,1285.910273895895,,0.3346059999894351,2
9.0,0.0,0.15,5.0,17.69380644909155,True,1304.3162855589767,,0.33180809998884797,2
9.0,0.0,0.15,6.0,21.23256773890986,True,1329.97650450819,,0.3320291999261826,2
9.0,0.0,0.15,8.0,28.31009031854648,True,1368.194861051925,,0.3324257000349462,2
9.0,0.0,0.15,10.0,35.3876128981831,True,1391.922617423279,,0.33204420004040003,2
9.0,0.0,0.3,2.0,6.3973287153184355,True,3482.507051553821,,0.3955316001083702,2
9.0,0.0,0.3,3.0,9.595993072977652,True,1542.3424569925012,,0.4037785001564771,2
9.0,0.0,0.3,4.0,12.794657430636871,True,1277.0202050626858,,0.41503549995832145,2
9.0,0.0,0.3,5.0,15.99332178829609,True,1295.1877296044363,,0.4099331998731941,2
9.0,0.0,0.3,6.0,19.191986145955305,True,1333.657849513013,,0.4095391998998821,2
9.0,0.0,0.3,8.0,25.589314861273742,True,1400.213004186489,,0.4160308998543769,2
9.0,0.0,0.3,10.0,31.98664357659218,True,1448.1845673060152,,0.4065922999288887,2
9.0,0.0,0.45,2.0,6.19255063218971,True,3503.9583210922447,,0.5261755001265556,2
9.0,0.0,0.45,3.0,9.288825948284565,True,1916.5129861185605,,0.5217653999570757,2
9.0,0.0,0.45,4.0,12.38510126437942,True,1283.8024646971821,,0.526179000036791,2
9.0,0.0,0.45,5.0,15.481376580474276,True,1304.347346672764,,0.5325066999066621,2
9.0,0.0,0.45,6.0,18.57765189656913,True,1348.8469787091738,,0.532581000123173,2
9.0,0.0,0.45,8.0,24.77020252875884,True,1424.5076419439836,,0.5255088000558317,2
9.0,0.0,0.45,10.0,30.96275316094855,True,1477.78191551573,,0.5244664999190718,2
9.0,0.0,0.6,2.0,5.769130985033855,True,3596.4799038696397,,0.6730963999871165,2
9.0,0.0,0.6,3.0,8.653696477550781,True,1955.2865349990536,,0.6670610001310706,2
9.0,0.0,0.6,4.0,11.53826197006771,True,1298.473182530362,,0.6621432001702487,2
9.0,0.0,0.6,5.0,14.422827462584637,True,1307.4737301690766,,0.6753769998904318,2
9.0,0.0,0.6,6.0,17.307392955101562,True,1358.5785517147715,,0.6740441001020372,2
9.0,0.0,0.6,8.0,23.07652394013542,True,1447.8786041436167,,0.6713421999011189,2
9.0,0.0,0.6,10.0,28.845654925169274,True,1509.8339031548237,,0.6918339000549167,2
9.0,1.0,0.0,2.0,17.050115990620483,True,1458.5677216184831,,0.1977383999619633,2
9.0,1.0,0.0,3.0,25.575173985930725,True,1366.2518732472365,,0.1978875999338925,2
9.0,1.0,0.0,4.0,34.10023198124097,True,1347.7730523146688,,0.19479680014774203,2
9.0,1.0,0.0,5.0,42.62528997655121,True,1343.4384818511248,,0.19253289978951216,2
9.0,1.0,0.0,6.0,51.15034797186145,True,1342.2076710291733,,0.19471190008334816,2
9.0,1.0,0.0,8.0,68.20046396248193,True,1341.004867752311,,0.1952199002262205,2
9.0,1.0,0.0,10.0,85.25057995310242,True,1339.0294567254405,,0.19030230003409088,2
9.0,1.0,0.15,2.0,13.834996530476012,True,1469.9087804940546,,0.3476541999261826,2
9.0,1.0,0.15,3.0,20.752494795714018,True,1324.7113886447528,,0.35023290012031794,2
9.0,1.0,0.15,4.0,27.669993060952024,True,1307.2626881864664,,0.34569820016622543,2
9.0,1.0,0.15,5.0,34.587491326190026,True,1313.51526410514,,0.3509866998065263,2
9.0,1.0,0.15,6.0,41.504989591428036,True,1324.4118984112054,,0.3499141000211239,2
9.0,1.0,0.15,8.0,55.33998612190405,True,1344.8046423832734,,0.3797410000115633,2
9.0,1.0,0.15,10.0,69.17498265238005,True,1359.7605460090094,,0.35346650006249547,2
9.0,1.0,0.3,2.0,11.573665762267204,True,1553.5611032514541,,0.4090855000540614,2
9.0,1.0,0.3,3.0,17.360498643400806,True,1308.9789078622198,,0.41041170014068484,2
9.0,1.0,0.3,4.0,23.14733152453441,True,1280.2378998710751,,0.41217279992997646,2
9.0,1.0,0.3,5.0,28.934164405668014,True,1293.289130910311,,0.41733369999565184,2
9.0,1.0,0.3,6.0,34.72099728680161,True,1316.019137516677,,0.41981899994425476,2
9.0,1.0,0.3,8.0,46.29466304906882,True,1361.732260747977,,0.4165845999959856,2
9.0,1.0,0.3,10.0,57.86832881133603,True,1399.1847875696012,,0.4190854001790285,2
9.0,1.0,0.45,2.0,11.258282424970075,True,1568.7728972734533,,0.515701700001955,2
9.0,1.0,0.45,3.0,16.887423637455115,True,1308.0294292070148,,0.5031789001077414,2
9.0,1.0,0.45,4.0,22.51656484994015,True,1280.6467083621794,,0.5140698000323027,2
9.0,1.0,0.45,5.0,28.145706062425187,True,1297.4361092880897,,0.5065546000842005,2
9.0,1.0,0.45,6.0,33.77484727491023,True,1323.8187669950432,,0.5368574999738485,2
9.0,1.0,0.45,8.0,45.0331296998803,True,1376.651835880255,,0.5164155000820756,2
9.0,1.0,0.45,10.0,56.291412124850375,True,1420.6289562847965,,0.537248200038448,2
9.0,1.0,0.6,2.0,10.266465267792281,True,1656.208342137224,,0.7012509999331087,2
9.0,1.0,0.6,3.0,15.39969790168842,True,1315.764806199766,,0.6821073000319302,2
9.0,1.0,0.6,4.0,20.532930535584562,True,1279.7171872700308,,0.6905508998315781,2
9.0,1.0,0.6,5.0,25.6661631694807,True,1299.8847986201165,,0.6653106000740081,2
9.0,1.0,0.6,6.0,30.79939580337684,True,1331.9440892175899,,0.6642863000743091,2
9.0,1.0,0.6,8.0,41.065861071169124,True,1394.431594654467,,0.6714092998299748,2
9.0,1.0,0.6,10.0,51.3323263389614,True,1444.953672521736,,0.6561073998454958,2
9.0,2.0,0.0,2.0,110.95300619333285,True,1497.3404171932998,,0.2216643001884222,2
9.0,2.0,0.0,3.0,166.4295092899993,True,1443.4873908002448,,0.22040510014630854,2
9.0,2.0,0.0,4.0,221.9060123866657,True,1418.6666631286253,,0.21757590002380311,2
9.0,2.0,0.0,5.0,277.38251548333216,True,1404.1715457489076,,0.21969990013167262,2
9.0,2.0,0.0,6.0,332.8590185799986,True,1395.352564094477,,0.2211525000166148,2
9.0,2.0,0.0,8.0,443.8120247733314,True,1383.917563888639,,0.2155520999804139,2
9.0,2.0,0.0,10.0,554.7650309666643,True,1375.75985264363,,0.2221131999976933,2
9.0,2.0,0.15,2.0,63.13329791959423,True,1445.8980748908048,,0.37867550016380847,2
9.0,2.0,0.15,3.0,94.69994687939133,True,1376.8579524345328,,0.3726722002029419,2
9.0,2.0,0.15,4.0,126.26659583918845,True,1351.7307460798731,,0.37610919983126223,2
9.0,2.0,0.15,5.0,157.83324479898556,True,1342.004329110428,,0.380097399931401,2
9.0,2.0,0.15,6.0,189.39989375878267,True,1338.8536895647685,,0.38040419993922114,2
9.0,2.0,0.15,8.0,252.5331916783769,True,1339.5747759666758,,0.381951600080356,2
9.0,2.0,0.15,10.0,315.6664895979711,True,1343.5689576682666,,0.36944109993055463,2
9.0,2.0,0.3,2.0,41.90348111107743,True,1427.0549074345315,,0.44495870009995997,2
9.0,2.0,0.3,3.0,62.855221666616146,True,1332.655983231513,,0.4423464999999851,2
9.0,2.0,0.3,4.0,83.80696222215487,True,1304.754542445456,,0.44838840002194047,2
9.0,2.0,0.3,5.0,104.75870277769357,True,1299.8131830648128,,0.4394590000156313,2
9.0,2.0,0.3,6.0,125.71044333323229,True,1304.266870180416,,0.43945199996232986,2
9.0,2.0,0.3,8.0,167.61392444430973,True,1323.4385901327553,,0.435525800101459,2
9.0,2.0,0.3,10.0,209.51740555538714,True,1345.0943172905247,,0.43679149984382093,2
9.0,2.0,0.45,2.0,40.71340226162895,True,1420.475439435454,,0.544723599916324,2
9.0,2.0,0.45,3.0,61.070103392443414,True,1326.1218931705075,,0.5432472999673337,2
9.0,2.0,0.45,4.0,81.4268045232579,True,1299.83242754536,,0.5436009999830276,2
9.0,2.0,0.45,5.0,101.78350565407237,True,1297.193529497343,,0.5382250999100506,2
9.0,2.0,0.45,6.0,122.14020678488683,True,1303.961646987651,,0.5454369001090527,2
9.0,2.0,0.45,8.0,162.8536090465158,True,1328.3115394345068,,0.5433238998521119,2
9.0,2.0,0.45,10.0,203.56701130814474,True,1355.2865548642153,,0.5476143001578748,2
9.0,2.0,0.6,2.0,33.631670591407484,True,1423.5546242271396,,0.680933800060302,2
9.0,2.0,0.6,3.0,50.44750588711123,True,1319.1903774515256,,0.6974885000381619,2
9.0,2.0,0.6,4.0,67.26334118281497,True,1294.646952734198,,0.6848536999896169,2
9.0,2.0,0.6,5.0,84.0791764785187,True,1296.195576809069,,0.6936294999904931,2
9.0,2.0,0.6,6.0,100.89501177422245,True,1307.7070782256853,,0.680708299856633,2
9.0,2.0,0.6,8.0,134.52668236562994,True,1340.1423536891925,,0.6999496000353247,2
9.0,2.0,0.6,10.0,168.1583529570374,True,1372.9514329872522,,0.6937967000994831,2
3.0,0.0,0.0,2.0,5.018535409301004,True,4084.228837434861,,0.12052480014972389,3
3.0,0.0,0.0,3.0,7.527803113951506,True,2184.3971847156254,,0.12202450004406273,3
3.0,0.0,0.0,4.0,10.037070818602007,True,1389.0546629851451,,0.12490010005421937,3
3.0,0.0,0.0,5.0,12.546338523252508,True,1291.604747639731,,0.11838230001740158,3
3.0,0.0,0.0,6.0,15.055606227903011,True,1334.7606995779392,,0.11696779984049499,3
3.0,0.0,0.0,8.0,20.074141637204015,True,1457.5315282334982,,0.1183784999884665,3
3.0,0.0,0.0,10.0,25.092677046505017,True,1559.317751013733,,0.11891740001738071,3
3.0,0.0,0.15,2.0,5.120444912113647,True,3969.102872548938,,0.18402289994992316,3
3.0,0.0,0.15,3.0,7.68066736817047,True,2123.1142121295093,,0.18737800000235438,3
3.0,0.0,0.15,4.0,10.240889824227294,True,1358.5241269558214,,0.18566389987245202,3
3.0,0.0,0.15,5.0,12.801112280284116,True,1289.2305224180523,,0.18698400002904236,3
3.0,0.0,0.15,6.0,15.36133473634094,True,1337.7659069524243,,0.19174770009703934,3
3.0,0.0,0.15,8.0,20.481779648454587,True,1461.8846276084103,,0.18298559985123575,3
3.0,0.0,0.15,10.0,25.60222456056823,True,1562.040681581996,,0.18413259997032583,3
3.0,0.0,0.3,2.0,5.30189002790929,True,3786.315773837755,,0.20626839995384216,3
3.0,0.0,0.3,3.0,7.952835041863935,True,2034.3828970493244,,0.20118730003014207,3
3.0,0.0,0.3,4.0,10.60378005581858,True,1319.7167296615305,,0.2028755999635905,3
3.0,0.0,0.3,5.0,13.254725069773224,True,1289.1458080497341,,0.20938140014186502,3
3.0,0.0,0.3,6.0,15.90567008372787,True,1342.195419065279,,0.20580470003187656,3
3.0,0.0,0.3,8.0,21.20756011163716,True,1464.1220637488568,,0.2077840999700129,3
3.0,0.0,0.3,10.0,26.50945013954645,True,1560.543955102948,,0.20675759995356202,3
3.0,0.0,0.45,2.0,5.577382717921751,True,3671.8411305606533,,0.25308319996111095,3
3.0,0.0,0.45,3.0,8.366074076882626,True,1981.7687103612934,,0.25820899987593293,3
3.0,0.0,0.45,4.0,11.154765435843503,True,1299.1371100522606,,0.2544383001513779,3
3.0,0.0,0.45,5.0,13.943456794804376,True,1293.2701749097876,,0.25839900015853345,3
3.0,0.0,0.45,6.0,16.73214815376525,True,1349.1087107782819,,0.2564881998114288,3
3.0,0.0,0.45,8.0,22.309530871687006,True,1463.7268972595264,,0.25419409992173314,3
3.0,0.0,0.45,10.0,27.886913589608753,True,1552.4967407708525,,0.24728060001507401,3
3.0,0.0,0.6,2.0,5.904410944136549,True,3563.352318213555,,0.2557429000735283,3
3.0,0.0,0.6,3.0,8.856616416204824,True,1937.3207002595489,,0.251024299999699,3
3.0,0.0,0.6,4.0,11.808821888273098,True,1288.8363135699303,,0.25137759977951646,3
3.0,0.0,0.6,5.0,14.761027360341375,True,1305.098981705413,,0.25573859992437065,3
3.0,0.0,0.6,6.0,17.71323283240965,True,1359.1970640616648,,0.25374640012159944,3
3.0,0.0,0.6,8.0,23.617643776546196,True,1459.123218379461,,0.26645229989662766,3
3.0,0.0,0.6,10.0,29.52205472068275,True,1535.5463636187305,,0.267544100061059,3
3.0,1.0,0.0,2.0,7.465668126003798,True,2706.7745879244635,,0.13900560000911355,3
3.0,1.0,0.0,3.0,11.198502189005696,True,1458.6585847485017,,0.14223950006999075,3
3.0,1.0,0.0,4.0,14.931336252007595,True,1284.3476087037561,,0.1339242998510599,3
3.0,1.0,0.0,5.0,18.664170315009493,True,1282.6087139055435,,0.1595447000581771,3
3.0,1.0,0.0,6.0,22.397004378011392,True,1326.1501291105205,,0.1369324999395758,3
3.0,1.0,0.0,8.0,29.86267250401519,True,1436.0463509626343,,0.1278129001148045,3
3.0,1.0,0.0,10.0,37.328340630018985,True,1533.8961976743292,,0.12606359994970262,3
3.0,1.0,0.15,2.0,7.647056066937809,True,2590.932409561311,,0.21212820010259748,3
3.0,1.0,0.15,3.0,11.470584100406713,True,1429.8573013916384,,0.22132109990343451,3
3.0,1.0,0.15,4.0,15.294112133875618,True,1277.505622676109,,0.21688600000925362,3
3.0,1.0,0.15,5.0,19.117640167344522,True,1281.9982446074034,,0.22017020010389388,3
3.0,1.0,0.15,6.0,22.941168200813426,True,1327.4857492292829,,0.21853329986333847,3
3.0,1.0,0.15,8.0,30.588224267751237,True,1437.640620093025,,0.21884500002488494,3
3.0,1.0,0.15,10.0,38.235280334689044,True,1535.248609515133,,0.22347830003127456,3
3.0,1.0,0.3,2.0,7.996154230067272,True,2414.530323374618,,0.21135449991561472,3
3.0,1.0,0.3,3.0,11.994231345100907,True,1392.2167214239407,,0.21173919993452728,3
3.0,1.0,0.3,4.0,15.992308460134543,True,1270.4759133586376,,0.20887670014053583,3
3.0,1.0,0.3,5.0,19.990385575168176,True,1282.4001730453447,,0.20657370006665587,3
3.0,1.0,0.3,6.0,23.988462690201814,True,1329.0619502314662,,0.2016241999808699,3
3.0,1.0,0.3,8.0,31.984616920269087,True,1437.1054330579739,,0.21020820015110075,3
3.0,1.0,0.3,10.0,39.98077115033635,True,1531.757907545425,,0.20983160007745028,3
3.0,1.0,0.45,2.0,8.602380876370761,True,2288.583093799037,,0.23388720001094043,3
3.0,1.0,0.45,3.0,12.90357131455614,True,1354.505144787693,,0.22695750021375716,3
3.0,1.0,0.45,4.0,17.204761752741522,True,1266.2199753312818,,0.2318436000496149,3
3.0,1.0,0.45,5.0,21.5059521909269,True,1284.8875710982784,,0.2310134000144899,3
3.0,1.0,0.45,6.0,25.80714262911228,True,1331.115959755535,,0.22408030019141734,3
3.0,1.0,0.45,8.0,34.409523505483044,True,1433.26442170078,,0.22407449991442263,3
3.0,1.0,0.45,10.0,43.0119043818538,True,1522.3552442005741,,0.2250767000950873,3
3.0,1.0,0.6,2.0,9.584688261072673,True,1929.6017499953637,,0.2557167001068592,3
3.0,1.0,0.6,3.0,14.37703239160901,True,1321.3666204120686,,0.2526668000500649,3
3.0,1.0,0.6,4.0,19.169376522145345,True,1268.4226019770351,,0.24532630015164614,3
3.0,1.0,0.6,5.0,23.961720652681684,True,1291.5832463894599,,0.24606930022127926,3
3.0,1.0,0.6,6.0,28.75406478321802,True,1333.8315393731264,,0.24660620000213385,3
3.0,1.0,0.6,8.0,38.33875304429069,True,1422.955460302358,,0.24846390006132424,3
3.0,1.0,0.6,10.0,47.92344130536337,True,1500.4862626177633,,0.25308279995806515,3
3.0,2.0,0.0,2.0,14.486291173371495,True,1665.874599637195,,0.14522730000317097,3
3.0,2.0,0.0,3.0,21.72943676005724,True,1342.6302059518753,,0.1428978000767529,3
3.0,2.0,0.0,4.0,28.97258234674299,True,1270.7113607084814,,0.14619300002232194,3
3.0,2.0,0.0,5.0,36.21572793342873,True,1277.6135623977175,,0.14127380005083978,3
3.0,2.0,0.0,6.0,43.45887352011448,True,1313.59084675027,,0.14170319982804358,3
3.0,2.0,0.0,8.0,57.94516469348598,True,1407.9916664839548,,0.14710450009442866,3
3.0,2.0,0.0,10.0,72.43145586685746,True,1498.4723937247268,,0.14353320002555847,3
3.0,2.0,0.15,2.0,15.021746564716981,True,1635.8702430624871,,0.20250539993867278,3
3.0,2.0,0.15,3.0,22.53261984707547,True,1333.0297200792697,,0.20189810008741915,3
3.0,2.0,0.15,4.0,30.043493129433962,True,1267.5762638198808,,0.1984850000590086,3
3.0,2.0,0.15,5.0,37.55436641179246,True,1276.988497191205,,0.20142549998126924,3
3.0,2.0,0.15,6.0,45.06523969415094,True,1313.7547644275862,,0.2023297999985516,3
3.0,2.0,0.15,8.0,60.086986258867924,True,1408.106302058116,,0.19881959981285036,3
3.0,2.0,0.15,10.0,75.10873282358492,True,1498.4474593613406,,0.1991023998707533,3
3.0,2.0,0.3,2.0,16.12071555391295,True,1590.7293306870047,,0.22111740009859204,3
3.0,2.0,0.3,3.0,24.181073330869427,True,1321.4042019303113,,0.22588110016658902,3
3.0,2.0,0.3,4.0,32.2414311078259,True,1264.9284585276155,,0.2232615000102669,3
3.0,2.0,0.3,5.0,40.301788884782376,True,1276.6469781051082,,0.2220477000810206,3
3.0,2.0,0.3,6.0,48.362146661738855,True,1313.309620679762,,0.22378459991887212,3
3.0,2.0,0.3,8.0,64.4828622156518,True,1405.787954450162,,0.22403709986247122,3
3.0,2.0,0.3,10.0,80.60357776956475,True,1493.9034593572744,,0.22333050007000566,3
3.0,2.0,0.45,2.0,18.28697547621423,True,1531.639434541608,,0.2415697001852095,3
3.0,2.0,0.45,3.0,27.430463214321346,True,1308.166170752917,,0.240957299945876,3
3.0,2.0,0.45,4.0,36.57395095242846,True,1263.8517355420292,,0.23871709988452494,3
3.0,2.0,0.45,5.0,45.71743869053558,True,1277.4950313780423,,0.2458293999079615,3
3.0,2.0,0.45,6.0,54.86092642864269,True,1312.9375337709016,,0.2501957998611033,3
3.0,2.0,0.45,8.0,73.14790190485692,True,1399.872140659737,,0.2448351001366973,3
3.0,2.0,0.45,10.0,91.43487738107116,True,1482.9043177574997,,0.24294729996472597,3
3.0,2.0,0.6,2.0,22.90658036050395,True,1467.4241040597722,,0.263636999996379,3
3.0,2.0,0.6,3.0,34.35987054075592,True,1300.6460903988745,,0.25648560002446175,3
3.0,2.0,0.6,4.0,45.8131607210079,True,1267.9273591691806,,0.2572795001324266,3
3.0,2.0,0.6,5.0,57.266450901259866,True,1280.628223355616,,0.25824310001917183,3
3.0,2.0,0.6,6.0,68.71974108151184,True,1310.064640103741,,0.25469169998541474,3
3.0,2.0,0.6,8.0,91.6263214420158,True,1384.311157180595,,0.25501530012115836,3
3.0,2.0,0.6,10.0,114.53290180251973,True,1457.6138761870582,,0.25548249995335937,3
4.0,0.0,0.0,2.0,5.74543892154652,True,3672.4485823421187,,0.1314448001794517,3
4.0,0.0,0.0,3.0,8.61815838231978,True,1989.4573337695874,,0.1268352000042796,3
4.0,0.0,0.0,4.0,11.49087784309304,True,1297.9486467574698,,0.12907249992713332,3
4.0,0.0,0.0,5.0,14.3635973038663,True,1280.5082025977542,,0.12914420012384653,3
4.0,0.0,0.0,6.0,17.23631676463956,True,1323.3054414995624,,0.13195559987798333,3
4.0,0.0,0.0,8.0,22.98175568618608,True,1425.9415062161368,,0.13239950011484325,3
4.0,0.0,0.0,10.0,28.7271946077326,True,1514.4253043550943,,0.13358479994349182,3
4.0,0.0,0.15,2.0,5.927640165399217,True,3598.4189262290934,,0.22227749996818602,3
4.0,0.0,0.15,3.0,8.891460248098825,True,1950.6828544794373,,0.22576900012791157,3
4.0,0.0,0.15,4.0,11.855280330798434,True,1281.4835157578686,,0.2250438998453319,3
4.0,0.0,0.15,5.0,14.819100413498042,True,1280.935603677342,,0.2252283999696374,3
4.0,0.0,0.15,6.0,17.78292049619765,True,1327.6336044676773,,0.22270170017145574,3
4.0,0.0,0.15,8.0,23.71056066159687,True,1430.475710468358,,0.22379569988697767,3
4.0,0.0,0.15,10.0,29.638200826996083,True,1517.5137218402233,,0.22248730016872287,3
4.0,0.0,0.3,2.0,6.225618919970842,True,3522.9888453307085,,0.2199072998482734,3
4.0,0.0,0.3,3.0,9.338428379956262,True,1916.7584362428415,,0.22201370005495846,3
4.0,0.0,0.3,4.0,12.451237839941683,True,1271.985575295671,,0.22082160017453134,3
4.0,0.0,0.3,5.0,15.564047299927106,True,1287.3380628680804,,0.22020470001734793,3
4.0,0.0,0.3,6.0,18.676856759912525,True,1335.2246813416014,,0.22486349986866117,3
4.0,0.0,0.3,8.0,24.902475679883366,True,1431.7892620465566,,0.21901350002735853,3
4.0,0.0,0.3,10.0,31.12809459985421,True,1511.6498204246832,,0.2211519000120461,3
4.0,0.0,0.45,2.0,6.525573430990781,True,3461.135067848794,,0.2607819000259042,3
4.0,0.0,0.45,3.0,9.788360146486172,True,1459.4801905598163,,0.2626946000382304,3
4.0,0.0,0.45,4.0,13.051146861981563,True,1276.2156648653936,,0.2666210001334548,3
4.0,0.0,0.45,5.0,16.313933577476952,True,1301.9195835393007,,0.2657896999735385,3
4.0,0.0,0.45,6.0,19.576720292972343,True,1346.8817988726996,,0.2645211999770254,3
4.0,0.0,0.45,8.0,26.102293723963125,True,1429.3418225687838,,0.26299369987100363,3
4.0,0.0,0.45,10.0,32.627867154953904,True,1495.4213368474177,,0.26181229995563626,3
4.0,0.0,0.6,2.0,6.177370061393858,True,3506.0084744033284,,0.3731555000413209,3
4.0,0.0,0.6,3.0,9.266055092090786,True,1922.5965446828836,,0.3881113000679761,3
4.0,0.0,0.6,4.0,12.354740122787716,True,1294.8837683299905,,0.39155549998395145,3
4.0,0.0,0.6,5.0,15.443425153484643,True,1318.715011929337,,0.39257530006580055,3
4.0,0.0,0.6,6.0,18.532110184181573,True,1364.5272339418425,,0.38973909988999367,3
4.0,0.0,0.6,8.0,24.70948024557543,True,1440.1299065760809,,0.3858773000538349,3
4.0,0.0,0.6,10.0,30.886850306969286,True,1492.695631017627,,0.38805320020765066,3
4.0,1.0,0.0,2.0,8.76003631687905,True,2327.2158643009775,,0.13750299997627735,3
4.0,1.0,0.0,3.0,13.140054475318577,True,1376.4717878499216,,0.14042340009473264,3
4.0,1.0,0.0,4.0,17.5200726337581,True,1272.2004704426627,,0.13513049995526671,3
4.0,1.0,0.0,5.0,21.900090792197627,True,1278.2246299181002,,0.12940320000052452,3
4.0,1.0,0.0,6.0,26.280108950637153,True,1316.1262097941683,,0.12950329994782805,3
4.0,1.0,0.0,8.0,35.0401452675162,True,1410.9039498688105,,0.1270888999570161,3
4.0,1.0,0.0,10.0,43.800181584395254,True,1499.1551207651473,,0.1292801999952644,3
4.0,1.0,0.15,2.0,9.131495662884198,True,2254.7116290779823,,0.19947510003112257,3
4.0,1.0,0.15,3.0,13.697243494326298,True,1349.8418093444222,,0.20763069996610284,3
4.0,1.0,0.15,4.0,18.262991325768397,True,1265.5856711586198,,0.20764979999512434,3
4.0,1.0,0.15,5.0,22.828739157210496,True,1277.902756371778,,0.20003229985013604,3
4.0,1.0,0.15,6.0,27.394486988652595,True,1317.6954250015467,,0.21343779982998967,3
4.0,1.0,0.15,8.0,36.52598265153679,True,1412.1404330995524,,0.2072143000550568,3
4.0,1.0,0.15,10.0,45.65747831442099,True,1498.695446354908,,0.20066319988109171,3
4.0,1.0,0.3,2.0,9.862643061149843,True,1815.8757400883953,,0.23079409985803068,3
4.0,1.0,0.3,3.0,14.793964591724764,True,1321.969531131636,,0.23482490004971623,3
4.0,1.0,0.3,4.0,19.725286122299686,True,1262.900495100341,,0.23788930010050535,3
4.0,1.0,0.3,5.0,24.656607652874605,True,1280.8129565551426,,0.23206409998238087,3
4.0,1.0,0.3,6.0,29.58792918344953,True,1319.9917135058854,,0.22982619982212782,3
4.0,1.0,0.3,8.0,39.45057224459937,True,1408.858160541682,,0.22885799990035594,3
4.0,1.0,0.3,10.0,49.31321530574921,True,1490.2986760812396,,0.22983450000174344,3
4.0,1.0,0.45,2.0,11.046264517110373,True,1597.3869834473865,,0.26291950000450015,3
4.0,1.0,0.45,3.0,16.56939677566556,True,1303.316544731301,,0.27148410002700984,3
4.0,1.0,0.45,4.0,22.092529034220746,True,1269.3566622330654,,0.2688794999849051,3
4.0,1.0,0.45,5.0,27.61566129277593,True,1289.4297399928196,,0.26425330014899373,3
4.0,1.0,0.45,6.0,33.13879355133112,True,1323.5212078327224,,0.26916090003214777,3
4.0,1.0,0.45,8.0,44.18505806844149,True,1397.882141511614,,0.2658140000421554,3
4.0,1.0,0.45,10.0,55.23132258555186,True,1466.7044350290987,,0.2608914999291301,3
4.0,1.0,0.6,2.0,11.709943688511478,True,1533.5855021279963,,0.37699929997324944,3
4.0,1.0,0.6,3.0,17.56491553276722,True,1309.7715671649523,,0.3898124999832362,3
4.0,1.0,0.6,4.0,23.419887377022956,True,1289.6810579466521,,0.3770703000482172,3
4.0,1.0,0.6,5.0,29.2748592212787,True,1307.873708706268,,0.3865718001034111,3
4.0,1.0,0.6,6.0,35.12983106553444,True,1334.4393493147638,,0.3818904000800103,3
4.0,1.0,0.6,8.0,46.83977475404591,True,1386.3671247962477,,0.38901009992696345,3
4.0,1.0,0.6,10.0,58.5497184425574,True,1431.854880835971,,0.38602639990858734,3
4.0,2.0,0.0,2.0,18.57526516605023,True,1567.037806645433,,0.1561817000620067,3
4.0,2.0,0.0,3.0,27.862897749075344,True,1327.354914015933,,0.1548758998978883,3
4.0,2.0,0.0,4.0,37.15053033210046,True,1269.8403754192486,,0.1569218998774886,3
4.0,2.0,0.0,5.0,46.438162915125574,True,1274.9021173398692,,0.15738900005817413,3
4.0,2.0,0.0,6.0,55.72579549815069,True,1304.5517503548276,,0.1581711999606341,3
4.0,2.0,0.0,8.0,74.30106066420092,True,1386.294441846689,,0.15354930004104972,3
4.0,2.0,0.0,10.0,92.87632583025115,True,1468.7239433614075,,0.15424209996126592,3
4.0,2.0,0.15,2.0,19.949949330199825,True,1531.5942375568518,,0.2500085001811385,3
4.0,2.0,0.15,3.0,29.92492399529974,True,1316.026552350404,,0.2553254999220371,3
4.0,2.0,0.15,4.0,39.89989866039965,True,1266.1619044148201,,0.2562031000852585,3
4.0,2.0,0.15,5.0,49.874873325499564,True,1273.811013358457,,0.25628039985895157,3
4.0,2.0,0.15,6.0,59.84984799059948,True,1304.0286967712445,,0.2545645001810044,3
4.0,2.0,0.15,8.0,79.7997973207993,True,1385.0407694443584,,0.25901170005090535,3
4.0,2.0,0.15,10.0,99.74974665099913,True,1466.0289364194366,,0.2556252998765558,3
4.0,2.0,0.3,2.0,23.139940161093318,True,1484.225456671761,,0.25250149983912706,3
4.0,2.0,0.3,3.0,34.709910241639975,True,1304.8555598773805,,0.2538923001848161,3
4.0,2.0,0.3,4.0,46.279880322186635,True,1265.3536416151874,,0.25685860007070005,3
4.0,2.0,0.3,5.0,57.849850402733296,True,1274.4836734701805,,0.26517280004918575,3
4.0,2.0,0.3,6.0,69.41982048327995,True,1303.2351487563049,,0.2566575000528246,3
4.0,2.0,0.3,8.0,92.55976064437327,True,1378.4508199890981,,0.25588899990543723,3
4.0,2.0,0.3,10.0,115.69970080546659,True,1454.5178697613624,,0.2582306999247521,3
4.0,2.0,0.45,2.0,30.675369689828614,True,1434.8800067872694,,0.2707205000333488,3
4.0,2.0,0.45,3.0,46.01305453474292,True,1302.7032145135881,,0.27001770003698766,3
4.0,2.0,0.45,4.0,61.35073937965723,True,1272.0160762235166,,0.2721538001205772,3
4.0,2.0,0.45,5.0,76.68842422457153,True,1278.259186790989,,0.27348880004137754,3
4.0,2.0,0.45,6.0,92.02610906948584,True,1300.3596016900017,,0.2718428000807762,3
4.0,2.0,0.45,8.0,122.70147875931445,True,1360.7031123865754,,0.26882110000588,3
4.0,2.0,0.45,10.0,153.37684844914307,True,1423.362481889115,,0.2698262999765575,3
4.0,2.0,0.6,2.0,46.282763108719436,True,1415.408523898025,,0.4010499999858439,3
4.0,2.0,0.6,3.0,69.42414466307916,True,1328.3392058489617,,0.4079945001285523,3
4.0,2.0,0.6,4.0,92.56552621743887,True,1302.6348634696078,,0.4132859001401812,3
4.0,2.0,0.6,5.0,115.7069077717986,True,1299.2364548514836,,0.419450799934566,3
4.0,2.0,0.6,6.0,138.84828932615832,True,1306.1631423169533,,0.4150746001396328,3
4.0,2.0,0.6,8.0,185.13105243487774,True,1331.0758414732838,,0.4102309998124838,3
4.0,2.0,0.6,10.0,231.4138155435972,True,1361.5774615718549,,0.40677620004862547,3
5.0,0.0,0.0,2.0,6.717921988305233,True,3499.8276425847116,,0.15302879991941154,3
5.0,0.0,0.0,3.0,10.076882982457848,True,1441.7476962883202,,0.15540429996326566,3
5.0,0.0,0.0,4.0,13.435843976610466,True,1271.8319553019792,,0.15234169992618263,3
5.0,0.0,0.0,5.0,16.79480497076308,True,1276.813355832954,,0.14883930003270507,3
5.0,0.0,0.0,6.0,20.153765964915696,True,1310.3669752865694,,0.14529760018922389,3
5.0,0.0,0.0,8.0,26.87168795322093,True,1389.1294141769808,,0.14540959987789392,3
5.0,0.0,0.0,10.0,33.58960994152616,True,1462.4362682657963,,0.14830009988509119,3
5.0,0.0,0.15,2.0,6.983105911009555,True,3441.4939011335337,,0.22907230001874268,3
5.0,0.0,0.15,3.0,10.474658866514332,True,1370.177962229965,,0.22724390006624162,3
5.0,0.0,0.15,4.0,13.96621182201911,True,1263.3819963336475,,0.22494040010496974,3
5.0,0.0,0.15,5.0,17.457764777523888,True,1279.7283389178804,,0.2256420999765396,3
5.0,0.0,0.15,6.0,20.949317733028664,True,1316.3579779823415,,0.22436089999973774,3
5.0,0.0,0.15,8.0,27.93242364403822,True,1393.6881626828106,,0.2230499000288546,3
5.0,0.0,0.15,10.0,34.915529555047776,True,1462.9333114869876,,0.22239520004950464,3
5.0,0.0,0.3,2.0,7.233343082506517,True,2495.652913884543,,0.26734640006907284,3
5.0,0.0,0.3,3.0,10.850014623759774,True,1343.6438961933675,,0.2646848000586033,3
5.0,0.0,0.3,4.0,14.466686165013034,True,1270.6085783918286,,0.26437980006448925,3
5.0,0.0,0.3,5.0,18.08335770626629,True,1294.4277442799353,,0.26572659984230995,3
5.0,0.0,0.3,6.0,21.70002924751955,True,1329.0738492577932,,0.2643367999698967,3
5.0,0.0,0.3,8.0,28.933372330026067,True,1395.6270840253176,,0.2738753999583423,3
5.0,0.0,0.3,10.0,36.16671541253258,True,1453.5868926786397,,0.26983450003899634,3
5.0,0.0,0.45,2.0,6.692416820686592,True,3436.968539390065,,0.36826610006392,3
5.0,0.0,0.45,3.0,10.038625231029888,True,1420.064830029847,,0.37456570006906986,3
5.0,0.0,0.45,4.0,13.384833641373184,True,1287.89726912435,,0.37349139992147684,3
5.0,0.0,0.45,5.0,16.731042051716482,True,1314.8870448358057,,0.37539870012551546,3
5.0,0.0,0.45,6.0,20.077250462059776,True,1352.9736808079545,,0.37505030003376305,3
5.0,0.0,0.45,8.0,26.76966728274637,True,1414.5425924488259,,0.37858340004459023,3
5.0,0.0,0.45,10.0,33.462084103432964,True,1458.3193747874234,,0.3780186001677066,3
5.0,0.0,0.6,2.0,5.658175027193567,True,3615.4551834902195,,0.4400082000065595,3
5.0,0.0,0.6,3.0,8.48726254079035,True,1963.6390269170954,,0.4364078000653535,3
5.0,0.0,0.6,4.0,11.316350054387135,True,1301.235202341485,,0.4332331002224237,3
5.0,0.0,0.6,5.0,14.145437567983917,True,1306.863403560756,,0.43053469993174076,3
5.0,0.0,0.6,6.0,16.9745250815807,True,1357.971298843409,,0.4383127000182867,3
5.0,0.0,0.6,8.0,22.63270010877427,True,1449.2402638373674,,0.4328569998033345,3
5.0,0.0,0.6,10.0,28.290875135967834,True,1512.1083266595558,,0.44624469988048077,3
5.0,1.0,0.0,2.0,10.710057851192989,True,1693.657509101512,,0.1540454998612404,3
5.0,1.0,0.0,3.0,16.065086776789485,True,1332.842495379095,,0.1506737000308931,3
5.0,1.0,0.0,4.0,21.420115702385978,True,1269.184829579478,,0.1525574999395758,3
5.0,1.0,0.0,5.0,26.775144627982474,True,1275.240019484971,,0.15069309994578362,3
5.0,1.0,0.0,6.0,32.13017355357897,True,1304.0321093470136,,0.15006439993157983,3
5.0,1.0,0.0,8.0,42.840231404771956,True,1379.5894782843152,,0.14930859999731183,3
5.0,1.0,0.0,10.0,53.55028925596495,True,1455.042378805953,,0.1560825000051409,3
5.0,1.0,0.15,2.0,11.405338542748265,True,1603.1028025392202,,0.23673020000569522,3
5.0,1.0,0.15,3.0,17.1080078141224,True,1310.5348839522712,,0.23554710019379854,3
5.0,1.0,0.15,4.0,22.81067708549653,True,1264.223108690389,,0.22976420004852116,3
5.0,1.0,0.15,5.0,28.51334635687066,True,1275.9313926045027,,0.23187489993870258,3
5.0,1.0,0.15,6.0,34.2160156282448,True,1306.1805069508528,,0.23120789998210967,3
5.0,1.0,0.15,8.0,45.62135417099306,True,1380.0004952854144,,0.22968280012719333,3
5.0,1.0,0.15,10.0,57.02669271374132,True,1451.628983140195,,0.22697130008600652,3
5.0,1.0,0.3,2.0,12.628576593151923,True,1508.7862233964947,,0.2675324999727309,3
5.0,1.0,0.3,3.0,18.94286488972788,True,1298.296118195566,,0.274882199941203,3
5.0,1.0,0.3,4.0,25.257153186303846,True,1269.844129065666,,0.2700583999976516,3
5.0,1.0,0.3,5.0,31.571441482879806,True,1283.2462784830363,,0.2657737999688834,3
5.0,1.0,0.3,6.0,37.88572977945576,True,1309.9657339102057,,0.263198500033468,3
5.0,1.0,0.3,8.0,50.51430637260769,True,1372.2782979921906,,0.26876730006188154,3
5.0,1.0,0.3,10.0,63.14288296575961,True,1432.4506230082104,,0.26176939997822046,3
5.0,1.0,0.45,2.0,13.051975320252716,True,1477.040409973181,,0.34750199993140996,3
5.0,1.0,0.45,3.0,19.57796298037907,True,1307.6081444420245,,0.34984329994767904,3
5.0,1.0,0.45,4.0,26.10395064050543,True,1291.0593711602487,,0.35166340018622577,3
5.0,1.0,0.45,5.0,32.629938300631785,True,1304.3230113805525,,0.35186240007169545,3
5.0,1.0,0.45,6.0,39.15592596075814,True,1324.285833196781,,0.35206039994955063,3
5.0,1.0,0.45,8.0,52.20790128101086,True,1366.3724931206407,,0.35258630011230707,3
5.0,1.0,0.45,10.0,65.25987660126357,True,1404.6281755623695,,0.3547901001293212,3
5.0,1.0,0.6,2.0,10.169317046963704,True,1683.93573110046,,0.44073249981738627,3
5.0,1.0,0.6,3.0,15.253975570445558,True,1317.702361521127,,0.44684930006042123,3
5.0,1.0,0.6,4.0,20.338634093927407,True,1281.7480810315783,,0.4451667000539601,3
5.0,1.0,0.6,5.0,25.42329261740926,True,1302.3798832580474,,0.43964180001057684,3
5.0,1.0,0.6,6.0,30.507951140891116,True,1333.8063190271093,,0.434239299967885,3
5.0,1.0,0.6,8.0,40.677268187854814,True,1394.3021144419529,,0.43354239990003407,3
5.0,1.0,0.6,10.0,50.84658523481852,True,1442.0565092985662,,0.4426267999224365,3
5.0,2.0,0.0,2.0,26.563949333789868,True,1498.9330402003525,,0.16205280018039048,3
5.0,2.0,0.0,3.0,39.8459240006848,True,1322.413996857396,,0.16183490003459156,3
5.0,2.0,0.0,4.0,53.127898667579736,True,1273.4122226217403,,0.1635439998935908,3
5.0,2.0,0.0,5.0,66.40987333447467,True,1272.8878756467352,,0.16476639988832176,3
5.0,2.0,0.0,6.0,79.6918480013696,True,1293.1762147379436,,0.16317360009998083,3
5.0,2.0,0.0,8.0,106.25579733515947,True,1357.4294901640642,,0.16072099981829524,3
5.0,2.0,0.0,10.0,132.81974666894934,True,1427.9848823568334,,0.1637895000167191,3
5.0,2.0,0.15,2.0,30.457910188084266,True,1462.274745790216,,0.2787264999933541,3
5.0,2.0,0.15,3.0,45.6868652821264,True,1310.8486494575095,,0.2848429000005126,3
5.0,2.0,0.15,4.0,60.91582037616853,True,1270.2344853293725,,0.27580530010163784,3
5.0,2.0,0.15,5.0,76.14477547021067,True,1271.784992780653,,0.2722438999917358,3
5.0,2.0,0.15,6.0,91.3737305642528,True,1292.3055493181907,,0.2709178999066353,3
5.0,2.0,0.15,8.0,121.83164075233707,True,1353.8282221943014,,0.27399949985556304,3
5.0,2.0,0.15,10.0,152.28955094042135,True,1420.4698754385847,,0.2910424000583589,3
5.0,2.0,0.3,2.0,41.02256840618306,True,1427.1202974143894,,0.2749799999874085,3
5.0,2.0,0.3,3.0,61.53385260927459,True,1310.5043873045433,,0.26980209979228675,3
5.0,2.0,0.3,4.0,82.04513681236612,True,1276.7521014199617,,0.2701218998990953,3
5.0,2.0,0.3,5.0,102.55642101545766,True,1275.6928214564912,,0.2664582999423146,3
5.0,2.0,0.3,6.0,123.06770521854918,True,1290.0369883660571,,0.2665578001178801,3
5.0,2.0,0.3,8.0,164.09027362473225,True,1337.5330785258502,,0.2690773999784142,3
5.0,2.0,0.3,10.0,205.11284203091532,True,1391.6864433187554,,0.27526829997077584,3
5.0,2.0,0.45,2.0,61.46258384483006,True,1419.5613020279425,,0.40003410005010664,3
5.0,2.0,0.45,3.0,92.19387576724509,True,1340.4208604117923,,0.39997859997674823,3
5.0,2.0,0.45,4.0,122.92516768966011,True,1311.7226341425687,,0.40874250000342727,3
5.0,2.0,0.45,5.0,153.65645961207514,True,1302.5282442853336,,0.42104209982790053,3
5.0,2.0,0.45,6.0,184.38775153449018,True,1303.2394955272748,,0.40503060002811253,3
5.0,2.0,0.45,8.0,245.85033537932023,True,1316.7889220125971,,0.40220859996043146,3
5.0,2.0,0.45,10.0,307.3129192241503,True,1338.1925495089301,,0.4036455999594182,3
5.0,2.0,0.6,2.0,34.319481709025155,True,1423.0304459338122,,0.45818320009857416,3
5.0,2.0,0.6,3.0,51.479222563537725,True,1323.963275138481,,0.4604945001192391,3
5.0,2.0,0.6,4.0,68.63896341805031,True,1300.738991789763,,0.4653878000099212,3
5.0,2.0,0.6,5.0,85.79870427256289,True,1301.9025992393804,,0.455967599991709,3
5.0,2.0,0.6,6.0,102.95844512707545,True,1312.06932025922,,0.46697309985756874,3
5.0,2.0,0.6,8.0,137.27792683610062,True,1340.5269213220179,,0.4590169000439346,3
5.0,2.0,0.6,10.0,171.59740854512577,True,1368.5749612179009,,0.4627159000374377,3
6.0,0.0,0.0,2.0,7.895116189687922,True,2222.335470440618,,0.14871310000307858,3
6.0,0.0,0.0,3.0,11.842674284531883,True,1340.388366544884,,0.14803299983032048,3
6.0,0.0,0.0,4.0,15.790232379375844,True,1273.3540750340142,,0.1482881000265479,3
6.0,0.0,0.0,5.0,19.737790474219803,True,1278.6408515860178,,0.14155429997481406,3
6.0,0.0,0.0,6.0,23.685348569063766,True,1299.3751214432548,,0.14542600000277162,3
6.0,0.0,0.0,8.0,31.58046475875169,True,1351.0643366368076,,0.13654710003174841,3
6.0,0.0,0.0,10.0,39.47558094843961,True,1403.9907154682028,,0.13757190015166998,3
6.0,0.0,0.15,2.0,8.09652623556899,True,2157.088109526435,,0.26291910000145435,3
6.0,0.0,0.15,3.0,12.144789353353488,True,1314.6407138654477,,0.26077299984171987,3
6.0,0.0,0.15,4.0,16.19305247113798,True,1270.960193494724,,0.2618621999863535,3
6.0,0.0,0.15,5.0,20.24131558892248,True,1284.6658818644546,,0.2591681000776589,3
6.0,0.0,0.15,6.0,24.289578706706976,True,1307.03635053286,,0.26186090009287,3
6.0,0.0,0.15,8.0,32.38610494227596,True,1355.9046516335034,,0.2585839000530541,3
6.0,0.0,0.15,10.0,40.48263117784496,True,1403.401470741192,,0.2575389000121504,3
6.0,0.0,0.3,2.0,7.524167663293988,True,2294.499942801246,,0.3316752000246197,3
6.0,0.0,0.3,3.0,11.28625149494098,True,1334.1304283316067,,0.33675949997268617,3
6.0,0.0,0.3,4.0,15.048335326587976,True,1285.4694941881144,,0.3355864998884499,3
6.0,0.0,0.3,5.0,18.810419158234968,True,1307.7108060047349,,0.33330189995467663,3
6.0,0.0,0.3,6.0,22.57250298988196,True,1334.0308625945272,,0.32885500020347536,3
6.0,0.0,0.3,8.0,30.096670653175952,True,1378.1505183975346,,0.33604900003410876,3
6.0,0.0,0.3,10.0,37.620838316469936,True,1412.2867411434875,,0.33613860001787543,3
6.0,0.0,0.45,2.0,6.05930667276075,True,3525.075120345681,,0.4136500000022352,3
6.0,0.0,0.45,3.0,9.088960009141125,True,1926.3504803502656,,0.40920630004256964,3
6.0,0.0,0.45,4.0,12.1186133455215,True,1288.1758023036982,,0.4110173999797553,3
6.0,0.0,0.45,5.0,15.148266681901873,True,1305.9382270483584,,0.41090040002018213,3
6.0,0.0,0.45,6.0,18.17792001828225,True,1351.051936410578,,0.4171338998712599,3
6.0,0.0,0.45,8.0,24.237226691043,True,1426.6183626762952,,0.4112239999230951,3
6.0,0.0,0.45,10.0,30.296533363803746,True,1477.7672500368803,,0.40530769992619753,3
6.0,0.0,0.6,2.0,5.718263916287842,True,3601.776298813643,,0.4805966999847442,3
6.0,0.0,0.6,3.0,8.577395874431764,True,1956.684521080003,,0.48588039982132614,3
6.0,0.0,0.6,4.0,11.436527832575685,True,1297.5774997800704,,0.47985340002924204,3
6.0,0.0,0.6,5.0,14.295659790719604,True,1305.6062084429502,,0.4781121998094022,3
6.0,0.0,0.6,6.0,17.154791748863527,True,1357.1137770063783,,0.48652940010651946,3
6.0,0.0,0.6,8.0,22.87305566515137,True,1449.0904597523418,,0.47616239986382425,3
6.0,0.0,0.6,10.0,28.59131958143921,True,1514.0247859182248,,0.4670965999830514,3
6.0,1.0,0.0,2.0,13.59464479857465,True,1526.8801401069866,,0.15378930000588298,3
6.0,1.0,0.0,3.0,20.391967197861977,True,1320.1654687569398,,0.15115189994685352,3
6.0,1.0,0.0,4.0,27.1892895971493,True,1276.0118596877096,,0.153825500048697,3
6.0,1.0,0.0,5.0,33.98661199643663,True,1276.0100302628996,,0.15547139989212155,3
6.0,1.0,0.0,6.0,40.78393439572395,True,1292.9193576529221,,0.1577900000847876,3
6.0,1.0,0.0,8.0,54.3785791942986,True,1344.0377939606724,,0.15738160000182688,3
6.0,1.0,0.0,10.0,67.97322399287326,True,1401.2070727043777,,0.1582291000522673,3
6.0,1.0,0.15,2.0,14.62887837790347,True,1466.0662353614225,,0.26324519980698824,3
6.0,1.0,0.15,3.0,21.943317566855207,True,1304.7344594530111,,0.25700780004262924,3
6.0,1.0,0.15,4.0,29.25775675580694,True,1274.1725876538426,,0.25526920007541776,3
6.0,1.0,0.15,5.0,36.572195944758676,True,1278.298522813309,,0.25394469988532364,3
6.0,1.0,0.15,6.0,43.88663513371041,True,1294.725457068695,,0.25699299992993474,3
6.0,1.0,0.15,8.0,58.51551351161388,True,1341.3370053523824,,0.26064059999771416,3
6.0,1.0,0.15,10.0,73.14439188951735,True,1392.4810010235879,,0.26080480008386075,3
6.0,1.0,0.3,2.0,15.002505433109425,True,1435.5609768265103,,0.3254303000867367,3
6.0,1.0,0.3,3.0,22.503758149664137,True,1309.644652868183,,0.3295831000432372,3
6.0,1.0,0.3,4.0,30.00501086621885,True,1291.7527170748215,,0.32926329993642867,3
6.0,1.0,0.3,5.0,37.50626358277356,True,1297.5556266226858,,0.33028450002893806,3
6.0,1.0,0.3,6.0,45.00751629932827,True,1310.353903183296,,0.329177999868989,3
6.0,1.0,0.3,8.0,60.0100217324377,True,1341.8189377111537,,0.3281658999621868,3
6.0,1.0,0.3,10.0,75.01252716554713,True,1373.7715190740967,,0.32801040005870163,3
6.0,1.0,0.45,2.0,11.361594388482605,True,1558.4215450386691,,0.4125963000115007,3
6.0,1.0,0.45,3.0,17.042391582723905,True,1311.088697477854,,0.40970880002714694,3
6.0,1.0,0.45,4.0,22.72318877696521,True,1287.6301080907408,,0.4008893999271095,3
6.0,1.0,0.45,5.0,28.403985971206513,True,1304.6427615438645,,0.4088884999509901,3
6.0,1.0,0.45,6.0,34.08478316544781,True,1329.319156904565,,0.4097768999636173,3
6.0,1.0,0.45,8.0,45.44637755393042,True,1376.1094331793865,,0.4198046999517828,3
6.0,1.0,0.45,10.0,56.807971942413026,True,1412.9120438859816,,0.4141933999489993,3
6.0,1.0,0.6,2.0,9.994000396020516,True,1720.1721837057376,,0.48569660005159676,3
6.0,1.0,0.6,3.0,14.991000594030774,True,1318.0894447978492,,0.487029799958691,3
6.0,1.0,0.6,4.0,19.98800079204103,True,1276.8342816205572,,0.47305180015973747,3
6.0,1.0,0.6,5.0,24.98500099005129,True,1297.4032491263997,,0.4785070000216365,3
6.0,1.0,0.6,6.0,29.98200118806155,True,1330.794395082638,,0.4821371000725776,3
6.0,1.0,0.6,8.0,39.97600158408206,True,1397.0886030097436,,0.47576069994829595,3
6.0,1.0,0.6,10.0,49.97000198010258,True,1451.2757770020014,,0.48015149985440075,3
6.0,2.0,0.0,2.0,45.67339036579209,True,1463.976081765879,,0.17985139996744692,3
6.0,2.0,0.0,3.0,68.51008554868812,True,1333.0068400038213,,0.17315750010311604,3
6.0,2.0,0.0,4.0,91.34678073158418,True,1286.3611785240632,,0.17165889986790717,3
6.0,2.0,0.0,5.0,114.18347591448021,True,1275.5672549368294,,0.17056200001388788,3
6.0,2.0,0.0,6.0,137.02017109737625,True,1282.8056146245417,,0.17182689998298883,3
6.0,2.0,0.0,8.0,182.69356146316835,True,1321.4207244038237,,0.17228129995055497,3
6.0,2.0,0.0,10.0,228.36695182896042,True,1372.7887829442238,,0.17470420012250543,3
6.0,2.0,0.15,2.0,59.11963778164041,True,1436.0868112800342,,0.28554089996032417,3
6.0,2.0,0.15,3.0,88.67945667246062,True,1328.129262565437,,0.2837757000233978,3
6.0,2.0,0.15,4.0,118.23927556328081,True,1287.783162068384,,0.2891873999033123,3
6.0,2.0,0.15,5.0,147.799094454101,True,1277.0627219932273,,0.2863229000940919,3
6.0,2.0,0.15,6.0,177.35891334492123,True,1281.2881287605933,,0.28754719998687506,3
6.0,2.0,0.15,8.0,236.47855112656163,True,1312.0838894071264,,0.2875200000125915,3
6.0,2.0,0.15,10.0,295.598188908202,True,1354.4028717980832,,0.29454230004921556,3
6.0,2.0,0.3,2.0,87.74338551973172,True,1432.6988875094696,,0.35822029993869364,3
6.0,2.0,0.3,3.0,131.61507827959758,True,1356.0245171380618,,0.36711569991894066,3
6.0,2.0,0.3,4.0,175.48677103946343,True,1321.899444861343,,0.36295000021345913,3
6.0,2.0,0.3,5.0,219.35846379932931,True,1306.162741441555,,0.36688129999674857,3
6.0,2.0,0.3,6.0,263.23015655919517,True,1299.95851924737,,0.36038780002854764,3
6.0,2.0,0.3,8.0,350.97354207892687,True,1302.8922525867752,,0.3549476000480354,3
6.0,2.0,0.3,10.0,438.71692759865863,True,1316.5389731324244,,0.3630506000481546,3
6.0,2.0,0.45,2.0,44.59972168344911,True,1420.698777164231,,0.4407628998160362,3
6.0,2.0,0.45,3.0,66.89958252517367,True,1338.4721882787792,,0.43977679987438023,3
6.0,2.0,0.45,4.0,89.19944336689822,True,1314.9944512143977,,0.4345329999923706,3
6.0,2.0,0.45,5.0,111.49930420862277,True,1311.4222933471767,,0.47273129993118346,3
6.0,2.0,0.45,6.0,133.79916505034734,True,1315.4149261976513,,0.470899400068447,3
6.0,2.0,0.45,8.0,178.39888673379645,True,1331.602775703332,,0.44645539997145534,3
6.0,2.0,0.45,10.0,222.99860841724555,True,1349.3452172489358,,0.4247556000482291,3
6.0,2.0,0.6,2.0,30.864763782515386,True,1428.468327613496,,0.4930829000659287,3
6.0,2.0,0.6,3.0,46.29714567377308,True,1315.0379109429107,,0.48342359997332096,3
6.0,2.0,0.6,4.0,61.72952756503077,True,1289.4259395031559,,0.4951516999863088,3
6.0,2.0,0.6,5.0,77.16190945628846,True,1292.546995700208,,0.4766305999364704,3
6.0,2.0,0.6,6.0,92.59429134754616,True,1306.3290870031228,,0.48588589997962117,3
6.0,2.0,0.6,8.0,123.45905513006154,True,1343.322110748094,,0.4759623999707401,3
6.0,2.0,0.6,10.0,154.3238189125769,True,1380.092198342005,,0.49565059994347394,3
7.0,0.0,0.0,2.0,8.917027666614224,True,2099.982826682762,,0.15513069997541606,3
7.0,0.0,0.0,3.0,13.375541499921336,True,1329.4132623394523,,0.15410879999399185,3
7.0,0.0,0.0,4.0,17.83405533322845,True,1291.234740862705,,0.15619440004229546,3
7.0,0.0,0.0,5.0,22.29256916653556,True,1290.5646914281974,,0.15330640017054975,3
7.0,0.0,0.0,6.0,26.751082999842673,True,1298.0101818754588,,0.15344920009374619,3
7.0,0.0,0.0,8.0,35.6681106664569,True,1321.5348385793566,,0.14909100020304322,3
7.0,0.0,0.0,10.0,44.58513833307112,True,1349.8023959375262,,0.1494213999249041,3
7.0,0.0,0.15,2.0,8.542146344773903,True,2088.676077458829,,0.2831514000426978,3
7.0,0.0,0.15,3.0,12.813219517160853,True,1314.5481199310125,,0.28076819982379675,3
7.0,0.0,0.15,4.0,17.084292689547805,True,1289.5242803856934,,0.28551870002411306,3
7.0,0.0,0.15,5.0,21.355365861934757,True,1299.9208737766967,,0.2804456998128444,3
7.0,0.0,0.15,6.0,25.626439034321706,True,1313.1507987372245,,0.28665639995597303,3
7.0,0.0,0.15,8.0,34.16858537909561,True,1338.0633437375964,,0.2886409000493586,3
7.0,0.0,0.15,10.0,42.710731723869515,True,1361.055207935472,,0.2848292998969555,3
7.0,0.0,0.3,2.0,6.797702171352225,True,3429.967532056436,,0.35741870012134314,3
7.0,0.0,0.3,3.0,10.196553257028338,True,1392.3925970697546,,0.37373570003546774,3
7.0,0.0,0.3,4.0,13.59540434270445,True,1284.455132012054,,0.3701659000944346,3
7.0,0.0,0.3,5.0,16.994255428380562,True,1307.776079763992,,0.36532749980688095,3
7.0,0.0,0.3,6.0,20.393106514056676,True,1340.8757415918485,,0.3711592999752611,3
7.0,0.0,0.3,8.0,27.1908086854089,True,1392.458350193015,,0.39429689990356565,3
7.0,0.0,0.3,10.0,33.988510856761124,True,1426.1821542936534,,0.3621496001724154,3
7.0,0.0,0.45,2.0,5.967831902049451,True,3548.654036309568,,0.42399020004086196,3
7.0,0.0,0.45,3.0,8.951747853074176,True,1933.4368145961005,,0.42301749996840954,3
7.0,0.0,0.45,4.0,11.935663804098901,True,1286.8977137574625,,0.4246259001083672,3
7.0,0.0,0.45,5.0,14.919579755123626,True,1300.6940865919066,,0.4263761001639068,3
7.0,0.0,0.45,6.0,17.90349570614835,True,1347.6564262071367,,0.4289516001008451,3
7.0,0.0,0.45,8.0,23.871327608197802,True,1429.5053000452822,,0.4284953000023961,3
7.0,0.0,0.45,10.0,29.839159510247253,True,1486.6894752434878,,0.4244002001360059,3
7.0,0.0,0.6,2.0,5.824672390833537,True,3578.6004291162994,,0.5207781000062823,3
7.0,0.0,0.6,3.0,8.737008586250305,True,1947.8467085845834,,0.5139753001276404,3
7.0,0.0,0.6,4.0,11.649344781667073,True,1296.0997796080424,,0.5265604997985065,3
7.0,0.0,0.6,5.0,14.56168097708384,True,1308.392193366486,,0.5328315999358892,3
7.0,0.0,0.6,6.0,17.47401717250061,True,1358.8356791144895,,0.5393280000425875,3
7.0,0.0,0.6,8.0,23.298689563334147,True,1446.7885946470733,,0.5301868000533432,3
7.0,0.0,0.6,10.0,29.12336195416768,True,1508.4622990340022,,0.522687200224027,3
7.0,1.0,0.0,2.0,17.19447150269152,True,1462.181752719975,,0.16957760020159185,3
7.0,1.0,0.0,3.0,25.79170725403728,True,1333.1339297775012,,0.17583670001477003,3
7.0,1.0,0.0,4.0,34.38894300538304,True,1296.4839459324571,,0.17316369991749525,3
7.0,1.0,0.0,5.0,42.986178756728805,True,1287.0507969808984,,0.17489769984968007,3
7.0,1.0,0.0,6.0,51.58341450807456,True,1289.5109835479836,,0.17053739982657135,3
7.0,1.0,0.0,8.0,68.77788601076608,True,1311.3927299735599,,0.17094109999015927,3
7.0,1.0,0.0,10.0,85.97235751345761,True,1342.8784863176988,,0.17757219984196126,3
7.0,1.0,0.15,2.0,17.445066273010596,True,1424.2387457810537,,0.30283719999715686,3
7.0,1.0,0.15,3.0,26.16759940951589,True,1322.29759208453,,0.3080929999705404,3
7.0,1.0,0.15,4.0,34.89013254602119,True,1298.4586585160764,,0.3100525001063943,3
7.0,1.0,0.15,5.0,43.61266568252649,True,1294.56477110745,,0.31121110008098185,3
7.0,1.0,0.15,6.0,52.33519881903178,True,1298.6304143840148,,0.3064186000265181,3
7.0,1.0,0.15,8.0,69.78026509204238,True,1315.246584828489,,0.3082749000750482,3
7.0,1.0,0.15,10.0,87.22533136505298,True,1337.909382628615,,0.30809349985793233,3
7.0,1.0,0.3,2.0,13.546786121082162,True,1463.2696278941585,,0.3745247998740524,3
7.0,1.0,0.3,3.0,20.320179181623242,True,1314.877503900392,,0.3670508998911828,3
7.0,1.0,0.3,4.0,27.093572242164324,True,1300.1513793616646,,0.3635480999946594,3
7.0,1.0,0.3,5.0,33.86696530270541,True,1310.0534495085833,,0.3598974000196904,3
7.0,1.0,0.3,6.0,40.640358363246484,True,1324.1176158010353,,0.3560550999827683,3
7.0,1.0,0.3,8.0,54.18714448432865,True,1351.6812668879943,,0.3677155999466777,3
7.0,1.0,0.3,10.0,67.73393060541082,True,1373.768735271004,,0.3742009000852704,3
7.0,1.0,0.45,2.0,10.630695812006287,True,1634.1048167083206,,0.4212580998428166,3
7.0,1.0,0.45,3.0,15.94604371800943,True,1311.7741000296842,,0.4217642000876367,3
7.0,1.0,0.45,4.0,21.261391624012575,True,1278.1283474643703,,0.43355300021357834,3
7.0,1.0,0.45,5.0,26.57673953001572,True,1296.1829670241607,,0.4238254001829773,3
7.0,1.0,0.45,6.0,31.89208743601886,True,1324.8702401173823,,0.42593150003813207,3
7.0,1.0,0.45,8.0,42.52278324802515,True,1381.3210552947717,,0.42485999991185963,3
7.0,1.0,0.45,10.0,53.15347906003144,True,1427.8474631966872,,0.42490900005213916,3
7.0,1.0,0.6,2.0,10.369052626597712,True,1673.0013045145604,,0.5280593000352383,3
7.0,1.0,0.6,3.0,15.553578939896568,True,1313.920988938527,,0.526114699896425,3
7.0,1.0,0.6,4.0,20.738105253195425,True,1279.678810349969,,0.5355265999678522,3
7.0,1.0,0.6,5.0,25.92263156649428,True,1300.367767342094,,0.5255115998443216,3
7.0,1.0,0.6,6.0,31.107157879793135,True,1331.976287576358,,0.5426515000872314,3
7.0,1.0,0.6,8.0,41.47621050639085,True,1394.3015351661516,,0.5408954999875277,3
7.0,1.0,0.6,10.0,51.84526313298856,True,1445.9059872684568,,0.5389769999310374,3
7.0,2.0,0.0,2.0,106.11583211799251,True,1475.1842490039803,,0.19020269997417927,3
7.0,2.0,0.0,3.0,159.17374817698877,True,1377.0495005611774,,0.19162929989397526,3
7.0,2.0,0.0,4.0,212.23166423598502,True,1327.4925040664461,,0.17907819990068674,3
7.0,2.0,0.0,5.0,265.2895802949813,True,1301.6298089804395,,0.1822766000404954,3
7.0,2.0,0.0,6.0,318.34749635397753,True,1289.8358378758526,,0.18427369999699295,3
7.0,2.0,0.0,8.0,424.46332847197004,True,1289.9369107641292,,0.18725570011883974,3
7.0,2.0,0.0,10.0,530.5791605899626,True,1307.0992259357422,,0.18531209998764098,3
7.0,2.0,0.15,2.0,141.27104227529017,True,1464.6780332230242,,0.3562096001114696,3
7.0,2.0,0.15,3.0,211.9065634129352,True,1389.4612318458505,,0.3651042999699712,3
7.0,2.0,0.15,4.0,282.54208455058034,True,1348.8377311443628,,0.35936439991928637,3
7.0,2.0,0.15,5.0,353.17760568822536,True,1324.4999448154604,,0.3563306999858469,3
7.0,2.0,0.15,6.0,423.8131268258704,True,1309.916223883195,,0.36145199998281896,3
7.0,2.0,0.15,8.0,565.0841691011607,True,1297.1722336688117,,0.35657880012877285,3
7.0,2.0,0.15,10.0,706.3552113764507,True,1297.8594167849474,,0.3517458999995142,3
7.0,2.0,0.3,2.0,68.56767720300213,True,1434.494439513346,,0.40597589989192784,3
7.0,2.0,0.3,3.0,102.85151580450321,True,1368.175521646276,,0.3916236001532525,3
7.0,2.0,0.3,4.0,137.13535440600427,True,1342.8216394336876,,0.4030307999346405,3
7.0,2.0,0.3,5.0,171.41919300750533,True,1332.570625648833,,0.39207300008274615,3
7.0,2.0,0.3,6.0,205.70303160900642,True,1328.9511672813885,,0.4079760001040995,3
7.0,2.0,0.3,8.0,274.27070881200854,True,1329.613312147653,,0.395206400193274,3
7.0,2.0,0.3,10.0,342.83838601501066,True,1333.6937187757567,,0.39143599988892674,3
7.0,2.0,0.45,2.0,35.58610836670541,True,1424.7683375534236,,0.4566827001981437,3
7.0,2.0,0.45,3.0,53.37916255005811,True,1322.8464761028672,,0.4567660999018699,3
7.0,2.0,0.45,4.0,71.17221673341082,True,1297.042139921726,,0.4493011001031846,3
7.0,2.0,0.45,5.0,88.96527091676353,True,1296.3863342982138,,0.45353269996121526,3
7.0,2.0,0.45,6.0,106.75832510011622,True,1305.5075764825708,,0.4679100001230836,3
7.0,2.0,0.45,8.0,142.34443346682164,True,1333.2575337146804,,0.4658582000993192,3
7.0,2.0,0.45,10.0,177.93054183352706,True,1361.713082398893,,0.4693118999712169,3
7.0,2.0,0.6,2.0,33.928814771174146,True,1422.976271677249,,0.5454168000724167,3
7.0,2.0,0.6,3.0,50.89322215676122,True,1318.2489915152198,,0.5358561999164522,3
7.0,2.0,0.6,4.0,67.85762954234829,True,1293.2736091845854,,0.5459217999596149,3
7.0,2.0,0.6,5.0,84.82203692793537,True,1294.7671336194103,,0.583028799854219,3
7.0,2.0,0.6,6.0,101.78644431352244,True,1306.6315978632924,,0.5306364998687059,3
7.0,2.0,0.6,8.0,135.71525908469658,True,1340.0727829820498,,0.532209699973464,3
7.0,2.0,0.6,10.0,169.64407385587074,True,1374.4673278076311,,0.5305204000324011,3
8.0,0.0,0.0,2.0,9.014865168657048,True,2086.756554974815,,0.15323189995251596,3
8.0,0.0,0.0,3.0,13.522297752985573,True,1342.7062608369658,,0.15353029989637434,3
8.0,0.0,0.0,4.0,18.029730337314096,True,1315.3156964276145,,0.1499423999339342,3
8.0,0.0,0.0,5.0,22.53716292164262,True,1314.8987010846438,,0.1505342999007553,3
8.0,0.0,0.0,6.0,27.044595505971145,True,1317.3300286331323,,0.15089739998802543,3
8.0,0.0,0.0,8.0,36.05946067462819,True,1322.602438585587,,0.15049470006488264,3
8.0,0.0,0.0,10.0,45.07432584328524,True,1329.2803140326967,,0.15154790016822517,3
8.0,0.0,0.15,2.0,7.852664227157447,True,2192.449757820223,,0.30911269993521273,3
8.0,0.0,0.15,3.0,11.778996340736173,True,1333.7222738287894,,0.3076991999987513,3
8.0,0.0,0.15,4.0,15.705328454314895,True,1295.4962897686223,,0.30674330005422235,3
8.0,0.0,0.15,5.0,19.63166056789362,True,1311.3845041670643,,0.3043168999720365,3
8.0,0.0,0.15,6.0,23.557992681472346,True,1328.8628403737694,,0.30432809982448816,3
8.0,0.0,0.15,8.0,31.41065690862979,True,1353.6852570635353,,0.30509130004793406,3
8.0,0.0,0.15,10.0,39.26332113578724,True,1368.5142755558534,,0.3021794001106173,3
8.0,0.0,0.3,2.0,6.382025974874869,True,3477.864308532032,,0.38305649999529123,3
8.0,0.0,0.3,3.0,9.573038962312305,True,1493.5748347826825,,0.3857138999737799,3
8.0,0.0,0.3,4.0,12.764051949749739,True,1279.2434728846338,,0.38205050001852214,3
8.0,0.0,0.3,5.0,15.955064937187172,True,1298.6666671731016,,0.38753810012713075,3
8.0,0.0,0.3,6.0,19.14607792462461,True,1337.081164457539,,0.3951735000591725,3
8.0,0.0,0.3,8.0,25.528103899499477,True,1400.8951704168649,,0.3970184999052435,3
8.0,0.0,0.3,10.0,31.910129874374345,True,1444.156699822311,,0.3914602000731975,3
8.0,0.0,0.45,2.0,6.112501278739921,True,3521.7040871091403,,0.4924413999542594,3
8.0,0.0,0.45,3.0,9.168751918109882,True,1922.5689763115577,,0.49441699986346066,3
8.0,0.0,0.45,4.0,12.225002557479842,True,1284.129602729685,,0.48355080001056194,3
8.0,0.0,0.45,5.0,15.281253196849804,True,1301.9960782679098,,0.48924270016141236,3
8.0,0.0,0.45,6.0,18.337503836219764,True,1347.515244173982,,0.48474950017407537,3
8.0,0.0,0.45,8.0,24.450005114959684,True,1426.7781350710213,,0.48577189981006086,3
8.0,0.0,0.45,10.0,30.562506393699607,True,1482.7674502052923,,0.4932719999924302,3
8.0,0.0,0.6,2.0,5.792525451818611,True,3580.047136038612,,0.5941979000344872,3
8.0,0.0,0.6,3.0,8.688788177727917,True,1948.5234604359957,,0.6010606000199914,3
8.0,0.0,0.6,4.0,11.585050903637223,True,1296.3924271053777,,0.6011491001117975,3
8.0,0.0,0.6,5.0,14.481313629546529,True,1308.3123177177815,,0.5919290999881923,3
8.0,0.0,0.6,6.0,17.377576355455833,True,1358.553409058836,,0.5962436001282185,3
8.0,0.0,0.6,8.0,23.170101807274445,True,1446.8303099889304,,0.5894258001353592,3
8.0,0.0,0.6,10.0,28.962627259093058,True,1508.8429643618874,,0.6015344001352787,3
8.0,1.0,0.0,2.0,19.109411983282875,True,1450.7596675506857,,0.1792933999095112,3
8.0,1.0,0.0,3.0,28.664117974924313,True,1359.9383776923294,,0.17789060017094016,3
8.0,1.0,0.0,4.0,38.21882396656575,True,1331.1820829369426,,0.18186970008537173,3
8.0,1.0,0.0,5.0,47.773529958207185,True,1318.5180420331196,,0.1810053999070078,3
8.0,1.0,0.0,6.0,57.328235949848626,True,1311.882969623714,,0.18205800000578165,3
8.0,1.0,0.0,8.0,76.4376479331315,True,1309.0684990865284,,0.1775332000106573,3
8.0,1.0,0.0,10.0,95.54705991641437,True,1313.4176723409842,,0.17723549995571375,3
8.0,1.0,0.15,2.0,16.412358081340198,True,1429.9355129931769,,0.34550069994293153,3
8.0,1.0,0.15,3.0,24.618537122010295,True,1333.7719164538753,,0.3320057999808341,3
8.0,1.0,0.15,4.0,32.824716162680396,True,1318.149754304019,,0.3330954001285136,3
8.0,1.0,0.15,5.0,41.03089520335049,True,1318.0346101860885,,0.33903270005248487,3
8.0,1.0,0.15,6.0,49.23707424402059,True,1321.6636735013092,,0.33893209998495877,3
8.0,1.0,0.15,8.0,65.64943232536079,True,1329.6620875547646,,0.33281329995952547,3
8.0,1.0,0.15,10.0,82.06179040670098,True,1337.0482969664247,,0.32595430011861026,3
8.0,1.0,0.3,2.0,11.853275010447287,True,1537.4093072357787,,0.3788370001129806,3
8.0,1.0,0.3,3.0,17.77991251567093,True,1310.80083417508,,0.4072691001929343,3
8.0,1.0,0.3,4.0,23.706550020894575,True,1286.4647460875876,,0.37911339988932014,3
8.0,1.0,0.3,5.0,29.633187526118217,True,1299.7132805379997,,0.3804268001113087,3
8.0,1.0,0.3,6.0,35.55982503134186,True,1320.2230044772662,,0.38164090015925467,3
8.0,1.0,0.3,8.0,47.41310004178915,True,1360.495645816093,,0.3751262000296265,3
8.0,1.0,0.3,10.0,59.266375052236434,True,1392.4903061622817,,0.3771237002220005,3
8.0,1.0,0.45,2.0,10.914216825923965,True,1598.2333641909463,,0.4630819000303745,3
8.0,1.0,0.45,3.0,16.371325238885948,True,1309.0824438536386,,0.4658240000717342,3
8.0,1.0,0.45,4.0,21.82843365184793,True,1277.911457339289,,0.4713570000603795,3
8.0,1.0,0.45,5.0,27.285542064809913,True,1295.284033366456,,0.46030359994620085,3
8.0,1.0,0.45,6.0,32.742650477771896,True,1323.6999794055141,,0.4810343000572175,3
8.0,1.0,0.45,8.0,43.65686730369586,True,1380.2880560362503,,0.4644438000395894,3
8.0,1.0,0.45,10.0,54.57108412961983,True,1426.8281770488945,,0.468150399858132,3
8.0,1.0,0.6,2.0,10.37328132570589,True,1671.153532768738,,0.6236044999677688,3
8.0,1.0,0.6,3.0,15.559921988558834,True,1314.4623474012906,,0.6244278999511153,3
8.0,1.0,0.6,4.0,20.74656265141178,True,1280.8594486686454,,0.6328745000064373,3
8.0,1.0,0.6,5.0,25.933203314264723,True,1301.2407001869894,,0.6582251000218093,3
8.0,1.0,0.6,6.0,31.119843977117668,True,1332.8770998547027,,0.6515055999625474,3
8.0,1.0,0.6,8.0,41.49312530282356,True,1393.8394555003104,,0.6384471000637859,3
8.0,1.0,0.6,10.0,51.86640662852945,True,1443.4745066069036,,0.6302386000752449,3
8.0,2.0,0.0,2.0,213.1138564946347,True,1522.786213020773,,0.21750740008428693,3
8.0,2.0,0.0,3.0,319.670784741952,True,1459.6885448466319,,0.22214369988068938,3
8.0,2.0,0.0,4.0,426.2277129892694,True,1421.947372370346,,0.2209585001692176,3
8.0,2.0,0.0,5.0,532.7846412365867,True,1394.8534132106427,,0.21990410005673766,3
8.0,2.0,0.0,6.0,639.341569483904,True,1374.9077693972058,,0.21976729994639754,3
8.0,2.0,0.0,8.0,852.4554259785388,True,1346.2288960617743,,0.220932399854064,3
8.0,2.0,0.0,10.0,1065.5692824731734,True,1327.3491605651607,,0.22087060008198023,3
8.0,2.0,0.15,2.0,112.56205416760987,True,1469.4467235885818,,0.36164769995957613,3
8.0,2.0,0.15,3.0,168.84308125141482,True,1413.2431529461755,,0.3607141000684351,3
8.0,2.0,0.15,4.0,225.12410833521974,True,1386.2987312199646,,0.36529999994672835,3
8.0,2.0,0.15,5.0,281.40513541902465,True,1370.472426190485,,0.3574749999679625,3
8.0,2.0,0.15,6.0,337.68616250282963,True,1361.0684499009963,,0.3601232999935746,3
8.0,2.0,0.15,8.0,450.2482166704395,True,1348.7071374875836,,0.3699919998180121,3
8.0,2.0,0.15,10.0,562.8102708380493,True,1341.2440834052072,,0.3663058001548052,3
8.0,2.0,0.3,2.0,45.82082971149965,True,1427.2031443925935,,0.4196753001306206,3
8.0,2.0,0.3,3.0,68.73124456724948,True,1342.2906735136235,,0.42196700000204146,3
8.0,2.0,0.3,4.0,91.6416594229993,True,1316.69537452963,,0.41536820004694164,3
8.0,2.0,0.3,5.0,114.55207427874913,True,1310.9234237915853,,0.42165909986943007,3
8.0,2.0,0.3,6.0,137.46248913449895,True,1313.4374460643912,,0.41837309999391437,3
8.0,2.0,0.3,8.0,183.2833188459986,True,1326.7918332374231,,0.42130409996025264,3
8.0,2.0,0.3,10.0,229.10414855749826,True,1342.4119200299626,,0.42119899997487664,3
8.0,2.0,0.45,2.0,37.04947071737334,True,1422.8337597819536,,0.492098500020802,3
8.0,2.0,0.45,3.0,55.57420607606001,True,1321.6525065673684,,0.48937140009365976,3
8.0,2.0,0.45,4.0,74.09894143474668,True,1294.743009306932,,0.4918490999843925,3
8.0,2.0,0.45,5.0,92.62367679343333,True,1293.57851985699,,0.48542880010791123,3
8.0,2.0,0.45,6.0,111.14841215212002,True,1302.9426167692577,,0.48109810007736087,3
8.0,2.0,0.45,8.0,148.19788286949336,True,1331.0179317757588,,0.47939059999771416,3
8.0,2.0,0.45,10.0,185.24735358686667,True,1361.3813728453529,,0.4763429998420179,3
8.0,2.0,0.6,2.0,34.68385295834185,True,1422.2059977231877,,0.6232137000188231,3
8.0,2.0,0.6,3.0,52.025779437512774,True,1320.6928624843792,,0.6214238000102341,3
8.0,2.0,0.6,4.0,69.3677059166837,True,1296.1487214245828,,0.614494499983266,3
8.0,2.0,0.6,5.0,86.70963239585463,True,1297.178510119048,,0.6207064997870475,3
8.0,2.0,0.6,6.0,104.05155887502555,True,1308.0743816516854,,0.612092399969697,3
8.0,2.0,0.6,8.0,138.7354118333674,True,1338.9009373292918,,0.6294539999216795,3
8.0,2.0,0.6,10.0,173.41926479170925,True,1370.884569251671,,0.6132068999577314,3
9.0,0.0,0.0,2.0,8.16299362366849,True,2167.0526206747127,,0.19662239984609187,3
9.0,0.0,0.0,3.0,12.244490435502735,True,1355.7972497531548,,0.189600600162521,3
9.0,0.0,0.0,4.0,16.32598724733698,True,1320.2539417188768,,0.19307109992951155,3
9.0,0.0,0.0,5.0,20.407484059171228,True,1328.1576856373083,,0.18961340002715588,3
9.0,0.0,0.0,6.0,24.48898087100547,True,1337.819644957656,,0.19192319991998374,3
9.0,0.0,0.0,8.0,32.65197449467396,True,1348.8962353309573,,0.1900535998865962,3
9.0,0.0,0.0,10.0,40.814968118342456,True,1352.5513629186523,,0.19448730000294745,3
9.0,0.0,0.15,2.0,7.07752252434422,True,3415.5808273505886,,0.33097529993392527,3
9.0,0.0,0.15,3.0,10.61628378651633,True,1366.4767319812222,,0.33100359980016947,3
9.0,0.0,0.15,4.0,14.15504504868844,True,1285.9102847964755,,0.33630659990012646,3
9.0,0.0,0.15,5.0,17.693806310860552,True,1304.316283308981,,0.3382371999323368,3
9.0,0.0,0.15,6.0,21.23256757303266,True,1329.976489016718,,0.342566299950704,3
9.0,0.0,0.15,8.0,28.31009009737688,True,1368.1948403678898,,0.34441709984093904,3
9.0,0.0,0.15,10.0,35.387612621721104,True,1391.9225932614431,,0.3432889999821782,3
9.0,0.0,0.3,2.0,6.3973285786382,True,3482.5070284162052,,0.4120316000189632,3
9.0,0.0,0.3,3.0,9.5959928679573,True,1542.34195141408,,0.4174834000878036,3
9.0,0.0,0.3,4.0,12.7946571572764,True,1277.0202002130457,,0.3983803999144584,3
9.0,0.0,0.3,5.0,15.993321446595502,True,1295.1877082736441,,0.4011626001447439,3
9.0,0.0,0.3,6.0,19.1919857359146,True,1333.6578092990335,,0.4035112999845296,3
9.0,0.0,0.3,8.0,25.5893143145528,True,1400.2129498048125,,0.4031148999929428,3
9.0,0.0,0.3,10.0,31.986642893191004,True,1448.1845323037126,,0.3967462999280542,3
9.0,0.0,0.45,2.0,6.192550006829494,True,3503.9587790037112,,0.5352022999431938,3
9.0,0.0,0.45,3.0,9.288825010244242,True,1916.5131786663587,,0.5354921000543982,3
9.0,0.0,0.45,4.0,12.385100013658988,True,1283.8025308365056,,0.534608299843967,3
9.0,0.0,0.45,5.0,15.481375017073738,True,1304.3473143693745,,0.5310663999989629,3
9.0,0.0,0.45,6.0,18.577650020488484,True,1348.8469034098841,,0.5338757000863552,3
9.0,0.0,0.45,8.0,24.770200027317976,True,1424.5076480292262,,0.5286966999992728,3
9.0,0.0,0.45,10.0,30.962750034147476,True,1477.7818873272727,,0.5316944001242518,3
9.0,0.0,0.6,2.0,5.769130251991201,True,3596.481394940463,,0.675295899854973,3
9.0,0.0,0.6,3.0,8.653695377986802,True,1955.2871782357474,,0.6713145000394434,3
9.0,0.0,0.6,4.0,11.538260503982402,True,1298.4734498125988,,0.6693102000281215,3
9.0,0.0,0.6,5.0,14.422825629978004,True,1307.473680843278,,0.6772390000987798,3
9.0,0.0,0.6,6.0,17.307390755973604,True,1358.578456166742,,0.6907792000565678,3
9.0,0.0,0.6,8.0,23.076521007964804,True,1447.8786491776493,,0.687475899932906,3
9.0,0.0,0.6,10.0,28.845651259956007,True,1509.8338540696093,,0.6768637001514435,3
9.0,1.0,0.0,2.0,17.050115984741183,True,1458.5677216161926,,0.19364909990690649,3
9.0,1.0,0.0,3.0,25.575173977111767,True,1366.2518732593387,,0.18841619999147952,3
9.0,1.0,0.0,4.0,34.100231969482365,True,1347.7730523167202,,0.18848809995688498,3
9.0,1.0,0.0,5.0,42.62528996185296,True,1343.4384818459764,,0.18968980014324188,3
9.0,1.0,0.0,6.0,51.150347954223534,True,1342.2076710431324,,0.18954610009677708,3
9.0,1.0,0.0,8.0,68.20046393896473,True,1341.0048677438367,,0.1920729000121355,3
9.0,1.0,0.0,10.0,85.25057992370591,True,1339.0294567193503,,0.19147770013660192,3
9.0,1.0,0.15,2.0,13.834995887761423,True,1469.9088424546694,,0.3465387998148799,3
9.0,1.0,0.15,3.0,20.752493831642134,True,1324.7114144382658,,0.34275879990309477,3
9.0,1.0,0.15,4.0,27.669991775522846,True,1307.2626993500053,,0.3477024999447167,3
9.0,1.0,0.15,5.0,34.587489719403564,True,1313.5152687579755,,0.34595420002005994,3
9.0,1.0,0.15,6.0,41.50498766328427,True,1324.4118990969353,,0.34106380003504455,3
9.0,1.0,0.15,8.0,55.33998355104569,True,1344.8046373209766,,0.3461949999909848,3
9.0,1.0,0.15,10.0,69.17497943880713,True,1359.7605378663259,,0.34158280002884567,3
9.0,1.0,0.3,2.0,11.573665271688604,True,1553.5611415650762,,0.4048695999663323,3
9.0,1.0,0.3,3.0,17.360497907532906,True,1308.9789415800153,,0.40271469997242093,3
9.0,1.0,0.3,4.0,23.14733054337721,True,1280.2379086432888,,0.4064619999844581,3
9.0,1.0,0.3,5.0,28.93416317922151,True,1293.2891272273216,,0.40272899996489286,3
9.0,1.0,0.3,6.0,34.72099581506581,True,1316.0191267514433,,0.40576039999723434,3
9.0,1.0,0.3,8.0,46.29466108675442,True,1361.7322454538812,,0.40020829997956753,3
9.0,1.0,0.3,10.0,57.86832635844302,True,1399.1847684465572,,0.400807699887082,3
9.0,1.0,0.45,2.0,11.258281276901917,True,1568.7728904438352,,0.5137190001551062,3
9.0,1.0,0.45,3.0,16.887421915352874,True,1308.0294465158179,,0.5177293000742793,3
9.0,1.0,0.45,4.0,22.516562553803833,True,1280.6467316732917,,0.5326632999349385,3
9.0,1.0,0.45,5.0,28.14570319225479,True,1297.4360889771833,,0.5286536000203341,3
9.0,1.0,0.45,6.0,33.77484383070575,True,1323.818773245999,,0.522736500017345,3
9.0,1.0,0.45,8.0,45.03312510760767,True,1376.6518315767635,,0.5170444000978023,3
9.0,1.0,0.45,10.0,56.29140638450958,True,1420.6289092433594,,0.5119819000829011,3
9.0,1.0,0.6,2.0,10.266463313674327,True,1656.208553734943,,0.6405430999584496,3
9.0,1.0,0.6,3.0,15.39969497051149,True,1315.7647791163786,,0.6399442998226732,3
9.0,1.0,0.6,4.0,20.532926627348655,True,1279.7172081576443,,0.6446126999799162,3
9.0,1.0,0.6,5.0,25.66615828418582,True,1299.8848042419638,,0.6436177999712527,3
9.0,1.0,0.6,6.0,30.79938994102298,True,1331.9441254654942,,0.6385397999547422,3
9.0,1.0,0.6,8.0,41.06585325469731,True,1394.4316368898806,,0.6400484999176115,3
9.0,1.0,0.6,10.0,51.33231656837164,True,1444.953626733547,,0.6371994998771697,3
9.0,2.0,0.0,2.0,110.9530061681903,True,1497.3404171900706,,0.22011969983577728,3
9.0,2.0,0.0,3.0,166.42950925228544,True,1443.4873907980957,,0.22027259995229542,3
9.0,2.0,0.0,4.0,221.9060123363806,True,1418.6666631234862,,0.22215419984422624,3
9.0,2.0,0.0,5.0,277.3825154204757,True,1404.1715457387038,,0.21772760013118386,3
9.0,2.0,0.0,6.0,332.8590185045709,True,1395.35256409146,,0.2204520998056978,3
9.0,2.0,0.0,8.0,443.8120246727612,True,1383.917563882616,,0.2197914000134915,3
9.0,2.0,0.0,10.0,554.7650308409515,True,1375.7598526344977,,0.2186938999220729,3
9.0,2.0,0.15,2.0,63.133291215459145,True,1445.8981035980291,,0.38130590016953647,3
9.0,2.0,0.15,3.0,94.69993682318874,True,1376.857969428663,,0.3764623999595642,3
9.0,2.0,0.15,4.0,126.26658243091829,True,1351.7307570163555,,0.3732425000052899,3
9.0,2.0,0.15,5.0,157.8332280386479,True,1342.0043375293449,,0.38743730005808175,3
9.0,2.0,0.15,6.0,189.39987364637747,True,1338.8536964144432,,0.38532500015571713,3
9.0,2.0,0.15,8.0,252.53316486183658,True,1339.5747806516424,,0.38655670010484755,3
9.0,2.0,0.15,10.0,315.6664560772958,True,1343.5689616866246,,0.3933127000927925,3
9.0,2.0,0.3,2.0,41.90347779328588,True,1427.0549561276523,,0.44122719997540116,3
9.0,2.0,0.3,3.0,62.85521668992882,True,1332.6560063308202,,0.4393623999785632,3
9.0,2.0,0.3,4.0,83.80695558657176,True,1304.7545469748081,,0.4349498001392931,3
9.0,2.0,0.3,5.0,104.75869448321468,True,1299.8131787881948,,0.4367208001203835,3
9.0,2.0,0.3,6.0,125.71043337985763,True,1304.2668653772798,,0.4361026999540627,3
9.0,2.0,0.3,8.0,167.61391117314352,True,1323.4385739929635,,0.4326162999495864,3
9.0,2.0,0.3,10.0,209.51738896642937,True,1345.0943025083993,,0.43932810006663203,3
9.0,2.0,0.45,2.0,40.71339454611399,True,1420.4755314903944,,0.5312518000137061,3
9.0,2.0,0.45,3.0,61.07009181917098,True,1326.1219366107475,,0.536842199973762,3
9.0,2.0,0.45,4.0,81.42678909222798,True,1299.8324548306566,,0.5378416001331061,3
9.0,2.0,0.45,5.0,101.78348636528497,True,1297.1935071343353,,0.5371369000058621,3
9.0,2.0,0.45,6.0,122.14018363834197,True,1303.9616446641653,,0.538901399821043,3
9.0,2.0,0.45,8.0,162.85357818445596,True,1328.3115448911904,,0.5744276999030262,3
9.0,2.0,0.45,10.0,203.56697273056994,True,1355.2865565217974,,0.5331071999389678,3
9.0,2.0,0.6,2.0,33.631655478177855,True,1423.5547369938838,,0.662148900097236,3
9.0,2.0,0.6,3.0,50.44748321726678,True,1319.1904033719666,,0.6580746001563966,3
9.0,2.0,0.6,4.0,67.26331095635571,True,1294.6469782348163,,0.6731865999754518,3
9.0,2.0,0.6,5.0,84.07913869544464,True,1296.1955157949167,,0.6888071999419481,3
9.0,2.0,0.6,6.0,100.89496643453356,True,1307.7070752983454,,0.6811089999973774,3
9.0,2.0,0.6,8.0,134.52662191271142,True,1340.1423888389577,,0.6755327000282705,3
9.0,2.0,0.6,10.0,168.15827739088928,True,1372.9514835308373,,0.6672620000317693,3
