trial,alpha_observed,alpha_spatial_corrected,delta_alpha_spatial,model_index,phi0,g,delta,rh_pc,rt_pc
1,1.914,1.919,0.0050000000000001155,156,4.0,1.0,0.3,4.0,19.726470053745476
2,1.964,1.964,0.0,317,6.0,0.0,0.0,4.0,15.790232470456287
3,2.08,2.081,0.0009999999999998899,219,5.0,0.0,0.15,4.0,13.96674912522228
4,1.939,1.944,0.004999999999999893,156,4.0,1.0,0.3,4.0,19.726470053745476
5,1.936,1.941,0.0050000000000001155,156,4.0,1.0,0.3,4.0,19.726470053745476
6,2.113,2.114,0.0009999999999998899,219,5.0,0.0,0.15,4.0,13.96674912522228
7,2.074,2.0789999999999997,0.004999999999999893,254,5.0,1.0,0.15,4.0,22.81177341528723
8,2.042,2.042,0.0,219,5.0,0.0,0.15,4.0,13.96674912522228
9,1.999,2.004,0.004999999999999893,156,4.0,1.0,0.3,4.0,19.726470053745476
10,2.019,2.021,0.0019999999999997797,58,3.0,1.0,0.45,4.0,17.20520267224726
11,2.0140000000000002,2.018,0.0039999999999995595,156,4.0,1.0,0.3,4.0,19.726470053745476
12,1.996,2.0010000000000003,0.0050000000000003375,156,4.0,1.0,0.3,4.0,19.726470053745476
13,1.954,1.954,0.0,219,5.0,0.0,0.15,4.0,13.96674912522228
14,2.053,2.0540000000000003,0.001000000000000334,149,4.0,1.0,0.15,4.0,18.263534125613354
15,2.031,2.036,0.004999999999999893,254,5.0,1.0,0.15,4.0,22.81177341528723
16,1.929,1.934,0.004999999999999893,156,4.0,1.0,0.3,4.0,19.726470053745476
17,2.1950000000000003,2.2,0.004999999999999893,156,4.0,1.0,0.3,4.0,19.726470053745476
18,2.003,2.004,0.0009999999999998899,219,5.0,0.0,0.15,4.0,13.96674912522228
19,1.9000000000000001,1.9040000000000001,0.0040000000000000036,156,4.0,1.0,0.3,4.0,19.726470053745476
20,1.915,1.92,0.004999999999999893,254,5.0,1.0,0.15,4.0,22.81177341528723
21,2.0,2.005,0.004999999999999893,156,4.0,1.0,0.3,4.0,19.726470053745476
22,1.956,1.96,0.0040000000000000036,86,3.0,2.0,0.3,4.0,32.24266343324787
23,1.944,1.948,0.0040000000000000036,156,4.0,1.0,0.3,4.0,19.726470053745476
24,1.966,1.966,0.0,219,5.0,0.0,0.15,4.0,13.96674912522228
25,2.106,2.1109999999999998,0.004999999999999893,156,4.0,1.0,0.3,4.0,19.726470053745476
26,1.949,1.95,0.0009999999999998899,219,5.0,0.0,0.15,4.0,13.96674912522228
27,2.061,2.066,0.004999999999999893,86,3.0,2.0,0.3,4.0,32.24266343324787
28,1.947,1.952,0.004999999999999893,156,4.0,1.0,0.3,4.0,19.726470053745476
29,2.011,2.015,0.0040000000000000036,156,4.0,1.0,0.3,4.0,19.726470053745476
30,2.057,2.064,0.007000000000000117,65,3.0,1.0,0.6,4.0,19.170243812504182
31,1.968,1.97,0.0020000000000000018,149,4.0,1.0,0.15,4.0,18.263534125613354
32,2.082,2.0869999999999997,0.004999999999999893,156,4.0,1.0,0.3,4.0,19.726470053745476
33,1.926,1.932,0.006000000000000005,254,5.0,1.0,0.15,4.0,22.81177341528723
34,2.037,2.037,0.0,219,5.0,0.0,0.15,4.0,13.96674912522228
35,1.93,1.93,0.0,283,5.0,2.0,0.0,5.0,66.4098739739585
36,2.048,2.0540000000000003,0.006000000000000227,254,5.0,1.0,0.15,4.0,22.81177341528723
37,2.028,2.0330000000000004,0.0050000000000003375,156,4.0,1.0,0.3,4.0,19.726470053745476
38,1.972,1.977,0.0050000000000001155,156,4.0,1.0,0.3,4.0,19.726470053745476
39,2.0549999999999997,2.06,0.0050000000000003375,156,4.0,1.0,0.3,4.0,19.726470053745476
40,1.941,1.942,0.0009999999999998899,149,4.0,1.0,0.15,4.0,18.263534125613354
41,1.942,1.947,0.0050000000000001155,254,5.0,1.0,0.15,4.0,22.81177341528723
42,1.949,1.954,0.004999999999999893,156,4.0,1.0,0.3,4.0,19.726470053745476
43,1.972,1.977,0.0050000000000001155,156,4.0,1.0,0.3,4.0,19.726470053745476
44,2.0549999999999997,2.06,0.0050000000000003375,156,4.0,1.0,0.3,4.0,19.726470053745476
45,2.028,2.032,0.0040000000000000036,156,4.0,1.0,0.3,4.0,19.726470053745476
46,1.981,1.985,0.0040000000000000036,156,4.0,1.0,0.3,4.0,19.726470053745476
47,1.941,1.942,0.0009999999999998899,219,5.0,0.0,0.15,4.0,13.96674912522228
48,2.0869999999999997,2.092,0.0050000000000003375,254,5.0,1.0,0.15,4.0,22.81177341528723
49,1.988,1.99,0.0020000000000000018,149,4.0,1.0,0.15,4.0,18.263534125613354
50,1.969,1.971,0.0020000000000000018,149,4.0,1.0,0.15,4.0,18.263534125613354
51,2.0940000000000003,2.099,0.004999999999999893,156,4.0,1.0,0.3,4.0,19.726470053745476
52,1.979,1.983,0.0040000000000000036,156,4.0,1.0,0.3,4.0,19.726470053745476
53,2.034,2.035,0.001000000000000334,219,5.0,0.0,0.15,4.0,13.96674912522228
54,1.948,1.952,0.0040000000000000036,156,4.0,1.0,0.3,4.0,19.726470053745476
55,2.015,2.0170000000000003,0.002000000000000224,58,3.0,1.0,0.45,4.0,17.20520267224726
56,1.943,1.943,0.0,219,5.0,0.0,0.15,4.0,13.96674912522228
57,1.921,1.926,0.004999999999999893,156,4.0,1.0,0.3,4.0,19.726470053745476
58,1.873,1.874,0.001000000000000112,219,5.0,0.0,0.15,4.0,13.96674912522228
59,1.998,1.999,0.001000000000000112,219,5.0,0.0,0.15,4.0,13.96674912522228
60,1.915,1.92,0.004999999999999893,156,4.0,1.0,0.3,4.0,19.726470053745476
61,1.968,1.97,0.0020000000000000018,58,3.0,1.0,0.45,4.0,17.20520267224726
62,2.0620000000000003,2.066,0.0039999999999995595,156,4.0,1.0,0.3,4.0,19.726470053745476
63,1.8980000000000001,1.9000000000000001,0.0020000000000000018,79,3.0,2.0,0.15,4.0,30.044253224096934
64,1.97,1.97,0.0,219,5.0,0.0,0.15,4.0,13.96674912522228
65,1.871,1.872,0.001000000000000112,149,4.0,1.0,0.15,4.0,18.263534125613354
66,1.927,1.932,0.004999999999999893,156,4.0,1.0,0.3,4.0,19.726470053745476
67,2.012,2.016,0.0040000000000000036,156,4.0,1.0,0.3,4.0,19.726470053745476
68,1.917,1.922,0.004999999999999893,254,5.0,1.0,0.15,4.0,22.81177341528723
69,1.95,1.951,0.001000000000000112,219,5.0,0.0,0.15,4.0,13.96674912522228
70,2.035,2.0389999999999997,0.0039999999999995595,86,3.0,2.0,0.3,4.0,32.24266343324787
71,1.963,1.964,0.0009999999999998899,149,4.0,1.0,0.15,4.0,18.263534125613354
72,2.115,2.116,0.0009999999999998899,219,5.0,0.0,0.15,4.0,13.96674912522228
73,2.1470000000000002,2.1500000000000004,0.0030000000000001137,58,3.0,1.0,0.45,4.0,17.20520267224726
74,2.0389999999999997,2.043,0.004000000000000448,156,4.0,1.0,0.3,4.0,19.726470053745476
75,1.907,1.928,0.020999999999999908,290,5.0,2.0,0.15,5.0,76.15188156842561
76,2.1029999999999998,2.104,0.001000000000000334,219,5.0,0.0,0.15,4.0,13.96674912522228
77,2.0709999999999997,2.076,0.0050000000000003375,254,5.0,1.0,0.15,4.0,22.81177341528723
78,1.917,1.919,0.0020000000000000018,58,3.0,1.0,0.45,4.0,17.20520267224726
79,2.034,2.0389999999999997,0.004999999999999893,156,4.0,1.0,0.3,4.0,19.726470053745476
80,2.029,2.0389999999999997,0.009999999999999787,93,3.0,2.0,0.45,4.0,36.57367588777287
81,2.018,2.0220000000000002,0.004000000000000448,156,4.0,1.0,0.3,4.0,19.726470053745476
82,1.974,1.994,0.020000000000000018,290,5.0,2.0,0.15,5.0,76.15188156842561
83,2.0380000000000003,2.043,0.004999999999999893,254,5.0,1.0,0.15,4.0,22.81177341528723
84,1.988,1.992,0.0040000000000000036,156,4.0,1.0,0.3,4.0,19.726470053745476
85,1.937,1.938,0.0009999999999998899,219,5.0,0.0,0.15,4.0,13.96674912522228
86,1.989,1.994,0.004999999999999893,254,5.0,1.0,0.15,4.0,22.81177341528723
87,2.0700000000000003,2.075,0.004999999999999893,156,4.0,1.0,0.3,4.0,19.726470053745476
88,2.036,2.041,0.004999999999999893,254,5.0,1.0,0.15,4.0,22.81177341528723
89,2.034,2.035,0.001000000000000334,219,5.0,0.0,0.15,4.0,13.96674912522228
90,2.058,2.06,0.002000000000000224,58,3.0,1.0,0.45,4.0,17.20520267224726
91,1.966,1.985,0.019000000000000128,290,5.0,2.0,0.15,5.0,76.15188156842561
92,1.895,1.901,0.006000000000000005,254,5.0,1.0,0.15,4.0,22.81177341528723
93,2.0090000000000003,2.013,0.0039999999999995595,156,4.0,1.0,0.3,4.0,19.726470053745476
94,2.065,2.069,0.0040000000000000036,156,4.0,1.0,0.3,4.0,19.726470053745476
95,1.844,1.849,0.004999999999999893,86,3.0,2.0,0.3,4.0,32.24266343324787
96,1.978,1.988,0.010000000000000009,93,3.0,2.0,0.45,4.0,36.57367588777287
97,1.961,1.966,0.004999999999999893,156,4.0,1.0,0.3,4.0,19.726470053745476
98,1.937,1.939,0.0020000000000000018,58,3.0,1.0,0.45,4.0,17.20520267224726
99,2.019,2.024,0.004999999999999893,156,4.0,1.0,0.3,4.0,19.726470053745476
100,2.0389999999999997,2.044,0.0050000000000003375,156,4.0,1.0,0.3,4.0,19.726470053745476
101,1.956,1.957,0.001000000000000112,219,5.0,0.0,0.15,4.0,13.96674912522228
102,2.106,2.107,0.001000000000000334,219,5.0,0.0,0.15,4.0,13.96674912522228
103,1.996,2.05,0.053999999999999826,297,5.0,2.0,0.3,5.0,102.5760216811709
104,1.895,1.8960000000000001,0.001000000000000112,219,5.0,0.0,0.15,4.0,13.96674912522228
105,1.9040000000000001,1.914,0.009999999999999787,93,3.0,2.0,0.45,4.0,36.57367588777287
106,1.85,1.851,0.0009999999999998899,219,5.0,0.0,0.15,4.0,13.96674912522228
107,1.893,1.897,0.0040000000000000036,324,6.0,0.0,0.15,4.0,16.193866213510642
108,1.996,2.005,0.008999999999999897,93,3.0,2.0,0.45,4.0,36.57367588777287
109,1.972,1.977,0.0050000000000001155,254,5.0,1.0,0.15,4.0,22.81177341528723
110,2.031,2.032,0.0009999999999998899,219,5.0,0.0,0.15,4.0,13.96674912522228
111,1.945,1.95,0.004999999999999893,254,5.0,1.0,0.15,4.0,22.81177341528723
112,1.93,1.931,0.001000000000000112,219,5.0,0.0,0.15,4.0,13.96674912522228
113,1.929,1.933,0.0040000000000000036,156,4.0,1.0,0.3,4.0,19.726470053745476
114,1.951,1.951,0.0,219,5.0,0.0,0.15,4.0,13.96674912522228
115,2.015,2.015,0.0,219,5.0,0.0,0.15,4.0,13.96674912522228
116,1.934,1.938,0.0040000000000000036,156,4.0,1.0,0.3,4.0,19.726470053745476
117,1.964,1.974,0.010000000000000009,93,3.0,2.0,0.45,4.0,36.57367588777287
118,1.967,1.971,0.0040000000000000036,156,4.0,1.0,0.3,4.0,19.726470053745476
119,1.98,1.985,0.0050000000000001155,324,6.0,0.0,0.15,4.0,16.193866213510642
120,2.04,2.045,0.004999999999999893,254,5.0,1.0,0.15,4.0,22.81177341528723
121,1.982,1.988,0.006000000000000005,254,5.0,1.0,0.15,4.0,22.81177341528723
122,2.032,2.0380000000000003,0.006000000000000227,254,5.0,1.0,0.15,4.0,22.81177341528723
123,2.016,2.0170000000000003,0.001000000000000334,149,4.0,1.0,0.15,4.0,18.263534125613354
124,1.931,1.937,0.006000000000000005,254,5.0,1.0,0.15,4.0,22.81177341528723
125,1.917,1.922,0.004999999999999893,156,4.0,1.0,0.3,4.0,19.726470053745476
126,1.948,1.958,0.010000000000000009,93,3.0,2.0,0.45,4.0,36.57367588777287
127,1.935,1.939,0.0040000000000000036,156,4.0,1.0,0.3,4.0,19.726470053745476
128,2.0789999999999997,2.08,0.001000000000000334,219,5.0,0.0,0.15,4.0,13.96674912522228
129,1.972,1.973,0.001000000000000112,219,5.0,0.0,0.15,4.0,13.96674912522228
130,1.991,1.997,0.006000000000000005,254,5.0,1.0,0.15,4.0,22.81177341528723
131,2.036,2.0469999999999997,0.010999999999999677,93,3.0,2.0,0.45,4.0,36.57367588777287
132,1.812,1.812,0.0,219,5.0,0.0,0.15,4.0,13.96674912522228
133,2.076,2.08,0.0040000000000000036,156,4.0,1.0,0.3,4.0,19.726470053745476
134,1.919,1.92,0.0009999999999998899,219,5.0,0.0,0.15,4.0,13.96674912522228
135,2.02,2.0300000000000002,0.010000000000000231,93,3.0,2.0,0.45,4.0,36.57367588777287
136,1.989,1.994,0.004999999999999893,156,4.0,1.0,0.3,4.0,19.726470053745476
137,1.795,1.796,0.001000000000000112,219,5.0,0.0,0.15,4.0,13.96674912522228
138,1.932,1.937,0.0050000000000001155,156,4.0,1.0,0.3,4.0,19.726470053745476
139,1.917,1.922,0.004999999999999893,254,5.0,1.0,0.15,4.0,22.81177341528723
140,1.958,1.958,0.0,219,5.0,0.0,0.15,4.0,13.96674912522228
141,1.966,1.966,0.0,219,5.0,0.0,0.15,4.0,13.96674912522228
142,1.926,1.931,0.0050000000000001155,184,4.0,2.0,0.15,4.0,39.90182706802169
143,2.077,2.082,0.004999999999999893,156,4.0,1.0,0.3,4.0,19.726470053745476
144,2.032,2.0330000000000004,0.001000000000000334,219,5.0,0.0,0.15,4.0,13.96674912522228
145,1.94,1.941,0.001000000000000112,219,5.0,0.0,0.15,4.0,13.96674912522228
146,1.867,1.867,0.0,219,5.0,0.0,0.15,4.0,13.96674912522228
147,1.937,1.951,0.014000000000000012,191,4.0,2.0,0.3,4.0,46.283348573725405
148,1.915,1.92,0.004999999999999893,156,4.0,1.0,0.3,4.0,19.726470053745476
149,1.923,1.924,0.0009999999999998899,219,5.0,0.0,0.15,4.0,13.96674912522228
150,1.981,1.981,0.0,219,5.0,0.0,0.15,4.0,13.96674912522228
151,1.922,1.924,0.0020000000000000018,149,4.0,1.0,0.15,4.0,18.263534125613354
152,1.982,1.986,0.0040000000000000036,156,4.0,1.0,0.3,4.0,19.726470053745476
153,1.976,1.981,0.0050000000000001155,156,4.0,1.0,0.3,4.0,19.726470053745476
154,1.912,1.913,0.001000000000000112,219,5.0,0.0,0.15,4.0,13.96674912522228
155,1.994,1.999,0.0050000000000001155,86,3.0,2.0,0.3,4.0,32.24266343324787
156,1.995,2.0,0.004999999999999893,156,4.0,1.0,0.3,4.0,19.726470053745476
157,1.996,1.997,0.001000000000000112,219,5.0,0.0,0.15,4.0,13.96674912522228
158,2.037,2.042,0.004999999999999893,65,3.0,1.0,0.6,4.0,19.170243812504182
159,1.93,1.951,0.02100000000000013,290,5.0,2.0,0.15,5.0,76.15188156842561
160,1.949,1.953,0.0040000000000000036,156,4.0,1.0,0.3,4.0,19.726470053745476
161,1.997,2.002,0.004999999999999671,156,4.0,1.0,0.3,4.0,19.726470053745476
162,2.1020000000000003,2.1029999999999998,0.0009999999999994458,219,5.0,0.0,0.15,4.0,13.96674912522228
163,2.003,2.004,0.0009999999999998899,219,5.0,0.0,0.15,4.0,13.96674912522228
164,2.013,2.015,0.002000000000000224,149,4.0,1.0,0.15,4.0,18.263534125613354
165,1.966,1.97,0.0040000000000000036,156,4.0,1.0,0.3,4.0,19.726470053745476
166,1.925,1.939,0.014000000000000012,191,4.0,2.0,0.3,4.0,46.283348573725405
167,2.015,2.02,0.004999999999999893,156,4.0,1.0,0.3,4.0,19.726470053745476
168,1.936,1.941,0.0050000000000001155,156,4.0,1.0,0.3,4.0,19.726470053745476
169,2.189,2.193,0.0040000000000000036,156,4.0,1.0,0.3,4.0,19.726470053745476
170,2.0549999999999997,2.059,0.004000000000000448,156,4.0,1.0,0.3,4.0,19.726470053745476
171,1.955,1.956,0.0009999999999998899,219,5.0,0.0,0.15,4.0,13.96674912522228
172,1.908,1.909,0.001000000000000112,219,5.0,0.0,0.15,4.0,13.96674912522228
173,1.915,1.919,0.0040000000000000036,156,4.0,1.0,0.3,4.0,19.726470053745476
174,1.939,1.94,0.0009999999999998899,219,5.0,0.0,0.15,4.0,13.96674912522228
175,1.965,1.979,0.014000000000000012,191,4.0,2.0,0.3,4.0,46.283348573725405
176,1.983,1.988,0.004999999999999893,324,6.0,0.0,0.15,4.0,16.193866213510642
177,1.985,1.986,0.0009999999999998899,149,4.0,1.0,0.15,4.0,18.263534125613354
178,1.982,1.987,0.0050000000000001155,156,4.0,1.0,0.3,4.0,19.726470053745476
179,2.1630000000000003,2.164,0.0009999999999998899,219,5.0,0.0,0.15,4.0,13.96674912522228
180,1.964,1.968,0.0040000000000000036,156,4.0,1.0,0.3,4.0,19.726470053745476
181,1.936,1.947,0.01100000000000012,93,3.0,2.0,0.45,4.0,36.57367588777287
182,2.023,2.028,0.004999999999999893,86,3.0,2.0,0.3,4.0,32.24266343324787
183,2.0460000000000003,2.05,0.0039999999999995595,156,4.0,1.0,0.3,4.0,19.726470053745476
184,1.95,1.955,0.0050000000000001155,156,4.0,1.0,0.3,4.0,19.726470053745476
185,2.0060000000000002,2.007,0.0009999999999998899,219,5.0,0.0,0.15,4.0,13.96674912522228
186,2.012,2.013,0.0009999999999998899,219,5.0,0.0,0.15,4.0,13.96674912522228
187,1.955,1.957,0.0020000000000000018,58,3.0,1.0,0.45,4.0,17.20520267224726
188,2.036,2.037,0.0009999999999998899,219,5.0,0.0,0.15,4.0,13.96674912522228
189,2.0170000000000003,2.032,0.01499999999999968,191,4.0,2.0,0.3,4.0,46.283348573725405
190,1.949,1.959,0.010000000000000009,185,4.0,2.0,0.15,5.0,49.87728383502711
191,2.041,2.0460000000000003,0.0050000000000003375,156,4.0,1.0,0.3,4.0,19.726470053745476
192,1.934,1.939,0.0050000000000001155,156,4.0,1.0,0.3,4.0,19.726470053745476
193,2.0380000000000003,2.043,0.004999999999999893,156,4.0,1.0,0.3,4.0,19.726470053745476
194,1.999,2.003,0.0040000000000000036,86,3.0,2.0,0.3,4.0,32.24266343324787
195,1.999,2.004,0.004999999999999893,156,4.0,1.0,0.3,4.0,19.726470053745476
196,1.948,1.952,0.0040000000000000036,156,4.0,1.0,0.3,4.0,19.726470053745476
197,2.114,2.115,0.001000000000000334,219,5.0,0.0,0.15,4.0,13.96674912522228
198,1.984,1.988,0.0040000000000000036,156,4.0,1.0,0.3,4.0,19.726470053745476
199,1.915,1.919,0.0040000000000000036,156,4.0,1.0,0.3,4.0,19.726470053745476
200,2.0380000000000003,2.042,0.0039999999999995595,156,4.0,1.0,0.3,4.0,19.726470053745476
201,1.998,1.999,0.001000000000000112,219,5.0,0.0,0.15,4.0,13.96674912522228
202,1.986,1.991,0.0050000000000001155,156,4.0,1.0,0.3,4.0,19.726470053745476
203,1.95,1.955,0.0050000000000001155,254,5.0,1.0,0.15,4.0,22.81177341528723
204,1.986,1.986,0.0,219,5.0,0.0,0.15,4.0,13.96674912522228
205,1.987,1.991,0.0040000000000000036,156,4.0,1.0,0.3,4.0,19.726470053745476
206,1.956,1.961,0.0050000000000001155,156,4.0,1.0,0.3,4.0,19.726470053745476
207,1.978,1.982,0.0040000000000000036,156,4.0,1.0,0.3,4.0,19.726470053745476
208,1.941,1.951,0.010000000000000009,93,3.0,2.0,0.45,4.0,36.57367588777287
209,1.854,1.858,0.0040000000000000036,156,4.0,1.0,0.3,4.0,19.726470053745476
210,1.9020000000000001,1.9060000000000001,0.0040000000000000036,156,4.0,1.0,0.3,4.0,19.726470053745476
211,1.8980000000000001,1.903,0.004999999999999893,254,5.0,1.0,0.15,4.0,22.81177341528723
212,1.982,1.986,0.0040000000000000036,156,4.0,1.0,0.3,4.0,19.726470053745476
213,2.069,2.073,0.0040000000000000036,156,4.0,1.0,0.3,4.0,19.726470053745476
214,2.0330000000000004,2.034,0.0009999999999994458,219,5.0,0.0,0.15,4.0,13.96674912522228
215,1.964,1.968,0.0040000000000000036,156,4.0,1.0,0.3,4.0,19.726470053745476
216,1.98,1.985,0.0050000000000001155,156,4.0,1.0,0.3,4.0,19.726470053745476
217,1.986,1.987,0.001000000000000112,219,5.0,0.0,0.15,4.0,13.96674912522228
218,2.061,2.065,0.0040000000000000036,156,4.0,1.0,0.3,4.0,19.726470053745476
219,2.076,2.0860000000000003,0.010000000000000231,93,3.0,2.0,0.45,4.0,36.57367588777287
220,2.024,2.029,0.004999999999999893,254,5.0,1.0,0.15,4.0,22.81177341528723
221,1.993,1.999,0.006000000000000005,254,5.0,1.0,0.15,4.0,22.81177341528723
222,1.953,1.962,0.008999999999999897,93,3.0,2.0,0.45,4.0,36.57367588777287
223,2.028,2.0330000000000004,0.0050000000000003375,156,4.0,1.0,0.3,4.0,19.726470053745476
224,2.0250000000000004,2.026,0.0009999999999994458,219,5.0,0.0,0.15,4.0,13.96674912522228
225,1.897,1.8980000000000001,0.001000000000000112,219,5.0,0.0,0.15,4.0,13.96674912522228
226,1.926,1.927,0.001000000000000112,219,5.0,0.0,0.15,4.0,13.96674912522228
227,2.048,2.069,0.020999999999999908,100,3.0,2.0,0.6,4.0,45.80420869779847
228,1.922,1.923,0.001000000000000112,219,5.0,0.0,0.15,4.0,13.96674912522228
229,2.028,2.032,0.0040000000000000036,156,4.0,1.0,0.3,4.0,19.726470053745476
230,1.969,1.974,0.004999999999999893,254,5.0,1.0,0.15,4.0,22.81177341528723
231,2.0250000000000004,2.029,0.0039999999999995595,156,4.0,1.0,0.3,4.0,19.726470053745476
232,1.917,1.918,0.0009999999999998899,219,5.0,0.0,0.15,4.0,13.96674912522228
233,2.031,2.036,0.004999999999999893,254,5.0,1.0,0.15,4.0,22.81177341528723
234,2.0,2.002,0.0019999999999997797,149,4.0,1.0,0.15,4.0,18.263534125613354
235,2.0090000000000003,2.0140000000000002,0.004999999999999893,254,5.0,1.0,0.15,4.0,22.81177341528723
236,1.8940000000000001,1.899,0.004999999999999893,156,4.0,1.0,0.3,4.0,19.726470053745476
237,1.91,1.915,0.0050000000000001155,254,5.0,1.0,0.15,4.0,22.81177341528723
238,2.0469999999999997,2.048,0.001000000000000334,219,5.0,0.0,0.15,4.0,13.96674912522228
239,1.792,1.792,0.0,51,3.0,1.0,0.3,4.0,15.99277515480869
240,1.994,1.999,0.0050000000000001155,86,3.0,2.0,0.3,4.0,32.24266343324787
241,1.915,1.92,0.004999999999999893,156,4.0,1.0,0.3,4.0,19.726470053745476
242,2.066,2.0860000000000003,0.020000000000000462,290,5.0,2.0,0.15,5.0,76.15188156842561
243,2.011,2.015,0.0040000000000000036,156,4.0,1.0,0.3,4.0,19.726470053745476
244,1.861,1.866,0.0050000000000001155,254,5.0,1.0,0.15,4.0,22.81177341528723
245,1.986,1.991,0.0050000000000001155,156,4.0,1.0,0.3,4.0,19.726470053745476
246,2.0380000000000003,2.043,0.004999999999999893,156,4.0,1.0,0.3,4.0,19.726470053745476
247,2.064,2.068,0.0040000000000000036,86,3.0,2.0,0.3,4.0,32.24266343324787
248,1.976,1.977,0.001000000000000112,219,5.0,0.0,0.15,4.0,13.96674912522228
249,1.938,1.938,0.0,219,5.0,0.0,0.15,4.0,13.96674912522228
250,2.074,2.0780000000000003,0.004000000000000448,86,3.0,2.0,0.3,4.0,32.24266343324787
251,2.0090000000000003,2.0140000000000002,0.004999999999999893,156,4.0,1.0,0.3,4.0,19.726470053745476
252,1.942,1.944,0.0020000000000000018,58,3.0,1.0,0.45,4.0,17.20520267224726
253,1.951,1.955,0.0040000000000000036,156,4.0,1.0,0.3,4.0,19.726470053745476
254,2.124,2.129,0.004999999999999893,156,4.0,1.0,0.3,4.0,19.726470053745476
255,2.004,2.005,0.0009999999999998899,219,5.0,0.0,0.15,4.0,13.96674912522228
256,1.93,1.935,0.0050000000000001155,254,5.0,1.0,0.15,4.0,22.81177341528723
257,2.007,2.007,0.0,121,4.0,0.0,0.3,4.0,12.452110192925703
258,1.948,1.948,0.0,219,5.0,0.0,0.15,4.0,13.96674912522228
259,1.977,1.987,0.010000000000000009,93,3.0,2.0,0.45,4.0,36.57367588777287
260,2.096,2.106,0.009999999999999787,93,3.0,2.0,0.45,4.0,36.57367588777287
261,2.048,2.049,0.0009999999999998899,219,5.0,0.0,0.15,4.0,13.96674912522228
262,1.856,1.857,0.0009999999999998899,219,5.0,0.0,0.15,4.0,13.96674912522228
263,2.0389999999999997,2.043,0.004000000000000448,156,4.0,1.0,0.3,4.0,19.726470053745476
264,1.949,1.954,0.004999999999999893,86,3.0,2.0,0.3,4.0,32.24266343324787
265,1.963,1.968,0.004999999999999893,156,4.0,1.0,0.3,4.0,19.726470053745476
266,1.978,1.978,0.0,219,5.0,0.0,0.15,4.0,13.96674912522228
267,2.0300000000000002,2.034,0.0039999999999995595,156,4.0,1.0,0.3,4.0,19.726470053745476
268,2.002,2.003,0.001000000000000334,219,5.0,0.0,0.15,4.0,13.96674912522228
269,2.044,2.048,0.0040000000000000036,156,4.0,1.0,0.3,4.0,19.726470053745476
270,2.065,2.069,0.0040000000000000036,156,4.0,1.0,0.3,4.0,19.726470053745476
271,1.995,1.996,0.0009999999999998899,219,5.0,0.0,0.15,4.0,13.96674912522228
272,2.133,2.137,0.0040000000000000036,156,4.0,1.0,0.3,4.0,19.726470053745476
273,2.088,2.108,0.020000000000000018,290,5.0,2.0,0.15,5.0,76.15188156842561
274,1.989,1.994,0.004999999999999893,156,4.0,1.0,0.3,4.0,19.726470053745476
275,1.98,1.985,0.0050000000000001155,156,4.0,1.0,0.3,4.0,19.726470053745476
276,2.097,2.1020000000000003,0.0050000000000003375,254,5.0,1.0,0.15,4.0,22.81177341528723
277,1.98,1.985,0.0050000000000001155,254,5.0,1.0,0.15,4.0,22.81177341528723
278,1.986,1.991,0.0050000000000001155,254,5.0,1.0,0.15,4.0,22.81177341528723
279,1.8920000000000001,1.8920000000000001,0.0,219,5.0,0.0,0.15,4.0,13.96674912522228
280,1.895,1.895,0.0,219,5.0,0.0,0.15,4.0,13.96674912522228
281,2.005,2.01,0.004999999999999893,156,4.0,1.0,0.3,4.0,19.726470053745476
282,2.0549999999999997,2.057,0.002000000000000224,58,3.0,1.0,0.45,4.0,17.20520267224726
283,1.992,1.997,0.0050000000000001155,156,4.0,1.0,0.3,4.0,19.726470053745476
284,1.98,1.984,0.0040000000000000036,156,4.0,1.0,0.3,4.0,19.726470053745476
285,1.964,1.969,0.0050000000000001155,156,4.0,1.0,0.3,4.0,19.726470053745476
286,1.997,2.0010000000000003,0.004000000000000226,156,4.0,1.0,0.3,4.0,19.726470053745476
287,2.044,2.045,0.0009999999999998899,219,5.0,0.0,0.15,4.0,13.96674912522228
288,2.008,2.01,0.0019999999999997797,58,3.0,1.0,0.45,4.0,17.20520267224726
289,2.084,2.088,0.0040000000000000036,156,4.0,1.0,0.3,4.0,19.726470053745476
290,1.907,1.917,0.010000000000000009,93,3.0,2.0,0.45,4.0,36.57367588777287
291,1.84,1.841,0.0009999999999998899,219,5.0,0.0,0.15,4.0,13.96674912522228
292,1.865,1.87,0.0050000000000001155,86,3.0,2.0,0.3,4.0,32.24266343324787
293,2.124,2.128,0.0040000000000000036,156,4.0,1.0,0.3,4.0,19.726470053745476
294,2.018,2.023,0.0050000000000003375,156,4.0,1.0,0.3,4.0,19.726470053745476
295,1.914,1.919,0.0050000000000001155,156,4.0,1.0,0.3,4.0,19.726470053745476
296,2.015,2.02,0.004999999999999893,254,5.0,1.0,0.15,4.0,22.81177341528723
297,2.027,2.028,0.0009999999999998899,219,5.0,0.0,0.15,4.0,13.96674912522228
298,1.938,1.948,0.010000000000000009,185,4.0,2.0,0.15,5.0,49.87728383502711
299,1.852,1.857,0.004999999999999893,156,4.0,1.0,0.3,4.0,19.726470053745476
300,1.971,1.976,0.004999999999999893,156,4.0,1.0,0.3,4.0,19.726470053745476
301,1.8760000000000001,1.8860000000000001,0.010000000000000009,93,3.0,2.0,0.45,4.0,36.57367588777287
302,1.924,1.935,0.01100000000000012,93,3.0,2.0,0.45,4.0,36.57367588777287
303,2.0700000000000003,2.075,0.004999999999999893,254,5.0,1.0,0.15,4.0,22.81177341528723
304,1.963,1.969,0.006000000000000005,254,5.0,1.0,0.15,4.0,22.81177341528723
305,1.889,1.8900000000000001,0.001000000000000112,219,5.0,0.0,0.15,4.0,13.96674912522228
306,1.92,1.925,0.0050000000000001155,156,4.0,1.0,0.3,4.0,19.726470053745476
307,2.0460000000000003,2.05,0.0039999999999995595,156,4.0,1.0,0.3,4.0,19.726470053745476
308,1.934,1.944,0.010000000000000009,185,4.0,2.0,0.15,5.0,49.87728383502711
309,1.885,1.8860000000000001,0.001000000000000112,149,4.0,1.0,0.15,4.0,18.263534125613354
310,2.0540000000000003,2.0540000000000003,0.0,219,5.0,0.0,0.15,4.0,13.96674912522228
311,1.9000000000000001,1.901,0.0009999999999998899,219,5.0,0.0,0.15,4.0,13.96674912522228
312,1.994,2.0,0.006000000000000005,254,5.0,1.0,0.15,4.0,22.81177341528723
313,1.999,2.0010000000000003,0.002000000000000224,58,3.0,1.0,0.45,4.0,17.20520267224726
314,1.973,1.974,0.0009999999999998899,219,5.0,0.0,0.15,4.0,13.96674912522228
315,1.835,1.839,0.0040000000000000036,156,4.0,1.0,0.3,4.0,19.726470053745476
316,1.937,1.938,0.0009999999999998899,149,4.0,1.0,0.15,4.0,18.263534125613354
317,1.833,1.838,0.0050000000000001155,156,4.0,1.0,0.3,4.0,19.726470053745476
318,1.929,1.933,0.0040000000000000036,156,4.0,1.0,0.3,4.0,19.726470053745476
319,2.0060000000000002,2.007,0.0009999999999998899,149,4.0,1.0,0.15,4.0,18.263534125613354
320,2.015,2.019,0.0040000000000000036,156,4.0,1.0,0.3,4.0,19.726470053745476
321,2.088,2.092,0.0040000000000000036,86,3.0,2.0,0.3,4.0,32.24266343324787
322,2.024,2.029,0.004999999999999893,86,3.0,2.0,0.3,4.0,32.24266343324787
323,1.905,1.909,0.0040000000000000036,156,4.0,1.0,0.3,4.0,19.726470053745476
324,1.918,1.923,0.0050000000000001155,156,4.0,1.0,0.3,4.0,19.726470053745476
325,2.1020000000000003,2.106,0.0039999999999995595,156,4.0,1.0,0.3,4.0,19.726470053745476
326,2.0010000000000003,2.0010000000000003,0.0,51,3.0,1.0,0.3,4.0,15.99277515480869
327,1.91,1.91,0.0,219,5.0,0.0,0.15,4.0,13.96674912522228
328,1.853,1.853,0.0,73,3.0,2.0,0.0,5.0,36.21572801111631
329,1.957,1.957,0.0,212,5.0,0.0,0.0,4.0,13.43584400016153
330,2.083,2.084,0.0009999999999998899,219,5.0,0.0,0.15,4.0,13.96674912522228
331,1.935,1.936,0.0009999999999998899,219,5.0,0.0,0.15,4.0,13.96674912522228
332,1.901,1.9060000000000001,0.0050000000000001155,156,4.0,1.0,0.3,4.0,19.726470053745476
333,1.947,1.953,0.006000000000000005,254,5.0,1.0,0.15,4.0,22.81177341528723
334,1.965,1.966,0.0009999999999998899,219,5.0,0.0,0.15,4.0,13.96674912522228
335,1.945,1.946,0.0009999999999998899,219,5.0,0.0,0.15,4.0,13.96674912522228
336,1.992,1.993,0.001000000000000112,219,5.0,0.0,0.15,4.0,13.96674912522228
337,1.964,1.968,0.0040000000000000036,156,4.0,1.0,0.3,4.0,19.726470053745476
338,1.999,2.003,0.0040000000000000036,156,4.0,1.0,0.3,4.0,19.726470053745476
339,2.0860000000000003,2.096,0.009999999999999787,93,3.0,2.0,0.45,4.0,36.57367588777287
340,1.919,1.924,0.004999999999999893,86,3.0,2.0,0.3,4.0,32.24266343324787
341,1.857,1.862,0.0050000000000001155,156,4.0,1.0,0.3,4.0,19.726470053745476
342,2.028,2.0380000000000003,0.010000000000000231,185,4.0,2.0,0.15,5.0,49.87728383502711
343,2.064,2.0700000000000003,0.006000000000000227,184,4.0,2.0,0.15,4.0,39.90182706802169
344,2.143,2.152,0.009000000000000341,93,3.0,2.0,0.45,4.0,36.57367588777287
345,1.995,2.0,0.004999999999999893,156,4.0,1.0,0.3,4.0,19.726470053745476
346,2.042,2.0469999999999997,0.004999999999999893,86,3.0,2.0,0.3,4.0,32.24266343324787
347,1.877,1.8780000000000001,0.001000000000000112,219,5.0,0.0,0.15,4.0,13.96674912522228
348,1.995,1.996,0.0009999999999998899,219,5.0,0.0,0.15,4.0,13.96674912522228
349,1.951,1.953,0.0020000000000000018,149,4.0,1.0,0.15,4.0,18.263534125613354
350,2.0010000000000003,2.0060000000000002,0.004999999999999893,86,3.0,2.0,0.3,4.0,32.24266343324787
351,2.133,2.133,0.0,219,5.0,0.0,0.15,4.0,13.96674912522228
352,2.052,2.057,0.004999999999999893,254,5.0,1.0,0.15,4.0,22.81177341528723
353,2.018,2.028,0.010000000000000231,93,3.0,2.0,0.45,4.0,36.57367588777287
354,2.023,2.024,0.0009999999999998899,219,5.0,0.0,0.15,4.0,13.96674912522228
355,2.0170000000000003,2.0220000000000002,0.004999999999999893,86,3.0,2.0,0.3,4.0,32.24266343324787
356,1.912,1.916,0.0040000000000000036,156,4.0,1.0,0.3,4.0,19.726470053745476
357,2.003,2.008,0.004999999999999893,156,4.0,1.0,0.3,4.0,19.726470053745476
358,2.056,2.057,0.0009999999999998899,219,5.0,0.0,0.15,4.0,13.96674912522228
359,1.974,1.975,0.001000000000000112,219,5.0,0.0,0.15,4.0,13.96674912522228
360,1.9000000000000001,1.905,0.004999999999999893,156,4.0,1.0,0.3,4.0,19.726470053745476
361,1.944,1.949,0.0050000000000001155,156,4.0,1.0,0.3,4.0,19.726470053745476
362,1.981,1.982,0.0009999999999998899,149,4.0,1.0,0.15,4.0,18.263534125613354
363,1.996,2.0,0.0040000000000000036,156,4.0,1.0,0.3,4.0,19.726470053745476
364,2.012,2.0170000000000003,0.0050000000000003375,156,4.0,1.0,0.3,4.0,19.726470053745476
365,2.105,2.109,0.0040000000000000036,156,4.0,1.0,0.3,4.0,19.726470053745476
366,2.02,2.031,0.01100000000000012,93,3.0,2.0,0.45,4.0,36.57367588777287
367,1.941,1.946,0.004999999999999893,156,4.0,1.0,0.3,4.0,19.726470053745476
368,1.998,2.008,0.010000000000000009,93,3.0,2.0,0.45,4.0,36.57367588777287
369,2.028,2.032,0.0040000000000000036,156,4.0,1.0,0.3,4.0,19.726470053745476
370,1.922,1.927,0.0050000000000001155,156,4.0,1.0,0.3,4.0,19.726470053745476
371,1.924,1.93,0.006000000000000005,254,5.0,1.0,0.15,4.0,22.81177341528723
372,2.01,2.015,0.0050000000000003375,86,3.0,2.0,0.3,4.0,32.24266343324787
373,2.0140000000000002,2.019,0.004999999999999893,86,3.0,2.0,0.3,4.0,32.24266343324787
374,2.021,2.0220000000000002,0.001000000000000334,51,3.0,1.0,0.3,4.0,15.99277515480869
375,2.015,2.019,0.0040000000000000036,156,4.0,1.0,0.3,4.0,19.726470053745476
376,2.032,2.0330000000000004,0.001000000000000334,219,5.0,0.0,0.15,4.0,13.96674912522228
377,1.959,1.96,0.0009999999999998899,219,5.0,0.0,0.15,4.0,13.96674912522228
378,2.032,2.042,0.009999999999999787,93,3.0,2.0,0.45,4.0,36.57367588777287
379,2.123,2.127,0.0039999999999995595,156,4.0,1.0,0.3,4.0,19.726470053745476
380,1.999,2.005,0.005999999999999783,254,5.0,1.0,0.15,4.0,22.81177341528723
381,1.8900000000000001,1.8920000000000001,0.0020000000000000018,149,4.0,1.0,0.15,4.0,18.263534125613354
382,1.874,1.8940000000000001,0.020000000000000018,290,5.0,2.0,0.15,5.0,76.15188156842561
383,1.99,1.991,0.001000000000000112,219,5.0,0.0,0.15,4.0,13.96674912522228
384,2.041,2.042,0.0009999999999998899,219,5.0,0.0,0.15,4.0,13.96674912522228
385,2.051,2.056,0.004999999999999893,156,4.0,1.0,0.3,4.0,19.726470053745476
386,1.903,1.908,0.004999999999999893,156,4.0,1.0,0.3,4.0,19.726470053745476
387,1.962,1.972,0.010000000000000009,93,3.0,2.0,0.45,4.0,36.57367588777287
388,1.972,1.972,0.0,219,5.0,0.0,0.15,4.0,13.96674912522228
389,1.997,2.002,0.004999999999999671,156,4.0,1.0,0.3,4.0,19.726470053745476
390,2.011,2.012,0.0009999999999998899,219,5.0,0.0,0.15,4.0,13.96674912522228
391,1.966,1.971,0.0050000000000001155,254,5.0,1.0,0.15,4.0,22.81177341528723
392,1.927,1.927,0.0,219,5.0,0.0,0.15,4.0,13.96674912522228
393,2.0780000000000003,2.088,0.009999999999999787,93,3.0,2.0,0.45,4.0,36.57367588777287
394,2.1260000000000003,2.127,0.0009999999999994458,219,5.0,0.0,0.15,4.0,13.96674912522228
395,2.026,2.031,0.0050000000000003375,254,5.0,1.0,0.15,4.0,22.81177341528723
396,1.928,1.933,0.0050000000000001155,86,3.0,2.0,0.3,4.0,32.24266343324787
397,2.013,2.015,0.002000000000000224,149,4.0,1.0,0.15,4.0,18.263534125613354
398,1.949,1.96,0.010999999999999899,93,3.0,2.0,0.45,4.0,36.57367588777287
399,1.951,1.955,0.0040000000000000036,156,4.0,1.0,0.3,4.0,19.726470053745476
400,1.965,1.969,0.0040000000000000036,156,4.0,1.0,0.3,4.0,19.726470053745476
401,2.026,2.031,0.0050000000000003375,254,5.0,1.0,0.15,4.0,22.81177341528723
402,1.974,1.984,0.010000000000000009,93,3.0,2.0,0.45,4.0,36.57367588777287
403,2.0700000000000003,2.074,0.0039999999999995595,156,4.0,1.0,0.3,4.0,19.726470053745476
404,2.088,2.093,0.004999999999999893,254,5.0,1.0,0.15,4.0,22.81177341528723
405,1.8960000000000001,1.899,0.0029999999999998916,58,3.0,1.0,0.45,4.0,17.20520267224726
406,1.927,1.928,0.0009999999999998899,219,5.0,0.0,0.15,4.0,13.96674912522228
407,1.938,1.939,0.001000000000000112,219,5.0,0.0,0.15,4.0,13.96674912522228
408,1.965,1.97,0.004999999999999893,156,4.0,1.0,0.3,4.0,19.726470053745476
409,1.899,1.899,0.0,213,5.0,0.0,0.0,5.0,16.79480500020191
410,1.975,1.976,0.0009999999999998899,219,5.0,0.0,0.15,4.0,13.96674912522228
411,1.972,1.973,0.001000000000000112,219,5.0,0.0,0.15,4.0,13.96674912522228
412,1.903,1.909,0.006000000000000005,184,4.0,2.0,0.15,4.0,39.90182706802169
413,1.986,1.99,0.0040000000000000036,156,4.0,1.0,0.3,4.0,19.726470053745476
414,1.981,1.986,0.004999999999999893,156,4.0,1.0,0.3,4.0,19.726470053745476
415,1.929,1.93,0.0009999999999998899,219,5.0,0.0,0.15,4.0,13.96674912522228
416,1.954,1.959,0.0050000000000001155,184,4.0,2.0,0.15,4.0,39.90182706802169
417,2.1340000000000003,2.14,0.005999999999999783,254,5.0,1.0,0.15,4.0,22.81177341528723
418,1.962,1.963,0.001000000000000112,219,5.0,0.0,0.15,4.0,13.96674912522228
419,1.927,1.932,0.004999999999999893,86,3.0,2.0,0.3,4.0,32.24266343324787
420,1.807,1.812,0.0050000000000001155,254,5.0,1.0,0.15,4.0,22.81177341528723
421,2.024,2.034,0.009999999999999787,93,3.0,2.0,0.45,4.0,36.57367588777287
422,1.981,1.985,0.0040000000000000036,86,3.0,2.0,0.3,4.0,32.24266343324787
423,1.983,1.987,0.0040000000000000036,156,4.0,1.0,0.3,4.0,19.726470053745476
424,2.0300000000000002,2.031,0.0009999999999998899,219,5.0,0.0,0.15,4.0,13.96674912522228
425,1.957,1.962,0.004999999999999893,156,4.0,1.0,0.3,4.0,19.726470053745476
426,1.93,1.932,0.0020000000000000018,58,3.0,1.0,0.45,4.0,17.20520267224726
427,2.032,2.037,0.004999999999999893,156,4.0,1.0,0.3,4.0,19.726470053745476
428,2.042,2.043,0.001000000000000334,219,5.0,0.0,0.15,4.0,13.96674912522228
429,2.075,2.08,0.004999999999999893,156,4.0,1.0,0.3,4.0,19.726470053745476
430,2.007,2.028,0.020999999999999908,290,5.0,2.0,0.15,5.0,76.15188156842561
431,1.866,1.867,0.0009999999999998899,219,5.0,0.0,0.15,4.0,13.96674912522228
432,1.943,1.947,0.0040000000000000036,156,4.0,1.0,0.3,4.0,19.726470053745476
433,2.032,2.0330000000000004,0.001000000000000334,219,5.0,0.0,0.15,4.0,13.96674912522228
434,1.923,1.933,0.010000000000000009,93,3.0,2.0,0.45,4.0,36.57367588777287
435,1.919,1.929,0.010000000000000009,93,3.0,2.0,0.45,4.0,36.57367588777287
436,2.0549999999999997,2.0549999999999997,0.0,219,5.0,0.0,0.15,4.0,13.96674912522228
437,2.0460000000000003,2.056,0.009999999999999787,185,4.0,2.0,0.15,5.0,49.87728383502711
438,2.091,2.091,0.0,121,4.0,0.0,0.3,4.0,12.452110192925703
439,2.052,2.057,0.004999999999999893,254,5.0,1.0,0.15,4.0,22.81177341528723
440,1.955,1.955,0.0,219,5.0,0.0,0.15,4.0,13.96674912522228
441,2.029,2.034,0.004999999999999893,254,5.0,1.0,0.15,4.0,22.81177341528723
442,1.8860000000000001,1.897,0.010999999999999899,93,3.0,2.0,0.45,4.0,36.57367588777287
443,2.106,2.107,0.001000000000000334,219,5.0,0.0,0.15,4.0,13.96674912522228
444,1.98,1.984,0.0040000000000000036,156,4.0,1.0,0.3,4.0,19.726470053745476
445,2.0700000000000003,2.0709999999999997,0.0009999999999994458,219,5.0,0.0,0.15,4.0,13.96674912522228
446,1.887,1.901,0.014000000000000012,191,4.0,2.0,0.3,4.0,46.283348573725405
447,1.9060000000000001,1.911,0.004999999999999893,156,4.0,1.0,0.3,4.0,19.726470053745476
448,2.0,2.0010000000000003,0.001000000000000334,219,5.0,0.0,0.15,4.0,13.96674912522228
449,1.942,1.947,0.0050000000000001155,156,4.0,1.0,0.3,4.0,19.726470053745476
450,1.967,1.968,0.0009999999999998899,219,5.0,0.0,0.15,4.0,13.96674912522228
451,2.007,2.012,0.004999999999999893,254,5.0,1.0,0.15,4.0,22.81177341528723
452,2.0090000000000003,2.019,0.009999999999999787,185,4.0,2.0,0.15,5.0,49.87728383502711
453,1.8960000000000001,1.8960000000000001,0.0,219,5.0,0.0,0.15,4.0,13.96674912522228
454,2.067,2.077,0.009999999999999787,93,3.0,2.0,0.45,4.0,36.57367588777287
455,1.99,1.994,0.0040000000000000036,156,4.0,1.0,0.3,4.0,19.726470053745476
456,1.948,1.953,0.0050000000000001155,156,4.0,1.0,0.3,4.0,19.726470053745476
457,1.969,1.974,0.004999999999999893,156,4.0,1.0,0.3,4.0,19.726470053745476
458,1.875,1.8760000000000001,0.001000000000000112,219,5.0,0.0,0.15,4.0,13.96674912522228
459,2.1310000000000002,2.141,0.009999999999999787,87,3.0,2.0,0.3,5.0,40.30332929155984
460,2.04,2.044,0.0040000000000000036,156,4.0,1.0,0.3,4.0,19.726470053745476
461,1.947,1.948,0.0009999999999998899,219,5.0,0.0,0.15,4.0,13.96674912522228
462,2.012,2.016,0.0040000000000000036,156,4.0,1.0,0.3,4.0,19.726470053745476
463,2.035,2.036,0.0009999999999998899,51,3.0,1.0,0.3,4.0,15.99277515480869
464,1.87,1.87,0.0,219,5.0,0.0,0.15,4.0,13.96674912522228
465,1.936,1.937,0.001000000000000112,219,5.0,0.0,0.15,4.0,13.96674912522228
466,1.993,2.004,0.010999999999999899,93,3.0,2.0,0.45,4.0,36.57367588777287
467,2.109,2.1109999999999998,0.0019999999999997797,58,3.0,1.0,0.45,4.0,17.20520267224726
468,1.897,1.901,0.0040000000000000036,156,4.0,1.0,0.3,4.0,19.726470053745476
469,1.905,1.91,0.004999999999999893,156,4.0,1.0,0.3,4.0,19.726470053745476
470,1.964,1.964,0.0,219,5.0,0.0,0.15,4.0,13.96674912522228
471,1.914,1.914,0.0,219,5.0,0.0,0.15,4.0,13.96674912522228
472,2.09,2.0949999999999998,0.004999999999999893,86,3.0,2.0,0.3,4.0,32.24266343324787
473,1.994,2.016,0.02200000000000002,290,5.0,2.0,0.15,5.0,76.15188156842561
474,1.917,1.923,0.006000000000000005,254,5.0,1.0,0.15,4.0,22.81177341528723
475,2.045,2.0469999999999997,0.0019999999999997797,58,3.0,1.0,0.45,4.0,17.20520267224726
476,2.0549999999999997,2.06,0.0050000000000003375,156,4.0,1.0,0.3,4.0,19.726470053745476
477,2.0300000000000002,2.031,0.0009999999999998899,219,5.0,0.0,0.15,4.0,13.96674912522228
478,1.976,2.003,0.027000000000000135,192,4.0,2.0,0.3,5.0,57.85418571715676
479,1.995,1.996,0.0009999999999998899,219,5.0,0.0,0.15,4.0,13.96674912522228
480,2.0620000000000003,2.0629999999999997,0.0009999999999994458,219,5.0,0.0,0.15,4.0,13.96674912522228
481,2.02,2.0250000000000004,0.0050000000000003375,86,3.0,2.0,0.3,4.0,32.24266343324787
482,1.957,1.957,0.0,219,5.0,0.0,0.15,4.0,13.96674912522228
483,1.942,1.942,0.0,219,5.0,0.0,0.15,4.0,13.96674912522228
484,1.946,1.95,0.0040000000000000036,156,4.0,1.0,0.3,4.0,19.726470053745476
485,2.09,2.091,0.001000000000000334,219,5.0,0.0,0.15,4.0,13.96674912522228
486,1.928,1.933,0.0050000000000001155,156,4.0,1.0,0.3,4.0,19.726470053745476
487,2.002,2.007,0.0050000000000003375,156,4.0,1.0,0.3,4.0,19.726470053745476
488,2.091,2.096,0.004999999999999893,156,4.0,1.0,0.3,4.0,19.726470053745476
489,2.002,2.007,0.0050000000000003375,156,4.0,1.0,0.3,4.0,19.726470053745476
490,2.089,2.089,0.0,219,5.0,0.0,0.15,4.0,13.96674912522228
491,1.9000000000000001,1.9000000000000001,0.0,219,5.0,0.0,0.15,4.0,13.96674912522228
492,2.028,2.032,0.0040000000000000036,156,4.0,1.0,0.3,4.0,19.726470053745476
493,2.023,2.027,0.0040000000000000036,156,4.0,1.0,0.3,4.0,19.726470053745476
494,1.941,1.941,0.0,219,5.0,0.0,0.15,4.0,13.96674912522228
495,1.917,1.919,0.0020000000000000018,58,3.0,1.0,0.45,4.0,17.20520267224726
496,1.979,1.984,0.004999999999999893,156,4.0,1.0,0.3,4.0,19.726470053745476
497,2.0060000000000002,2.011,0.004999999999999893,156,4.0,1.0,0.3,4.0,19.726470053745476
498,1.991,1.996,0.004999999999999893,156,4.0,1.0,0.3,4.0,19.726470053745476
499,2.004,2.005,0.0009999999999998899,219,5.0,0.0,0.15,4.0,13.96674912522228
500,1.929,1.938,0.008999999999999897,93,3.0,2.0,0.45,4.0,36.57367588777287
501,1.936,1.94,0.0040000000000000036,156,4.0,1.0,0.3,4.0,19.726470053745476
502,2.043,2.0469999999999997,0.0039999999999995595,156,4.0,1.0,0.3,4.0,19.726470053745476
503,1.937,1.958,0.020999999999999908,290,5.0,2.0,0.15,5.0,76.15188156842561
504,2.008,2.0300000000000002,0.02200000000000024,100,3.0,2.0,0.6,4.0,45.80420869779847
505,1.999,2.0,0.0009999999999998899,219,5.0,0.0,0.15,4.0,13.96674912522228
506,1.859,1.864,0.0050000000000001155,156,4.0,1.0,0.3,4.0,19.726470053745476
507,2.06,2.064,0.0040000000000000036,86,3.0,2.0,0.3,4.0,32.24266343324787
508,1.964,1.969,0.0050000000000001155,156,4.0,1.0,0.3,4.0,19.726470053745476
509,2.057,2.067,0.010000000000000231,185,4.0,2.0,0.15,5.0,49.87728383502711
510,2.0010000000000003,2.002,0.0009999999999994458,219,5.0,0.0,0.15,4.0,13.96674912522228
511,2.066,2.0700000000000003,0.004000000000000448,156,4.0,1.0,0.3,4.0,19.726470053745476
512,1.94,1.945,0.0050000000000001155,254,5.0,1.0,0.15,4.0,22.81177341528723
513,2.0250000000000004,2.027,0.0019999999999997797,58,3.0,1.0,0.45,4.0,17.20520267224726
514,1.915,1.92,0.004999999999999893,156,4.0,1.0,0.3,4.0,19.726470053745476
515,1.993,1.998,0.004999999999999893,254,5.0,1.0,0.15,4.0,22.81177341528723
516,2.011,2.016,0.004999999999999893,156,4.0,1.0,0.3,4.0,19.726470053745476
517,2.034,2.0389999999999997,0.004999999999999893,156,4.0,1.0,0.3,4.0,19.726470053745476
518,2.026,2.031,0.0050000000000003375,156,4.0,1.0,0.3,4.0,19.726470053745476
519,1.879,1.885,0.006000000000000005,254,5.0,1.0,0.15,4.0,22.81177341528723
520,1.979,1.983,0.0040000000000000036,156,4.0,1.0,0.3,4.0,19.726470053745476
521,1.968,1.968,0.0,219,5.0,0.0,0.15,4.0,13.96674912522228
522,1.99,1.996,0.006000000000000005,65,3.0,1.0,0.6,4.0,19.170243812504182
523,2.0700000000000003,2.091,0.020999999999999908,100,3.0,2.0,0.6,4.0,45.80420869779847
524,1.99,1.991,0.001000000000000112,219,5.0,0.0,0.15,4.0,13.96674912522228
525,1.991,1.997,0.006000000000000005,254,5.0,1.0,0.15,4.0,22.81177341528723
526,1.91,1.914,0.0040000000000000036,156,4.0,1.0,0.3,4.0,19.726470053745476
527,1.929,1.929,0.0,219,5.0,0.0,0.15,4.0,13.96674912522228
528,1.976,1.981,0.0050000000000001155,156,4.0,1.0,0.3,4.0,19.726470053745476
529,2.018,2.023,0.0050000000000003375,156,4.0,1.0,0.3,4.0,19.726470053745476
530,1.991,1.992,0.0009999999999998899,219,5.0,0.0,0.15,4.0,13.96674912522228
531,2.019,2.019,0.0,247,5.0,1.0,0.0,4.0,21.420113577190087
532,2.044,2.048,0.0040000000000000036,156,4.0,1.0,0.3,4.0,19.726470053745476
533,1.96,1.964,0.0040000000000000036,156,4.0,1.0,0.3,4.0,19.726470053745476
534,2.056,2.0709999999999997,0.01499999999999968,261,5.0,1.0,0.3,4.0,25.260631670972717
535,2.05,2.0540000000000003,0.004000000000000448,156,4.0,1.0,0.3,4.0,19.726470053745476
536,1.994,1.998,0.0040000000000000036,156,4.0,1.0,0.3,4.0,19.726470053745476
537,2.0949999999999998,2.096,0.001000000000000334,219,5.0,0.0,0.15,4.0,13.96674912522228
538,1.977,1.979,0.0020000000000000018,149,4.0,1.0,0.15,4.0,18.263534125613354
539,1.953,1.958,0.004999999999999893,254,5.0,1.0,0.15,4.0,22.81177341528723
540,2.051,2.052,0.0009999999999998899,219,5.0,0.0,0.15,4.0,13.96674912522228
541,2.067,2.072,0.004999999999999893,254,5.0,1.0,0.15,4.0,22.81177341528723
542,2.052,2.057,0.004999999999999893,156,4.0,1.0,0.3,4.0,19.726470053745476
543,1.972,1.973,0.001000000000000112,149,4.0,1.0,0.15,4.0,18.263534125613354
544,2.0940000000000003,2.099,0.004999999999999893,254,5.0,1.0,0.15,4.0,22.81177341528723
545,2.077,2.082,0.004999999999999893,156,4.0,1.0,0.3,4.0,19.726470053745476
546,2.012,2.0170000000000003,0.0050000000000003375,254,5.0,1.0,0.15,4.0,22.81177341528723
547,1.928,1.933,0.0050000000000001155,254,5.0,1.0,0.15,4.0,22.81177341528723
548,2.065,2.067,0.002000000000000224,79,3.0,2.0,0.15,4.0,30.044253224096934
549,1.917,1.917,0.0,219,5.0,0.0,0.15,4.0,13.96674912522228
550,2.029,2.0300000000000002,0.001000000000000334,219,5.0,0.0,0.15,4.0,13.96674912522228
551,1.986,1.991,0.0050000000000001155,156,4.0,1.0,0.3,4.0,19.726470053745476
552,1.9060000000000001,1.907,0.0009999999999998899,219,5.0,0.0,0.15,4.0,13.96674912522228
553,2.013,2.023,0.010000000000000231,93,3.0,2.0,0.45,4.0,36.57367588777287
554,2.058,2.059,0.001000000000000334,219,5.0,0.0,0.15,4.0,13.96674912522228
555,1.996,1.998,0.0020000000000000018,58,3.0,1.0,0.45,4.0,17.20520267224726
556,2.027,2.032,0.004999999999999893,254,5.0,1.0,0.15,4.0,22.81177341528723
557,1.961,1.965,0.0040000000000000036,156,4.0,1.0,0.3,4.0,19.726470053745476
558,1.94,1.945,0.0050000000000001155,254,5.0,1.0,0.15,4.0,22.81177341528723
559,1.933,1.933,0.0,219,5.0,0.0,0.15,4.0,13.96674912522228
560,2.0250000000000004,2.0300000000000002,0.004999999999999893,86,3.0,2.0,0.3,4.0,32.24266343324787
561,2.032,2.0380000000000003,0.006000000000000227,254,5.0,1.0,0.15,4.0,22.81177341528723
562,1.917,1.918,0.0009999999999998899,149,4.0,1.0,0.15,4.0,18.263534125613354
563,1.918,1.919,0.001000000000000112,219,5.0,0.0,0.15,4.0,13.96674912522228
564,1.947,1.947,0.0,219,5.0,0.0,0.15,4.0,13.96674912522228
565,2.057,2.0620000000000003,0.0050000000000003375,156,4.0,1.0,0.3,4.0,19.726470053745476
566,2.0780000000000003,2.083,0.004999999999999893,324,6.0,0.0,0.15,4.0,16.193866213510642
567,1.967,1.972,0.004999999999999893,156,4.0,1.0,0.3,4.0,19.726470053745476
568,1.949,1.954,0.004999999999999893,156,4.0,1.0,0.3,4.0,19.726470053745476
569,1.986,1.991,0.0050000000000001155,156,4.0,1.0,0.3,4.0,19.726470053745476
570,1.974,1.979,0.0050000000000001155,254,5.0,1.0,0.15,4.0,22.81177341528723
571,2.075,2.081,0.005999999999999783,254,5.0,1.0,0.15,4.0,22.81177341528723
572,1.921,1.921,0.0,219,5.0,0.0,0.15,4.0,13.96674912522228
573,2.0629999999999997,2.0629999999999997,0.0,283,5.0,2.0,0.0,5.0,66.4098739739585
574,1.945,1.949,0.0040000000000000036,156,4.0,1.0,0.3,4.0,19.726470053745476
575,1.99,1.995,0.0050000000000001155,156,4.0,1.0,0.3,4.0,19.726470053745476
576,2.011,2.021,0.009999999999999787,93,3.0,2.0,0.45,4.0,36.57367588777287
577,1.8960000000000001,1.897,0.0009999999999998899,149,4.0,1.0,0.15,4.0,18.263534125613354
578,2.056,2.056,0.0,219,5.0,0.0,0.15,4.0,13.96674912522228
579,2.011,2.016,0.004999999999999893,254,5.0,1.0,0.15,4.0,22.81177341528723
580,1.909,1.918,0.008999999999999897,93,3.0,2.0,0.45,4.0,36.57367588777287
581,2.034,2.0389999999999997,0.004999999999999893,156,4.0,1.0,0.3,4.0,19.726470053745476
582,2.058,2.058,0.0,219,5.0,0.0,0.15,4.0,13.96674912522228
583,1.976,1.981,0.0050000000000001155,254,5.0,1.0,0.15,4.0,22.81177341528723
584,2.002,2.003,0.001000000000000334,219,5.0,0.0,0.15,4.0,13.96674912522228
585,2.0460000000000003,2.052,0.005999999999999783,254,5.0,1.0,0.15,4.0,22.81177341528723
586,1.963,1.968,0.004999999999999893,86,3.0,2.0,0.3,4.0,32.24266343324787
587,2.004,2.005,0.0009999999999998899,219,5.0,0.0,0.15,4.0,13.96674912522228
588,2.021,2.0250000000000004,0.004000000000000448,156,4.0,1.0,0.3,4.0,19.726470053745476
589,1.938,1.961,0.02300000000000013,290,5.0,2.0,0.15,5.0,76.15188156842561
590,1.922,1.924,0.0020000000000000018,58,3.0,1.0,0.45,4.0,17.20520267224726
591,2.043,2.048,0.004999999999999893,156,4.0,1.0,0.3,4.0,19.726470053745476
592,2.027,2.029,0.0019999999999997797,149,4.0,1.0,0.15,4.0,18.263534125613354
593,2.048,2.049,0.0009999999999998899,219,5.0,0.0,0.15,4.0,13.96674912522228
594,1.976,1.981,0.0050000000000001155,156,4.0,1.0,0.3,4.0,19.726470053745476
595,2.0330000000000004,2.0380000000000003,0.004999999999999893,254,5.0,1.0,0.15,4.0,22.81177341528723
596,2.145,2.149,0.0040000000000000036,156,4.0,1.0,0.3,4.0,19.726470053745476
597,1.985,1.991,0.006000000000000005,254,5.0,1.0,0.15,4.0,22.81177341528723
598,1.995,1.997,0.0020000000000000018,149,4.0,1.0,0.15,4.0,18.263534125613354
599,2.003,2.008,0.004999999999999893,86,3.0,2.0,0.3,4.0,32.24266343324787
600,2.021,2.024,0.0030000000000001137,226,5.0,0.0,0.3,4.0,14.468913019092193
601,1.998,1.998,0.0,212,5.0,0.0,0.0,4.0,13.43584400016153
602,1.936,1.937,0.001000000000000112,219,5.0,0.0,0.15,4.0,13.96674912522228
603,2.082,2.082,0.0,219,5.0,0.0,0.15,4.0,13.96674912522228
604,2.01,2.0140000000000002,0.004000000000000448,156,4.0,1.0,0.3,4.0,19.726470053745476
605,1.992,1.993,0.001000000000000112,219,5.0,0.0,0.15,4.0,13.96674912522228
606,2.048,2.049,0.0009999999999998899,219,5.0,0.0,0.15,4.0,13.96674912522228
607,1.993,1.998,0.004999999999999893,86,3.0,2.0,0.3,4.0,32.24266343324787
608,1.8820000000000001,1.883,0.0009999999999998899,219,5.0,0.0,0.15,4.0,13.96674912522228
609,1.976,1.978,0.0020000000000000018,226,5.0,0.0,0.3,4.0,14.468913019092193
610,2.088,2.093,0.004999999999999893,86,3.0,2.0,0.3,4.0,32.24266343324787
611,2.015,2.02,0.004999999999999893,156,4.0,1.0,0.3,4.0,19.726470053745476
612,1.931,1.935,0.0040000000000000036,156,4.0,1.0,0.3,4.0,19.726470053745476
613,2.044,2.044,0.0,283,5.0,2.0,0.0,5.0,66.4098739739585
614,1.919,1.924,0.004999999999999893,156,4.0,1.0,0.3,4.0,19.726470053745476
615,1.949,1.96,0.010999999999999899,93,3.0,2.0,0.45,4.0,36.57367588777287
616,1.998,1.999,0.001000000000000112,219,5.0,0.0,0.15,4.0,13.96674912522228
617,2.067,2.0709999999999997,0.0039999999999995595,156,4.0,1.0,0.3,4.0,19.726470053745476
618,1.978,1.98,0.0020000000000000018,58,3.0,1.0,0.45,4.0,17.20520267224726
619,1.982,1.987,0.0050000000000001155,254,5.0,1.0,0.15,4.0,22.81177341528723
620,1.925,1.93,0.004999999999999893,156,4.0,1.0,0.3,4.0,19.726470053745476
621,1.966,1.972,0.006000000000000005,254,5.0,1.0,0.15,4.0,22.81177341528723
622,2.015,2.02,0.004999999999999893,254,5.0,1.0,0.15,4.0,22.81177341528723
623,2.0010000000000003,2.002,0.0009999999999994458,219,5.0,0.0,0.15,4.0,13.96674912522228
624,1.877,1.881,0.0040000000000000036,156,4.0,1.0,0.3,4.0,19.726470053745476
625,2.0620000000000003,2.0629999999999997,0.0009999999999994458,219,5.0,0.0,0.15,4.0,13.96674912522228
626,1.936,1.938,0.0020000000000000018,226,5.0,0.0,0.3,4.0,14.468913019092193
627,2.003,2.004,0.0009999999999998899,219,5.0,0.0,0.15,4.0,13.96674912522228
628,2.0949999999999998,2.101,0.006000000000000227,65,3.0,1.0,0.6,4.0,19.170243812504182
629,1.946,1.951,0.0050000000000001155,86,3.0,2.0,0.3,4.0,32.24266343324787
630,2.026,2.041,0.015000000000000124,261,5.0,1.0,0.3,4.0,25.260631670972717
631,1.931,1.932,0.0009999999999998899,219,5.0,0.0,0.15,4.0,13.96674912522228
632,1.948,1.949,0.001000000000000112,219,5.0,0.0,0.15,4.0,13.96674912522228
633,1.939,1.94,0.0009999999999998899,219,5.0,0.0,0.15,4.0,13.96674912522228
634,1.885,1.8900000000000001,0.0050000000000001155,86,3.0,2.0,0.3,4.0,32.24266343324787
635,1.8920000000000001,1.908,0.015999999999999792,261,5.0,1.0,0.3,4.0,25.260631670972717
636,1.874,1.874,0.0,283,5.0,2.0,0.0,5.0,66.4098739739585
637,1.999,1.999,0.0,73,3.0,2.0,0.0,5.0,36.21572801111631
638,1.928,1.933,0.0050000000000001155,156,4.0,1.0,0.3,4.0,19.726470053745476
639,2.077,2.0780000000000003,0.001000000000000334,219,5.0,0.0,0.15,4.0,13.96674912522228
640,1.724,1.724,0.0,219,5.0,0.0,0.15,4.0,13.96674912522228
641,1.911,1.916,0.004999999999999893,156,4.0,1.0,0.3,4.0,19.726470053745476
642,2.042,2.043,0.001000000000000334,219,5.0,0.0,0.15,4.0,13.96674912522228
643,1.924,1.925,0.001000000000000112,149,4.0,1.0,0.15,4.0,18.263534125613354
644,2.091,2.0949999999999998,0.0039999999999995595,156,4.0,1.0,0.3,4.0,19.726470053745476
645,2.0,2.005,0.004999999999999893,156,4.0,1.0,0.3,4.0,19.726470053745476
646,1.927,1.927,0.0,219,5.0,0.0,0.15,4.0,13.96674912522228
647,1.914,1.921,0.007000000000000117,65,3.0,1.0,0.6,4.0,19.170243812504182
648,1.869,1.87,0.001000000000000112,219,5.0,0.0,0.15,4.0,13.96674912522228
649,2.052,2.057,0.004999999999999893,156,4.0,1.0,0.3,4.0,19.726470053745476
650,2.011,2.02,0.008999999999999897,93,3.0,2.0,0.45,4.0,36.57367588777287
651,1.949,1.953,0.0040000000000000036,156,4.0,1.0,0.3,4.0,19.726470053745476
652,2.04,2.041,0.0009999999999998899,149,4.0,1.0,0.15,4.0,18.263534125613354
653,1.931,1.936,0.004999999999999893,156,4.0,1.0,0.3,4.0,19.726470053745476
654,1.998,2.008,0.010000000000000009,93,3.0,2.0,0.45,4.0,36.57367588777287
655,1.975,1.977,0.0020000000000000018,149,4.0,1.0,0.15,4.0,18.263534125613354
656,1.966,1.967,0.001000000000000112,219,5.0,0.0,0.15,4.0,13.96674912522228
657,2.065,2.0789999999999997,0.01399999999999979,191,4.0,2.0,0.3,4.0,46.283348573725405
658,2.093,2.0940000000000003,0.001000000000000334,219,5.0,0.0,0.15,4.0,13.96674912522228
659,2.1109999999999998,2.112,0.001000000000000334,219,5.0,0.0,0.15,4.0,13.96674912522228
660,1.973,1.978,0.004999999999999893,156,4.0,1.0,0.3,4.0,19.726470053745476
661,2.133,2.135,0.0019999999999997797,226,5.0,0.0,0.3,4.0,14.468913019092193
662,1.97,1.972,0.0020000000000000018,58,3.0,1.0,0.45,4.0,17.20520267224726
663,2.023,2.029,0.005999999999999783,254,5.0,1.0,0.15,4.0,22.81177341528723
664,1.874,1.879,0.004999999999999893,86,3.0,2.0,0.3,4.0,32.24266343324787
665,2.088,2.093,0.004999999999999893,156,4.0,1.0,0.3,4.0,19.726470053745476
666,1.978,1.983,0.0050000000000001155,86,3.0,2.0,0.3,4.0,32.24266343324787
667,1.926,1.927,0.001000000000000112,219,5.0,0.0,0.15,4.0,13.96674912522228
668,1.955,1.977,0.02200000000000002,100,3.0,2.0,0.6,4.0,45.80420869779847
669,1.986,1.991,0.0050000000000001155,254,5.0,1.0,0.15,4.0,22.81177341528723
670,1.8940000000000001,1.8960000000000001,0.0020000000000000018,58,3.0,1.0,0.45,4.0,17.20520267224726
671,1.889,1.891,0.0020000000000000018,149,4.0,1.0,0.15,4.0,18.263534125613354
672,2.015,2.0250000000000004,0.010000000000000231,93,3.0,2.0,0.45,4.0,36.57367588777287
673,2.08,2.085,0.004999999999999893,86,3.0,2.0,0.3,4.0,32.24266343324787
674,2.061,2.0620000000000003,0.001000000000000334,219,5.0,0.0,0.15,4.0,13.96674912522228
675,1.987,1.989,0.0020000000000000018,58,3.0,1.0,0.45,4.0,17.20520267224726
676,1.979,1.984,0.004999999999999893,156,4.0,1.0,0.3,4.0,19.726470053745476
677,1.916,1.92,0.0040000000000000036,156,4.0,1.0,0.3,4.0,19.726470053745476
678,1.953,1.955,0.0020000000000000018,149,4.0,1.0,0.15,4.0,18.263534125613354
679,2.141,2.1420000000000003,0.001000000000000334,219,5.0,0.0,0.15,4.0,13.96674912522228
680,2.051,2.051,0.0,219,5.0,0.0,0.15,4.0,13.96674912522228
681,2.075,2.0789999999999997,0.0039999999999995595,156,4.0,1.0,0.3,4.0,19.726470053745476
682,2.023,2.023,0.0,178,4.0,2.0,0.0,5.0,46.43816282340671
683,2.153,2.154,0.0009999999999998899,219,5.0,0.0,0.15,4.0,13.96674912522228
684,2.069,2.074,0.004999999999999893,156,4.0,1.0,0.3,4.0,19.726470053745476
685,1.92,1.926,0.006000000000000005,254,5.0,1.0,0.15,4.0,22.81177341528723
686,2.077,2.082,0.004999999999999893,254,5.0,1.0,0.15,4.0,22.81177341528723
687,1.915,1.919,0.0040000000000000036,156,4.0,1.0,0.3,4.0,19.726470053745476
688,1.998,2.004,0.006000000000000005,254,5.0,1.0,0.15,4.0,22.81177341528723
689,1.982,1.984,0.0020000000000000018,58,3.0,1.0,0.45,4.0,17.20520267224726
690,1.993,1.998,0.004999999999999893,86,3.0,2.0,0.3,4.0,32.24266343324787
691,2.0629999999999997,2.069,0.006000000000000227,254,5.0,1.0,0.15,4.0,22.81177341528723
692,2.0629999999999997,2.067,0.004000000000000448,156,4.0,1.0,0.3,4.0,19.726470053745476
693,2.066,2.0700000000000003,0.004000000000000448,156,4.0,1.0,0.3,4.0,19.726470053745476
694,1.978,1.983,0.0050000000000001155,156,4.0,1.0,0.3,4.0,19.726470053745476
695,2.056,2.061,0.004999999999999893,156,4.0,1.0,0.3,4.0,19.726470053745476
696,2.028,2.0330000000000004,0.0050000000000003375,156,4.0,1.0,0.3,4.0,19.726470053745476
697,1.982,1.986,0.0040000000000000036,156,4.0,1.0,0.3,4.0,19.726470053745476
698,2.1310000000000002,2.132,0.0009999999999998899,219,5.0,0.0,0.15,4.0,13.96674912522228
699,2.0469999999999997,2.0469999999999997,0.0,247,5.0,1.0,0.0,4.0,21.420113577190087
700,1.936,1.937,0.001000000000000112,219,5.0,0.0,0.15,4.0,13.96674912522228
701,1.987,1.992,0.004999999999999893,156,4.0,1.0,0.3,4.0,19.726470053745476
702,1.984,1.985,0.001000000000000112,149,4.0,1.0,0.15,4.0,18.263534125613354
703,2.0090000000000003,2.01,0.0009999999999994458,219,5.0,0.0,0.15,4.0,13.96674912522228
704,1.8860000000000001,1.907,0.020999999999999908,290,5.0,2.0,0.15,5.0,76.15188156842561
705,2.1189999999999998,2.128,0.009000000000000341,185,4.0,2.0,0.15,5.0,49.87728383502711
706,1.84,1.841,0.0009999999999998899,219,5.0,0.0,0.15,4.0,13.96674912522228
707,1.967,1.972,0.004999999999999893,156,4.0,1.0,0.3,4.0,19.726470053745476
708,2.05,2.0549999999999997,0.004999999999999893,156,4.0,1.0,0.3,4.0,19.726470053745476
709,1.927,1.933,0.006000000000000005,86,3.0,2.0,0.3,4.0,32.24266343324787
710,2.016,2.0220000000000002,0.006000000000000227,254,5.0,1.0,0.15,4.0,22.81177341528723
711,1.958,1.963,0.0050000000000001155,254,5.0,1.0,0.15,4.0,22.81177341528723
712,2.088,2.092,0.0040000000000000036,156,4.0,1.0,0.3,4.0,19.726470053745476
713,1.992,1.994,0.0020000000000000018,149,4.0,1.0,0.15,4.0,18.263534125613354
714,1.997,2.007,0.010000000000000009,93,3.0,2.0,0.45,4.0,36.57367588777287
715,2.0220000000000002,2.024,0.0019999999999997797,149,4.0,1.0,0.15,4.0,18.263534125613354
716,1.991,1.992,0.0009999999999998899,219,5.0,0.0,0.15,4.0,13.96674912522228
717,1.956,1.956,0.0,219,5.0,0.0,0.15,4.0,13.96674912522228
718,2.003,2.008,0.004999999999999893,156,4.0,1.0,0.3,4.0,19.726470053745476
719,1.911,1.912,0.0009999999999998899,219,5.0,0.0,0.15,4.0,13.96674912522228
720,2.077,2.082,0.004999999999999893,156,4.0,1.0,0.3,4.0,19.726470053745476
721,1.961,1.962,0.0009999999999998899,219,5.0,0.0,0.15,4.0,13.96674912522228
722,1.909,1.914,0.004999999999999893,86,3.0,2.0,0.3,4.0,32.24266343324787
723,1.909,1.91,0.0009999999999998899,219,5.0,0.0,0.15,4.0,13.96674912522228
724,1.962,1.963,0.001000000000000112,219,5.0,0.0,0.15,4.0,13.96674912522228
725,1.928,1.932,0.0040000000000000036,156,4.0,1.0,0.3,4.0,19.726470053745476
726,1.926,1.931,0.0050000000000001155,156,4.0,1.0,0.3,4.0,19.726470053745476
727,2.0709999999999997,2.076,0.0050000000000003375,86,3.0,2.0,0.3,4.0,32.24266343324787
728,2.032,2.0330000000000004,0.001000000000000334,219,5.0,0.0,0.15,4.0,13.96674912522228
729,1.955,1.959,0.0040000000000000036,156,4.0,1.0,0.3,4.0,19.726470053745476
730,2.0300000000000002,2.04,0.009999999999999787,93,3.0,2.0,0.45,4.0,36.57367588777287
731,1.954,1.959,0.0050000000000001155,86,3.0,2.0,0.3,4.0,32.24266343324787
732,2.0090000000000003,2.01,0.0009999999999994458,219,5.0,0.0,0.15,4.0,13.96674912522228
733,1.887,1.8920000000000001,0.0050000000000001155,254,5.0,1.0,0.15,4.0,22.81177341528723
734,1.974,1.984,0.010000000000000009,93,3.0,2.0,0.45,4.0,36.57367588777287
735,2.0389999999999997,2.043,0.004000000000000448,156,4.0,1.0,0.3,4.0,19.726470053745476
736,1.955,1.96,0.004999999999999893,86,3.0,2.0,0.3,4.0,32.24266343324787
737,2.0380000000000003,2.0389999999999997,0.0009999999999994458,219,5.0,0.0,0.15,4.0,13.96674912522228
738,1.94,1.945,0.0050000000000001155,156,4.0,1.0,0.3,4.0,19.726470053745476
739,2.041,2.043,0.002000000000000224,149,4.0,1.0,0.15,4.0,18.263534125613354
740,1.982,1.982,0.0,219,5.0,0.0,0.15,4.0,13.96674912522228
741,1.8920000000000001,1.9020000000000001,0.010000000000000009,93,3.0,2.0,0.45,4.0,36.57367588777287
742,2.0,2.011,0.01100000000000012,87,3.0,2.0,0.3,5.0,40.30332929155984
743,2.02,2.024,0.0040000000000000036,156,4.0,1.0,0.3,4.0,19.726470053745476
744,2.0629999999999997,2.073,0.010000000000000231,93,3.0,2.0,0.45,4.0,36.57367588777287
745,2.0460000000000003,2.051,0.004999999999999893,156,4.0,1.0,0.3,4.0,19.726470053745476
746,1.974,1.978,0.0040000000000000036,156,4.0,1.0,0.3,4.0,19.726470053745476
747,1.944,1.948,0.0040000000000000036,156,4.0,1.0,0.3,4.0,19.726470053745476
748,1.955,1.961,0.006000000000000005,254,5.0,1.0,0.15,4.0,22.81177341528723
749,2.036,2.036,0.0,219,5.0,0.0,0.15,4.0,13.96674912522228
750,1.979,1.984,0.004999999999999893,86,3.0,2.0,0.3,4.0,32.24266343324787
751,1.983,1.993,0.010000000000000009,93,3.0,2.0,0.45,4.0,36.57367588777287
752,1.948,1.953,0.0050000000000001155,86,3.0,2.0,0.3,4.0,32.24266343324787
753,1.895,1.8960000000000001,0.001000000000000112,219,5.0,0.0,0.15,4.0,13.96674912522228
754,1.998,2.0090000000000003,0.011000000000000343,93,3.0,2.0,0.45,4.0,36.57367588777287
755,2.015,2.019,0.0040000000000000036,156,4.0,1.0,0.3,4.0,19.726470053745476
756,2.0300000000000002,2.031,0.0009999999999998899,219,5.0,0.0,0.15,4.0,13.96674912522228
757,1.982,1.984,0.0020000000000000018,149,4.0,1.0,0.15,4.0,18.263534125613354
758,1.875,1.885,0.010000000000000009,93,3.0,2.0,0.45,4.0,36.57367588777287
759,2.112,2.113,0.0009999999999998899,219,5.0,0.0,0.15,4.0,13.96674912522228
760,1.874,1.8780000000000001,0.0040000000000000036,156,4.0,1.0,0.3,4.0,19.726470053745476
761,1.951,1.952,0.0009999999999998899,219,5.0,0.0,0.15,4.0,13.96674912522228
762,1.974,1.979,0.0050000000000001155,254,5.0,1.0,0.15,4.0,22.81177341528723
763,2.149,2.154,0.004999999999999893,254,5.0,1.0,0.15,4.0,22.81177341528723
764,2.041,2.0469999999999997,0.005999999999999783,254,5.0,1.0,0.15,4.0,22.81177341528723
765,1.952,1.953,0.001000000000000112,219,5.0,0.0,0.15,4.0,13.96674912522228
766,2.045,2.0469999999999997,0.0019999999999997797,58,3.0,1.0,0.45,4.0,17.20520267224726
767,1.905,1.915,0.010000000000000009,93,3.0,2.0,0.45,4.0,36.57367588777287
768,1.984,1.985,0.001000000000000112,219,5.0,0.0,0.15,4.0,13.96674912522228
769,1.945,1.95,0.004999999999999893,156,4.0,1.0,0.3,4.0,19.726470053745476
770,1.992,1.997,0.0050000000000001155,156,4.0,1.0,0.3,4.0,19.726470053745476
771,2.083,2.084,0.0009999999999998899,219,5.0,0.0,0.15,4.0,13.96674912522228
772,2.058,2.0620000000000003,0.004000000000000448,156,4.0,1.0,0.3,4.0,19.726470053745476
773,1.985,1.99,0.004999999999999893,184,4.0,2.0,0.15,4.0,39.90182706802169
774,1.969,1.974,0.004999999999999893,156,4.0,1.0,0.3,4.0,19.726470053745476
775,1.9020000000000001,1.9060000000000001,0.0040000000000000036,156,4.0,1.0,0.3,4.0,19.726470053745476
776,1.913,1.915,0.0020000000000000018,149,4.0,1.0,0.15,4.0,18.263534125613354
777,2.0540000000000003,2.058,0.0039999999999995595,156,4.0,1.0,0.3,4.0,19.726470053745476
778,2.034,2.034,0.0,219,5.0,0.0,0.15,4.0,13.96674912522228
779,1.96,1.962,0.0020000000000000018,58,3.0,1.0,0.45,4.0,17.20520267224726
780,1.994,1.999,0.0050000000000001155,156,4.0,1.0,0.3,4.0,19.726470053745476
781,1.97,1.971,0.001000000000000112,219,5.0,0.0,0.15,4.0,13.96674912522228
782,1.936,1.942,0.006000000000000005,65,3.0,1.0,0.6,4.0,19.170243812504182
783,1.947,1.952,0.004999999999999893,156,4.0,1.0,0.3,4.0,19.726470053745476
784,1.936,1.937,0.001000000000000112,219,5.0,0.0,0.15,4.0,13.96674912522228
785,1.983,1.988,0.004999999999999893,156,4.0,1.0,0.3,4.0,19.726470053745476
786,1.947,1.948,0.0009999999999998899,219,5.0,0.0,0.15,4.0,13.96674912522228
787,1.978,1.983,0.0050000000000001155,254,5.0,1.0,0.15,4.0,22.81177341528723
788,1.928,1.938,0.010000000000000009,93,3.0,2.0,0.45,4.0,36.57367588777287
789,1.96,1.961,0.001000000000000112,219,5.0,0.0,0.15,4.0,13.96674912522228
790,1.918,1.922,0.0040000000000000036,156,4.0,1.0,0.3,4.0,19.726470053745476
791,2.0789999999999997,2.083,0.004000000000000448,156,4.0,1.0,0.3,4.0,19.726470053745476
792,2.0860000000000003,2.092,0.005999999999999783,254,5.0,1.0,0.15,4.0,22.81177341528723
793,2.0780000000000003,2.082,0.0039999999999995595,156,4.0,1.0,0.3,4.0,19.726470053745476
794,1.987,1.991,0.0040000000000000036,156,4.0,1.0,0.3,4.0,19.726470053745476
795,1.942,1.946,0.0040000000000000036,156,4.0,1.0,0.3,4.0,19.726470053745476
796,2.117,2.1180000000000003,0.001000000000000334,219,5.0,0.0,0.15,4.0,13.96674912522228
797,2.0940000000000003,2.0949999999999998,0.0009999999999994458,219,5.0,0.0,0.15,4.0,13.96674912522228
798,1.954,1.954,0.0,219,5.0,0.0,0.15,4.0,13.96674912522228
799,1.8860000000000001,1.887,0.0009999999999998899,219,5.0,0.0,0.15,4.0,13.96674912522228
800,1.982,1.987,0.0050000000000001155,156,4.0,1.0,0.3,4.0,19.726470053745476
801,1.966,1.967,0.001000000000000112,219,5.0,0.0,0.15,4.0,13.96674912522228
802,2.0709999999999997,2.073,0.002000000000000224,58,3.0,1.0,0.45,4.0,17.20520267224726
803,1.857,1.862,0.0050000000000001155,156,4.0,1.0,0.3,4.0,19.726470053745476
804,1.917,1.921,0.0040000000000000036,156,4.0,1.0,0.3,4.0,19.726470053745476
805,1.966,1.977,0.01100000000000012,93,3.0,2.0,0.45,4.0,36.57367588777287
806,1.981,1.986,0.004999999999999893,156,4.0,1.0,0.3,4.0,19.726470053745476
807,2.044,2.049,0.004999999999999893,156,4.0,1.0,0.3,4.0,19.726470053745476
808,1.997,2.002,0.004999999999999671,156,4.0,1.0,0.3,4.0,19.726470053745476
809,1.879,1.879,0.0,283,5.0,2.0,0.0,5.0,66.4098739739585
810,1.942,1.947,0.0050000000000001155,156,4.0,1.0,0.3,4.0,19.726470053745476
811,1.937,1.959,0.02200000000000002,100,3.0,2.0,0.6,4.0,45.80420869779847
812,2.0170000000000003,2.0170000000000003,0.0,219,5.0,0.0,0.15,4.0,13.96674912522228
813,2.075,2.075,0.0,219,5.0,0.0,0.15,4.0,13.96674912522228
814,1.997,2.0010000000000003,0.004000000000000226,156,4.0,1.0,0.3,4.0,19.726470053745476
815,1.956,1.96,0.0040000000000000036,156,4.0,1.0,0.3,4.0,19.726470053745476
816,1.918,1.923,0.0050000000000001155,324,6.0,0.0,0.15,4.0,16.193866213510642
817,1.971,1.972,0.0009999999999998899,219,5.0,0.0,0.15,4.0,13.96674912522228
818,1.9060000000000001,1.908,0.0019999999999997797,58,3.0,1.0,0.45,4.0,17.20520267224726
819,2.073,2.0780000000000003,0.0050000000000003375,156,4.0,1.0,0.3,4.0,19.726470053745476
820,2.113,2.114,0.0009999999999998899,219,5.0,0.0,0.15,4.0,13.96674912522228
821,1.997,2.002,0.004999999999999671,254,5.0,1.0,0.15,4.0,22.81177341528723
822,1.948,1.949,0.001000000000000112,149,4.0,1.0,0.15,4.0,18.263534125613354
823,2.029,2.034,0.004999999999999893,254,5.0,1.0,0.15,4.0,22.81177341528723
824,1.996,2.0060000000000002,0.010000000000000231,93,3.0,2.0,0.45,4.0,36.57367588777287
825,2.032,2.036,0.0040000000000000036,156,4.0,1.0,0.3,4.0,19.726470053745476
826,1.97,1.971,0.001000000000000112,149,4.0,1.0,0.15,4.0,18.263534125613354
827,1.9000000000000001,1.9040000000000001,0.0040000000000000036,156,4.0,1.0,0.3,4.0,19.726470053745476
828,1.984,1.986,0.0020000000000000018,58,3.0,1.0,0.45,4.0,17.20520267224726
829,1.982,1.987,0.0050000000000001155,156,4.0,1.0,0.3,4.0,19.726470053745476
830,2.082,2.083,0.001000000000000334,219,5.0,0.0,0.15,4.0,13.96674912522228
831,1.97,1.976,0.006000000000000005,254,5.0,1.0,0.15,4.0,22.81177341528723
832,2.072,2.077,0.004999999999999893,156,4.0,1.0,0.3,4.0,19.726470053745476
833,1.952,1.954,0.0020000000000000018,149,4.0,1.0,0.15,4.0,18.263534125613354
834,2.015,2.019,0.0040000000000000036,156,4.0,1.0,0.3,4.0,19.726470053745476
835,1.981,1.986,0.004999999999999893,156,4.0,1.0,0.3,4.0,19.726470053745476
836,1.982,1.987,0.0050000000000001155,254,5.0,1.0,0.15,4.0,22.81177341528723
837,1.958,1.964,0.006000000000000005,254,5.0,1.0,0.15,4.0,22.81177341528723
838,2.076,2.08,0.0040000000000000036,156,4.0,1.0,0.3,4.0,19.726470053745476
839,1.915,1.919,0.0040000000000000036,156,4.0,1.0,0.3,4.0,19.726470053745476
840,1.92,1.925,0.0050000000000001155,156,4.0,1.0,0.3,4.0,19.726470053745476
841,2.019,2.021,0.0019999999999997797,149,4.0,1.0,0.15,4.0,18.263534125613354
842,2.049,2.05,0.0009999999999998899,149,4.0,1.0,0.15,4.0,18.263534125613354
843,1.933,1.938,0.004999999999999893,156,4.0,1.0,0.3,4.0,19.726470053745476
844,1.979,1.98,0.0009999999999998899,219,5.0,0.0,0.15,4.0,13.96674912522228
845,1.949,1.949,0.0,219,5.0,0.0,0.15,4.0,13.96674912522228
846,2.0460000000000003,2.0460000000000003,0.0,178,4.0,2.0,0.0,5.0,46.43816282340671
847,2.005,2.0060000000000002,0.001000000000000334,219,5.0,0.0,0.15,4.0,13.96674912522228
848,1.967,1.976,0.008999999999999897,93,3.0,2.0,0.45,4.0,36.57367588777287
849,1.806,1.811,0.004999999999999893,156,4.0,1.0,0.3,4.0,19.726470053745476
850,1.97,1.976,0.006000000000000005,254,5.0,1.0,0.15,4.0,22.81177341528723
851,2.085,2.089,0.0040000000000000036,156,4.0,1.0,0.3,4.0,19.726470053745476
852,1.864,1.869,0.004999999999999893,156,4.0,1.0,0.3,4.0,19.726470053745476
853,2.0220000000000002,2.024,0.0019999999999997797,58,3.0,1.0,0.45,4.0,17.20520267224726
854,2.0780000000000003,2.082,0.0039999999999995595,156,4.0,1.0,0.3,4.0,19.726470053745476
855,1.862,1.868,0.006000000000000005,254,5.0,1.0,0.15,4.0,22.81177341528723
856,1.976,1.977,0.001000000000000112,219,5.0,0.0,0.15,4.0,13.96674912522228
857,1.908,1.912,0.0040000000000000036,156,4.0,1.0,0.3,4.0,19.726470053745476
858,1.922,1.927,0.0050000000000001155,156,4.0,1.0,0.3,4.0,19.726470053745476
859,2.123,2.123,0.0,219,5.0,0.0,0.15,4.0,13.96674912522228
860,1.9020000000000001,1.9020000000000001,0.0,219,5.0,0.0,0.15,4.0,13.96674912522228
861,1.942,1.943,0.001000000000000112,219,5.0,0.0,0.15,4.0,13.96674912522228
862,2.015,2.029,0.01399999999999979,191,4.0,2.0,0.3,4.0,46.283348573725405
863,1.997,2.0010000000000003,0.004000000000000226,156,4.0,1.0,0.3,4.0,19.726470053745476
864,2.0220000000000002,2.0220000000000002,0.0,212,5.0,0.0,0.0,4.0,13.43584400016153
865,2.0170000000000003,2.0220000000000002,0.004999999999999893,254,5.0,1.0,0.15,4.0,22.81177341528723
866,2.056,2.06,0.0040000000000000036,156,4.0,1.0,0.3,4.0,19.726470053745476
867,1.98,1.984,0.0040000000000000036,156,4.0,1.0,0.3,4.0,19.726470053745476
868,2.032,2.041,0.008999999999999897,93,3.0,2.0,0.45,4.0,36.57367588777287
869,1.836,1.841,0.004999999999999893,86,3.0,2.0,0.3,4.0,32.24266343324787
870,1.8800000000000001,1.8860000000000001,0.006000000000000005,65,3.0,1.0,0.6,4.0,19.170243812504182
871,2.059,2.064,0.004999999999999893,86,3.0,2.0,0.3,4.0,32.24266343324787
872,1.979,1.985,0.006000000000000005,254,5.0,1.0,0.15,4.0,22.81177341528723
873,2.069,2.073,0.0040000000000000036,156,4.0,1.0,0.3,4.0,19.726470053745476
874,2.153,2.157,0.0040000000000000036,156,4.0,1.0,0.3,4.0,19.726470053745476
875,2.0860000000000003,2.091,0.004999999999999893,254,5.0,1.0,0.15,4.0,22.81177341528723
876,1.8940000000000001,1.8940000000000001,0.0,219,5.0,0.0,0.15,4.0,13.96674912522228
877,2.0469999999999997,2.053,0.006000000000000227,254,5.0,1.0,0.15,4.0,22.81177341528723
878,2.0140000000000002,2.028,0.01399999999999979,191,4.0,2.0,0.3,4.0,46.283348573725405
879,2.011,2.023,0.01200000000000001,163,4.0,1.0,0.45,4.0,22.095669483454234
880,2.105,2.109,0.0040000000000000036,156,4.0,1.0,0.3,4.0,19.726470053745476
881,2.0940000000000003,2.0949999999999998,0.0009999999999994458,219,5.0,0.0,0.15,4.0,13.96674912522228
882,2.075,2.0789999999999997,0.0039999999999995595,156,4.0,1.0,0.3,4.0,19.726470053745476
883,1.971,1.976,0.004999999999999893,156,4.0,1.0,0.3,4.0,19.726470053745476
884,1.957,1.962,0.004999999999999893,254,5.0,1.0,0.15,4.0,22.81177341528723
885,2.0380000000000003,2.042,0.0039999999999995595,156,4.0,1.0,0.3,4.0,19.726470053745476
886,1.8960000000000001,1.9000000000000001,0.0040000000000000036,156,4.0,1.0,0.3,4.0,19.726470053745476
887,2.003,2.018,0.01499999999999968,191,4.0,2.0,0.3,4.0,46.283348573725405
888,2.031,2.035,0.0040000000000000036,156,4.0,1.0,0.3,4.0,19.726470053745476
889,1.891,1.8960000000000001,0.0050000000000001155,156,4.0,1.0,0.3,4.0,19.726470053745476
890,2.028,2.029,0.0009999999999998899,219,5.0,0.0,0.15,4.0,13.96674912522228
891,1.921,1.921,0.0,219,5.0,0.0,0.15,4.0,13.96674912522228
892,2.02,2.024,0.0040000000000000036,156,4.0,1.0,0.3,4.0,19.726470053745476
893,1.924,1.934,0.010000000000000009,93,3.0,2.0,0.45,4.0,36.57367588777287
894,1.919,1.923,0.0040000000000000036,156,4.0,1.0,0.3,4.0,19.726470053745476
895,2.058,2.059,0.001000000000000334,219,5.0,0.0,0.15,4.0,13.96674912522228
896,2.115,2.12,0.004999999999999893,184,4.0,2.0,0.15,4.0,39.90182706802169
897,1.991,2.016,0.02499999999999991,192,4.0,2.0,0.3,5.0,57.85418571715676
898,1.943,1.944,0.0009999999999998899,219,5.0,0.0,0.15,4.0,13.96674912522228
899,1.933,1.934,0.0009999999999998899,219,5.0,0.0,0.15,4.0,13.96674912522228
900,1.809,1.819,0.010000000000000009,93,3.0,2.0,0.45,4.0,36.57367588777287
901,1.992,1.997,0.0050000000000001155,156,4.0,1.0,0.3,4.0,19.726470053745476
902,2.018,2.023,0.0050000000000003375,156,4.0,1.0,0.3,4.0,19.726470053745476
903,1.974,1.978,0.0040000000000000036,156,4.0,1.0,0.3,4.0,19.726470053745476
904,2.1020000000000003,2.108,0.005999999999999783,254,5.0,1.0,0.15,4.0,22.81177341528723
905,1.969,1.98,0.010999999999999899,93,3.0,2.0,0.45,4.0,36.57367588777287
906,1.97,1.974,0.0040000000000000036,156,4.0,1.0,0.3,4.0,19.726470053745476
907,1.976,1.98,0.0040000000000000036,156,4.0,1.0,0.3,4.0,19.726470053745476
908,1.931,1.936,0.004999999999999893,156,4.0,1.0,0.3,4.0,19.726470053745476
909,1.915,1.92,0.004999999999999893,86,3.0,2.0,0.3,4.0,32.24266343324787
910,1.955,1.959,0.0040000000000000036,86,3.0,2.0,0.3,4.0,32.24266343324787
911,2.028,2.032,0.0040000000000000036,156,4.0,1.0,0.3,4.0,19.726470053745476
912,2.031,2.032,0.0009999999999998899,219,5.0,0.0,0.15,4.0,13.96674912522228
913,2.107,2.112,0.004999999999999893,156,4.0,1.0,0.3,4.0,19.726470053745476
914,1.925,1.927,0.0020000000000000018,58,3.0,1.0,0.45,4.0,17.20520267224726
915,1.8980000000000001,1.9020000000000001,0.0040000000000000036,156,4.0,1.0,0.3,4.0,19.726470053745476
916,1.96,1.961,0.001000000000000112,219,5.0,0.0,0.15,4.0,13.96674912522228
917,1.967,1.968,0.0009999999999998899,219,5.0,0.0,0.15,4.0,13.96674912522228
918,1.947,1.952,0.004999999999999893,86,3.0,2.0,0.3,4.0,32.24266343324787
919,1.992,1.997,0.0050000000000001155,86,3.0,2.0,0.3,4.0,32.24266343324787
920,1.964,1.968,0.0040000000000000036,156,4.0,1.0,0.3,4.0,19.726470053745476
921,1.976,1.982,0.006000000000000005,254,5.0,1.0,0.15,4.0,22.81177341528723
922,1.8980000000000001,1.8980000000000001,0.0,219,5.0,0.0,0.15,4.0,13.96674912522228
923,1.968,1.977,0.009000000000000119,93,3.0,2.0,0.45,4.0,36.57367588777287
924,1.909,1.911,0.0020000000000000018,58,3.0,1.0,0.45,4.0,17.20520267224726
925,1.995,1.995,0.0,219,5.0,0.0,0.15,4.0,13.96674912522228
926,1.973,1.978,0.004999999999999893,156,4.0,1.0,0.3,4.0,19.726470053745476
927,2.0629999999999997,2.068,0.0050000000000003375,156,4.0,1.0,0.3,4.0,19.726470053745476
928,2.104,2.108,0.0040000000000000036,156,4.0,1.0,0.3,4.0,19.726470053745476
929,2.005,2.0090000000000003,0.004000000000000448,156,4.0,1.0,0.3,4.0,19.726470053745476
930,2.04,2.042,0.0019999999999997797,149,4.0,1.0,0.15,4.0,18.263534125613354
931,1.949,1.953,0.0040000000000000036,156,4.0,1.0,0.3,4.0,19.726470053745476
932,1.994,1.999,0.0050000000000001155,156,4.0,1.0,0.3,4.0,19.726470053745476
933,2.021,2.031,0.010000000000000231,93,3.0,2.0,0.45,4.0,36.57367588777287
934,1.937,1.942,0.004999999999999893,254,5.0,1.0,0.15,4.0,22.81177341528723
935,2.105,2.108,0.0030000000000001137,58,3.0,1.0,0.45,4.0,17.20520267224726
936,1.951,1.956,0.004999999999999893,156,4.0,1.0,0.3,4.0,19.726470053745476
937,1.972,1.976,0.0040000000000000036,156,4.0,1.0,0.3,4.0,19.726470053745476
938,1.968,1.973,0.0050000000000001155,156,4.0,1.0,0.3,4.0,19.726470053745476
939,2.003,2.004,0.0009999999999998899,219,5.0,0.0,0.15,4.0,13.96674912522228
940,1.994,1.999,0.0050000000000001155,156,4.0,1.0,0.3,4.0,19.726470053745476
941,1.994,1.995,0.001000000000000112,219,5.0,0.0,0.15,4.0,13.96674912522228
942,2.081,2.0860000000000003,0.0050000000000003375,156,4.0,1.0,0.3,4.0,19.726470053745476
943,2.0220000000000002,2.027,0.004999999999999893,254,5.0,1.0,0.15,4.0,22.81177341528723
944,1.8980000000000001,1.9020000000000001,0.0040000000000000036,156,4.0,1.0,0.3,4.0,19.726470053745476
945,1.8800000000000001,1.8860000000000001,0.006000000000000005,254,5.0,1.0,0.15,4.0,22.81177341528723
946,2.024,2.029,0.004999999999999893,156,4.0,1.0,0.3,4.0,19.726470053745476
947,1.979,1.979,0.0,219,5.0,0.0,0.15,4.0,13.96674912522228
948,1.929,1.934,0.004999999999999893,254,5.0,1.0,0.15,4.0,22.81177341528723
949,2.0220000000000002,2.023,0.0009999999999998899,219,5.0,0.0,0.15,4.0,13.96674912522228
950,1.991,1.997,0.006000000000000005,254,5.0,1.0,0.15,4.0,22.81177341528723
951,1.967,1.971,0.0040000000000000036,156,4.0,1.0,0.3,4.0,19.726470053745476
952,1.948,1.952,0.0040000000000000036,156,4.0,1.0,0.3,4.0,19.726470053745476
953,2.034,2.04,0.006000000000000227,184,4.0,2.0,0.15,4.0,39.90182706802169
954,2.0010000000000003,2.002,0.0009999999999994458,219,5.0,0.0,0.15,4.0,13.96674912522228
955,1.913,1.917,0.0040000000000000036,156,4.0,1.0,0.3,4.0,19.726470053745476
956,2.081,2.082,0.0009999999999998899,219,5.0,0.0,0.15,4.0,13.96674912522228
957,2.01,2.015,0.0050000000000003375,254,5.0,1.0,0.15,4.0,22.81177341528723
958,1.957,1.957,0.0,219,5.0,0.0,0.15,4.0,13.96674912522228
959,2.032,2.034,0.0019999999999997797,58,3.0,1.0,0.45,4.0,17.20520267224726
960,1.97,1.972,0.0020000000000000018,58,3.0,1.0,0.45,4.0,17.20520267224726
961,2.0140000000000002,2.019,0.004999999999999893,156,4.0,1.0,0.3,4.0,19.726470053745476
962,1.893,1.8940000000000001,0.001000000000000112,149,4.0,1.0,0.15,4.0,18.263534125613354
963,2.0949999999999998,2.099,0.004000000000000448,156,4.0,1.0,0.3,4.0,19.726470053745476
964,1.978,1.982,0.0040000000000000036,156,4.0,1.0,0.3,4.0,19.726470053745476
965,2.1,2.104,0.0040000000000000036,156,4.0,1.0,0.3,4.0,19.726470053745476
966,1.976,1.977,0.001000000000000112,219,5.0,0.0,0.15,4.0,13.96674912522228
967,1.922,1.927,0.0050000000000001155,156,4.0,1.0,0.3,4.0,19.726470053745476
968,1.949,1.95,0.0009999999999998899,219,5.0,0.0,0.15,4.0,13.96674912522228
969,1.871,1.872,0.001000000000000112,219,5.0,0.0,0.15,4.0,13.96674912522228
970,2.042,2.0460000000000003,0.004000000000000448,156,4.0,1.0,0.3,4.0,19.726470053745476
971,2.073,2.0789999999999997,0.005999999999999783,254,5.0,1.0,0.15,4.0,22.81177341528723
972,2.0,2.002,0.0019999999999997797,58,3.0,1.0,0.45,4.0,17.20520267224726
973,2.028,2.031,0.0030000000000001137,226,5.0,0.0,0.3,4.0,14.468913019092193
974,1.982,1.992,0.010000000000000009,93,3.0,2.0,0.45,4.0,36.57367588777287
975,2.093,2.097,0.0040000000000000036,156,4.0,1.0,0.3,4.0,19.726470053745476
976,1.96,1.969,0.009000000000000119,93,3.0,2.0,0.45,4.0,36.57367588777287
977,2.06,2.061,0.0009999999999998899,219,5.0,0.0,0.15,4.0,13.96674912522228
978,1.946,1.948,0.0020000000000000018,58,3.0,1.0,0.45,4.0,17.20520267224726
979,2.117,2.12,0.0030000000000001137,58,3.0,1.0,0.45,4.0,17.20520267224726
980,2.042,2.043,0.001000000000000334,219,5.0,0.0,0.15,4.0,13.96674912522228
981,2.0869999999999997,2.088,0.001000000000000334,149,4.0,1.0,0.15,4.0,18.263534125613354
982,1.976,1.977,0.001000000000000112,219,5.0,0.0,0.15,4.0,13.96674912522228
983,2.004,2.0140000000000002,0.010000000000000231,93,3.0,2.0,0.45,4.0,36.57367588777287
984,2.037,2.041,0.0040000000000000036,86,3.0,2.0,0.3,4.0,32.24266343324787
985,1.967,1.972,0.004999999999999893,86,3.0,2.0,0.3,4.0,32.24266343324787
986,1.921,1.932,0.010999999999999899,93,3.0,2.0,0.45,4.0,36.57367588777287
987,2.01,2.01,0.0,178,4.0,2.0,0.0,5.0,46.43816282340671
988,1.976,1.98,0.0040000000000000036,156,4.0,1.0,0.3,4.0,19.726470053745476
989,1.845,1.849,0.0040000000000000036,86,3.0,2.0,0.3,4.0,32.24266343324787
990,1.8980000000000001,1.899,0.0009999999999998899,219,5.0,0.0,0.15,4.0,13.96674912522228
991,2.0140000000000002,2.019,0.004999999999999893,254,5.0,1.0,0.15,4.0,22.81177341528723
992,1.927,1.932,0.004999999999999893,156,4.0,1.0,0.3,4.0,19.726470053745476
993,2.043,2.0469999999999997,0.0039999999999995595,156,4.0,1.0,0.3,4.0,19.726470053745476
994,2.011,2.012,0.0009999999999998899,219,5.0,0.0,0.15,4.0,13.96674912522228
995,2.085,2.09,0.004999999999999893,86,3.0,2.0,0.3,4.0,32.24266343324787
996,1.984,1.989,0.0050000000000001155,156,4.0,1.0,0.3,4.0,19.726470053745476
997,2.053,2.053,0.0,219,5.0,0.0,0.15,4.0,13.96674912522228
998,1.992,1.996,0.0040000000000000036,156,4.0,1.0,0.3,4.0,19.726470053745476
999,1.984,1.989,0.0050000000000001155,156,4.0,1.0,0.3,4.0,19.726470053745476
1000,1.954,1.955,0.001000000000000112,219,5.0,0.0,0.15,4.0,13.96674912522228
1001,2.042,2.051,0.009000000000000341,93,3.0,2.0,0.45,4.0,36.57367588777287
1002,1.942,1.947,0.0050000000000001155,254,5.0,1.0,0.15,4.0,22.81177341528723
1003,2.053,2.0540000000000003,0.001000000000000334,219,5.0,0.0,0.15,4.0,13.96674912522228
1004,1.914,1.918,0.0040000000000000036,156,4.0,1.0,0.3,4.0,19.726470053745476
1005,1.935,1.939,0.0040000000000000036,156,4.0,1.0,0.3,4.0,19.726470053745476
1006,1.967,1.972,0.004999999999999893,156,4.0,1.0,0.3,4.0,19.726470053745476
1007,1.958,1.962,0.0040000000000000036,156,4.0,1.0,0.3,4.0,19.726470053745476
1008,2.008,2.012,0.0040000000000000036,156,4.0,1.0,0.3,4.0,19.726470053745476
1009,2.052,2.058,0.005999999999999783,254,5.0,1.0,0.15,4.0,22.81177341528723
1010,2.074,2.0789999999999997,0.004999999999999893,156,4.0,1.0,0.3,4.0,19.726470053745476
1011,1.967,1.972,0.004999999999999893,254,5.0,1.0,0.15,4.0,22.81177341528723
1012,2.011,2.016,0.004999999999999893,254,5.0,1.0,0.15,4.0,22.81177341528723
1013,1.812,1.817,0.004999999999999893,254,5.0,1.0,0.15,4.0,22.81177341528723
1014,2.027,2.031,0.0040000000000000036,86,3.0,2.0,0.3,4.0,32.24266343324787
1015,1.992,1.996,0.0040000000000000036,156,4.0,1.0,0.3,4.0,19.726470053745476
1016,1.938,1.942,0.0040000000000000036,156,4.0,1.0,0.3,4.0,19.726470053745476
1017,1.978,1.979,0.001000000000000112,219,5.0,0.0,0.15,4.0,13.96674912522228
1018,1.972,1.976,0.0040000000000000036,156,4.0,1.0,0.3,4.0,19.726470053745476
1019,1.924,1.927,0.0030000000000001137,58,3.0,1.0,0.45,4.0,17.20520267224726
1020,2.0869999999999997,2.092,0.0050000000000003375,254,5.0,1.0,0.15,4.0,22.81177341528723
1021,2.008,2.013,0.004999999999999893,156,4.0,1.0,0.3,4.0,19.726470053745476
1022,1.952,1.952,0.0,219,5.0,0.0,0.15,4.0,13.96674912522228
1023,2.026,2.031,0.0050000000000003375,254,5.0,1.0,0.15,4.0,22.81177341528723
1024,1.922,1.927,0.0050000000000001155,156,4.0,1.0,0.3,4.0,19.726470053745476
1025,1.992,1.993,0.001000000000000112,219,5.0,0.0,0.15,4.0,13.96674912522228
1026,1.944,1.948,0.0040000000000000036,156,4.0,1.0,0.3,4.0,19.726470053745476
1027,2.053,2.053,0.0,283,5.0,2.0,0.0,5.0,66.4098739739585
1028,1.935,1.939,0.0040000000000000036,156,4.0,1.0,0.3,4.0,19.726470053745476
1029,1.997,1.998,0.0009999999999998899,219,5.0,0.0,0.15,4.0,13.96674912522228
1030,1.911,1.916,0.004999999999999893,156,4.0,1.0,0.3,4.0,19.726470053745476
1031,1.8940000000000001,1.8980000000000001,0.0040000000000000036,156,4.0,1.0,0.3,4.0,19.726470053745476
1032,2.0300000000000002,2.035,0.004999999999999893,156,4.0,1.0,0.3,4.0,19.726470053745476
1033,1.948,1.953,0.0050000000000001155,254,5.0,1.0,0.15,4.0,22.81177341528723
1034,1.901,1.912,0.010999999999999899,93,3.0,2.0,0.45,4.0,36.57367588777287
1035,2.114,2.1189999999999998,0.004999999999999893,86,3.0,2.0,0.3,4.0,32.24266343324787
1036,1.937,1.937,0.0,219,5.0,0.0,0.15,4.0,13.96674912522228
1037,1.977,1.977,0.0,219,5.0,0.0,0.15,4.0,13.96674912522228
1038,2.0330000000000004,2.034,0.0009999999999994458,219,5.0,0.0,0.15,4.0,13.96674912522228
1039,2.0060000000000002,2.007,0.0009999999999998899,219,5.0,0.0,0.15,4.0,13.96674912522228
1040,2.1180000000000003,2.123,0.004999999999999893,254,5.0,1.0,0.15,4.0,22.81177341528723
1041,1.8980000000000001,1.8980000000000001,0.0,219,5.0,0.0,0.15,4.0,13.96674912522228
1042,1.97,1.974,0.0040000000000000036,156,4.0,1.0,0.3,4.0,19.726470053745476
1043,2.1109999999999998,2.1109999999999998,0.0,212,5.0,0.0,0.0,4.0,13.43584400016153
1044,1.925,1.935,0.010000000000000009,93,3.0,2.0,0.45,4.0,36.57367588777287
1045,2.0010000000000003,2.0060000000000002,0.004999999999999893,254,5.0,1.0,0.15,4.0,22.81177341528723
1046,2.082,2.0869999999999997,0.004999999999999893,156,4.0,1.0,0.3,4.0,19.726470053745476
1047,1.909,1.91,0.0009999999999998899,219,5.0,0.0,0.15,4.0,13.96674912522228
1048,1.931,1.936,0.004999999999999893,156,4.0,1.0,0.3,4.0,19.726470053745476
1049,1.993,1.993,0.0,219,5.0,0.0,0.15,4.0,13.96674912522228
1050,1.84,1.841,0.0009999999999998899,219,5.0,0.0,0.15,4.0,13.96674912522228
1051,1.986,1.991,0.0050000000000001155,156,4.0,1.0,0.3,4.0,19.726470053745476
1052,1.79,1.791,0.0009999999999998899,219,5.0,0.0,0.15,4.0,13.96674912522228
1053,2.0220000000000002,2.0220000000000002,0.0,51,3.0,1.0,0.3,4.0,15.99277515480869
1054,2.053,2.053,0.0,219,5.0,0.0,0.15,4.0,13.96674912522228
1055,1.897,1.899,0.0020000000000000018,58,3.0,1.0,0.45,4.0,17.20520267224726
1056,1.972,1.977,0.0050000000000001155,156,4.0,1.0,0.3,4.0,19.726470053745476
1057,2.048,2.052,0.0040000000000000036,156,4.0,1.0,0.3,4.0,19.726470053745476
1058,1.933,1.937,0.0040000000000000036,156,4.0,1.0,0.3,4.0,19.726470053745476
1059,1.989,1.994,0.004999999999999893,86,3.0,2.0,0.3,4.0,32.24266343324787
1060,1.957,1.963,0.006000000000000005,254,5.0,1.0,0.15,4.0,22.81177341528723
1061,1.975,1.98,0.004999999999999893,86,3.0,2.0,0.3,4.0,32.24266343324787
1062,2.0709999999999997,2.0709999999999997,0.0,219,5.0,0.0,0.15,4.0,13.96674912522228
1063,2.061,2.065,0.0040000000000000036,156,4.0,1.0,0.3,4.0,19.726470053745476
1064,2.121,2.122,0.0009999999999998899,219,5.0,0.0,0.15,4.0,13.96674912522228
1065,1.966,1.97,0.0040000000000000036,86,3.0,2.0,0.3,4.0,32.24266343324787
1066,1.959,1.964,0.004999999999999893,156,4.0,1.0,0.3,4.0,19.726470053745476
1067,1.962,1.962,0.0,219,5.0,0.0,0.15,4.0,13.96674912522228
1068,2.027,2.028,0.0009999999999998899,219,5.0,0.0,0.15,4.0,13.96674912522228
1069,1.905,1.907,0.0020000000000000018,149,4.0,1.0,0.15,4.0,18.263534125613354
1070,1.984,2.0060000000000002,0.02200000000000024,100,3.0,2.0,0.6,4.0,45.80420869779847
1071,1.992,2.002,0.009999999999999787,93,3.0,2.0,0.45,4.0,36.57367588777287
1072,2.034,2.0389999999999997,0.004999999999999893,86,3.0,2.0,0.3,4.0,32.24266343324787
1073,1.911,1.921,0.010000000000000009,93,3.0,2.0,0.45,4.0,36.57367588777287
1074,2.127,2.128,0.001000000000000334,219,5.0,0.0,0.15,4.0,13.96674912522228
1075,2.074,2.076,0.002000000000000224,226,5.0,0.0,0.3,4.0,14.468913019092193
1076,1.8800000000000001,1.8840000000000001,0.0040000000000000036,156,4.0,1.0,0.3,4.0,19.726470053745476
1077,2.023,2.024,0.0009999999999998899,219,5.0,0.0,0.15,4.0,13.96674912522228
1078,1.885,1.8860000000000001,0.001000000000000112,219,5.0,0.0,0.15,4.0,13.96674912522228
1079,1.975,1.975,0.0,219,5.0,0.0,0.15,4.0,13.96674912522228
1080,2.015,2.02,0.004999999999999893,254,5.0,1.0,0.15,4.0,22.81177341528723
1081,1.911,1.911,0.0,283,5.0,2.0,0.0,5.0,66.4098739739585
1082,1.8800000000000001,1.8800000000000001,0.0,219,5.0,0.0,0.15,4.0,13.96674912522228
1083,1.965,1.969,0.0040000000000000036,156,4.0,1.0,0.3,4.0,19.726470053745476
1084,1.956,1.962,0.006000000000000005,254,5.0,1.0,0.15,4.0,22.81177341528723
1085,1.935,1.94,0.004999999999999893,156,4.0,1.0,0.3,4.0,19.726470053745476
1086,2.0140000000000002,2.0250000000000004,0.01100000000000012,93,3.0,2.0,0.45,4.0,36.57367588777287
1087,1.949,1.954,0.004999999999999893,156,4.0,1.0,0.3,4.0,19.726470053745476
1088,1.955,1.957,0.0020000000000000018,58,3.0,1.0,0.45,4.0,17.20520267224726
1089,2.0220000000000002,2.027,0.004999999999999893,156,4.0,1.0,0.3,4.0,19.726470053745476
1090,1.943,1.947,0.0040000000000000036,156,4.0,1.0,0.3,4.0,19.726470053745476
1091,1.976,1.977,0.001000000000000112,51,3.0,1.0,0.3,4.0,15.99277515480869
1092,2.023,2.023,0.0,219,5.0,0.0,0.15,4.0,13.96674912522228
1093,2.0140000000000002,2.015,0.0009999999999998899,219,5.0,0.0,0.15,4.0,13.96674912522228
1094,1.995,2.0,0.004999999999999893,156,4.0,1.0,0.3,4.0,19.726470053745476
1095,1.967,1.978,0.010999999999999899,93,3.0,2.0,0.45,4.0,36.57367588777287
1096,1.926,1.93,0.0040000000000000036,156,4.0,1.0,0.3,4.0,19.726470053745476
1097,1.957,1.962,0.004999999999999893,254,5.0,1.0,0.15,4.0,22.81177341528723
1098,1.881,1.883,0.0020000000000000018,149,4.0,1.0,0.15,4.0,18.263534125613354
1099,1.963,1.964,0.0009999999999998899,219,5.0,0.0,0.15,4.0,13.96674912522228
1100,1.964,1.969,0.0050000000000001155,254,5.0,1.0,0.15,4.0,22.81177341528723
1101,1.96,1.96,0.0,219,5.0,0.0,0.15,4.0,13.96674912522228
1102,1.957,1.962,0.004999999999999893,156,4.0,1.0,0.3,4.0,19.726470053745476
1103,1.97,1.971,0.001000000000000112,149,4.0,1.0,0.15,4.0,18.263534125613354
1104,1.8940000000000001,1.8980000000000001,0.0040000000000000036,156,4.0,1.0,0.3,4.0,19.726470053745476
1105,2.005,2.01,0.004999999999999893,86,3.0,2.0,0.3,4.0,32.24266343324787
1106,1.958,1.964,0.006000000000000005,254,5.0,1.0,0.15,4.0,22.81177341528723
1107,1.956,1.96,0.0040000000000000036,156,4.0,1.0,0.3,4.0,19.726470053745476
1108,1.958,1.962,0.0040000000000000036,156,4.0,1.0,0.3,4.0,19.726470053745476
1109,1.871,1.872,0.001000000000000112,219,5.0,0.0,0.15,4.0,13.96674912522228
1110,1.958,1.959,0.001000000000000112,219,5.0,0.0,0.15,4.0,13.96674912522228
1111,1.945,1.955,0.010000000000000009,93,3.0,2.0,0.45,4.0,36.57367588777287
1112,2.013,2.018,0.004999999999999893,254,5.0,1.0,0.15,4.0,22.81177341528723
1113,1.954,1.958,0.0040000000000000036,156,4.0,1.0,0.3,4.0,19.726470053745476
1114,2.083,2.084,0.0009999999999998899,128,4.0,0.0,0.45,4.0,13.054172031135973
1115,1.934,1.934,0.0,212,5.0,0.0,0.0,4.0,13.43584400016153
1116,2.0709999999999997,2.076,0.0050000000000003375,156,4.0,1.0,0.3,4.0,19.726470053745476
1117,2.091,2.092,0.0009999999999998899,219,5.0,0.0,0.15,4.0,13.96674912522228
1118,2.13,2.1310000000000002,0.001000000000000334,149,4.0,1.0,0.15,4.0,18.263534125613354
1119,1.998,2.003,0.0050000000000001155,254,5.0,1.0,0.15,4.0,22.81177341528723
1120,1.961,1.962,0.0009999999999998899,219,5.0,0.0,0.15,4.0,13.96674912522228
1121,1.967,1.977,0.010000000000000009,93,3.0,2.0,0.45,4.0,36.57367588777287
1122,1.907,1.93,0.02299999999999991,100,3.0,2.0,0.6,4.0,45.80420869779847
1123,1.936,1.94,0.0040000000000000036,156,4.0,1.0,0.3,4.0,19.726470053745476
1124,1.999,1.999,0.0,219,5.0,0.0,0.15,4.0,13.96674912522228
1125,2.012,2.013,0.0009999999999998899,219,5.0,0.0,0.15,4.0,13.96674912522228
1126,2.072,2.076,0.0040000000000000036,86,3.0,2.0,0.3,4.0,32.24266343324787
1127,2.157,2.159,0.0019999999999997797,58,3.0,1.0,0.45,4.0,17.20520267224726
1128,2.0140000000000002,2.0140000000000002,0.0,219,5.0,0.0,0.15,4.0,13.96674912522228
1129,2.004,2.008,0.0040000000000000036,156,4.0,1.0,0.3,4.0,19.726470053745476
1130,2.021,2.0220000000000002,0.001000000000000334,219,5.0,0.0,0.15,4.0,13.96674912522228
1131,2.0090000000000003,2.011,0.0019999999999997797,226,5.0,0.0,0.3,4.0,14.468913019092193
1132,2.0549999999999997,2.056,0.001000000000000334,219,5.0,0.0,0.15,4.0,13.96674912522228
1133,2.0300000000000002,2.032,0.0019999999999997797,58,3.0,1.0,0.45,4.0,17.20520267224726
1134,1.961,1.966,0.004999999999999893,254,5.0,1.0,0.15,4.0,22.81177341528723
1135,2.024,2.029,0.004999999999999893,156,4.0,1.0,0.3,4.0,19.726470053745476
1136,1.924,1.935,0.01100000000000012,93,3.0,2.0,0.45,4.0,36.57367588777287
1137,1.975,1.981,0.006000000000000005,184,4.0,2.0,0.15,4.0,39.90182706802169
1138,2.0220000000000002,2.024,0.0019999999999997797,226,5.0,0.0,0.3,4.0,14.468913019092193
1139,2.042,2.0469999999999997,0.004999999999999893,156,4.0,1.0,0.3,4.0,19.726470053745476
1140,2.0060000000000002,2.007,0.0009999999999998899,219,5.0,0.0,0.15,4.0,13.96674912522228
1141,2.019,2.023,0.0040000000000000036,86,3.0,2.0,0.3,4.0,32.24266343324787
1142,1.958,1.963,0.0050000000000001155,86,3.0,2.0,0.3,4.0,32.24266343324787
1143,2.015,2.02,0.004999999999999893,156,4.0,1.0,0.3,4.0,19.726470053745476
1144,1.975,1.985,0.010000000000000009,93,3.0,2.0,0.45,4.0,36.57367588777287
1145,1.881,1.8860000000000001,0.0050000000000001155,156,4.0,1.0,0.3,4.0,19.726470053745476
1146,1.972,1.976,0.0040000000000000036,156,4.0,1.0,0.3,4.0,19.726470053745476
1147,1.971,1.971,0.0,219,5.0,0.0,0.15,4.0,13.96674912522228
1148,2.0380000000000003,2.0389999999999997,0.0009999999999994458,219,5.0,0.0,0.15,4.0,13.96674912522228
1149,1.979,1.98,0.0009999999999998899,219,5.0,0.0,0.15,4.0,13.96674912522228
1150,1.978,1.984,0.006000000000000005,254,5.0,1.0,0.15,4.0,22.81177341528723
1151,1.913,1.917,0.0040000000000000036,156,4.0,1.0,0.3,4.0,19.726470053745476
1152,2.061,2.067,0.006000000000000227,254,5.0,1.0,0.15,4.0,22.81177341528723
1153,2.003,2.013,0.009999999999999787,93,3.0,2.0,0.45,4.0,36.57367588777287
1154,1.841,1.846,0.0050000000000001155,254,5.0,1.0,0.15,4.0,22.81177341528723
1155,1.926,1.93,0.0040000000000000036,324,6.0,0.0,0.15,4.0,16.193866213510642
1156,2.037,2.042,0.004999999999999893,156,4.0,1.0,0.3,4.0,19.726470053745476
1157,2.013,2.018,0.004999999999999893,254,5.0,1.0,0.15,4.0,22.81177341528723
1158,2.005,2.0060000000000002,0.001000000000000334,149,4.0,1.0,0.15,4.0,18.263534125613354
1159,2.0469999999999997,2.052,0.0050000000000003375,156,4.0,1.0,0.3,4.0,19.726470053745476
1160,2.067,2.068,0.0009999999999998899,219,5.0,0.0,0.15,4.0,13.96674912522228
1161,1.983,1.983,0.0,121,4.0,0.0,0.3,4.0,12.452110192925703
1162,1.971,1.981,0.010000000000000009,93,3.0,2.0,0.45,4.0,36.57367588777287
1163,2.0389999999999997,2.043,0.004000000000000448,156,4.0,1.0,0.3,4.0,19.726470053745476
1164,2.0389999999999997,2.04,0.001000000000000334,219,5.0,0.0,0.15,4.0,13.96674912522228
1165,2.049,2.049,0.0,219,5.0,0.0,0.15,4.0,13.96674912522228
1166,1.944,1.945,0.001000000000000112,219,5.0,0.0,0.15,4.0,13.96674912522228
1167,1.959,1.963,0.0040000000000000036,156,4.0,1.0,0.3,4.0,19.726470053745476
1168,1.958,1.963,0.0050000000000001155,86,3.0,2.0,0.3,4.0,32.24266343324787
1169,1.814,1.818,0.0040000000000000036,156,4.0,1.0,0.3,4.0,19.726470053745476
1170,1.8900000000000001,1.891,0.0009999999999998899,219,5.0,0.0,0.15,4.0,13.96674912522228
1171,1.8960000000000001,1.901,0.004999999999999893,254,5.0,1.0,0.15,4.0,22.81177341528723
1172,1.8760000000000001,1.877,0.0009999999999998899,219,5.0,0.0,0.15,4.0,13.96674912522228
1173,1.977,1.978,0.0009999999999998899,149,4.0,1.0,0.15,4.0,18.263534125613354
1174,1.991,1.994,0.0029999999999998916,58,3.0,1.0,0.45,4.0,17.20520267224726
1175,1.945,1.945,0.0,219,5.0,0.0,0.15,4.0,13.96674912522228
1176,1.9040000000000001,1.91,0.005999999999999783,254,5.0,1.0,0.15,4.0,22.81177341528723
1177,2.01,2.015,0.0050000000000003375,86,3.0,2.0,0.3,4.0,32.24266343324787
1178,2.0,2.004,0.0040000000000000036,156,4.0,1.0,0.3,4.0,19.726470053745476
1179,1.981,1.982,0.0009999999999998899,219,5.0,0.0,0.15,4.0,13.96674912522228
1180,1.8880000000000001,1.891,0.0029999999999998916,58,3.0,1.0,0.45,4.0,17.20520267224726
1181,1.986,1.991,0.0050000000000001155,156,4.0,1.0,0.3,4.0,19.726470053745476
1182,2.0140000000000002,2.024,0.009999999999999787,93,3.0,2.0,0.45,4.0,36.57367588777287
1183,1.982,1.987,0.0050000000000001155,156,4.0,1.0,0.3,4.0,19.726470053745476
1184,2.056,2.056,0.0,283,5.0,2.0,0.0,5.0,66.4098739739585
1185,2.034,2.0389999999999997,0.004999999999999893,184,4.0,2.0,0.15,4.0,39.90182706802169
1186,2.12,2.124,0.0040000000000000036,156,4.0,1.0,0.3,4.0,19.726470053745476
1187,2.152,2.156,0.0040000000000000036,80,3.0,2.0,0.15,5.0,37.55531653012117
1188,1.953,1.954,0.0009999999999998899,149,4.0,1.0,0.15,4.0,18.263534125613354
1189,1.996,2.0010000000000003,0.0050000000000003375,254,5.0,1.0,0.15,4.0,22.81177341528723
1190,1.919,1.924,0.004999999999999893,254,5.0,1.0,0.15,4.0,22.81177341528723
1191,2.003,2.007,0.0040000000000000036,156,4.0,1.0,0.3,4.0,19.726470053745476
1192,1.982,1.983,0.001000000000000112,219,5.0,0.0,0.15,4.0,13.96674912522228
1193,1.957,1.96,0.0029999999999998916,58,3.0,1.0,0.45,4.0,17.20520267224726
1194,1.96,1.965,0.0050000000000001155,324,6.0,0.0,0.15,4.0,16.193866213510642
1195,1.968,1.973,0.0050000000000001155,156,4.0,1.0,0.3,4.0,19.726470053745476
1196,1.978,1.982,0.0040000000000000036,156,4.0,1.0,0.3,4.0,19.726470053745476
1197,2.021,2.0220000000000002,0.001000000000000334,219,5.0,0.0,0.15,4.0,13.96674912522228
1198,2.032,2.041,0.008999999999999897,185,4.0,2.0,0.15,5.0,49.87728383502711
1199,1.971,1.976,0.004999999999999893,184,4.0,2.0,0.15,4.0,39.90182706802169
1200,1.889,1.8940000000000001,0.0050000000000001155,254,5.0,1.0,0.15,4.0,22.81177341528723
1201,1.966,1.97,0.0040000000000000036,156,4.0,1.0,0.3,4.0,19.726470053745476
1202,2.066,2.0700000000000003,0.004000000000000448,156,4.0,1.0,0.3,4.0,19.726470053745476
1203,1.955,1.956,0.0009999999999998899,219,5.0,0.0,0.15,4.0,13.96674912522228
1204,1.92,1.921,0.001000000000000112,219,5.0,0.0,0.15,4.0,13.96674912522228
1205,1.991,1.992,0.0009999999999998899,219,5.0,0.0,0.15,4.0,13.96674912522228
1206,2.1109999999999998,2.115,0.004000000000000448,86,3.0,2.0,0.3,4.0,32.24266343324787
1207,1.957,1.959,0.0020000000000000018,58,3.0,1.0,0.45,4.0,17.20520267224726
1208,1.91,1.911,0.001000000000000112,219,5.0,0.0,0.15,4.0,13.96674912522228
1209,1.968,1.968,0.0,219,5.0,0.0,0.15,4.0,13.96674912522228
1210,1.961,1.965,0.0040000000000000036,156,4.0,1.0,0.3,4.0,19.726470053745476
1211,2.044,2.048,0.0040000000000000036,86,3.0,2.0,0.3,4.0,32.24266343324787
1212,2.06,2.064,0.0040000000000000036,156,4.0,1.0,0.3,4.0,19.726470053745476
1213,2.023,2.028,0.004999999999999893,254,5.0,1.0,0.15,4.0,22.81177341528723
1214,1.924,1.929,0.0050000000000001155,156,4.0,1.0,0.3,4.0,19.726470053745476
1215,2.089,2.09,0.0009999999999998899,219,5.0,0.0,0.15,4.0,13.96674912522228
1216,1.905,1.9060000000000001,0.001000000000000112,219,5.0,0.0,0.15,4.0,13.96674912522228
1217,1.897,1.8980000000000001,0.001000000000000112,219,5.0,0.0,0.15,4.0,13.96674912522228
1218,1.979,1.985,0.006000000000000005,254,5.0,1.0,0.15,4.0,22.81177341528723
1219,1.928,1.933,0.0050000000000001155,184,4.0,2.0,0.15,4.0,39.90182706802169
1220,2.042,2.0460000000000003,0.004000000000000448,156,4.0,1.0,0.3,4.0,19.726470053745476
1221,2.074,2.076,0.002000000000000224,226,5.0,0.0,0.3,4.0,14.468913019092193
1222,1.918,1.92,0.0020000000000000018,149,4.0,1.0,0.15,4.0,18.263534125613354
1223,1.952,1.953,0.001000000000000112,219,5.0,0.0,0.15,4.0,13.96674912522228
1224,1.98,1.984,0.0040000000000000036,156,4.0,1.0,0.3,4.0,19.726470053745476
1225,1.977,1.977,0.0,283,5.0,2.0,0.0,5.0,66.4098739739585
1226,2.082,2.0869999999999997,0.004999999999999893,65,3.0,1.0,0.6,4.0,19.170243812504182
1227,2.0709999999999997,2.076,0.0050000000000003375,156,4.0,1.0,0.3,4.0,19.726470053745476
1228,1.946,1.951,0.0050000000000001155,86,3.0,2.0,0.3,4.0,32.24266343324787
1229,2.089,2.0940000000000003,0.0050000000000003375,156,4.0,1.0,0.3,4.0,19.726470053745476
1230,1.874,1.8760000000000001,0.0020000000000000018,58,3.0,1.0,0.45,4.0,17.20520267224726
1231,2.0540000000000003,2.0549999999999997,0.0009999999999994458,219,5.0,0.0,0.15,4.0,13.96674912522228
1232,2.016,2.021,0.004999999999999893,86,3.0,2.0,0.3,4.0,32.24266343324787
1233,1.997,2.002,0.004999999999999671,254,5.0,1.0,0.15,4.0,22.81177341528723
1234,1.936,1.937,0.001000000000000112,219,5.0,0.0,0.15,4.0,13.96674912522228
1235,2.0220000000000002,2.027,0.004999999999999893,156,4.0,1.0,0.3,4.0,19.726470053745476
1236,1.921,1.926,0.004999999999999893,254,5.0,1.0,0.15,4.0,22.81177341528723
1237,1.962,1.967,0.0050000000000001155,156,4.0,1.0,0.3,4.0,19.726470053745476
1238,2.052,2.057,0.004999999999999893,156,4.0,1.0,0.3,4.0,19.726470053745476
1239,1.934,1.944,0.010000000000000009,93,3.0,2.0,0.45,4.0,36.57367588777287
1240,2.034,2.04,0.006000000000000227,254,5.0,1.0,0.15,4.0,22.81177341528723
1241,1.986,1.987,0.001000000000000112,219,5.0,0.0,0.15,4.0,13.96674912522228
1242,1.925,1.93,0.004999999999999893,254,5.0,1.0,0.15,4.0,22.81177341528723
1243,1.949,1.959,0.010000000000000009,93,3.0,2.0,0.45,4.0,36.57367588777287
1244,1.94,1.944,0.0040000000000000036,156,4.0,1.0,0.3,4.0,19.726470053745476
1245,2.004,2.005,0.0009999999999998899,219,5.0,0.0,0.15,4.0,13.96674912522228
1246,2.0780000000000003,2.083,0.004999999999999893,324,6.0,0.0,0.15,4.0,16.193866213510642
1247,1.935,1.939,0.0040000000000000036,156,4.0,1.0,0.3,4.0,19.726470053745476
1248,2.123,2.123,0.0,219,5.0,0.0,0.15,4.0,13.96674912522228
1249,2.077,2.0789999999999997,0.0019999999999997797,58,3.0,1.0,0.45,4.0,17.20520267224726
1250,2.0949999999999998,2.099,0.004000000000000448,86,3.0,2.0,0.3,4.0,32.24266343324787
1251,2.0869999999999997,2.097,0.010000000000000231,93,3.0,2.0,0.45,4.0,36.57367588777287
1252,1.944,1.949,0.0050000000000001155,86,3.0,2.0,0.3,4.0,32.24266343324787
1253,1.942,1.946,0.0040000000000000036,156,4.0,1.0,0.3,4.0,19.726470053745476
1254,1.998,2.002,0.0039999999999997815,156,4.0,1.0,0.3,4.0,19.726470053745476
1255,1.997,1.998,0.0009999999999998899,219,5.0,0.0,0.15,4.0,13.96674912522228
1256,2.08,2.0860000000000003,0.006000000000000227,254,5.0,1.0,0.15,4.0,22.81177341528723
1257,2.056,2.061,0.004999999999999893,156,4.0,1.0,0.3,4.0,19.726470053745476
1258,1.875,1.879,0.0040000000000000036,156,4.0,1.0,0.3,4.0,19.726470053745476
1259,2.019,2.035,0.016000000000000014,261,5.0,1.0,0.3,4.0,25.260631670972717
1260,2.024,2.0460000000000003,0.02200000000000024,100,3.0,2.0,0.6,4.0,45.80420869779847
1261,1.944,1.948,0.0040000000000000036,156,4.0,1.0,0.3,4.0,19.726470053745476
1262,1.993,1.997,0.0040000000000000036,156,4.0,1.0,0.3,4.0,19.726470053745476
1263,2.1100000000000003,2.115,0.004999999999999893,324,6.0,0.0,0.15,4.0,16.193866213510642
1264,1.875,1.879,0.0040000000000000036,156,4.0,1.0,0.3,4.0,19.726470053745476
1265,1.978,1.99,0.01200000000000001,163,4.0,1.0,0.45,4.0,22.095669483454234
1266,1.924,1.925,0.001000000000000112,219,5.0,0.0,0.15,4.0,13.96674912522228
1267,1.901,1.9020000000000001,0.001000000000000112,219,5.0,0.0,0.15,4.0,13.96674912522228
1268,1.914,1.915,0.001000000000000112,219,5.0,0.0,0.15,4.0,13.96674912522228
1269,1.967,1.968,0.0009999999999998899,219,5.0,0.0,0.15,4.0,13.96674912522228
1270,2.005,2.0060000000000002,0.001000000000000334,219,5.0,0.0,0.15,4.0,13.96674912522228
1271,2.052,2.053,0.0009999999999998899,219,5.0,0.0,0.15,4.0,13.96674912522228
1272,1.97,1.975,0.0050000000000001155,324,6.0,0.0,0.15,4.0,16.193866213510642
1273,2.115,2.117,0.0019999999999997797,58,3.0,1.0,0.45,4.0,17.20520267224726
1274,1.931,1.932,0.0009999999999998899,51,3.0,1.0,0.3,4.0,15.99277515480869
1275,2.003,2.008,0.004999999999999893,156,4.0,1.0,0.3,4.0,19.726470053745476
1276,1.915,1.921,0.006000000000000005,254,5.0,1.0,0.15,4.0,22.81177341528723
1277,2.0140000000000002,2.019,0.004999999999999893,156,4.0,1.0,0.3,4.0,19.726470053745476
1278,2.037,2.042,0.004999999999999893,156,4.0,1.0,0.3,4.0,19.726470053745476
1279,1.944,1.945,0.001000000000000112,219,5.0,0.0,0.15,4.0,13.96674912522228
1280,1.928,1.929,0.001000000000000112,219,5.0,0.0,0.15,4.0,13.96674912522228
1281,1.974,1.975,0.001000000000000112,219,5.0,0.0,0.15,4.0,13.96674912522228
1282,1.95,1.955,0.0050000000000001155,86,3.0,2.0,0.3,4.0,32.24266343324787
1283,2.015,2.016,0.0009999999999998899,219,5.0,0.0,0.15,4.0,13.96674912522228
1284,2.0220000000000002,2.0220000000000002,0.0,121,4.0,0.0,0.3,4.0,12.452110192925703
1285,1.957,1.962,0.004999999999999893,254,5.0,1.0,0.15,4.0,22.81177341528723
1286,1.977,1.981,0.0040000000000000036,156,4.0,1.0,0.3,4.0,19.726470053745476
1287,1.916,1.921,0.0050000000000001155,156,4.0,1.0,0.3,4.0,19.726470053745476
1288,1.877,1.8820000000000001,0.0050000000000001155,156,4.0,1.0,0.3,4.0,19.726470053745476
1289,2.0540000000000003,2.06,0.005999999999999783,65,3.0,1.0,0.6,4.0,19.170243812504182
1290,1.99,1.995,0.0050000000000001155,156,4.0,1.0,0.3,4.0,19.726470053745476
1291,1.993,1.998,0.004999999999999893,86,3.0,2.0,0.3,4.0,32.24266343324787
1292,2.089,2.09,0.0009999999999998899,219,5.0,0.0,0.15,4.0,13.96674912522228
1293,1.936,1.936,0.0,219,5.0,0.0,0.15,4.0,13.96674912522228
1294,1.997,2.0010000000000003,0.004000000000000226,156,4.0,1.0,0.3,4.0,19.726470053745476
1295,2.021,2.021,0.0,283,5.0,2.0,0.0,5.0,66.4098739739585
1296,2.083,2.088,0.004999999999999893,254,5.0,1.0,0.15,4.0,22.81177341528723
1297,2.082,2.0860000000000003,0.004000000000000448,156,4.0,1.0,0.3,4.0,19.726470053745476
1298,1.98,1.981,0.001000000000000112,149,4.0,1.0,0.15,4.0,18.263534125613354
1299,2.058,2.0629999999999997,0.004999999999999893,156,4.0,1.0,0.3,4.0,19.726470053745476
1300,1.909,1.914,0.004999999999999893,156,4.0,1.0,0.3,4.0,19.726470053745476
1301,2.089,2.09,0.0009999999999998899,149,4.0,1.0,0.15,4.0,18.263534125613354
1302,2.04,2.044,0.0040000000000000036,156,4.0,1.0,0.3,4.0,19.726470053745476
1303,1.997,1.998,0.0009999999999998899,219,5.0,0.0,0.15,4.0,13.96674912522228
1304,1.944,1.949,0.0050000000000001155,254,5.0,1.0,0.15,4.0,22.81177341528723
1305,1.925,1.925,0.0,219,5.0,0.0,0.15,4.0,13.96674912522228
1306,1.925,1.926,0.0009999999999998899,219,5.0,0.0,0.15,4.0,13.96674912522228
1307,1.947,1.969,0.02200000000000002,290,5.0,2.0,0.15,5.0,76.15188156842561
1308,1.946,1.946,0.0,219,5.0,0.0,0.15,4.0,13.96674912522228
1309,1.968,1.97,0.0020000000000000018,58,3.0,1.0,0.45,4.0,17.20520267224726
1310,2.032,2.0330000000000004,0.001000000000000334,219,5.0,0.0,0.15,4.0,13.96674912522228
1311,1.936,1.937,0.001000000000000112,219,5.0,0.0,0.15,4.0,13.96674912522228
1312,2.031,2.052,0.020999999999999908,290,5.0,2.0,0.15,5.0,76.15188156842561
1313,1.916,1.921,0.0050000000000001155,156,4.0,1.0,0.3,4.0,19.726470053745476
1314,1.938,1.942,0.0040000000000000036,86,3.0,2.0,0.3,4.0,32.24266343324787
1315,1.982,1.987,0.0050000000000001155,156,4.0,1.0,0.3,4.0,19.726470053745476
1316,2.081,2.085,0.0040000000000000036,156,4.0,1.0,0.3,4.0,19.726470053745476
1317,1.96,1.96,0.0,219,5.0,0.0,0.15,4.0,13.96674912522228
1318,2.0549999999999997,2.061,0.006000000000000227,65,3.0,1.0,0.6,4.0,19.170243812504182
1319,1.994,1.995,0.001000000000000112,219,5.0,0.0,0.15,4.0,13.96674912522228
1320,2.099,2.099,0.0,219,5.0,0.0,0.15,4.0,13.96674912522228
1321,1.975,1.976,0.0009999999999998899,219,5.0,0.0,0.15,4.0,13.96674912522228
1322,1.963,1.968,0.004999999999999893,86,3.0,2.0,0.3,4.0,32.24266343324787
1323,1.993,1.998,0.004999999999999893,156,4.0,1.0,0.3,4.0,19.726470053745476
1324,2.08,2.081,0.0009999999999998899,219,5.0,0.0,0.15,4.0,13.96674912522228
1325,1.994,1.999,0.0050000000000001155,156,4.0,1.0,0.3,4.0,19.726470053745476
1326,2.0629999999999997,2.064,0.001000000000000334,219,5.0,0.0,0.15,4.0,13.96674912522228
1327,1.977,1.987,0.010000000000000009,93,3.0,2.0,0.45,4.0,36.57367588777287
1328,2.027,2.032,0.004999999999999893,156,4.0,1.0,0.3,4.0,19.726470053745476
1329,1.976,1.989,0.013000000000000123,191,4.0,2.0,0.3,4.0,46.283348573725405
1330,2.0220000000000002,2.026,0.0039999999999995595,156,4.0,1.0,0.3,4.0,19.726470053745476
1331,1.996,2.0,0.0040000000000000036,86,3.0,2.0,0.3,4.0,32.24266343324787
1332,1.998,2.008,0.010000000000000009,87,3.0,2.0,0.3,5.0,40.30332929155984
1333,1.96,1.965,0.0050000000000001155,86,3.0,2.0,0.3,4.0,32.24266343324787
1334,1.933,1.937,0.0040000000000000036,156,4.0,1.0,0.3,4.0,19.726470053745476
1335,1.955,1.956,0.0009999999999998899,219,5.0,0.0,0.15,4.0,13.96674912522228
1336,1.952,1.956,0.0040000000000000036,156,4.0,1.0,0.3,4.0,19.726470053745476
1337,2.098,2.1029999999999998,0.004999999999999893,86,3.0,2.0,0.3,4.0,32.24266343324787
1338,2.021,2.0250000000000004,0.004000000000000448,156,4.0,1.0,0.3,4.0,19.726470053745476
1339,2.0140000000000002,2.0140000000000002,0.0,219,5.0,0.0,0.15,4.0,13.96674912522228
1340,1.981,1.984,0.0029999999999998916,226,5.0,0.0,0.3,4.0,14.468913019092193
1341,2.0170000000000003,2.018,0.0009999999999994458,219,5.0,0.0,0.15,4.0,13.96674912522228
1342,1.931,1.936,0.004999999999999893,156,4.0,1.0,0.3,4.0,19.726470053745476
1343,2.107,2.108,0.0009999999999998899,149,4.0,1.0,0.15,4.0,18.263534125613354
1344,1.928,1.929,0.001000000000000112,219,5.0,0.0,0.15,4.0,13.96674912522228
1345,1.979,1.979,0.0,219,5.0,0.0,0.15,4.0,13.96674912522228
1346,2.164,2.176,0.01200000000000001,163,4.0,1.0,0.45,4.0,22.095669483454234
1347,2.015,2.019,0.0040000000000000036,156,4.0,1.0,0.3,4.0,19.726470053745476
1348,1.887,1.8880000000000001,0.001000000000000112,219,5.0,0.0,0.15,4.0,13.96674912522228
1349,2.007,2.008,0.0009999999999998899,219,5.0,0.0,0.15,4.0,13.96674912522228
1350,2.135,2.1420000000000003,0.007000000000000561,65,3.0,1.0,0.6,4.0,19.170243812504182
1351,1.996,1.996,0.0,219,5.0,0.0,0.15,4.0,13.96674912522228
1352,1.968,1.973,0.0050000000000001155,254,5.0,1.0,0.15,4.0,22.81177341528723
1353,1.947,1.947,0.0,219,5.0,0.0,0.15,4.0,13.96674912522228
1354,2.064,2.069,0.004999999999999893,86,3.0,2.0,0.3,4.0,32.24266343324787
1355,2.0300000000000002,2.036,0.005999999999999783,65,3.0,1.0,0.6,4.0,19.170243812504182
1356,1.987,1.992,0.004999999999999893,156,4.0,1.0,0.3,4.0,19.726470053745476
1357,1.946,1.948,0.0020000000000000018,149,4.0,1.0,0.15,4.0,18.263534125613354
1358,1.889,1.895,0.006000000000000005,254,5.0,1.0,0.15,4.0,22.81177341528723
1359,1.959,1.964,0.004999999999999893,156,4.0,1.0,0.3,4.0,19.726470053745476
1360,1.924,1.94,0.016000000000000014,261,5.0,1.0,0.3,4.0,25.260631670972717
1361,1.999,2.004,0.004999999999999893,156,4.0,1.0,0.3,4.0,19.726470053745476
1362,1.8780000000000001,1.883,0.004999999999999893,254,5.0,1.0,0.15,4.0,22.81177341528723
1363,1.901,1.9060000000000001,0.0050000000000001155,156,4.0,1.0,0.3,4.0,19.726470053745476
1364,2.0389999999999997,2.043,0.004000000000000448,156,4.0,1.0,0.3,4.0,19.726470053745476
1365,1.943,1.948,0.004999999999999893,86,3.0,2.0,0.3,4.0,32.24266343324787
1366,1.87,1.875,0.004999999999999893,86,3.0,2.0,0.3,4.0,32.24266343324787
1367,2.0789999999999997,2.084,0.0050000000000003375,156,4.0,1.0,0.3,4.0,19.726470053745476
1368,1.949,1.954,0.004999999999999893,156,4.0,1.0,0.3,4.0,19.726470053745476
1369,2.0090000000000003,2.013,0.0039999999999995595,156,4.0,1.0,0.3,4.0,19.726470053745476
1370,1.935,1.941,0.006000000000000005,254,5.0,1.0,0.15,4.0,22.81177341528723
1371,1.955,1.96,0.004999999999999893,156,4.0,1.0,0.3,4.0,19.726470053745476
1372,1.941,1.943,0.0020000000000000018,149,4.0,1.0,0.15,4.0,18.263534125613354
1373,2.0250000000000004,2.035,0.009999999999999787,185,4.0,2.0,0.15,5.0,49.87728383502711
1374,1.946,1.947,0.001000000000000112,149,4.0,1.0,0.15,4.0,18.263534125613354
1375,2.066,2.072,0.006000000000000227,254,5.0,1.0,0.15,4.0,22.81177341528723
1376,1.979,1.984,0.004999999999999893,156,4.0,1.0,0.3,4.0,19.726470053745476
1377,1.936,1.937,0.001000000000000112,219,5.0,0.0,0.15,4.0,13.96674912522228
1378,1.844,1.849,0.004999999999999893,156,4.0,1.0,0.3,4.0,19.726470053745476
1379,2.068,2.074,0.005999999999999783,254,5.0,1.0,0.15,4.0,22.81177341528723
1380,1.973,1.973,0.0,219,5.0,0.0,0.15,4.0,13.96674912522228
1381,1.925,1.926,0.0009999999999998899,219,5.0,0.0,0.15,4.0,13.96674912522228
1382,2.077,2.077,0.0,219,5.0,0.0,0.15,4.0,13.96674912522228
1383,1.96,1.961,0.001000000000000112,219,5.0,0.0,0.15,4.0,13.96674912522228
1384,2.073,2.083,0.010000000000000231,93,3.0,2.0,0.45,4.0,36.57367588777287
1385,1.891,1.8960000000000001,0.0050000000000001155,156,4.0,1.0,0.3,4.0,19.726470053745476
1386,1.966,1.966,0.0,247,5.0,1.0,0.0,4.0,21.420113577190087
1387,1.963,1.968,0.004999999999999893,254,5.0,1.0,0.15,4.0,22.81177341528723
1388,2.021,2.026,0.004999999999999893,254,5.0,1.0,0.15,4.0,22.81177341528723
1389,2.026,2.032,0.006000000000000227,65,3.0,1.0,0.6,4.0,19.170243812504182
1390,2.0060000000000002,2.0060000000000002,0.0,212,5.0,0.0,0.0,4.0,13.43584400016153
1391,1.988,1.999,0.01100000000000012,93,3.0,2.0,0.45,4.0,36.57367588777287
1392,1.987,1.992,0.004999999999999893,156,4.0,1.0,0.3,4.0,19.726470053745476
1393,2.0389999999999997,2.044,0.0050000000000003375,254,5.0,1.0,0.15,4.0,22.81177341528723
1394,2.09,2.091,0.001000000000000334,219,5.0,0.0,0.15,4.0,13.96674912522228
1395,2.09,2.0949999999999998,0.004999999999999893,156,4.0,1.0,0.3,4.0,19.726470053745476
1396,1.947,1.951,0.0040000000000000036,156,4.0,1.0,0.3,4.0,19.726470053745476
1397,1.917,1.922,0.004999999999999893,156,4.0,1.0,0.3,4.0,19.726470053745476
1398,1.938,1.942,0.0040000000000000036,156,4.0,1.0,0.3,4.0,19.726470053745476
1399,2.018,2.0220000000000002,0.004000000000000448,156,4.0,1.0,0.3,4.0,19.726470053745476
1400,2.04,2.05,0.009999999999999787,93,3.0,2.0,0.45,4.0,36.57367588777287
1401,1.93,1.934,0.0040000000000000036,156,4.0,1.0,0.3,4.0,19.726470053745476
1402,1.934,1.935,0.001000000000000112,219,5.0,0.0,0.15,4.0,13.96674912522228
1403,2.008,2.012,0.0040000000000000036,156,4.0,1.0,0.3,4.0,19.726470053745476
1404,2.043,2.0460000000000003,0.0030000000000001137,58,3.0,1.0,0.45,4.0,17.20520267224726
1405,1.924,1.929,0.0050000000000001155,156,4.0,1.0,0.3,4.0,19.726470053745476
1406,1.952,1.953,0.001000000000000112,219,5.0,0.0,0.15,4.0,13.96674912522228
1407,1.957,1.958,0.0009999999999998899,219,5.0,0.0,0.15,4.0,13.96674912522228
1408,1.972,1.972,0.0,283,5.0,2.0,0.0,5.0,66.4098739739585
1409,1.916,1.932,0.016000000000000014,261,5.0,1.0,0.3,4.0,25.260631670972717
1410,2.037,2.041,0.0040000000000000036,156,4.0,1.0,0.3,4.0,19.726470053745476
1411,2.007,2.007,0.0,212,5.0,0.0,0.0,4.0,13.43584400016153
1412,1.99,2.003,0.013000000000000123,191,4.0,2.0,0.3,4.0,46.283348573725405
1413,1.969,1.974,0.004999999999999893,156,4.0,1.0,0.3,4.0,19.726470053745476
1414,1.94,1.942,0.0020000000000000018,58,3.0,1.0,0.45,4.0,17.20520267224726
1415,1.907,1.908,0.0009999999999998899,219,5.0,0.0,0.15,4.0,13.96674912522228
1416,1.922,1.932,0.010000000000000009,93,3.0,2.0,0.45,4.0,36.57367588777287
1417,1.997,2.0010000000000003,0.004000000000000226,156,4.0,1.0,0.3,4.0,19.726470053745476
1418,2.004,2.0140000000000002,0.010000000000000231,185,4.0,2.0,0.15,5.0,49.87728383502711
1419,1.926,1.931,0.0050000000000001155,254,5.0,1.0,0.15,4.0,22.81177341528723
1420,2.013,2.018,0.004999999999999893,156,4.0,1.0,0.3,4.0,19.726470053745476
1421,1.918,1.923,0.0050000000000001155,254,5.0,1.0,0.15,4.0,22.81177341528723
1422,2.027,2.028,0.0009999999999998899,219,5.0,0.0,0.15,4.0,13.96674912522228
1423,1.991,2.002,0.010999999999999677,93,3.0,2.0,0.45,4.0,36.57367588777287
1424,1.979,1.984,0.004999999999999893,184,4.0,2.0,0.15,4.0,39.90182706802169
1425,1.883,1.889,0.006000000000000005,254,5.0,1.0,0.15,4.0,22.81177341528723
1426,1.974,1.979,0.0050000000000001155,254,5.0,1.0,0.15,4.0,22.81177341528723
1427,1.908,1.913,0.0050000000000001155,156,4.0,1.0,0.3,4.0,19.726470053745476
1428,2.01,2.011,0.001000000000000334,149,4.0,1.0,0.15,4.0,18.263534125613354
1429,2.023,2.028,0.004999999999999893,156,4.0,1.0,0.3,4.0,19.726470053745476
1430,1.985,1.991,0.006000000000000005,254,5.0,1.0,0.15,4.0,22.81177341528723
1431,2.0330000000000004,2.037,0.0039999999999995595,156,4.0,1.0,0.3,4.0,19.726470053745476
1432,1.915,1.919,0.0040000000000000036,156,4.0,1.0,0.3,4.0,19.726470053745476
1433,1.944,1.945,0.001000000000000112,219,5.0,0.0,0.15,4.0,13.96674912522228
1434,1.976,1.98,0.0040000000000000036,86,3.0,2.0,0.3,4.0,32.24266343324787
1435,1.969,1.973,0.0040000000000000036,156,4.0,1.0,0.3,4.0,19.726470053745476
1436,2.072,2.073,0.0009999999999998899,219,5.0,0.0,0.15,4.0,13.96674912522228
1437,2.034,2.035,0.001000000000000334,219,5.0,0.0,0.15,4.0,13.96674912522228
1438,1.984,1.989,0.0050000000000001155,254,5.0,1.0,0.15,4.0,22.81177341528723
1439,1.8920000000000001,1.893,0.0009999999999998899,219,5.0,0.0,0.15,4.0,13.96674912522228
1440,1.995,2.0,0.004999999999999893,86,3.0,2.0,0.3,4.0,32.24266343324787
1441,1.993,1.994,0.0009999999999998899,219,5.0,0.0,0.15,4.0,13.96674912522228
1442,2.0060000000000002,2.016,0.009999999999999787,93,3.0,2.0,0.45,4.0,36.57367588777287
1443,1.933,1.934,0.0009999999999998899,219,5.0,0.0,0.15,4.0,13.96674912522228
1444,1.937,1.942,0.004999999999999893,156,4.0,1.0,0.3,4.0,19.726470053745476
1445,1.933,1.937,0.0040000000000000036,156,4.0,1.0,0.3,4.0,19.726470053745476
1446,1.957,1.963,0.006000000000000005,254,5.0,1.0,0.15,4.0,22.81177341528723
1447,1.986,1.987,0.001000000000000112,219,5.0,0.0,0.15,4.0,13.96674912522228
1448,1.977,1.981,0.0040000000000000036,156,4.0,1.0,0.3,4.0,19.726470053745476
1449,2.028,2.032,0.0040000000000000036,156,4.0,1.0,0.3,4.0,19.726470053745476
1450,1.937,1.939,0.0020000000000000018,149,4.0,1.0,0.15,4.0,18.263534125613354
1451,2.105,2.105,0.0,219,5.0,0.0,0.15,4.0,13.96674912522228
1452,1.829,1.831,0.0020000000000000018,149,4.0,1.0,0.15,4.0,18.263534125613354
1453,2.0010000000000003,2.002,0.0009999999999994458,219,5.0,0.0,0.15,4.0,13.96674912522228
1454,1.994,2.004,0.010000000000000009,93,3.0,2.0,0.45,4.0,36.57367588777287
1455,2.049,2.0540000000000003,0.0050000000000003375,254,5.0,1.0,0.15,4.0,22.81177341528723
1456,1.895,1.9000000000000001,0.0050000000000001155,156,4.0,1.0,0.3,4.0,19.726470053745476
1457,1.828,1.833,0.004999999999999893,254,5.0,1.0,0.15,4.0,22.81177341528723
1458,2.0460000000000003,2.05,0.0039999999999995595,156,4.0,1.0,0.3,4.0,19.726470053745476
1459,1.992,1.997,0.0050000000000001155,156,4.0,1.0,0.3,4.0,19.726470053745476
1460,2.057,2.058,0.0009999999999998899,219,5.0,0.0,0.15,4.0,13.96674912522228
1461,1.93,1.935,0.0050000000000001155,86,3.0,2.0,0.3,4.0,32.24266343324787
1462,2.0170000000000003,2.021,0.0039999999999995595,156,4.0,1.0,0.3,4.0,19.726470053745476
1463,1.909,1.913,0.0040000000000000036,156,4.0,1.0,0.3,4.0,19.726470053745476
1464,2.0780000000000003,2.0789999999999997,0.0009999999999994458,219,5.0,0.0,0.15,4.0,13.96674912522228
1465,2.044,2.049,0.004999999999999893,156,4.0,1.0,0.3,4.0,19.726470053745476
1466,1.978,1.983,0.0050000000000001155,156,4.0,1.0,0.3,4.0,19.726470053745476
1467,2.0060000000000002,2.008,0.0019999999999997797,58,3.0,1.0,0.45,4.0,17.20520267224726
1468,2.1180000000000003,2.1189999999999998,0.0009999999999994458,219,5.0,0.0,0.15,4.0,13.96674912522228
1469,2.045,2.045,0.0,219,5.0,0.0,0.15,4.0,13.96674912522228
1470,1.999,1.999,0.0,219,5.0,0.0,0.15,4.0,13.96674912522228
1471,2.092,2.093,0.0009999999999998899,219,5.0,0.0,0.15,4.0,13.96674912522228
1472,1.936,1.937,0.001000000000000112,149,4.0,1.0,0.15,4.0,18.263534125613354
1473,1.867,1.871,0.0040000000000000036,156,4.0,1.0,0.3,4.0,19.726470053745476
1474,1.993,1.997,0.0040000000000000036,86,3.0,2.0,0.3,4.0,32.24266343324787
1475,1.903,1.9040000000000001,0.001000000000000112,219,5.0,0.0,0.15,4.0,13.96674912522228
1476,1.964,1.969,0.0050000000000001155,254,5.0,1.0,0.15,4.0,22.81177341528723
1477,1.9020000000000001,1.907,0.004999999999999893,86,3.0,2.0,0.3,4.0,32.24266343324787
1478,2.0460000000000003,2.0549999999999997,0.008999999999999453,93,3.0,2.0,0.45,4.0,36.57367588777287
1479,1.815,1.819,0.0040000000000000036,156,4.0,1.0,0.3,4.0,19.726470053745476
1480,1.992,1.997,0.0050000000000001155,156,4.0,1.0,0.3,4.0,19.726470053745476
1481,1.915,1.92,0.004999999999999893,86,3.0,2.0,0.3,4.0,32.24266343324787
1482,1.971,1.971,0.0,219,5.0,0.0,0.15,4.0,13.96674912522228
1483,1.873,1.8780000000000001,0.0050000000000001155,156,4.0,1.0,0.3,4.0,19.726470053745476
1484,1.926,1.926,0.0,219,5.0,0.0,0.15,4.0,13.96674912522228
1485,1.931,1.935,0.0040000000000000036,156,4.0,1.0,0.3,4.0,19.726470053745476
1486,1.955,1.959,0.0040000000000000036,156,4.0,1.0,0.3,4.0,19.726470053745476
1487,2.011,2.012,0.0009999999999998899,149,4.0,1.0,0.15,4.0,18.263534125613354
1488,2.0620000000000003,2.067,0.004999999999999893,254,5.0,1.0,0.15,4.0,22.81177341528723
1489,2.0700000000000003,2.074,0.0039999999999995595,156,4.0,1.0,0.3,4.0,19.726470053745476
1490,1.97,1.971,0.001000000000000112,219,5.0,0.0,0.15,4.0,13.96674912522228
1491,2.0540000000000003,2.058,0.0039999999999995595,156,4.0,1.0,0.3,4.0,19.726470053745476
1492,2.0170000000000003,2.019,0.0019999999999997797,58,3.0,1.0,0.45,4.0,17.20520267224726
1493,1.99,1.994,0.0040000000000000036,156,4.0,1.0,0.3,4.0,19.726470053745476
1494,2.073,2.0780000000000003,0.0050000000000003375,156,4.0,1.0,0.3,4.0,19.726470053745476
1495,1.95,1.955,0.0050000000000001155,156,4.0,1.0,0.3,4.0,19.726470053745476
1496,1.947,1.949,0.0020000000000000018,58,3.0,1.0,0.45,4.0,17.20520267224726
1497,1.948,1.953,0.0050000000000001155,254,5.0,1.0,0.15,4.0,22.81177341528723
1498,2.053,2.057,0.0040000000000000036,156,4.0,1.0,0.3,4.0,19.726470053745476
1499,2.021,2.026,0.004999999999999893,86,3.0,2.0,0.3,4.0,32.24266343324787
1500,2.011,2.012,0.0009999999999998899,219,5.0,0.0,0.15,4.0,13.96674912522228
1501,1.984,1.985,0.001000000000000112,219,5.0,0.0,0.15,4.0,13.96674912522228
1502,1.949,1.953,0.0040000000000000036,156,4.0,1.0,0.3,4.0,19.726470053745476
1503,1.972,1.973,0.001000000000000112,149,4.0,1.0,0.15,4.0,18.263534125613354
1504,2.0170000000000003,2.0220000000000002,0.004999999999999893,156,4.0,1.0,0.3,4.0,19.726470053745476
1505,1.9060000000000001,1.911,0.004999999999999893,156,4.0,1.0,0.3,4.0,19.726470053745476
1506,1.891,1.8960000000000001,0.0050000000000001155,156,4.0,1.0,0.3,4.0,19.726470053745476
1507,2.081,2.085,0.0040000000000000036,156,4.0,1.0,0.3,4.0,19.726470053745476
1508,2.021,2.0250000000000004,0.004000000000000448,156,4.0,1.0,0.3,4.0,19.726470053745476
1509,1.927,1.931,0.0040000000000000036,156,4.0,1.0,0.3,4.0,19.726470053745476
1510,2.011,2.012,0.0009999999999998899,219,5.0,0.0,0.15,4.0,13.96674912522228
1511,1.895,1.895,0.0,219,5.0,0.0,0.15,4.0,13.96674912522228
1512,1.991,1.995,0.0040000000000000036,156,4.0,1.0,0.3,4.0,19.726470053745476
1513,1.935,1.941,0.006000000000000005,65,3.0,1.0,0.6,4.0,19.170243812504182
1514,1.951,1.957,0.006000000000000005,254,5.0,1.0,0.15,4.0,22.81177341528723
1515,1.953,1.958,0.004999999999999893,156,4.0,1.0,0.3,4.0,19.726470053745476
1516,2.013,2.018,0.004999999999999893,156,4.0,1.0,0.3,4.0,19.726470053745476
1517,2.057,2.0620000000000003,0.0050000000000003375,254,5.0,1.0,0.15,4.0,22.81177341528723
1518,1.92,1.924,0.0040000000000000036,156,4.0,1.0,0.3,4.0,19.726470053745476
1519,1.8760000000000001,1.877,0.0009999999999998899,149,4.0,1.0,0.15,4.0,18.263534125613354
1520,2.034,2.0389999999999997,0.004999999999999893,156,4.0,1.0,0.3,4.0,19.726470053745476
1521,2.032,2.0330000000000004,0.001000000000000334,219,5.0,0.0,0.15,4.0,13.96674912522228
1522,2.0010000000000003,2.0060000000000002,0.004999999999999893,156,4.0,1.0,0.3,4.0,19.726470053745476
1523,2.0549999999999997,2.06,0.0050000000000003375,254,5.0,1.0,0.15,4.0,22.81177341528723
1524,2.082,2.0860000000000003,0.004000000000000448,156,4.0,1.0,0.3,4.0,19.726470053745476
1525,2.0250000000000004,2.0300000000000002,0.004999999999999893,156,4.0,1.0,0.3,4.0,19.726470053745476
1526,1.909,1.914,0.004999999999999893,254,5.0,1.0,0.15,4.0,22.81177341528723
1527,1.836,1.841,0.004999999999999893,254,5.0,1.0,0.15,4.0,22.81177341528723
1528,1.953,1.958,0.004999999999999893,156,4.0,1.0,0.3,4.0,19.726470053745476
1529,1.999,2.003,0.0040000000000000036,86,3.0,2.0,0.3,4.0,32.24266343324787
1530,1.929,1.945,0.016000000000000014,261,5.0,1.0,0.3,4.0,25.260631670972717
1531,1.979,1.984,0.004999999999999893,156,4.0,1.0,0.3,4.0,19.726470053745476
1532,1.99,1.994,0.0040000000000000036,156,4.0,1.0,0.3,4.0,19.726470053745476
1533,2.036,2.04,0.0040000000000000036,156,4.0,1.0,0.3,4.0,19.726470053745476
1534,2.008,2.012,0.0040000000000000036,156,4.0,1.0,0.3,4.0,19.726470053745476
1535,1.895,1.8960000000000001,0.001000000000000112,219,5.0,0.0,0.15,4.0,13.96674912522228
1536,1.924,1.924,0.0,51,3.0,1.0,0.3,4.0,15.99277515480869
1537,1.905,1.91,0.004999999999999893,156,4.0,1.0,0.3,4.0,19.726470053745476
1538,1.976,1.988,0.01200000000000001,163,4.0,1.0,0.45,4.0,22.095669483454234
1539,1.941,1.943,0.0020000000000000018,149,4.0,1.0,0.15,4.0,18.263534125613354
1540,1.92,1.925,0.0050000000000001155,254,5.0,1.0,0.15,4.0,22.81177341528723
1541,1.935,1.939,0.0040000000000000036,156,4.0,1.0,0.3,4.0,19.726470053745476
1542,1.947,1.948,0.0009999999999998899,219,5.0,0.0,0.15,4.0,13.96674912522228
1543,2.002,2.003,0.001000000000000334,219,5.0,0.0,0.15,4.0,13.96674912522228
1544,2.043,2.0469999999999997,0.0039999999999995595,156,4.0,1.0,0.3,4.0,19.726470053745476
1545,1.932,1.943,0.01100000000000012,93,3.0,2.0,0.45,4.0,36.57367588777287
1546,2.003,2.007,0.0040000000000000036,156,4.0,1.0,0.3,4.0,19.726470053745476
1547,1.855,1.86,0.0050000000000001155,156,4.0,1.0,0.3,4.0,19.726470053745476
1548,1.874,1.8760000000000001,0.0020000000000000018,58,3.0,1.0,0.45,4.0,17.20520267224726
1549,1.925,1.929,0.0040000000000000036,156,4.0,1.0,0.3,4.0,19.726470053745476
1550,1.987,1.999,0.01200000000000001,163,4.0,1.0,0.45,4.0,22.095669483454234
1551,2.023,2.027,0.0040000000000000036,156,4.0,1.0,0.3,4.0,19.726470053745476
1552,2.052,2.053,0.0009999999999998899,219,5.0,0.0,0.15,4.0,13.96674912522228
1553,1.867,1.873,0.006000000000000005,254,5.0,1.0,0.15,4.0,22.81177341528723
1554,2.0940000000000003,2.0940000000000003,0.0,219,5.0,0.0,0.15,4.0,13.96674912522228
1555,2.0010000000000003,2.005,0.0039999999999995595,156,4.0,1.0,0.3,4.0,19.726470053745476
1556,1.897,1.9020000000000001,0.0050000000000001155,156,4.0,1.0,0.3,4.0,19.726470053745476
1557,1.997,1.998,0.0009999999999998899,149,4.0,1.0,0.15,4.0,18.263534125613354
1558,1.99,1.995,0.0050000000000001155,156,4.0,1.0,0.3,4.0,19.726470053745476
1559,1.957,1.957,0.0,219,5.0,0.0,0.15,4.0,13.96674912522228
1560,1.974,1.978,0.0040000000000000036,156,4.0,1.0,0.3,4.0,19.726470053745476
1561,1.927,1.931,0.0040000000000000036,156,4.0,1.0,0.3,4.0,19.726470053745476
1562,2.0389999999999997,2.043,0.004000000000000448,156,4.0,1.0,0.3,4.0,19.726470053745476
1563,1.936,1.936,0.0,219,5.0,0.0,0.15,4.0,13.96674912522228
1564,1.969,1.974,0.004999999999999893,254,5.0,1.0,0.15,4.0,22.81177341528723
1565,1.95,1.951,0.001000000000000112,219,5.0,0.0,0.15,4.0,13.96674912522228
1566,2.032,2.036,0.0040000000000000036,156,4.0,1.0,0.3,4.0,19.726470053745476
1567,1.985,1.991,0.006000000000000005,65,3.0,1.0,0.6,4.0,19.170243812504182
1568,1.977,1.977,0.0,219,5.0,0.0,0.15,4.0,13.96674912522228
1569,1.8820000000000001,1.883,0.0009999999999998899,219,5.0,0.0,0.15,4.0,13.96674912522228
1570,2.074,2.0949999999999998,0.020999999999999908,100,3.0,2.0,0.6,4.0,45.80420869779847
1571,2.002,2.0060000000000002,0.004000000000000448,156,4.0,1.0,0.3,4.0,19.726470053745476
1572,1.8760000000000001,1.881,0.004999999999999893,254,5.0,1.0,0.15,4.0,22.81177341528723
1573,2.0620000000000003,2.0620000000000003,0.0,219,5.0,0.0,0.15,4.0,13.96674912522228
1574,1.875,1.875,0.0,219,5.0,0.0,0.15,4.0,13.96674912522228
1575,1.912,1.916,0.0040000000000000036,156,4.0,1.0,0.3,4.0,19.726470053745476
1576,2.081,2.085,0.0040000000000000036,156,4.0,1.0,0.3,4.0,19.726470053745476
1577,1.972,1.972,0.0,121,4.0,0.0,0.3,4.0,12.452110192925703
1578,2.027,2.032,0.004999999999999893,254,5.0,1.0,0.15,4.0,22.81177341528723
1579,2.0860000000000003,2.09,0.0039999999999995595,156,4.0,1.0,0.3,4.0,19.726470053745476
1580,1.954,1.959,0.0050000000000001155,156,4.0,1.0,0.3,4.0,19.726470053745476
1581,1.877,1.8820000000000001,0.0050000000000001155,254,5.0,1.0,0.15,4.0,22.81177341528723
1582,2.112,2.117,0.004999999999999893,156,4.0,1.0,0.3,4.0,19.726470053745476
1583,2.116,2.117,0.0009999999999998899,219,5.0,0.0,0.15,4.0,13.96674912522228
1584,1.977,1.981,0.0040000000000000036,156,4.0,1.0,0.3,4.0,19.726470053745476
1585,1.92,1.921,0.001000000000000112,219,5.0,0.0,0.15,4.0,13.96674912522228
1586,2.0250000000000004,2.0300000000000002,0.004999999999999893,156,4.0,1.0,0.3,4.0,19.726470053745476
1587,1.907,1.911,0.0040000000000000036,86,3.0,2.0,0.3,4.0,32.24266343324787
1588,1.98,1.985,0.0050000000000001155,156,4.0,1.0,0.3,4.0,19.726470053745476
1589,1.873,1.879,0.006000000000000005,254,5.0,1.0,0.15,4.0,22.81177341528723
1590,2.1260000000000003,2.136,0.009999999999999787,93,3.0,2.0,0.45,4.0,36.57367588777287
1591,1.975,1.979,0.0040000000000000036,156,4.0,1.0,0.3,4.0,19.726470053745476
1592,1.8960000000000001,1.901,0.004999999999999893,254,5.0,1.0,0.15,4.0,22.81177341528723
1593,2.034,2.0389999999999997,0.004999999999999893,156,4.0,1.0,0.3,4.0,19.726470053745476
1594,1.8840000000000001,1.891,0.006999999999999895,65,3.0,1.0,0.6,4.0,19.170243812504182
1595,1.925,1.93,0.004999999999999893,254,5.0,1.0,0.15,4.0,22.81177341528723
1596,1.925,1.929,0.0040000000000000036,156,4.0,1.0,0.3,4.0,19.726470053745476
1597,1.979,1.98,0.0009999999999998899,219,5.0,0.0,0.15,4.0,13.96674912522228
1598,1.99,1.995,0.0050000000000001155,254,5.0,1.0,0.15,4.0,22.81177341528723
1599,1.96,1.964,0.0040000000000000036,156,4.0,1.0,0.3,4.0,19.726470053745476
1600,2.0869999999999997,2.091,0.004000000000000448,156,4.0,1.0,0.3,4.0,19.726470053745476
1601,1.92,1.921,0.001000000000000112,219,5.0,0.0,0.15,4.0,13.96674912522228
1602,1.975,1.98,0.004999999999999893,254,5.0,1.0,0.15,4.0,22.81177341528723
1603,2.117,2.122,0.004999999999999893,156,4.0,1.0,0.3,4.0,19.726470053745476
1604,1.951,1.956,0.004999999999999893,86,3.0,2.0,0.3,4.0,32.24266343324787
1605,1.997,2.011,0.014000000000000012,191,4.0,2.0,0.3,4.0,46.283348573725405
1606,1.935,1.938,0.0029999999999998916,226,5.0,0.0,0.3,4.0,14.468913019092193
1607,2.0010000000000003,2.002,0.0009999999999994458,219,5.0,0.0,0.15,4.0,13.96674912522228
1608,2.026,2.032,0.006000000000000227,254,5.0,1.0,0.15,4.0,22.81177341528723
1609,2.186,2.19,0.0040000000000000036,156,4.0,1.0,0.3,4.0,19.726470053745476
1610,1.999,2.0,0.0009999999999998899,219,5.0,0.0,0.15,4.0,13.96674912522228
1611,1.933,1.938,0.004999999999999893,254,5.0,1.0,0.15,4.0,22.81177341528723
1612,1.935,1.94,0.004999999999999893,86,3.0,2.0,0.3,4.0,32.24266343324787
1613,1.965,1.97,0.004999999999999893,254,5.0,1.0,0.15,4.0,22.81177341528723
1614,2.0330000000000004,2.0380000000000003,0.004999999999999893,86,3.0,2.0,0.3,4.0,32.24266343324787
1615,1.98,1.981,0.001000000000000112,219,5.0,0.0,0.15,4.0,13.96674912522228
1616,1.8980000000000001,1.9020000000000001,0.0040000000000000036,156,4.0,1.0,0.3,4.0,19.726470053745476
1617,1.938,1.941,0.0030000000000001137,226,5.0,0.0,0.3,4.0,14.468913019092193
1618,2.007,2.013,0.005999999999999783,254,5.0,1.0,0.15,4.0,22.81177341528723
1619,2.04,2.044,0.0040000000000000036,156,4.0,1.0,0.3,4.0,19.726470053745476
1620,2.075,2.08,0.004999999999999893,156,4.0,1.0,0.3,4.0,19.726470053745476
1621,1.94,1.946,0.006000000000000005,254,5.0,1.0,0.15,4.0,22.81177341528723
1622,1.871,1.873,0.0020000000000000018,149,4.0,1.0,0.15,4.0,18.263534125613354
1623,1.994,2.0,0.006000000000000005,254,5.0,1.0,0.15,4.0,22.81177341528723
1624,2.0090000000000003,2.013,0.0039999999999995595,86,3.0,2.0,0.3,4.0,32.24266343324787
1625,2.027,2.042,0.01499999999999968,191,4.0,2.0,0.3,4.0,46.283348573725405
1626,1.955,1.959,0.0040000000000000036,156,4.0,1.0,0.3,4.0,19.726470053745476
1627,2.092,2.0940000000000003,0.002000000000000224,226,5.0,0.0,0.3,4.0,14.468913019092193
1628,2.042,2.043,0.001000000000000334,219,5.0,0.0,0.15,4.0,13.96674912522228
1629,1.92,1.92,0.0,219,5.0,0.0,0.15,4.0,13.96674912522228
1630,1.973,1.978,0.004999999999999893,156,4.0,1.0,0.3,4.0,19.726470053745476
1631,1.916,1.92,0.0040000000000000036,156,4.0,1.0,0.3,4.0,19.726470053745476
1632,2.044,2.045,0.0009999999999998899,149,4.0,1.0,0.15,4.0,18.263534125613354
1633,1.996,2.0,0.0040000000000000036,156,4.0,1.0,0.3,4.0,19.726470053745476
1634,2.072,2.074,0.0019999999999997797,226,5.0,0.0,0.3,4.0,14.468913019092193
1635,1.923,1.928,0.004999999999999893,184,4.0,2.0,0.15,4.0,39.90182706802169
1636,1.958,1.958,0.0,219,5.0,0.0,0.15,4.0,13.96674912522228
1637,2.13,2.1310000000000002,0.001000000000000334,219,5.0,0.0,0.15,4.0,13.96674912522228
1638,1.955,1.955,0.0,219,5.0,0.0,0.15,4.0,13.96674912522228
1639,2.026,2.027,0.001000000000000334,219,5.0,0.0,0.15,4.0,13.96674912522228
1640,2.09,2.09,0.0,219,5.0,0.0,0.15,4.0,13.96674912522228
1641,1.925,1.93,0.004999999999999893,86,3.0,2.0,0.3,4.0,32.24266343324787
1642,1.932,1.932,0.0,219,5.0,0.0,0.15,4.0,13.96674912522228
1643,2.105,2.106,0.0009999999999998899,219,5.0,0.0,0.15,4.0,13.96674912522228
1644,1.98,1.984,0.0040000000000000036,86,3.0,2.0,0.3,4.0,32.24266343324787
1645,1.923,1.927,0.0040000000000000036,156,4.0,1.0,0.3,4.0,19.726470053745476
1646,1.95,1.955,0.0050000000000001155,156,4.0,1.0,0.3,4.0,19.726470053745476
1647,1.928,1.933,0.0050000000000001155,156,4.0,1.0,0.3,4.0,19.726470053745476
1648,1.8980000000000001,1.899,0.0009999999999998899,219,5.0,0.0,0.15,4.0,13.96674912522228
1649,2.016,2.027,0.01100000000000012,93,3.0,2.0,0.45,4.0,36.57367588777287
1650,1.877,1.877,0.0,219,5.0,0.0,0.15,4.0,13.96674912522228
1651,2.125,2.13,0.004999999999999893,156,4.0,1.0,0.3,4.0,19.726470053745476
1652,2.097,2.107,0.010000000000000231,93,3.0,2.0,0.45,4.0,36.57367588777287
1653,2.058,2.0629999999999997,0.004999999999999893,156,4.0,1.0,0.3,4.0,19.726470053745476
1654,2.072,2.077,0.004999999999999893,156,4.0,1.0,0.3,4.0,19.726470053745476
1655,1.996,2.0,0.0040000000000000036,156,4.0,1.0,0.3,4.0,19.726470053745476
1656,1.909,1.913,0.0040000000000000036,156,4.0,1.0,0.3,4.0,19.726470053745476
1657,1.873,1.8780000000000001,0.0050000000000001155,156,4.0,1.0,0.3,4.0,19.726470053745476
1658,2.026,2.031,0.0050000000000003375,156,4.0,1.0,0.3,4.0,19.726470053745476
1659,1.982,1.983,0.001000000000000112,219,5.0,0.0,0.15,4.0,13.96674912522228
1660,1.957,1.962,0.004999999999999893,156,4.0,1.0,0.3,4.0,19.726470053745476
1661,1.923,1.924,0.0009999999999998899,219,5.0,0.0,0.15,4.0,13.96674912522228
1662,2.066,2.066,0.0,219,5.0,0.0,0.15,4.0,13.96674912522228
1663,2.011,2.016,0.004999999999999893,156,4.0,1.0,0.3,4.0,19.726470053745476
1664,2.076,2.081,0.004999999999999893,184,4.0,2.0,0.15,4.0,39.90182706802169
1665,1.853,1.857,0.0040000000000000036,156,4.0,1.0,0.3,4.0,19.726470053745476
1666,1.946,1.952,0.006000000000000005,254,5.0,1.0,0.15,4.0,22.81177341528723
1667,1.979,1.979,0.0,219,5.0,0.0,0.15,4.0,13.96674912522228
1668,1.973,1.974,0.0009999999999998899,219,5.0,0.0,0.15,4.0,13.96674912522228
1669,1.914,1.925,0.01100000000000012,93,3.0,2.0,0.45,4.0,36.57367588777287
1670,1.938,1.942,0.0040000000000000036,156,4.0,1.0,0.3,4.0,19.726470053745476
1671,1.8920000000000001,1.897,0.004999999999999893,156,4.0,1.0,0.3,4.0,19.726470053745476
1672,1.969,1.969,0.0,219,5.0,0.0,0.15,4.0,13.96674912522228
1673,2.008,2.0090000000000003,0.001000000000000334,219,5.0,0.0,0.15,4.0,13.96674912522228
1674,2.023,2.032,0.008999999999999897,93,3.0,2.0,0.45,4.0,36.57367588777287
1675,1.962,1.967,0.0050000000000001155,156,4.0,1.0,0.3,4.0,19.726470053745476
1676,2.0010000000000003,2.007,0.005999999999999783,254,5.0,1.0,0.15,4.0,22.81177341528723
1677,1.987,1.992,0.004999999999999893,184,4.0,2.0,0.15,4.0,39.90182706802169
1678,2.0090000000000003,2.013,0.0039999999999995595,156,4.0,1.0,0.3,4.0,19.726470053745476
1679,1.961,1.961,0.0,283,5.0,2.0,0.0,5.0,66.4098739739585
1680,1.899,1.911,0.01200000000000001,93,3.0,2.0,0.45,4.0,36.57367588777287
1681,1.994,1.999,0.0050000000000001155,156,4.0,1.0,0.3,4.0,19.726470053745476
1682,2.041,2.0460000000000003,0.0050000000000003375,254,5.0,1.0,0.15,4.0,22.81177341528723
1683,1.861,1.861,0.0,212,5.0,0.0,0.0,4.0,13.43584400016153
1684,2.02,2.021,0.0009999999999998899,219,5.0,0.0,0.15,4.0,13.96674912522228
1685,1.992,1.993,0.001000000000000112,219,5.0,0.0,0.15,4.0,13.96674912522228
1686,1.933,1.938,0.004999999999999893,156,4.0,1.0,0.3,4.0,19.726470053745476
1687,1.988,1.993,0.0050000000000001155,156,4.0,1.0,0.3,4.0,19.726470053745476
1688,1.946,1.951,0.0050000000000001155,156,4.0,1.0,0.3,4.0,19.726470053745476
1689,1.97,1.974,0.0040000000000000036,156,4.0,1.0,0.3,4.0,19.726470053745476
1690,1.9020000000000001,1.907,0.004999999999999893,156,4.0,1.0,0.3,4.0,19.726470053745476
1691,2.024,2.035,0.01100000000000012,93,3.0,2.0,0.45,4.0,36.57367588777287
1692,1.955,1.959,0.0040000000000000036,184,4.0,2.0,0.15,4.0,39.90182706802169
1693,1.94,1.945,0.0050000000000001155,254,5.0,1.0,0.15,4.0,22.81177341528723
1694,1.937,1.942,0.004999999999999893,156,4.0,1.0,0.3,4.0,19.726470053745476
1695,1.8860000000000001,1.8900000000000001,0.0040000000000000036,156,4.0,1.0,0.3,4.0,19.726470053745476
1696,2.0540000000000003,2.059,0.004999999999999893,254,5.0,1.0,0.15,4.0,22.81177341528723
1697,1.952,1.957,0.0050000000000001155,254,5.0,1.0,0.15,4.0,22.81177341528723
1698,2.0220000000000002,2.027,0.004999999999999893,254,5.0,1.0,0.15,4.0,22.81177341528723
1699,2.04,2.04,0.0,219,5.0,0.0,0.15,4.0,13.96674912522228
1700,1.919,1.923,0.0040000000000000036,156,4.0,1.0,0.3,4.0,19.726470053745476
1701,2.089,2.091,0.002000000000000224,58,3.0,1.0,0.45,4.0,17.20520267224726
1702,1.917,1.918,0.0009999999999998899,219,5.0,0.0,0.15,4.0,13.96674912522228
1703,2.0620000000000003,2.0629999999999997,0.0009999999999994458,219,5.0,0.0,0.15,4.0,13.96674912522228
1704,1.975,1.976,0.0009999999999998899,219,5.0,0.0,0.15,4.0,13.96674912522228
1705,2.0330000000000004,2.034,0.0009999999999994458,219,5.0,0.0,0.15,4.0,13.96674912522228
1706,1.996,2.0170000000000003,0.02100000000000035,290,5.0,2.0,0.15,5.0,76.15188156842561
1707,2.051,2.051,0.0,219,5.0,0.0,0.15,4.0,13.96674912522228
1708,1.968,1.972,0.0040000000000000036,156,4.0,1.0,0.3,4.0,19.726470053745476
1709,1.993,1.993,0.0,219,5.0,0.0,0.15,4.0,13.96674912522228
1710,1.931,1.935,0.0040000000000000036,156,4.0,1.0,0.3,4.0,19.726470053745476
1711,2.0300000000000002,2.031,0.0009999999999998899,219,5.0,0.0,0.15,4.0,13.96674912522228
1712,1.978,1.979,0.001000000000000112,219,5.0,0.0,0.15,4.0,13.96674912522228
1713,1.955,1.96,0.004999999999999893,254,5.0,1.0,0.15,4.0,22.81177341528723
1714,2.045,2.05,0.004999999999999893,86,3.0,2.0,0.3,4.0,32.24266343324787
1715,1.95,1.955,0.0050000000000001155,254,5.0,1.0,0.15,4.0,22.81177341528723
1716,2.011,2.016,0.004999999999999893,156,4.0,1.0,0.3,4.0,19.726470053745476
1717,1.911,1.915,0.0040000000000000036,156,4.0,1.0,0.3,4.0,19.726470053745476
1718,2.107,2.112,0.004999999999999893,86,3.0,2.0,0.3,4.0,32.24266343324787
1719,2.04,2.045,0.004999999999999893,254,5.0,1.0,0.15,4.0,22.81177341528723
1720,1.931,1.936,0.004999999999999893,156,4.0,1.0,0.3,4.0,19.726470053745476
1721,1.856,1.862,0.006000000000000005,254,5.0,1.0,0.15,4.0,22.81177341528723
1722,1.975,1.98,0.004999999999999893,254,5.0,1.0,0.15,4.0,22.81177341528723
1723,1.937,1.938,0.0009999999999998899,219,5.0,0.0,0.15,4.0,13.96674912522228
1724,1.97,1.984,0.014000000000000012,191,4.0,2.0,0.3,4.0,46.283348573725405
1725,2.0220000000000002,2.027,0.004999999999999893,156,4.0,1.0,0.3,4.0,19.726470053745476
1726,1.8820000000000001,1.8860000000000001,0.0040000000000000036,156,4.0,1.0,0.3,4.0,19.726470053745476
1727,1.931,1.941,0.010000000000000009,93,3.0,2.0,0.45,4.0,36.57367588777287
1728,1.969,1.974,0.004999999999999893,156,4.0,1.0,0.3,4.0,19.726470053745476
1729,1.993,1.994,0.0009999999999998899,219,5.0,0.0,0.15,4.0,13.96674912522228
1730,2.042,2.0469999999999997,0.004999999999999893,86,3.0,2.0,0.3,4.0,32.24266343324787
1731,1.98,1.985,0.0050000000000001155,156,4.0,1.0,0.3,4.0,19.726470053745476
1732,2.031,2.035,0.0040000000000000036,156,4.0,1.0,0.3,4.0,19.726470053745476
1733,2.08,2.084,0.0040000000000000036,156,4.0,1.0,0.3,4.0,19.726470053745476
1734,1.924,1.929,0.0050000000000001155,156,4.0,1.0,0.3,4.0,19.726470053745476
1735,2.032,2.037,0.004999999999999893,156,4.0,1.0,0.3,4.0,19.726470053745476
1736,1.976,1.981,0.0050000000000001155,86,3.0,2.0,0.3,4.0,32.24266343324787
1737,1.986,1.99,0.0040000000000000036,156,4.0,1.0,0.3,4.0,19.726470053745476
1738,2.032,2.034,0.0019999999999997797,79,3.0,2.0,0.15,4.0,30.044253224096934
1739,1.967,1.972,0.004999999999999893,254,5.0,1.0,0.15,4.0,22.81177341528723
1740,1.929,1.933,0.0040000000000000036,156,4.0,1.0,0.3,4.0,19.726470053745476
1741,2.0460000000000003,2.05,0.0039999999999995595,156,4.0,1.0,0.3,4.0,19.726470053745476
1742,1.971,1.971,0.0,219,5.0,0.0,0.15,4.0,13.96674912522228
1743,2.044,2.045,0.0009999999999998899,219,5.0,0.0,0.15,4.0,13.96674912522228
1744,2.0860000000000003,2.09,0.0039999999999995595,156,4.0,1.0,0.3,4.0,19.726470053745476
1745,2.0170000000000003,2.0170000000000003,0.0,219,5.0,0.0,0.15,4.0,13.96674912522228
1746,2.092,2.093,0.0009999999999998899,219,5.0,0.0,0.15,4.0,13.96674912522228
1747,2.1260000000000003,2.1310000000000002,0.004999999999999893,156,4.0,1.0,0.3,4.0,19.726470053745476
1748,2.1100000000000003,2.114,0.0039999999999995595,156,4.0,1.0,0.3,4.0,19.726470053745476
1749,2.0140000000000002,2.018,0.0039999999999995595,156,4.0,1.0,0.3,4.0,19.726470053745476
1750,1.923,1.924,0.0009999999999998899,219,5.0,0.0,0.15,4.0,13.96674912522228
1751,1.944,1.946,0.0020000000000000018,58,3.0,1.0,0.45,4.0,17.20520267224726
1752,2.002,2.0060000000000002,0.004000000000000448,156,4.0,1.0,0.3,4.0,19.726470053745476
1753,1.934,1.935,0.001000000000000112,219,5.0,0.0,0.15,4.0,13.96674912522228
1754,1.927,1.932,0.004999999999999893,184,4.0,2.0,0.15,4.0,39.90182706802169
1755,2.018,2.019,0.001000000000000334,219,5.0,0.0,0.15,4.0,13.96674912522228
1756,2.013,2.015,0.002000000000000224,149,4.0,1.0,0.15,4.0,18.263534125613354
1757,1.865,1.87,0.0050000000000001155,86,3.0,2.0,0.3,4.0,32.24266343324787
1758,2.0869999999999997,2.1,0.013000000000000345,191,4.0,2.0,0.3,4.0,46.283348573725405
1759,2.018,2.019,0.001000000000000334,219,5.0,0.0,0.15,4.0,13.96674912522228
1760,2.004,2.008,0.0040000000000000036,86,3.0,2.0,0.3,4.0,32.24266343324787
1761,1.923,1.927,0.0040000000000000036,156,4.0,1.0,0.3,4.0,19.726470053745476
1762,2.016,2.021,0.004999999999999893,156,4.0,1.0,0.3,4.0,19.726470053745476
1763,1.809,1.814,0.0050000000000001155,156,4.0,1.0,0.3,4.0,19.726470053745476
1764,2.135,2.145,0.010000000000000231,93,3.0,2.0,0.45,4.0,36.57367588777287
1765,1.857,1.863,0.006000000000000005,254,5.0,1.0,0.15,4.0,22.81177341528723
1766,1.8960000000000001,1.897,0.0009999999999998899,219,5.0,0.0,0.15,4.0,13.96674912522228
1767,1.879,1.8820000000000001,0.0030000000000001137,226,5.0,0.0,0.3,4.0,14.468913019092193
1768,1.996,2.0010000000000003,0.0050000000000003375,156,4.0,1.0,0.3,4.0,19.726470053745476
1769,1.925,1.93,0.004999999999999893,86,3.0,2.0,0.3,4.0,32.24266343324787
1770,1.9020000000000001,1.907,0.004999999999999893,254,5.0,1.0,0.15,4.0,22.81177341528723
1771,2.0300000000000002,2.032,0.0019999999999997797,149,4.0,1.0,0.15,4.0,18.263534125613354
1772,2.049,2.053,0.0040000000000000036,156,4.0,1.0,0.3,4.0,19.726470053745476
1773,1.957,1.962,0.004999999999999893,156,4.0,1.0,0.3,4.0,19.726470053745476
1774,1.947,1.958,0.010999999999999899,87,3.0,2.0,0.3,5.0,40.30332929155984
1775,1.918,1.919,0.001000000000000112,219,5.0,0.0,0.15,4.0,13.96674912522228
1776,1.972,1.973,0.001000000000000112,219,5.0,0.0,0.15,4.0,13.96674912522228
1777,1.91,1.915,0.0050000000000001155,254,5.0,1.0,0.15,4.0,22.81177341528723
1778,1.955,1.959,0.0040000000000000036,156,4.0,1.0,0.3,4.0,19.726470053745476
1779,2.0140000000000002,2.02,0.005999999999999783,254,5.0,1.0,0.15,4.0,22.81177341528723
1780,1.934,1.934,0.0,219,5.0,0.0,0.15,4.0,13.96674912522228
1781,1.97,1.971,0.001000000000000112,219,5.0,0.0,0.15,4.0,13.96674912522228
1782,1.996,2.0,0.0040000000000000036,156,4.0,1.0,0.3,4.0,19.726470053745476
1783,1.993,1.997,0.0040000000000000036,156,4.0,1.0,0.3,4.0,19.726470053745476
1784,1.933,1.934,0.0009999999999998899,219,5.0,0.0,0.15,4.0,13.96674912522228
1785,1.979,1.983,0.0040000000000000036,156,4.0,1.0,0.3,4.0,19.726470053745476
1786,2.057,2.061,0.0040000000000000036,86,3.0,2.0,0.3,4.0,32.24266343324787
1787,1.8860000000000001,1.887,0.0009999999999998899,219,5.0,0.0,0.15,4.0,13.96674912522228
1788,2.0629999999999997,2.068,0.0050000000000003375,156,4.0,1.0,0.3,4.0,19.726470053745476
1789,1.972,1.973,0.001000000000000112,219,5.0,0.0,0.15,4.0,13.96674912522228
1790,1.847,1.852,0.0050000000000001155,254,5.0,1.0,0.15,4.0,22.81177341528723
1791,1.958,1.962,0.0040000000000000036,156,4.0,1.0,0.3,4.0,19.726470053745476
1792,1.925,1.93,0.004999999999999893,156,4.0,1.0,0.3,4.0,19.726470053745476
1793,1.925,1.926,0.0009999999999998899,149,4.0,1.0,0.15,4.0,18.263534125613354
1794,2.0,2.01,0.009999999999999787,93,3.0,2.0,0.45,4.0,36.57367588777287
1795,1.961,1.961,0.0,219,5.0,0.0,0.15,4.0,13.96674912522228
1796,2.034,2.04,0.006000000000000227,254,5.0,1.0,0.15,4.0,22.81177341528723
1797,1.975,1.98,0.004999999999999893,156,4.0,1.0,0.3,4.0,19.726470053745476
1798,2.0469999999999997,2.051,0.004000000000000448,156,4.0,1.0,0.3,4.0,19.726470053745476
1799,1.989,1.994,0.004999999999999893,156,4.0,1.0,0.3,4.0,19.726470053745476
1800,1.995,2.005,0.009999999999999787,93,3.0,2.0,0.45,4.0,36.57367588777287
1801,1.943,1.948,0.004999999999999893,156,4.0,1.0,0.3,4.0,19.726470053745476
1802,1.931,1.937,0.006000000000000005,254,5.0,1.0,0.15,4.0,22.81177341528723
1803,2.0469999999999997,2.048,0.001000000000000334,219,5.0,0.0,0.15,4.0,13.96674912522228
1804,2.0090000000000003,2.013,0.0039999999999995595,156,4.0,1.0,0.3,4.0,19.726470053745476
1805,1.851,1.851,0.0,178,4.0,2.0,0.0,5.0,46.43816282340671
1806,2.005,2.015,0.010000000000000231,93,3.0,2.0,0.45,4.0,36.57367588777287
1807,1.913,1.918,0.004999999999999893,254,5.0,1.0,0.15,4.0,22.81177341528723
1808,1.909,1.915,0.006000000000000005,184,4.0,2.0,0.15,4.0,39.90182706802169
1809,2.084,2.0940000000000003,0.010000000000000231,93,3.0,2.0,0.45,4.0,36.57367588777287
1810,1.961,1.967,0.006000000000000005,65,3.0,1.0,0.6,4.0,19.170243812504182
1811,1.887,1.891,0.0040000000000000036,156,4.0,1.0,0.3,4.0,19.726470053745476
1812,2.003,2.007,0.0040000000000000036,156,4.0,1.0,0.3,4.0,19.726470053745476
1813,1.989,1.993,0.0040000000000000036,156,4.0,1.0,0.3,4.0,19.726470053745476
1814,1.99,1.995,0.0050000000000001155,156,4.0,1.0,0.3,4.0,19.726470053745476
1815,2.058,2.065,0.007000000000000117,65,3.0,1.0,0.6,4.0,19.170243812504182
1816,1.959,1.959,0.0,219,5.0,0.0,0.15,4.0,13.96674912522228
1817,1.996,2.0010000000000003,0.0050000000000003375,254,5.0,1.0,0.15,4.0,22.81177341528723
1818,1.842,1.843,0.0009999999999998899,219,5.0,0.0,0.15,4.0,13.96674912522228
1819,2.072,2.072,0.0,178,4.0,2.0,0.0,5.0,46.43816282340671
1820,1.96,1.969,0.009000000000000119,93,3.0,2.0,0.45,4.0,36.57367588777287
1821,2.116,2.122,0.005999999999999783,65,3.0,1.0,0.6,4.0,19.170243812504182
1822,1.992,1.993,0.001000000000000112,219,5.0,0.0,0.15,4.0,13.96674912522228
1823,2.042,2.0469999999999997,0.004999999999999893,156,4.0,1.0,0.3,4.0,19.726470053745476
1824,2.093,2.097,0.0040000000000000036,156,4.0,1.0,0.3,4.0,19.726470053745476
1825,2.0709999999999997,2.072,0.001000000000000334,219,5.0,0.0,0.15,4.0,13.96674912522228
1826,2.0170000000000003,2.021,0.0039999999999995595,156,4.0,1.0,0.3,4.0,19.726470053745476
1827,1.947,1.951,0.0040000000000000036,156,4.0,1.0,0.3,4.0,19.726470053745476
1828,2.036,2.042,0.005999999999999783,254,5.0,1.0,0.15,4.0,22.81177341528723
1829,2.0620000000000003,2.067,0.004999999999999893,156,4.0,1.0,0.3,4.0,19.726470053745476
1830,2.0869999999999997,2.092,0.0050000000000003375,156,4.0,1.0,0.3,4.0,19.726470053745476
1831,1.872,1.8760000000000001,0.0040000000000000036,156,4.0,1.0,0.3,4.0,19.726470053745476
1832,2.154,2.159,0.004999999999999893,156,4.0,1.0,0.3,4.0,19.726470053745476
1833,1.989,1.994,0.004999999999999893,156,4.0,1.0,0.3,4.0,19.726470053745476
1834,2.024,2.028,0.0040000000000000036,156,4.0,1.0,0.3,4.0,19.726470053745476
1835,1.954,1.955,0.001000000000000112,219,5.0,0.0,0.15,4.0,13.96674912522228
1836,1.8980000000000001,1.9020000000000001,0.0040000000000000036,156,4.0,1.0,0.3,4.0,19.726470053745476
1837,2.085,2.091,0.006000000000000227,65,3.0,1.0,0.6,4.0,19.170243812504182
1838,2.004,2.005,0.0009999999999998899,219,5.0,0.0,0.15,4.0,13.96674912522228
1839,2.064,2.065,0.0009999999999998899,219,5.0,0.0,0.15,4.0,13.96674912522228
1840,1.899,1.9000000000000001,0.001000000000000112,149,4.0,1.0,0.15,4.0,18.263534125613354
1841,1.859,1.863,0.0040000000000000036,156,4.0,1.0,0.3,4.0,19.726470053745476
1842,2.01,2.02,0.010000000000000231,93,3.0,2.0,0.45,4.0,36.57367588777287
1843,2.075,2.08,0.004999999999999893,156,4.0,1.0,0.3,4.0,19.726470053745476
1844,2.0789999999999997,2.084,0.0050000000000003375,156,4.0,1.0,0.3,4.0,19.726470053745476
1845,1.982,1.988,0.006000000000000005,254,5.0,1.0,0.15,4.0,22.81177341528723
1846,2.032,2.036,0.0040000000000000036,156,4.0,1.0,0.3,4.0,19.726470053745476
1847,2.0,2.0010000000000003,0.001000000000000334,219,5.0,0.0,0.15,4.0,13.96674912522228
1848,2.057,2.0620000000000003,0.0050000000000003375,156,4.0,1.0,0.3,4.0,19.726470053745476
1849,1.984,1.986,0.0020000000000000018,58,3.0,1.0,0.45,4.0,17.20520267224726
1850,1.865,1.869,0.0040000000000000036,156,4.0,1.0,0.3,4.0,19.726470053745476
1851,1.8900000000000001,1.895,0.004999999999999893,156,4.0,1.0,0.3,4.0,19.726470053745476
1852,1.829,1.833,0.0040000000000000036,156,4.0,1.0,0.3,4.0,19.726470053745476
1853,2.011,2.013,0.0019999999999997797,58,3.0,1.0,0.45,4.0,17.20520267224726
1854,2.136,2.14,0.0040000000000000036,156,4.0,1.0,0.3,4.0,19.726470053745476
1855,1.872,1.893,0.020999999999999908,100,3.0,2.0,0.6,4.0,45.80420869779847
1856,2.019,2.023,0.0040000000000000036,156,4.0,1.0,0.3,4.0,19.726470053745476
1857,2.018,2.018,0.0,219,5.0,0.0,0.15,4.0,13.96674912522228
1858,2.0540000000000003,2.059,0.004999999999999893,86,3.0,2.0,0.3,4.0,32.24266343324787
1859,2.043,2.044,0.0009999999999998899,219,5.0,0.0,0.15,4.0,13.96674912522228
1860,1.944,1.945,0.001000000000000112,219,5.0,0.0,0.15,4.0,13.96674912522228
1861,1.966,1.967,0.001000000000000112,219,5.0,0.0,0.15,4.0,13.96674912522228
1862,1.991,1.996,0.004999999999999893,156,4.0,1.0,0.3,4.0,19.726470053745476
1863,2.0620000000000003,2.066,0.0039999999999995595,156,4.0,1.0,0.3,4.0,19.726470053745476
1864,2.005,2.01,0.004999999999999893,254,5.0,1.0,0.15,4.0,22.81177341528723
1865,2.004,2.0090000000000003,0.0050000000000003375,254,5.0,1.0,0.15,4.0,22.81177341528723
1866,1.975,1.985,0.010000000000000009,93,3.0,2.0,0.45,4.0,36.57367588777287
1867,2.0250000000000004,2.0300000000000002,0.004999999999999893,156,4.0,1.0,0.3,4.0,19.726470053745476
1868,1.958,1.962,0.0040000000000000036,156,4.0,1.0,0.3,4.0,19.726470053745476
1869,2.013,2.018,0.004999999999999893,254,5.0,1.0,0.15,4.0,22.81177341528723
1870,1.989,1.994,0.004999999999999893,254,5.0,1.0,0.15,4.0,22.81177341528723
1871,1.971,1.977,0.006000000000000005,254,5.0,1.0,0.15,4.0,22.81177341528723
1872,1.885,1.8860000000000001,0.001000000000000112,149,4.0,1.0,0.15,4.0,18.263534125613354
1873,2.0629999999999997,2.068,0.0050000000000003375,254,5.0,1.0,0.15,4.0,22.81177341528723
1874,2.004,2.0090000000000003,0.0050000000000003375,156,4.0,1.0,0.3,4.0,19.726470053745476
1875,2.02,2.0250000000000004,0.0050000000000003375,156,4.0,1.0,0.3,4.0,19.726470053745476
1876,1.959,1.969,0.010000000000000009,93,3.0,2.0,0.45,4.0,36.57367588777287
1877,2.015,2.016,0.0009999999999998899,219,5.0,0.0,0.15,4.0,13.96674912522228
1878,1.95,1.955,0.0050000000000001155,156,4.0,1.0,0.3,4.0,19.726470053745476
1879,1.996,2.0010000000000003,0.0050000000000003375,254,5.0,1.0,0.15,4.0,22.81177341528723
1880,2.12,2.1260000000000003,0.006000000000000227,254,5.0,1.0,0.15,4.0,22.81177341528723
1881,2.059,2.064,0.004999999999999893,86,3.0,2.0,0.3,4.0,32.24266343324787
1882,1.921,1.921,0.0,219,5.0,0.0,0.15,4.0,13.96674912522228
1883,1.933,1.934,0.0009999999999998899,219,5.0,0.0,0.15,4.0,13.96674912522228
1884,2.008,2.013,0.004999999999999893,156,4.0,1.0,0.3,4.0,19.726470053745476
1885,2.0,2.004,0.0040000000000000036,156,4.0,1.0,0.3,4.0,19.726470053745476
1886,2.1180000000000003,2.127,0.008999999999999453,93,3.0,2.0,0.45,4.0,36.57367588777287
1887,2.1020000000000003,2.107,0.004999999999999893,156,4.0,1.0,0.3,4.0,19.726470053745476
1888,1.999,2.003,0.0040000000000000036,156,4.0,1.0,0.3,4.0,19.726470053745476
1889,1.984,1.99,0.006000000000000005,254,5.0,1.0,0.15,4.0,22.81177341528723
1890,1.984,1.989,0.0050000000000001155,156,4.0,1.0,0.3,4.0,19.726470053745476
1891,1.952,1.957,0.0050000000000001155,254,5.0,1.0,0.15,4.0,22.81177341528723
1892,1.985,1.986,0.0009999999999998899,219,5.0,0.0,0.15,4.0,13.96674912522228
1893,1.988,1.99,0.0020000000000000018,149,4.0,1.0,0.15,4.0,18.263534125613354
1894,1.974,1.979,0.0050000000000001155,156,4.0,1.0,0.3,4.0,19.726470053745476
1895,1.889,1.893,0.0040000000000000036,156,4.0,1.0,0.3,4.0,19.726470053745476
1896,1.95,1.954,0.0040000000000000036,156,4.0,1.0,0.3,4.0,19.726470053745476
1897,1.927,1.931,0.0040000000000000036,156,4.0,1.0,0.3,4.0,19.726470053745476
1898,1.851,1.86,0.009000000000000119,93,3.0,2.0,0.45,4.0,36.57367588777287
1899,2.01,2.011,0.001000000000000334,219,5.0,0.0,0.15,4.0,13.96674912522228
1900,1.968,1.973,0.0050000000000001155,156,4.0,1.0,0.3,4.0,19.726470053745476
1901,2.0090000000000003,2.0300000000000002,0.020999999999999908,290,5.0,2.0,0.15,5.0,76.15188156842561
1902,2.043,2.044,0.0009999999999998899,219,5.0,0.0,0.15,4.0,13.96674912522228
1903,1.94,1.945,0.0050000000000001155,254,5.0,1.0,0.15,4.0,22.81177341528723
1904,1.951,1.955,0.0040000000000000036,156,4.0,1.0,0.3,4.0,19.726470053745476
1905,1.967,1.968,0.0009999999999998899,219,5.0,0.0,0.15,4.0,13.96674912522228
1906,1.933,1.943,0.010000000000000009,93,3.0,2.0,0.45,4.0,36.57367588777287
1907,1.959,1.964,0.004999999999999893,156,4.0,1.0,0.3,4.0,19.726470053745476
1908,1.982,1.983,0.001000000000000112,219,5.0,0.0,0.15,4.0,13.96674912522228
1909,1.997,2.0010000000000003,0.004000000000000226,156,4.0,1.0,0.3,4.0,19.726470053745476
1910,1.929,1.934,0.004999999999999893,156,4.0,1.0,0.3,4.0,19.726470053745476
1911,1.922,1.923,0.001000000000000112,219,5.0,0.0,0.15,4.0,13.96674912522228
1912,1.957,1.958,0.0009999999999998899,149,4.0,1.0,0.15,4.0,18.263534125613354
1913,1.945,1.95,0.004999999999999893,156,4.0,1.0,0.3,4.0,19.726470053745476
1914,1.957,1.966,0.008999999999999897,93,3.0,2.0,0.45,4.0,36.57367588777287
1915,1.941,1.946,0.004999999999999893,86,3.0,2.0,0.3,4.0,32.24266343324787
1916,2.02,2.024,0.0040000000000000036,156,4.0,1.0,0.3,4.0,19.726470053745476
1917,2.0060000000000002,2.01,0.0039999999999995595,156,4.0,1.0,0.3,4.0,19.726470053745476
1918,2.0330000000000004,2.0380000000000003,0.004999999999999893,184,4.0,2.0,0.15,4.0,39.90182706802169
1919,2.0250000000000004,2.0300000000000002,0.004999999999999893,254,5.0,1.0,0.15,4.0,22.81177341528723
1920,1.966,1.971,0.0050000000000001155,156,4.0,1.0,0.3,4.0,19.726470053745476
1921,1.8840000000000001,1.885,0.0009999999999998899,219,5.0,0.0,0.15,4.0,13.96674912522228
1922,1.991,1.992,0.0009999999999998899,219,5.0,0.0,0.15,4.0,13.96674912522228
1923,1.927,1.928,0.0009999999999998899,219,5.0,0.0,0.15,4.0,13.96674912522228
1924,2.052,2.053,0.0009999999999998899,219,5.0,0.0,0.15,4.0,13.96674912522228
1925,2.018,2.023,0.0050000000000003375,254,5.0,1.0,0.15,4.0,22.81177341528723
1926,2.0250000000000004,2.0300000000000002,0.004999999999999893,156,4.0,1.0,0.3,4.0,19.726470053745476
1927,1.974,1.978,0.0040000000000000036,156,4.0,1.0,0.3,4.0,19.726470053745476
1928,2.032,2.0330000000000004,0.001000000000000334,219,5.0,0.0,0.15,4.0,13.96674912522228
1929,1.938,1.943,0.0050000000000001155,156,4.0,1.0,0.3,4.0,19.726470053745476
1930,1.94,1.945,0.0050000000000001155,254,5.0,1.0,0.15,4.0,22.81177341528723
1931,2.067,2.068,0.0009999999999998899,219,5.0,0.0,0.15,4.0,13.96674912522228
1932,1.91,1.915,0.0050000000000001155,184,4.0,2.0,0.15,4.0,39.90182706802169
1933,1.956,1.961,0.0050000000000001155,156,4.0,1.0,0.3,4.0,19.726470053745476
1934,2.012,2.0170000000000003,0.0050000000000003375,156,4.0,1.0,0.3,4.0,19.726470053745476
1935,2.084,2.101,0.016999999999999904,261,5.0,1.0,0.3,4.0,25.260631670972717
1936,2.096,2.097,0.0009999999999998899,149,4.0,1.0,0.15,4.0,18.263534125613354
1937,2.018,2.0220000000000002,0.004000000000000448,156,4.0,1.0,0.3,4.0,19.726470053745476
1938,2.008,2.012,0.0040000000000000036,156,4.0,1.0,0.3,4.0,19.726470053745476
1939,2.073,2.0780000000000003,0.0050000000000003375,156,4.0,1.0,0.3,4.0,19.726470053745476
1940,1.938,1.942,0.0040000000000000036,156,4.0,1.0,0.3,4.0,19.726470053745476
1941,1.985,1.986,0.0009999999999998899,219,5.0,0.0,0.15,4.0,13.96674912522228
1942,2.092,2.093,0.0009999999999998899,219,5.0,0.0,0.15,4.0,13.96674912522228
1943,2.018,2.0220000000000002,0.004000000000000448,156,4.0,1.0,0.3,4.0,19.726470053745476
1944,2.016,2.021,0.004999999999999893,156,4.0,1.0,0.3,4.0,19.726470053745476
1945,1.948,1.952,0.0040000000000000036,86,3.0,2.0,0.3,4.0,32.24266343324787
1946,1.927,1.932,0.004999999999999893,86,3.0,2.0,0.3,4.0,32.24266343324787
1947,2.105,2.109,0.0040000000000000036,156,4.0,1.0,0.3,4.0,19.726470053745476
1948,1.999,2.004,0.004999999999999893,254,5.0,1.0,0.15,4.0,22.81177341528723
1949,1.973,1.974,0.0009999999999998899,149,4.0,1.0,0.15,4.0,18.263534125613354
1950,1.9040000000000001,1.908,0.0039999999999997815,156,4.0,1.0,0.3,4.0,19.726470053745476
1951,1.998,2.0010000000000003,0.0030000000000003357,226,5.0,0.0,0.3,4.0,14.468913019092193
1952,1.874,1.8780000000000001,0.0040000000000000036,156,4.0,1.0,0.3,4.0,19.726470053745476
1953,1.856,1.871,0.014999999999999902,261,5.0,1.0,0.3,4.0,25.260631670972717
1954,1.928,1.933,0.0050000000000001155,254,5.0,1.0,0.15,4.0,22.81177341528723
1955,1.936,1.936,0.0,219,5.0,0.0,0.15,4.0,13.96674912522228
1956,1.977,1.981,0.0040000000000000036,156,4.0,1.0,0.3,4.0,19.726470053745476
1957,1.95,1.954,0.0040000000000000036,156,4.0,1.0,0.3,4.0,19.726470053745476
1958,2.02,2.0250000000000004,0.0050000000000003375,156,4.0,1.0,0.3,4.0,19.726470053745476
1959,1.984,1.989,0.0050000000000001155,254,5.0,1.0,0.15,4.0,22.81177341528723
1960,1.933,1.938,0.004999999999999893,86,3.0,2.0,0.3,4.0,32.24266343324787
1961,2.011,2.013,0.0019999999999997797,149,4.0,1.0,0.15,4.0,18.263534125613354
1962,1.869,1.874,0.0050000000000001155,156,4.0,1.0,0.3,4.0,19.726470053745476
1963,2.045,2.045,0.0,219,5.0,0.0,0.15,4.0,13.96674912522228
1964,2.0,2.002,0.0019999999999997797,79,3.0,2.0,0.15,4.0,30.044253224096934
1965,1.924,1.928,0.0040000000000000036,156,4.0,1.0,0.3,4.0,19.726470053745476
1966,2.083,2.084,0.0009999999999998899,219,5.0,0.0,0.15,4.0,13.96674912522228
1967,2.05,2.0549999999999997,0.004999999999999893,254,5.0,1.0,0.15,4.0,22.81177341528723
1968,2.085,2.085,0.0,219,5.0,0.0,0.15,4.0,13.96674912522228
1969,1.979,1.984,0.004999999999999893,156,4.0,1.0,0.3,4.0,19.726470053745476
1970,1.957,1.962,0.004999999999999893,86,3.0,2.0,0.3,4.0,32.24266343324787
1971,1.975,1.976,0.0009999999999998899,219,5.0,0.0,0.15,4.0,13.96674912522228
1972,1.946,1.951,0.0050000000000001155,156,4.0,1.0,0.3,4.0,19.726470053745476
1973,1.987,2.007,0.020000000000000018,100,3.0,2.0,0.6,4.0,45.80420869779847
1974,1.941,1.946,0.004999999999999893,156,4.0,1.0,0.3,4.0,19.726470053745476
1975,1.95,1.955,0.0050000000000001155,254,5.0,1.0,0.15,4.0,22.81177341528723
1976,1.911,1.916,0.004999999999999893,156,4.0,1.0,0.3,4.0,19.726470053745476
1977,1.914,1.924,0.010000000000000009,93,3.0,2.0,0.45,4.0,36.57367588777287
1978,1.862,1.867,0.004999999999999893,156,4.0,1.0,0.3,4.0,19.726470053745476
1979,2.088,2.09,0.0019999999999997797,149,4.0,1.0,0.15,4.0,18.263534125613354
1980,2.0389999999999997,2.044,0.0050000000000003375,156,4.0,1.0,0.3,4.0,19.726470053745476
1981,1.952,1.957,0.0050000000000001155,254,5.0,1.0,0.15,4.0,22.81177341528723
1982,2.01,2.015,0.0050000000000003375,254,5.0,1.0,0.15,4.0,22.81177341528723
1983,2.021,2.0220000000000002,0.001000000000000334,219,5.0,0.0,0.15,4.0,13.96674912522228
1984,1.8920000000000001,1.893,0.0009999999999998899,219,5.0,0.0,0.15,4.0,13.96674912522228
1985,2.011,2.013,0.0019999999999997797,58,3.0,1.0,0.45,4.0,17.20520267224726
1986,2.026,2.036,0.010000000000000231,93,3.0,2.0,0.45,4.0,36.57367588777287
1987,1.932,1.932,0.0,219,5.0,0.0,0.15,4.0,13.96674912522228
1988,1.988,1.989,0.001000000000000112,219,5.0,0.0,0.15,4.0,13.96674912522228
1989,1.999,2.004,0.004999999999999893,156,4.0,1.0,0.3,4.0,19.726470053745476
1990,1.95,1.955,0.0050000000000001155,156,4.0,1.0,0.3,4.0,19.726470053745476
1991,1.957,1.962,0.004999999999999893,86,3.0,2.0,0.3,4.0,32.24266343324787
1992,1.901,1.9060000000000001,0.0050000000000001155,254,5.0,1.0,0.15,4.0,22.81177341528723
1993,2.0,2.0010000000000003,0.001000000000000334,219,5.0,0.0,0.15,4.0,13.96674912522228
1994,2.06,2.065,0.004999999999999893,86,3.0,2.0,0.3,4.0,32.24266343324787
1995,2.003,2.0090000000000003,0.006000000000000227,254,5.0,1.0,0.15,4.0,22.81177341528723
1996,2.0549999999999997,2.057,0.002000000000000224,58,3.0,1.0,0.45,4.0,17.20520267224726
1997,1.966,1.97,0.0040000000000000036,156,4.0,1.0,0.3,4.0,19.726470053745476
1998,1.867,1.877,0.010000000000000009,93,3.0,2.0,0.45,4.0,36.57367588777287
1999,1.915,1.926,0.010999999999999899,93,3.0,2.0,0.45,4.0,36.57367588777287
2000,1.966,1.987,0.02100000000000013,100,3.0,2.0,0.6,4.0,45.80420869779847
2001,1.8980000000000001,1.899,0.0009999999999998899,219,5.0,0.0,0.15,4.0,13.96674912522228
2002,1.862,1.867,0.004999999999999893,156,4.0,1.0,0.3,4.0,19.726470053745476
2003,1.936,1.938,0.0020000000000000018,58,3.0,1.0,0.45,4.0,17.20520267224726
2004,2.053,2.0549999999999997,0.0019999999999997797,149,4.0,1.0,0.15,4.0,18.263534125613354
2005,1.931,1.936,0.004999999999999893,156,4.0,1.0,0.3,4.0,19.726470053745476
2006,2.061,2.0709999999999997,0.009999999999999787,93,3.0,2.0,0.45,4.0,36.57367588777287
2007,2.018,2.023,0.0050000000000003375,156,4.0,1.0,0.3,4.0,19.726470053745476
2008,1.922,1.922,0.0,219,5.0,0.0,0.15,4.0,13.96674912522228
2009,1.899,1.9000000000000001,0.001000000000000112,219,5.0,0.0,0.15,4.0,13.96674912522228
2010,1.925,1.926,0.0009999999999998899,219,5.0,0.0,0.15,4.0,13.96674912522228
2011,1.965,1.97,0.004999999999999893,86,3.0,2.0,0.3,4.0,32.24266343324787
2012,2.052,2.056,0.0040000000000000036,156,4.0,1.0,0.3,4.0,19.726470053745476
2013,1.938,1.939,0.001000000000000112,219,5.0,0.0,0.15,4.0,13.96674912522228
2014,1.974,1.976,0.0020000000000000018,58,3.0,1.0,0.45,4.0,17.20520267224726
2015,1.971,1.972,0.0009999999999998899,149,4.0,1.0,0.15,4.0,18.263534125613354
2016,2.021,2.027,0.006000000000000227,254,5.0,1.0,0.15,4.0,22.81177341528723
2017,1.935,1.936,0.0009999999999998899,219,5.0,0.0,0.15,4.0,13.96674912522228
2018,1.963,1.968,0.004999999999999893,86,3.0,2.0,0.3,4.0,32.24266343324787
2019,2.0170000000000003,2.0220000000000002,0.004999999999999893,254,5.0,1.0,0.15,4.0,22.81177341528723
2020,2.028,2.0330000000000004,0.0050000000000003375,156,4.0,1.0,0.3,4.0,19.726470053745476
2021,1.935,1.936,0.0009999999999998899,219,5.0,0.0,0.15,4.0,13.96674912522228
2022,1.971,1.975,0.0040000000000000036,156,4.0,1.0,0.3,4.0,19.726470053745476
2023,1.879,1.8840000000000001,0.0050000000000001155,86,3.0,2.0,0.3,4.0,32.24266343324787
2024,2.045,2.049,0.0040000000000000036,156,4.0,1.0,0.3,4.0,19.726470053745476
2025,2.012,2.0170000000000003,0.0050000000000003375,156,4.0,1.0,0.3,4.0,19.726470053745476
2026,2.072,2.072,0.0,121,4.0,0.0,0.3,4.0,12.452110192925703
2027,1.92,1.925,0.0050000000000001155,156,4.0,1.0,0.3,4.0,19.726470053745476
2028,2.0300000000000002,2.035,0.004999999999999893,156,4.0,1.0,0.3,4.0,19.726470053745476
2029,2.056,2.059,0.0030000000000001137,58,3.0,1.0,0.45,4.0,17.20520267224726
2030,2.1340000000000003,2.1390000000000002,0.004999999999999893,184,4.0,2.0,0.15,4.0,39.90182706802169
2031,2.0380000000000003,2.042,0.0039999999999995595,156,4.0,1.0,0.3,4.0,19.726470053745476
2032,1.998,2.003,0.0050000000000001155,254,5.0,1.0,0.15,4.0,22.81177341528723
2033,2.034,2.04,0.006000000000000227,254,5.0,1.0,0.15,4.0,22.81177341528723
2034,2.081,2.082,0.0009999999999998899,219,5.0,0.0,0.15,4.0,13.96674912522228
2035,2.1310000000000002,2.1310000000000002,0.0,219,5.0,0.0,0.15,4.0,13.96674912522228
2036,1.954,1.959,0.0050000000000001155,156,4.0,1.0,0.3,4.0,19.726470053745476
2037,1.982,1.987,0.0050000000000001155,156,4.0,1.0,0.3,4.0,19.726470053745476
2038,1.872,1.8760000000000001,0.0040000000000000036,156,4.0,1.0,0.3,4.0,19.726470053745476
2039,1.901,1.903,0.0020000000000000018,58,3.0,1.0,0.45,4.0,17.20520267224726
2040,2.028,2.0330000000000004,0.0050000000000003375,86,3.0,2.0,0.3,4.0,32.24266343324787
2041,2.0220000000000002,2.024,0.0019999999999997797,149,4.0,1.0,0.15,4.0,18.263534125613354
2042,1.962,1.973,0.01100000000000012,93,3.0,2.0,0.45,4.0,36.57367588777287
2043,2.0869999999999997,2.097,0.010000000000000231,93,3.0,2.0,0.45,4.0,36.57367588777287
2044,1.8860000000000001,1.891,0.004999999999999893,254,5.0,1.0,0.15,4.0,22.81177341528723
2045,1.963,1.973,0.010000000000000009,93,3.0,2.0,0.45,4.0,36.57367588777287
2046,1.974,1.98,0.006000000000000005,184,4.0,2.0,0.15,4.0,39.90182706802169
2047,1.973,1.978,0.004999999999999893,156,4.0,1.0,0.3,4.0,19.726470053745476
2048,2.052,2.068,0.016000000000000014,261,5.0,1.0,0.3,4.0,25.260631670972717
2049,1.932,1.933,0.001000000000000112,149,4.0,1.0,0.15,4.0,18.263534125613354
2050,1.979,1.981,0.0020000000000000018,58,3.0,1.0,0.45,4.0,17.20520267224726
2051,1.998,1.999,0.001000000000000112,219,5.0,0.0,0.15,4.0,13.96674912522228
2052,1.963,1.965,0.0020000000000000018,149,4.0,1.0,0.15,4.0,18.263534125613354
2053,1.96,1.964,0.0040000000000000036,156,4.0,1.0,0.3,4.0,19.726470053745476
2054,1.958,1.968,0.010000000000000009,93,3.0,2.0,0.45,4.0,36.57367588777287
2055,1.916,1.92,0.0040000000000000036,156,4.0,1.0,0.3,4.0,19.726470053745476
2056,1.973,1.977,0.0040000000000000036,156,4.0,1.0,0.3,4.0,19.726470053745476
2057,1.889,1.899,0.010000000000000009,93,3.0,2.0,0.45,4.0,36.57367588777287
2058,2.067,2.068,0.0009999999999998899,149,4.0,1.0,0.15,4.0,18.263534125613354
2059,2.021,2.0220000000000002,0.001000000000000334,219,5.0,0.0,0.15,4.0,13.96674912522228
2060,1.973,1.983,0.010000000000000009,93,3.0,2.0,0.45,4.0,36.57367588777287
2061,2.021,2.042,0.020999999999999908,290,5.0,2.0,0.15,5.0,76.15188156842561
2062,2.02,2.024,0.0040000000000000036,156,4.0,1.0,0.3,4.0,19.726470053745476
2063,1.964,1.965,0.001000000000000112,219,5.0,0.0,0.15,4.0,13.96674912522228
2064,1.997,2.007,0.010000000000000009,93,3.0,2.0,0.45,4.0,36.57367588777287
2065,1.871,1.8760000000000001,0.0050000000000001155,156,4.0,1.0,0.3,4.0,19.726470053745476
2066,1.986,1.991,0.0050000000000001155,156,4.0,1.0,0.3,4.0,19.726470053745476
2067,2.041,2.044,0.0030000000000001137,58,3.0,1.0,0.45,4.0,17.20520267224726
2068,2.003,2.003,0.0,121,4.0,0.0,0.3,4.0,12.452110192925703
2069,2.059,2.061,0.0019999999999997797,149,4.0,1.0,0.15,4.0,18.263534125613354
2070,2.002,2.007,0.0050000000000003375,156,4.0,1.0,0.3,4.0,19.726470053745476
2071,2.0010000000000003,2.002,0.0009999999999994458,219,5.0,0.0,0.15,4.0,13.96674912522228
2072,2.0380000000000003,2.043,0.004999999999999893,156,4.0,1.0,0.3,4.0,19.726470053745476
2073,1.977,1.977,0.0,219,5.0,0.0,0.15,4.0,13.96674912522228
2074,2.0469999999999997,2.052,0.0050000000000003375,86,3.0,2.0,0.3,4.0,32.24266343324787
2075,1.967,1.972,0.004999999999999893,86,3.0,2.0,0.3,4.0,32.24266343324787
2076,1.972,1.974,0.0020000000000000018,149,4.0,1.0,0.15,4.0,18.263534125613354
2077,2.061,2.066,0.004999999999999893,254,5.0,1.0,0.15,4.0,22.81177341528723
2078,1.979,1.979,0.0,219,5.0,0.0,0.15,4.0,13.96674912522228
2079,1.968,1.973,0.0050000000000001155,156,4.0,1.0,0.3,4.0,19.726470053745476
2080,1.961,1.965,0.0040000000000000036,156,4.0,1.0,0.3,4.0,19.726470053745476
2081,1.952,1.975,0.02300000000000013,100,3.0,2.0,0.6,4.0,45.80420869779847
2082,1.982,1.987,0.0050000000000001155,156,4.0,1.0,0.3,4.0,19.726470053745476
2083,2.057,2.067,0.010000000000000231,93,3.0,2.0,0.45,4.0,36.57367588777287
2084,2.099,2.099,0.0,219,5.0,0.0,0.15,4.0,13.96674912522228
2085,1.98,1.981,0.001000000000000112,219,5.0,0.0,0.15,4.0,13.96674912522228
2086,2.0620000000000003,2.0629999999999997,0.0009999999999994458,219,5.0,0.0,0.15,4.0,13.96674912522228
2087,2.0140000000000002,2.015,0.0009999999999998899,219,5.0,0.0,0.15,4.0,13.96674912522228
2088,2.0780000000000003,2.08,0.0019999999999997797,226,5.0,0.0,0.3,4.0,14.468913019092193
2089,1.957,1.962,0.004999999999999893,254,5.0,1.0,0.15,4.0,22.81177341528723
2090,1.949,1.951,0.0020000000000000018,149,4.0,1.0,0.15,4.0,18.263534125613354
2091,1.976,1.986,0.010000000000000009,93,3.0,2.0,0.45,4.0,36.57367588777287
2092,1.947,1.948,0.0009999999999998899,219,5.0,0.0,0.15,4.0,13.96674912522228
2093,1.96,1.965,0.0050000000000001155,86,3.0,2.0,0.3,4.0,32.24266343324787
2094,1.989,1.993,0.0040000000000000036,156,4.0,1.0,0.3,4.0,19.726470053745476
2095,1.982,1.983,0.001000000000000112,219,5.0,0.0,0.15,4.0,13.96674912522228
2096,2.026,2.031,0.0050000000000003375,156,4.0,1.0,0.3,4.0,19.726470053745476
2097,1.95,1.954,0.0040000000000000036,156,4.0,1.0,0.3,4.0,19.726470053745476
2098,2.0549999999999997,2.06,0.0050000000000003375,156,4.0,1.0,0.3,4.0,19.726470053745476
2099,1.934,1.934,0.0,283,5.0,2.0,0.0,5.0,66.4098739739585
2100,1.96,1.965,0.0050000000000001155,156,4.0,1.0,0.3,4.0,19.726470053745476
2101,1.968,1.972,0.0040000000000000036,156,4.0,1.0,0.3,4.0,19.726470053745476
2102,1.966,1.971,0.0050000000000001155,254,5.0,1.0,0.15,4.0,22.81177341528723
2103,1.918,1.939,0.02100000000000013,290,5.0,2.0,0.15,5.0,76.15188156842561
2104,2.075,2.077,0.0019999999999997797,58,3.0,1.0,0.45,4.0,17.20520267224726
2105,1.836,1.842,0.006000000000000005,254,5.0,1.0,0.15,4.0,22.81177341528723
2106,1.905,1.909,0.0040000000000000036,156,4.0,1.0,0.3,4.0,19.726470053745476
2107,1.931,1.942,0.010999999999999899,93,3.0,2.0,0.45,4.0,36.57367588777287
2108,1.967,1.968,0.0009999999999998899,219,5.0,0.0,0.15,4.0,13.96674912522228
2109,1.968,1.973,0.0050000000000001155,156,4.0,1.0,0.3,4.0,19.726470053745476
2110,2.005,2.01,0.004999999999999893,254,5.0,1.0,0.15,4.0,22.81177341528723
2111,2.0060000000000002,2.021,0.01499999999999968,191,4.0,2.0,0.3,4.0,46.283348573725405
2112,2.056,2.061,0.004999999999999893,156,4.0,1.0,0.3,4.0,19.726470053745476
2113,1.954,1.965,0.01100000000000012,93,3.0,2.0,0.45,4.0,36.57367588777287
2114,1.985,1.986,0.0009999999999998899,149,4.0,1.0,0.15,4.0,18.263534125613354
2115,2.0330000000000004,2.0380000000000003,0.004999999999999893,254,5.0,1.0,0.15,4.0,22.81177341528723
2116,1.969,1.975,0.006000000000000005,65,3.0,1.0,0.6,4.0,19.170243812504182
2117,2.0389999999999997,2.043,0.004000000000000448,156,4.0,1.0,0.3,4.0,19.726470053745476
2118,2.067,2.072,0.004999999999999893,254,5.0,1.0,0.15,4.0,22.81177341528723
2119,1.934,1.939,0.0050000000000001155,156,4.0,1.0,0.3,4.0,19.726470053745476
2120,1.965,1.969,0.0040000000000000036,156,4.0,1.0,0.3,4.0,19.726470053745476
2121,1.879,1.8800000000000001,0.001000000000000112,219,5.0,0.0,0.15,4.0,13.96674912522228
2122,1.979,1.984,0.004999999999999893,156,4.0,1.0,0.3,4.0,19.726470053745476
2123,1.96,1.966,0.006000000000000005,254,5.0,1.0,0.15,4.0,22.81177341528723
2124,1.956,1.961,0.0050000000000001155,156,4.0,1.0,0.3,4.0,19.726470053745476
2125,1.994,1.998,0.0040000000000000036,156,4.0,1.0,0.3,4.0,19.726470053745476
2126,1.94,1.946,0.006000000000000005,254,5.0,1.0,0.15,4.0,22.81177341528723
2127,1.967,1.972,0.004999999999999893,156,4.0,1.0,0.3,4.0,19.726470053745476
2128,2.075,2.0789999999999997,0.0039999999999995595,156,4.0,1.0,0.3,4.0,19.726470053745476
2129,2.032,2.0330000000000004,0.001000000000000334,219,5.0,0.0,0.15,4.0,13.96674912522228
2130,1.986,1.991,0.0050000000000001155,86,3.0,2.0,0.3,4.0,32.24266343324787
2131,1.996,2.016,0.020000000000000018,100,3.0,2.0,0.6,4.0,45.80420869779847
2132,1.8980000000000001,1.903,0.004999999999999893,156,4.0,1.0,0.3,4.0,19.726470053745476
2133,2.08,2.08,0.0,247,5.0,1.0,0.0,4.0,21.420113577190087
2134,2.1029999999999998,2.107,0.004000000000000448,156,4.0,1.0,0.3,4.0,19.726470053745476
2135,1.987,1.992,0.004999999999999893,254,5.0,1.0,0.15,4.0,22.81177341528723
2136,1.964,1.965,0.001000000000000112,219,5.0,0.0,0.15,4.0,13.96674912522228
2137,1.977,1.977,0.0,219,5.0,0.0,0.15,4.0,13.96674912522228
2138,1.943,1.948,0.004999999999999893,156,4.0,1.0,0.3,4.0,19.726470053745476
2139,2.075,2.075,0.0,219,5.0,0.0,0.15,4.0,13.96674912522228
2140,1.922,1.926,0.0040000000000000036,156,4.0,1.0,0.3,4.0,19.726470053745476
2141,2.0700000000000003,2.0709999999999997,0.0009999999999994458,219,5.0,0.0,0.15,4.0,13.96674912522228
2142,1.99,1.995,0.0050000000000001155,86,3.0,2.0,0.3,4.0,32.24266343324787
2143,2.049,2.053,0.0040000000000000036,156,4.0,1.0,0.3,4.0,19.726470053745476
2144,2.008,2.01,0.0019999999999997797,58,3.0,1.0,0.45,4.0,17.20520267224726
2145,1.844,1.854,0.010000000000000009,185,4.0,2.0,0.15,5.0,49.87728383502711
2146,2.031,2.031,0.0,143,4.0,1.0,0.0,5.0,21.900090985565928
2147,1.883,1.889,0.006000000000000005,184,4.0,2.0,0.15,4.0,39.90182706802169
2148,2.019,2.019,0.0,219,5.0,0.0,0.15,4.0,13.96674912522228
2149,1.98,1.981,0.001000000000000112,149,4.0,1.0,0.15,4.0,18.263534125613354
2150,1.935,1.94,0.004999999999999893,156,4.0,1.0,0.3,4.0,19.726470053745476
2151,1.863,1.863,0.0,219,5.0,0.0,0.15,4.0,13.96674912522228
2152,2.0090000000000003,2.0140000000000002,0.004999999999999893,156,4.0,1.0,0.3,4.0,19.726470053745476
2153,1.911,1.915,0.0040000000000000036,156,4.0,1.0,0.3,4.0,19.726470053745476
2154,1.945,1.949,0.0040000000000000036,156,4.0,1.0,0.3,4.0,19.726470053745476
2155,1.919,1.921,0.0020000000000000018,58,3.0,1.0,0.45,4.0,17.20520267224726
2156,2.034,2.034,0.0,178,4.0,2.0,0.0,5.0,46.43816282340671
2157,2.0090000000000003,2.0090000000000003,0.0,177,4.0,2.0,0.0,4.0,37.15053025872537
2158,2.098,2.104,0.006000000000000227,65,3.0,1.0,0.6,4.0,19.170243812504182
2159,1.991,2.0010000000000003,0.010000000000000231,93,3.0,2.0,0.45,4.0,36.57367588777287
2160,2.075,2.0789999999999997,0.0039999999999995595,156,4.0,1.0,0.3,4.0,19.726470053745476
2161,2.027,2.028,0.0009999999999998899,149,4.0,1.0,0.15,4.0,18.263534125613354
2162,1.957,1.962,0.004999999999999893,156,4.0,1.0,0.3,4.0,19.726470053745476
2163,1.922,1.928,0.006000000000000005,254,5.0,1.0,0.15,4.0,22.81177341528723
2164,1.991,1.992,0.0009999999999998899,219,5.0,0.0,0.15,4.0,13.96674912522228
2165,2.0,2.0060000000000002,0.006000000000000227,254,5.0,1.0,0.15,4.0,22.81177341528723
2166,1.831,1.836,0.0050000000000001155,86,3.0,2.0,0.3,4.0,32.24266343324787
2167,2.004,2.013,0.008999999999999897,93,3.0,2.0,0.45,4.0,36.57367588777287
2168,1.917,1.918,0.0009999999999998899,219,5.0,0.0,0.15,4.0,13.96674912522228
2169,1.825,1.83,0.0050000000000001155,156,4.0,1.0,0.3,4.0,19.726470053745476
2170,2.042,2.0460000000000003,0.004000000000000448,156,4.0,1.0,0.3,4.0,19.726470053745476
2171,2.0460000000000003,2.05,0.0039999999999995595,156,4.0,1.0,0.3,4.0,19.726470053745476
2172,1.953,1.958,0.004999999999999893,254,5.0,1.0,0.15,4.0,22.81177341528723
2173,2.167,2.1719999999999997,0.004999999999999893,254,5.0,1.0,0.15,4.0,22.81177341528723
2174,1.988,2.002,0.01399999999999979,191,4.0,2.0,0.3,4.0,46.283348573725405
2175,1.941,1.945,0.0040000000000000036,156,4.0,1.0,0.3,4.0,19.726470053745476
2176,1.988,1.993,0.0050000000000001155,254,5.0,1.0,0.15,4.0,22.81177341528723
2177,1.945,1.945,0.0,219,5.0,0.0,0.15,4.0,13.96674912522228
2178,1.927,1.932,0.004999999999999893,254,5.0,1.0,0.15,4.0,22.81177341528723
2179,1.925,1.926,0.0009999999999998899,219,5.0,0.0,0.15,4.0,13.96674912522228
2180,1.953,1.958,0.004999999999999893,156,4.0,1.0,0.3,4.0,19.726470053745476
2181,1.997,2.002,0.004999999999999671,86,3.0,2.0,0.3,4.0,32.24266343324787
2182,1.981,1.986,0.004999999999999893,254,5.0,1.0,0.15,4.0,22.81177341528723
2183,2.036,2.036,0.0,283,5.0,2.0,0.0,5.0,66.4098739739585
2184,2.026,2.027,0.001000000000000334,219,5.0,0.0,0.15,4.0,13.96674912522228
2185,1.8940000000000001,1.8980000000000001,0.0040000000000000036,156,4.0,1.0,0.3,4.0,19.726470053745476
2186,2.048,2.052,0.0040000000000000036,156,4.0,1.0,0.3,4.0,19.726470053745476
2187,1.867,1.868,0.001000000000000112,219,5.0,0.0,0.15,4.0,13.96674912522228
2188,1.99,1.995,0.0050000000000001155,254,5.0,1.0,0.15,4.0,22.81177341528723
2189,1.971,1.976,0.004999999999999893,156,4.0,1.0,0.3,4.0,19.726470053745476
2190,1.926,1.927,0.001000000000000112,219,5.0,0.0,0.15,4.0,13.96674912522228
2191,2.037,2.0380000000000003,0.001000000000000334,219,5.0,0.0,0.15,4.0,13.96674912522228
2192,1.913,1.917,0.0040000000000000036,156,4.0,1.0,0.3,4.0,19.726470053745476
2193,2.0780000000000003,2.081,0.0029999999999996696,226,5.0,0.0,0.3,4.0,14.468913019092193
2194,1.944,1.95,0.006000000000000005,254,5.0,1.0,0.15,4.0,22.81177341528723
2195,2.084,2.088,0.0040000000000000036,156,4.0,1.0,0.3,4.0,19.726470053745476
2196,2.067,2.073,0.005999999999999783,254,5.0,1.0,0.15,4.0,22.81177341528723
2197,1.846,1.846,0.0,247,5.0,1.0,0.0,4.0,21.420113577190087
2198,1.97,1.971,0.001000000000000112,219,5.0,0.0,0.15,4.0,13.96674912522228
2199,2.032,2.036,0.0040000000000000036,156,4.0,1.0,0.3,4.0,19.726470053745476
2200,2.1109999999999998,2.113,0.002000000000000224,58,3.0,1.0,0.45,4.0,17.20520267224726
2201,1.836,1.841,0.004999999999999893,156,4.0,1.0,0.3,4.0,19.726470053745476
2202,1.971,1.976,0.004999999999999893,156,4.0,1.0,0.3,4.0,19.726470053745476
2203,2.116,2.121,0.004999999999999893,156,4.0,1.0,0.3,4.0,19.726470053745476
2204,1.9060000000000001,1.907,0.0009999999999998899,219,5.0,0.0,0.15,4.0,13.96674912522228
2205,1.942,1.947,0.0050000000000001155,254,5.0,1.0,0.15,4.0,22.81177341528723
2206,1.903,1.908,0.004999999999999893,156,4.0,1.0,0.3,4.0,19.726470053745476
2207,2.0060000000000002,2.012,0.005999999999999783,254,5.0,1.0,0.15,4.0,22.81177341528723
2208,1.936,1.941,0.0050000000000001155,86,3.0,2.0,0.3,4.0,32.24266343324787
2209,2.0380000000000003,2.0380000000000003,0.0,219,5.0,0.0,0.15,4.0,13.96674912522228
2210,1.95,1.956,0.006000000000000005,254,5.0,1.0,0.15,4.0,22.81177341528723
2211,2.027,2.032,0.004999999999999893,254,5.0,1.0,0.15,4.0,22.81177341528723
2212,1.993,1.998,0.004999999999999893,156,4.0,1.0,0.3,4.0,19.726470053745476
2213,1.973,1.978,0.004999999999999893,254,5.0,1.0,0.15,4.0,22.81177341528723
2214,2.012,2.016,0.0040000000000000036,156,4.0,1.0,0.3,4.0,19.726470053745476
2215,2.0460000000000003,2.051,0.004999999999999893,156,4.0,1.0,0.3,4.0,19.726470053745476
2216,1.922,1.928,0.006000000000000005,254,5.0,1.0,0.15,4.0,22.81177341528723
2217,2.0010000000000003,2.002,0.0009999999999994458,149,4.0,1.0,0.15,4.0,18.263534125613354
2218,1.954,1.959,0.0050000000000001155,156,4.0,1.0,0.3,4.0,19.726470053745476
2219,1.885,1.889,0.0040000000000000036,156,4.0,1.0,0.3,4.0,19.726470053745476
2220,2.045,2.049,0.0040000000000000036,86,3.0,2.0,0.3,4.0,32.24266343324787
2221,2.073,2.0780000000000003,0.0050000000000003375,86,3.0,2.0,0.3,4.0,32.24266343324787
2222,1.954,1.959,0.0050000000000001155,156,4.0,1.0,0.3,4.0,19.726470053745476
2223,2.129,2.1340000000000003,0.0050000000000003375,156,4.0,1.0,0.3,4.0,19.726470053745476
2224,2.012,2.013,0.0009999999999998899,219,5.0,0.0,0.15,4.0,13.96674912522228
2225,1.958,1.962,0.0040000000000000036,156,4.0,1.0,0.3,4.0,19.726470053745476
2226,1.93,1.931,0.001000000000000112,219,5.0,0.0,0.15,4.0,13.96674912522228
2227,2.019,2.024,0.004999999999999893,156,4.0,1.0,0.3,4.0,19.726470053745476
2228,2.01,2.015,0.0050000000000003375,156,4.0,1.0,0.3,4.0,19.726470053745476
2229,1.947,1.951,0.0040000000000000036,156,4.0,1.0,0.3,4.0,19.726470053745476
2230,2.004,2.004,0.0,219,5.0,0.0,0.15,4.0,13.96674912522228
2231,1.8800000000000001,1.885,0.004999999999999893,254,5.0,1.0,0.15,4.0,22.81177341528723
2232,2.028,2.0330000000000004,0.0050000000000003375,254,5.0,1.0,0.15,4.0,22.81177341528723
2233,2.007,2.008,0.0009999999999998899,149,4.0,1.0,0.15,4.0,18.263534125613354
2234,1.941,1.942,0.0009999999999998899,219,5.0,0.0,0.15,4.0,13.96674912522228
2235,2.011,2.016,0.004999999999999893,254,5.0,1.0,0.15,4.0,22.81177341528723
2236,1.9020000000000001,1.908,0.005999999999999783,254,5.0,1.0,0.15,4.0,22.81177341528723
2237,1.909,1.91,0.0009999999999998899,219,5.0,0.0,0.15,4.0,13.96674912522228
2238,1.977,1.979,0.0020000000000000018,58,3.0,1.0,0.45,4.0,17.20520267224726
2239,1.962,1.962,0.0,212,5.0,0.0,0.0,4.0,13.43584400016153
2240,2.056,2.065,0.008999999999999897,93,3.0,2.0,0.45,4.0,36.57367588777287
2241,2.073,2.074,0.0009999999999998899,149,4.0,1.0,0.15,4.0,18.263534125613354
2242,2.04,2.041,0.0009999999999998899,219,5.0,0.0,0.15,4.0,13.96674912522228
2243,2.032,2.034,0.0019999999999997797,58,3.0,1.0,0.45,4.0,17.20520267224726
2244,2.043,2.0469999999999997,0.0039999999999995595,156,4.0,1.0,0.3,4.0,19.726470053745476
2245,1.921,1.921,0.0,51,3.0,1.0,0.3,4.0,15.99277515480869
2246,2.044,2.05,0.005999999999999783,254,5.0,1.0,0.15,4.0,22.81177341528723
2247,2.0300000000000002,2.034,0.0039999999999995595,156,4.0,1.0,0.3,4.0,19.726470053745476
2248,1.988,1.988,0.0,219,5.0,0.0,0.15,4.0,13.96674912522228
2249,1.931,1.932,0.0009999999999998899,219,5.0,0.0,0.15,4.0,13.96674912522228
2250,1.974,1.979,0.0050000000000001155,156,4.0,1.0,0.3,4.0,19.726470053745476
2251,2.0140000000000002,2.015,0.0009999999999998899,219,5.0,0.0,0.15,4.0,13.96674912522228
2252,1.928,1.928,0.0,283,5.0,2.0,0.0,5.0,66.4098739739585
2253,1.917,1.922,0.004999999999999893,156,4.0,1.0,0.3,4.0,19.726470053745476
2254,2.132,2.133,0.0009999999999998899,219,5.0,0.0,0.15,4.0,13.96674912522228
2255,1.911,1.912,0.0009999999999998899,219,5.0,0.0,0.15,4.0,13.96674912522228
2256,1.907,1.912,0.004999999999999893,156,4.0,1.0,0.3,4.0,19.726470053745476
2257,2.072,2.083,0.01100000000000012,93,3.0,2.0,0.45,4.0,36.57367588777287
2258,1.948,1.962,0.014000000000000012,191,4.0,2.0,0.3,4.0,46.283348573725405
2259,2.021,2.026,0.004999999999999893,156,4.0,1.0,0.3,4.0,19.726470053745476
2260,2.061,2.066,0.004999999999999893,254,5.0,1.0,0.15,4.0,22.81177341528723
2261,1.952,1.958,0.006000000000000005,254,5.0,1.0,0.15,4.0,22.81177341528723
2262,1.99,1.991,0.001000000000000112,219,5.0,0.0,0.15,4.0,13.96674912522228
2263,2.048,2.053,0.004999999999999893,86,3.0,2.0,0.3,4.0,32.24266343324787
2264,1.948,1.957,0.009000000000000119,93,3.0,2.0,0.45,4.0,36.57367588777287
2265,2.066,2.0709999999999997,0.004999999999999893,86,3.0,2.0,0.3,4.0,32.24266343324787
2266,1.925,1.93,0.004999999999999893,254,5.0,1.0,0.15,4.0,22.81177341528723
2267,1.932,1.938,0.006000000000000005,254,5.0,1.0,0.15,4.0,22.81177341528723
2268,2.032,2.042,0.009999999999999787,93,3.0,2.0,0.45,4.0,36.57367588777287
2269,1.973,1.978,0.004999999999999893,156,4.0,1.0,0.3,4.0,19.726470053745476
2270,1.91,1.915,0.0050000000000001155,156,4.0,1.0,0.3,4.0,19.726470053745476
2271,2.003,2.003,0.0,219,5.0,0.0,0.15,4.0,13.96674912522228
2272,2.035,2.04,0.004999999999999893,156,4.0,1.0,0.3,4.0,19.726470053745476
2273,1.873,1.873,0.0,219,5.0,0.0,0.15,4.0,13.96674912522228
2274,1.948,1.953,0.0050000000000001155,156,4.0,1.0,0.3,4.0,19.726470053745476
2275,1.968,1.972,0.0040000000000000036,156,4.0,1.0,0.3,4.0,19.726470053745476
2276,2.008,2.012,0.0040000000000000036,156,4.0,1.0,0.3,4.0,19.726470053745476
2277,2.0700000000000003,2.075,0.004999999999999893,156,4.0,1.0,0.3,4.0,19.726470053745476
2278,1.928,1.934,0.006000000000000005,254,5.0,1.0,0.15,4.0,22.81177341528723
2279,2.059,2.061,0.0019999999999997797,58,3.0,1.0,0.45,4.0,17.20520267224726
2280,2.058,2.06,0.002000000000000224,58,3.0,1.0,0.45,4.0,17.20520267224726
2281,2.093,2.098,0.004999999999999893,156,4.0,1.0,0.3,4.0,19.726470053745476
2282,1.952,1.957,0.0050000000000001155,150,4.0,1.0,0.15,5.0,22.829417657016695
2283,1.968,1.973,0.0050000000000001155,254,5.0,1.0,0.15,4.0,22.81177341528723
2284,1.966,1.97,0.0040000000000000036,156,4.0,1.0,0.3,4.0,19.726470053745476
2285,1.956,1.972,0.016000000000000014,261,5.0,1.0,0.3,4.0,25.260631670972717
2286,2.0090000000000003,2.0250000000000004,0.016000000000000014,261,5.0,1.0,0.3,4.0,25.260631670972717
2287,1.988,1.992,0.0040000000000000036,156,4.0,1.0,0.3,4.0,19.726470053745476
2288,1.959,1.963,0.0040000000000000036,156,4.0,1.0,0.3,4.0,19.726470053745476
2289,1.998,1.998,0.0,219,5.0,0.0,0.15,4.0,13.96674912522228
2290,1.954,1.956,0.0020000000000000018,58,3.0,1.0,0.45,4.0,17.20520267224726
2291,2.059,2.0629999999999997,0.0039999999999995595,156,4.0,1.0,0.3,4.0,19.726470053745476
2292,2.031,2.035,0.0040000000000000036,156,4.0,1.0,0.3,4.0,19.726470053745476
2293,1.999,1.999,0.0,219,5.0,0.0,0.15,4.0,13.96674912522228
2294,2.008,2.018,0.009999999999999787,93,3.0,2.0,0.45,4.0,36.57367588777287
2295,2.067,2.068,0.0009999999999998899,219,5.0,0.0,0.15,4.0,13.96674912522228
2296,1.873,1.874,0.001000000000000112,219,5.0,0.0,0.15,4.0,13.96674912522228
2297,2.019,2.02,0.0009999999999998899,219,5.0,0.0,0.15,4.0,13.96674912522228
2298,1.865,1.87,0.0050000000000001155,254,5.0,1.0,0.15,4.0,22.81177341528723
2299,2.0540000000000003,2.0629999999999997,0.008999999999999453,93,3.0,2.0,0.45,4.0,36.57367588777287
2300,1.962,1.975,0.013000000000000123,191,4.0,2.0,0.3,4.0,46.283348573725405
2301,2.011,2.012,0.0009999999999998899,219,5.0,0.0,0.15,4.0,13.96674912522228
2302,1.956,1.961,0.0050000000000001155,65,3.0,1.0,0.6,4.0,19.170243812504182
2303,1.8960000000000001,1.9000000000000001,0.0040000000000000036,86,3.0,2.0,0.3,4.0,32.24266343324787
2304,1.964,1.969,0.0050000000000001155,254,5.0,1.0,0.15,4.0,22.81177341528723
2305,1.911,1.915,0.0040000000000000036,156,4.0,1.0,0.3,4.0,19.726470053745476
2306,1.917,1.922,0.004999999999999893,254,5.0,1.0,0.15,4.0,22.81177341528723
2307,1.909,1.914,0.004999999999999893,86,3.0,2.0,0.3,4.0,32.24266343324787
2308,1.944,1.944,0.0,219,5.0,0.0,0.15,4.0,13.96674912522228
2309,2.0549999999999997,2.059,0.004000000000000448,156,4.0,1.0,0.3,4.0,19.726470053745476
2310,1.988,1.992,0.0040000000000000036,156,4.0,1.0,0.3,4.0,19.726470053745476
2311,1.997,1.998,0.0009999999999998899,149,4.0,1.0,0.15,4.0,18.263534125613354
2312,1.994,2.003,0.009000000000000119,185,4.0,2.0,0.15,5.0,49.87728383502711
2313,2.056,2.057,0.0009999999999998899,219,5.0,0.0,0.15,4.0,13.96674912522228
2314,2.037,2.041,0.0040000000000000036,156,4.0,1.0,0.3,4.0,19.726470053745476
2315,1.966,1.971,0.0050000000000001155,156,4.0,1.0,0.3,4.0,19.726470053745476
2316,2.132,2.133,0.0009999999999998899,219,5.0,0.0,0.15,4.0,13.96674912522228
2317,1.899,1.9040000000000001,0.0050000000000001155,254,5.0,1.0,0.15,4.0,22.81177341528723
2318,2.008,2.018,0.009999999999999787,93,3.0,2.0,0.45,4.0,36.57367588777287
2319,2.0220000000000002,2.0220000000000002,0.0,219,5.0,0.0,0.15,4.0,13.96674912522228
2320,1.998,2.002,0.0039999999999997815,156,4.0,1.0,0.3,4.0,19.726470053745476
2321,2.053,2.058,0.004999999999999893,254,5.0,1.0,0.15,4.0,22.81177341528723
2322,1.947,1.948,0.0009999999999998899,219,5.0,0.0,0.15,4.0,13.96674912522228
2323,2.146,2.1550000000000002,0.009000000000000341,93,3.0,2.0,0.45,4.0,36.57367588777287
2324,1.857,1.877,0.020000000000000018,290,5.0,2.0,0.15,5.0,76.15188156842561
2325,2.036,2.04,0.0040000000000000036,156,4.0,1.0,0.3,4.0,19.726470053745476
2326,1.965,1.97,0.004999999999999893,156,4.0,1.0,0.3,4.0,19.726470053745476
2327,1.847,1.854,0.007000000000000117,65,3.0,1.0,0.6,4.0,19.170243812504182
2328,2.008,2.012,0.0040000000000000036,156,4.0,1.0,0.3,4.0,19.726470053745476
2329,2.036,2.058,0.021999999999999797,100,3.0,2.0,0.6,4.0,45.80420869779847
2330,1.939,1.949,0.010000000000000009,93,3.0,2.0,0.45,4.0,36.57367588777287
2331,2.044,2.045,0.0009999999999998899,219,5.0,0.0,0.15,4.0,13.96674912522228
2332,2.002,2.0060000000000002,0.004000000000000448,156,4.0,1.0,0.3,4.0,19.726470053745476
2333,1.948,1.95,0.0020000000000000018,149,4.0,1.0,0.15,4.0,18.263534125613354
2334,2.056,2.057,0.0009999999999998899,219,5.0,0.0,0.15,4.0,13.96674912522228
2335,2.029,2.0300000000000002,0.001000000000000334,219,5.0,0.0,0.15,4.0,13.96674912522228
2336,1.921,1.922,0.0009999999999998899,219,5.0,0.0,0.15,4.0,13.96674912522228
2337,2.032,2.036,0.0040000000000000036,156,4.0,1.0,0.3,4.0,19.726470053745476
2338,2.0250000000000004,2.0300000000000002,0.004999999999999893,254,5.0,1.0,0.15,4.0,22.81177341528723
2339,1.989,1.994,0.004999999999999893,254,5.0,1.0,0.15,4.0,22.81177341528723
2340,1.973,1.973,0.0,219,5.0,0.0,0.15,4.0,13.96674912522228
2341,1.925,1.926,0.0009999999999998899,219,5.0,0.0,0.15,4.0,13.96674912522228
2342,1.936,1.939,0.0030000000000001137,58,3.0,1.0,0.45,4.0,17.20520267224726
2343,2.031,2.035,0.0040000000000000036,86,3.0,2.0,0.3,4.0,32.24266343324787
2344,1.908,1.914,0.006000000000000005,254,5.0,1.0,0.15,4.0,22.81177341528723
2345,2.002,2.002,0.0,178,4.0,2.0,0.0,5.0,46.43816282340671
2346,2.0010000000000003,2.015,0.01399999999999979,359,6.0,1.0,0.15,4.0,29.259788966462132
2347,1.934,1.938,0.0040000000000000036,156,4.0,1.0,0.3,4.0,19.726470053745476
2348,1.963,1.965,0.0020000000000000018,58,3.0,1.0,0.45,4.0,17.20520267224726
2349,2.106,2.1109999999999998,0.004999999999999893,156,4.0,1.0,0.3,4.0,19.726470053745476
2350,2.1260000000000003,2.1310000000000002,0.004999999999999893,86,3.0,2.0,0.3,4.0,32.24266343324787
2351,1.937,1.938,0.0009999999999998899,219,5.0,0.0,0.15,4.0,13.96674912522228
2352,2.214,2.224,0.010000000000000231,93,3.0,2.0,0.45,4.0,36.57367588777287
2353,2.0540000000000003,2.059,0.004999999999999893,156,4.0,1.0,0.3,4.0,19.726470053745476
2354,1.937,1.942,0.004999999999999893,156,4.0,1.0,0.3,4.0,19.726470053745476
2355,1.936,1.937,0.001000000000000112,149,4.0,1.0,0.15,4.0,18.263534125613354
2356,1.948,1.953,0.0050000000000001155,156,4.0,1.0,0.3,4.0,19.726470053745476
2357,1.975,1.975,0.0,247,5.0,1.0,0.0,4.0,21.420113577190087
2358,2.0330000000000004,2.0389999999999997,0.005999999999999339,254,5.0,1.0,0.15,4.0,22.81177341528723
2359,1.856,1.861,0.004999999999999893,156,4.0,1.0,0.3,4.0,19.726470053745476
2360,2.0460000000000003,2.05,0.0039999999999995595,156,4.0,1.0,0.3,4.0,19.726470053745476
2361,1.867,1.868,0.001000000000000112,219,5.0,0.0,0.15,4.0,13.96674912522228
2362,2.015,2.019,0.0040000000000000036,156,4.0,1.0,0.3,4.0,19.726470053745476
2363,1.9060000000000001,1.9060000000000001,0.0,219,5.0,0.0,0.15,4.0,13.96674912522228
2364,2.109,2.1100000000000003,0.001000000000000334,219,5.0,0.0,0.15,4.0,13.96674912522228
2365,1.987,1.991,0.0040000000000000036,156,4.0,1.0,0.3,4.0,19.726470053745476
2366,1.998,2.003,0.0050000000000001155,156,4.0,1.0,0.3,4.0,19.726470053745476
2367,1.943,1.947,0.0040000000000000036,86,3.0,2.0,0.3,4.0,32.24266343324787
2368,1.946,1.947,0.001000000000000112,219,5.0,0.0,0.15,4.0,13.96674912522228
2369,2.0549999999999997,2.06,0.0050000000000003375,254,5.0,1.0,0.15,4.0,22.81177341528723
2370,1.98,1.981,0.001000000000000112,219,5.0,0.0,0.15,4.0,13.96674912522228
2371,2.0090000000000003,2.0090000000000003,0.0,219,5.0,0.0,0.15,4.0,13.96674912522228
2372,1.9060000000000001,1.92,0.01399999999999979,191,4.0,2.0,0.3,4.0,46.283348573725405
2373,1.987,1.992,0.004999999999999893,156,4.0,1.0,0.3,4.0,19.726470053745476
2374,1.982,1.983,0.001000000000000112,219,5.0,0.0,0.15,4.0,13.96674912522228
2375,1.925,1.93,0.004999999999999893,86,3.0,2.0,0.3,4.0,32.24266343324787
2376,2.08,2.085,0.004999999999999893,156,4.0,1.0,0.3,4.0,19.726470053745476
2377,1.942,1.946,0.0040000000000000036,156,4.0,1.0,0.3,4.0,19.726470053745476
2378,2.073,2.083,0.010000000000000231,93,3.0,2.0,0.45,4.0,36.57367588777287
2379,1.978,1.982,0.0040000000000000036,156,4.0,1.0,0.3,4.0,19.726470053745476
2380,2.012,2.016,0.0040000000000000036,156,4.0,1.0,0.3,4.0,19.726470053745476
2381,2.0940000000000003,2.0940000000000003,0.0,219,5.0,0.0,0.15,4.0,13.96674912522228
2382,2.059,2.0629999999999997,0.0039999999999995595,156,4.0,1.0,0.3,4.0,19.726470053745476
2383,1.862,1.863,0.0009999999999998899,219,5.0,0.0,0.15,4.0,13.96674912522228
2384,1.989,1.994,0.004999999999999893,254,5.0,1.0,0.15,4.0,22.81177341528723
2385,2.068,2.074,0.005999999999999783,65,3.0,1.0,0.6,4.0,19.170243812504182
2386,1.992,1.994,0.0020000000000000018,58,3.0,1.0,0.45,4.0,17.20520267224726
2387,2.012,2.018,0.005999999999999783,254,5.0,1.0,0.15,4.0,22.81177341528723
2388,2.0549999999999997,2.059,0.004000000000000448,156,4.0,1.0,0.3,4.0,19.726470053745476
2389,2.056,2.065,0.008999999999999897,93,3.0,2.0,0.45,4.0,36.57367588777287
2390,2.057,2.0620000000000003,0.0050000000000003375,254,5.0,1.0,0.15,4.0,22.81177341528723
2391,2.007,2.012,0.004999999999999893,156,4.0,1.0,0.3,4.0,19.726470053745476
2392,2.056,2.061,0.004999999999999893,156,4.0,1.0,0.3,4.0,19.726470053745476
2393,2.027,2.028,0.0009999999999998899,219,5.0,0.0,0.15,4.0,13.96674912522228
2394,1.946,1.962,0.016000000000000014,261,5.0,1.0,0.3,4.0,25.260631670972717
2395,1.958,1.963,0.0050000000000001155,184,4.0,2.0,0.15,4.0,39.90182706802169
2396,2.052,2.056,0.0040000000000000036,156,4.0,1.0,0.3,4.0,19.726470053745476
2397,2.013,2.018,0.004999999999999893,156,4.0,1.0,0.3,4.0,19.726470053745476
2398,1.9020000000000001,1.9020000000000001,0.0,219,5.0,0.0,0.15,4.0,13.96674912522228
2399,1.984,1.988,0.0040000000000000036,156,4.0,1.0,0.3,4.0,19.726470053745476
2400,1.964,1.977,0.013000000000000123,191,4.0,2.0,0.3,4.0,46.283348573725405
2401,2.145,2.149,0.0040000000000000036,156,4.0,1.0,0.3,4.0,19.726470053745476
2402,1.978,1.983,0.0050000000000001155,156,4.0,1.0,0.3,4.0,19.726470053745476
2403,2.011,2.015,0.0040000000000000036,156,4.0,1.0,0.3,4.0,19.726470053745476
2404,1.92,1.925,0.0050000000000001155,156,4.0,1.0,0.3,4.0,19.726470053745476
2405,1.989,1.994,0.004999999999999893,86,3.0,2.0,0.3,4.0,32.24266343324787
2406,2.023,2.027,0.0040000000000000036,156,4.0,1.0,0.3,4.0,19.726470053745476
2407,1.968,1.972,0.0040000000000000036,156,4.0,1.0,0.3,4.0,19.726470053745476
2408,2.056,2.056,0.0,51,3.0,1.0,0.3,4.0,15.99277515480869
2409,1.873,1.8840000000000001,0.01100000000000012,93,3.0,2.0,0.45,4.0,36.57367588777287
2410,1.899,1.9040000000000001,0.0050000000000001155,254,5.0,1.0,0.15,4.0,22.81177341528723
2411,2.032,2.0330000000000004,0.001000000000000334,149,4.0,1.0,0.15,4.0,18.263534125613354
2412,2.084,2.093,0.008999999999999897,93,3.0,2.0,0.45,4.0,36.57367588777287
2413,1.854,1.858,0.0040000000000000036,156,4.0,1.0,0.3,4.0,19.726470053745476
2414,1.922,1.927,0.0050000000000001155,156,4.0,1.0,0.3,4.0,19.726470053745476
2415,1.964,1.968,0.0040000000000000036,156,4.0,1.0,0.3,4.0,19.726470053745476
2416,2.011,2.015,0.0040000000000000036,156,4.0,1.0,0.3,4.0,19.726470053745476
2417,1.941,1.942,0.0009999999999998899,219,5.0,0.0,0.15,4.0,13.96674912522228
2418,2.01,2.01,0.0,219,5.0,0.0,0.15,4.0,13.96674912522228
2419,2.016,2.0170000000000003,0.001000000000000334,219,5.0,0.0,0.15,4.0,13.96674912522228
2420,1.991,2.0010000000000003,0.010000000000000231,93,3.0,2.0,0.45,4.0,36.57367588777287
2421,1.976,1.981,0.0050000000000001155,254,5.0,1.0,0.15,4.0,22.81177341528723
2422,2.053,2.058,0.004999999999999893,86,3.0,2.0,0.3,4.0,32.24266343324787
2423,2.0540000000000003,2.066,0.011999999999999567,163,4.0,1.0,0.45,4.0,22.095669483454234
2424,1.881,1.8820000000000001,0.001000000000000112,219,5.0,0.0,0.15,4.0,13.96674912522228
2425,1.955,1.956,0.0009999999999998899,149,4.0,1.0,0.15,4.0,18.263534125613354
2426,2.031,2.036,0.004999999999999893,254,5.0,1.0,0.15,4.0,22.81177341528723
2427,1.972,1.972,0.0,219,5.0,0.0,0.15,4.0,13.96674912522228
2428,1.948,1.949,0.001000000000000112,219,5.0,0.0,0.15,4.0,13.96674912522228
2429,1.995,1.999,0.0040000000000000036,156,4.0,1.0,0.3,4.0,19.726470053745476
2430,1.964,1.965,0.001000000000000112,219,5.0,0.0,0.15,4.0,13.96674912522228
2431,2.097,2.1020000000000003,0.0050000000000003375,156,4.0,1.0,0.3,4.0,19.726470053745476
2432,1.951,1.952,0.0009999999999998899,219,5.0,0.0,0.15,4.0,13.96674912522228
2433,2.034,2.034,0.0,317,6.0,0.0,0.0,4.0,15.790232470456287
2434,1.965,1.966,0.0009999999999998899,219,5.0,0.0,0.15,4.0,13.96674912522228
2435,1.994,2.015,0.02100000000000013,290,5.0,2.0,0.15,5.0,76.15188156842561
2436,2.036,2.041,0.004999999999999893,254,5.0,1.0,0.15,4.0,22.81177341528723
2437,2.007,2.011,0.0040000000000000036,156,4.0,1.0,0.3,4.0,19.726470053745476
2438,1.954,1.955,0.001000000000000112,219,5.0,0.0,0.15,4.0,13.96674912522228
2439,1.935,1.945,0.010000000000000009,93,3.0,2.0,0.45,4.0,36.57367588777287
2440,1.91,1.914,0.0040000000000000036,156,4.0,1.0,0.3,4.0,19.726470053745476
2441,2.064,2.069,0.004999999999999893,156,4.0,1.0,0.3,4.0,19.726470053745476
2442,1.92,1.925,0.0050000000000001155,156,4.0,1.0,0.3,4.0,19.726470053745476
2443,1.978,1.979,0.001000000000000112,219,5.0,0.0,0.15,4.0,13.96674912522228
2444,1.99,1.99,0.0,219,5.0,0.0,0.15,4.0,13.96674912522228
2445,1.949,1.955,0.006000000000000005,254,5.0,1.0,0.15,4.0,22.81177341528723
2446,2.053,2.057,0.0040000000000000036,156,4.0,1.0,0.3,4.0,19.726470053745476
2447,2.024,2.0250000000000004,0.001000000000000334,219,5.0,0.0,0.15,4.0,13.96674912522228
2448,1.836,1.846,0.010000000000000009,93,3.0,2.0,0.45,4.0,36.57367588777287
2449,2.0540000000000003,2.059,0.004999999999999893,156,4.0,1.0,0.3,4.0,19.726470053745476
2450,1.897,1.9020000000000001,0.0050000000000001155,156,4.0,1.0,0.3,4.0,19.726470053745476
2451,1.99,1.995,0.0050000000000001155,254,5.0,1.0,0.15,4.0,22.81177341528723
2452,1.956,1.961,0.0050000000000001155,184,4.0,2.0,0.15,4.0,39.90182706802169
2453,1.991,1.995,0.0040000000000000036,156,4.0,1.0,0.3,4.0,19.726470053745476
2454,2.09,2.1,0.010000000000000231,93,3.0,2.0,0.45,4.0,36.57367588777287
2455,1.988,1.989,0.001000000000000112,219,5.0,0.0,0.15,4.0,13.96674912522228
2456,2.007,2.013,0.005999999999999783,184,4.0,2.0,0.15,4.0,39.90182706802169
2457,1.942,1.942,0.0,219,5.0,0.0,0.15,4.0,13.96674912522228
2458,2.034,2.0389999999999997,0.004999999999999893,254,5.0,1.0,0.15,4.0,22.81177341528723
2459,1.947,1.948,0.0009999999999998899,219,5.0,0.0,0.15,4.0,13.96674912522228
2460,1.946,1.947,0.001000000000000112,219,5.0,0.0,0.15,4.0,13.96674912522228
2461,2.104,2.108,0.0040000000000000036,156,4.0,1.0,0.3,4.0,19.726470053745476
2462,2.075,2.076,0.0009999999999998899,149,4.0,1.0,0.15,4.0,18.263534125613354
2463,1.928,1.933,0.0050000000000001155,156,4.0,1.0,0.3,4.0,19.726470053745476
2464,1.954,1.959,0.0050000000000001155,254,5.0,1.0,0.15,4.0,22.81177341528723
2465,1.974,1.979,0.0050000000000001155,156,4.0,1.0,0.3,4.0,19.726470053745476
2466,2.064,2.069,0.004999999999999893,254,5.0,1.0,0.15,4.0,22.81177341528723
2467,2.045,2.05,0.004999999999999893,156,4.0,1.0,0.3,4.0,19.726470053745476
2468,1.939,1.94,0.0009999999999998899,149,4.0,1.0,0.15,4.0,18.263534125613354
2469,2.016,2.031,0.015000000000000124,191,4.0,2.0,0.3,4.0,46.283348573725405
2470,1.929,1.93,0.0009999999999998899,219,5.0,0.0,0.15,4.0,13.96674912522228
2471,2.069,2.074,0.004999999999999893,156,4.0,1.0,0.3,4.0,19.726470053745476
2472,1.937,1.942,0.004999999999999893,254,5.0,1.0,0.15,4.0,22.81177341528723
2473,2.067,2.068,0.0009999999999998899,219,5.0,0.0,0.15,4.0,13.96674912522228
2474,1.971,1.984,0.0129999999999999,191,4.0,2.0,0.3,4.0,46.283348573725405
2475,1.885,1.907,0.02200000000000002,290,5.0,2.0,0.15,5.0,76.15188156842561
2476,2.024,2.029,0.004999999999999893,156,4.0,1.0,0.3,4.0,19.726470053745476
2477,1.8980000000000001,1.903,0.004999999999999893,254,5.0,1.0,0.15,4.0,22.81177341528723
2478,1.974,1.984,0.010000000000000009,93,3.0,2.0,0.45,4.0,36.57367588777287
2479,1.963,1.967,0.0040000000000000036,86,3.0,2.0,0.3,4.0,32.24266343324787
2480,1.953,1.963,0.010000000000000009,93,3.0,2.0,0.45,4.0,36.57367588777287
2481,2.057,2.058,0.0009999999999998899,219,5.0,0.0,0.15,4.0,13.96674912522228
2482,2.0389999999999997,2.04,0.001000000000000334,149,4.0,1.0,0.15,4.0,18.263534125613354
2483,1.935,1.936,0.0009999999999998899,219,5.0,0.0,0.15,4.0,13.96674912522228
2484,2.077,2.0780000000000003,0.001000000000000334,219,5.0,0.0,0.15,4.0,13.96674912522228
2485,2.1340000000000003,2.1390000000000002,0.004999999999999893,156,4.0,1.0,0.3,4.0,19.726470053745476
2486,2.018,2.019,0.001000000000000334,219,5.0,0.0,0.15,4.0,13.96674912522228
2487,1.914,1.915,0.001000000000000112,219,5.0,0.0,0.15,4.0,13.96674912522228
2488,1.991,1.996,0.004999999999999893,156,4.0,1.0,0.3,4.0,19.726470053745476
2489,2.028,2.032,0.0040000000000000036,156,4.0,1.0,0.3,4.0,19.726470053745476
2490,1.944,1.949,0.0050000000000001155,156,4.0,1.0,0.3,4.0,19.726470053745476
2491,1.953,1.958,0.004999999999999893,156,4.0,1.0,0.3,4.0,19.726470053745476
2492,2.012,2.0140000000000002,0.002000000000000224,149,4.0,1.0,0.15,4.0,18.263534125613354
2493,1.837,1.842,0.0050000000000001155,86,3.0,2.0,0.3,4.0,32.24266343324787
2494,1.844,1.855,0.010999999999999899,93,3.0,2.0,0.45,4.0,36.57367588777287
2495,1.997,1.997,0.0,219,5.0,0.0,0.15,4.0,13.96674912522228
2496,2.1260000000000003,2.148,0.021999999999999797,100,3.0,2.0,0.6,4.0,45.80420869779847
2497,2.037,2.041,0.0040000000000000036,86,3.0,2.0,0.3,4.0,32.24266343324787
2498,1.929,1.93,0.0009999999999998899,219,5.0,0.0,0.15,4.0,13.96674912522228
2499,1.99,1.992,0.0020000000000000018,58,3.0,1.0,0.45,4.0,17.20520267224726
2500,2.0250000000000004,2.0250000000000004,0.0,219,5.0,0.0,0.15,4.0,13.96674912522228
2501,1.942,1.942,0.0,219,5.0,0.0,0.15,4.0,13.96674912522228
2502,1.956,1.961,0.0050000000000001155,254,5.0,1.0,0.15,4.0,22.81177341528723
2503,2.01,2.015,0.0050000000000003375,254,5.0,1.0,0.15,4.0,22.81177341528723
2504,1.982,1.986,0.0040000000000000036,156,4.0,1.0,0.3,4.0,19.726470053745476
2505,2.045,2.049,0.0040000000000000036,156,4.0,1.0,0.3,4.0,19.726470053745476
2506,2.032,2.036,0.0040000000000000036,156,4.0,1.0,0.3,4.0,19.726470053745476
2507,1.99,1.994,0.0040000000000000036,156,4.0,1.0,0.3,4.0,19.726470053745476
2508,1.934,1.944,0.010000000000000009,93,3.0,2.0,0.45,4.0,36.57367588777287
2509,1.943,1.948,0.004999999999999893,156,4.0,1.0,0.3,4.0,19.726470053745476
2510,1.975,1.979,0.0040000000000000036,156,4.0,1.0,0.3,4.0,19.726470053745476
2511,1.965,1.969,0.0040000000000000036,86,3.0,2.0,0.3,4.0,32.24266343324787
2512,2.06,2.061,0.0009999999999998899,219,5.0,0.0,0.15,4.0,13.96674912522228
2513,1.893,1.893,0.0,219,5.0,0.0,0.15,4.0,13.96674912522228
2514,2.051,2.053,0.0019999999999997797,58,3.0,1.0,0.45,4.0,17.20520267224726
2515,2.073,2.073,0.0,121,4.0,0.0,0.3,4.0,12.452110192925703
2516,2.1109999999999998,2.1109999999999998,0.0,219,5.0,0.0,0.15,4.0,13.96674912522228
2517,1.938,1.94,0.0020000000000000018,226,5.0,0.0,0.3,4.0,14.468913019092193
2518,2.004,2.0060000000000002,0.002000000000000224,58,3.0,1.0,0.45,4.0,17.20520267224726
2519,1.989,1.994,0.004999999999999893,184,4.0,2.0,0.15,4.0,39.90182706802169
2520,1.867,1.871,0.0040000000000000036,156,4.0,1.0,0.3,4.0,19.726470053745476
2521,2.08,2.081,0.0009999999999998899,219,5.0,0.0,0.15,4.0,13.96674912522228
2522,1.944,1.954,0.010000000000000009,93,3.0,2.0,0.45,4.0,36.57367588777287
2523,1.994,1.996,0.0020000000000000018,79,3.0,2.0,0.15,4.0,30.044253224096934
2524,1.903,1.907,0.0040000000000000036,156,4.0,1.0,0.3,4.0,19.726470053745476
2525,2.189,2.194,0.004999999999999893,156,4.0,1.0,0.3,4.0,19.726470053745476
2526,2.021,2.0250000000000004,0.004000000000000448,156,4.0,1.0,0.3,4.0,19.726470053745476
2527,1.972,1.982,0.010000000000000009,93,3.0,2.0,0.45,4.0,36.57367588777287
2528,1.995,1.999,0.0040000000000000036,156,4.0,1.0,0.3,4.0,19.726470053745476
2529,2.029,2.034,0.004999999999999893,86,3.0,2.0,0.3,4.0,32.24266343324787
2530,1.872,1.877,0.004999999999999893,324,6.0,0.0,0.15,4.0,16.193866213510642
2531,2.127,2.1310000000000002,0.004000000000000448,156,4.0,1.0,0.3,4.0,19.726470053745476
2532,1.987,1.992,0.004999999999999893,86,3.0,2.0,0.3,4.0,32.24266343324787
2533,1.975,1.991,0.016000000000000014,261,5.0,1.0,0.3,4.0,25.260631670972717
2534,1.992,1.993,0.001000000000000112,219,5.0,0.0,0.15,4.0,13.96674912522228
2535,2.106,2.108,0.002000000000000224,58,3.0,1.0,0.45,4.0,17.20520267224726
2536,1.914,1.915,0.001000000000000112,219,5.0,0.0,0.15,4.0,13.96674912522228
2537,2.036,2.0460000000000003,0.010000000000000231,93,3.0,2.0,0.45,4.0,36.57367588777287
2538,1.959,1.971,0.01200000000000001,163,4.0,1.0,0.45,4.0,22.095669483454234
2539,1.975,1.976,0.0009999999999998899,219,5.0,0.0,0.15,4.0,13.96674912522228
2540,1.951,1.962,0.010999999999999899,93,3.0,2.0,0.45,4.0,36.57367588777287
2541,1.944,1.954,0.010000000000000009,93,3.0,2.0,0.45,4.0,36.57367588777287
2542,1.996,2.0010000000000003,0.0050000000000003375,156,4.0,1.0,0.3,4.0,19.726470053745476
2543,2.121,2.1310000000000002,0.010000000000000231,93,3.0,2.0,0.45,4.0,36.57367588777287
2544,1.973,1.973,0.0,219,5.0,0.0,0.15,4.0,13.96674912522228
2545,1.985,1.986,0.0009999999999998899,149,4.0,1.0,0.15,4.0,18.263534125613354
2546,1.99,1.991,0.001000000000000112,219,5.0,0.0,0.15,4.0,13.96674912522228
2547,1.952,1.958,0.006000000000000005,254,5.0,1.0,0.15,4.0,22.81177341528723
2548,1.988,1.99,0.0020000000000000018,149,4.0,1.0,0.15,4.0,18.263534125613354
2549,1.764,1.774,0.010000000000000009,93,3.0,2.0,0.45,4.0,36.57367588777287
2550,1.998,2.008,0.010000000000000009,93,3.0,2.0,0.45,4.0,36.57367588777287
2551,2.004,2.0090000000000003,0.0050000000000003375,156,4.0,1.0,0.3,4.0,19.726470053745476
2552,1.996,2.0010000000000003,0.0050000000000003375,156,4.0,1.0,0.3,4.0,19.726470053745476
2553,1.968,1.973,0.0050000000000001155,254,5.0,1.0,0.15,4.0,22.81177341528723
2554,1.92,1.92,0.0,219,5.0,0.0,0.15,4.0,13.96674912522228
2555,1.985,1.989,0.0040000000000000036,156,4.0,1.0,0.3,4.0,19.726470053745476
2556,1.951,1.955,0.0040000000000000036,156,4.0,1.0,0.3,4.0,19.726470053745476
2557,1.855,1.865,0.010000000000000009,185,4.0,2.0,0.15,5.0,49.87728383502711
2558,2.104,2.114,0.009999999999999787,93,3.0,2.0,0.45,4.0,36.57367588777287
2559,2.0860000000000003,2.091,0.004999999999999893,254,5.0,1.0,0.15,4.0,22.81177341528723
2560,1.917,1.923,0.006000000000000005,254,5.0,1.0,0.15,4.0,22.81177341528723
2561,1.935,1.94,0.004999999999999893,156,4.0,1.0,0.3,4.0,19.726470053745476
2562,2.032,2.037,0.004999999999999893,254,5.0,1.0,0.15,4.0,22.81177341528723
2563,1.947,1.952,0.004999999999999893,156,4.0,1.0,0.3,4.0,19.726470053745476
2564,1.922,1.926,0.0040000000000000036,156,4.0,1.0,0.3,4.0,19.726470053745476
2565,2.031,2.032,0.0009999999999998899,219,5.0,0.0,0.15,4.0,13.96674912522228
2566,2.107,2.112,0.004999999999999893,156,4.0,1.0,0.3,4.0,19.726470053745476
2567,1.922,1.927,0.0050000000000001155,86,3.0,2.0,0.3,4.0,32.24266343324787
2568,1.908,1.909,0.001000000000000112,219,5.0,0.0,0.15,4.0,13.96674912522228
2569,1.985,1.995,0.010000000000000009,185,4.0,2.0,0.15,5.0,49.87728383502711
2570,2.08,2.084,0.0040000000000000036,156,4.0,1.0,0.3,4.0,19.726470053745476
2571,2.005,2.005,0.0,219,5.0,0.0,0.15,4.0,13.96674912522228
2572,2.045,2.0549999999999997,0.009999999999999787,93,3.0,2.0,0.45,4.0,36.57367588777287
2573,2.045,2.049,0.0040000000000000036,156,4.0,1.0,0.3,4.0,19.726470053745476
2574,2.023,2.024,0.0009999999999998899,219,5.0,0.0,0.15,4.0,13.96674912522228
2575,1.989,1.993,0.0040000000000000036,156,4.0,1.0,0.3,4.0,19.726470053745476
2576,2.028,2.0330000000000004,0.0050000000000003375,324,6.0,0.0,0.15,4.0,16.193866213510642
2577,1.9020000000000001,1.9060000000000001,0.0040000000000000036,156,4.0,1.0,0.3,4.0,19.726470053745476
2578,1.938,1.94,0.0020000000000000018,149,4.0,1.0,0.15,4.0,18.263534125613354
2579,2.0629999999999997,2.067,0.004000000000000448,156,4.0,1.0,0.3,4.0,19.726470053745476
2580,2.019,2.024,0.004999999999999893,156,4.0,1.0,0.3,4.0,19.726470053745476
2581,1.939,1.949,0.010000000000000009,93,3.0,2.0,0.45,4.0,36.57367588777287
2582,2.036,2.0460000000000003,0.010000000000000231,93,3.0,2.0,0.45,4.0,36.57367588777287
2583,1.93,1.94,0.010000000000000009,93,3.0,2.0,0.45,4.0,36.57367588777287
2584,2.0140000000000002,2.019,0.004999999999999893,156,4.0,1.0,0.3,4.0,19.726470053745476
2585,2.0090000000000003,2.015,0.005999999999999783,254,5.0,1.0,0.15,4.0,22.81177341528723
2586,1.993,1.997,0.0040000000000000036,156,4.0,1.0,0.3,4.0,19.726470053745476
2587,1.973,1.978,0.004999999999999893,254,5.0,1.0,0.15,4.0,22.81177341528723
2588,1.946,1.956,0.010000000000000009,93,3.0,2.0,0.45,4.0,36.57367588777287
2589,2.066,2.0709999999999997,0.004999999999999893,254,5.0,1.0,0.15,4.0,22.81177341528723
2590,1.96,1.965,0.0050000000000001155,156,4.0,1.0,0.3,4.0,19.726470053745476
2591,2.1100000000000003,2.1109999999999998,0.0009999999999994458,219,5.0,0.0,0.15,4.0,13.96674912522228
2592,1.949,1.953,0.0040000000000000036,156,4.0,1.0,0.3,4.0,19.726470053745476
2593,2.02,2.0250000000000004,0.0050000000000003375,156,4.0,1.0,0.3,4.0,19.726470053745476
2594,1.951,1.955,0.0040000000000000036,156,4.0,1.0,0.3,4.0,19.726470053745476
2595,1.951,1.957,0.006000000000000005,254,5.0,1.0,0.15,4.0,22.81177341528723
2596,1.908,1.912,0.0040000000000000036,86,3.0,2.0,0.3,4.0,32.24266343324787
2597,1.993,1.998,0.004999999999999893,156,4.0,1.0,0.3,4.0,19.726470053745476
2598,1.991,1.992,0.0009999999999998899,219,5.0,0.0,0.15,4.0,13.96674912522228
2599,2.0170000000000003,2.027,0.009999999999999787,93,3.0,2.0,0.45,4.0,36.57367588777287
2600,1.914,1.915,0.001000000000000112,219,5.0,0.0,0.15,4.0,13.96674912522228
2601,1.944,1.945,0.001000000000000112,219,5.0,0.0,0.15,4.0,13.96674912522228
2602,1.913,1.914,0.0009999999999998899,219,5.0,0.0,0.15,4.0,13.96674912522228
2603,1.978,1.987,0.009000000000000119,93,3.0,2.0,0.45,4.0,36.57367588777287
2604,1.972,1.974,0.0020000000000000018,58,3.0,1.0,0.45,4.0,17.20520267224726
2605,1.988,1.989,0.001000000000000112,219,5.0,0.0,0.15,4.0,13.96674912522228
2606,1.993,1.998,0.004999999999999893,156,4.0,1.0,0.3,4.0,19.726470053745476
2607,1.978,1.983,0.0050000000000001155,254,5.0,1.0,0.15,4.0,22.81177341528723
2608,1.918,1.928,0.010000000000000009,93,3.0,2.0,0.45,4.0,36.57367588777287
2609,1.971,1.972,0.0009999999999998899,219,5.0,0.0,0.15,4.0,13.96674912522228
2610,1.998,2.004,0.006000000000000005,65,3.0,1.0,0.6,4.0,19.170243812504182
2611,1.9040000000000001,1.921,0.016999999999999904,261,5.0,1.0,0.3,4.0,25.260631670972717
2612,1.909,1.913,0.0040000000000000036,156,4.0,1.0,0.3,4.0,19.726470053745476
2613,2.04,2.045,0.004999999999999893,254,5.0,1.0,0.15,4.0,22.81177341528723
2614,2.0060000000000002,2.011,0.004999999999999893,156,4.0,1.0,0.3,4.0,19.726470053745476
2615,2.011,2.016,0.004999999999999893,254,5.0,1.0,0.15,4.0,22.81177341528723
2616,1.997,2.002,0.004999999999999671,254,5.0,1.0,0.15,4.0,22.81177341528723
2617,1.98,1.984,0.0040000000000000036,156,4.0,1.0,0.3,4.0,19.726470053745476
2618,2.0060000000000002,2.007,0.0009999999999998899,149,4.0,1.0,0.15,4.0,18.263534125613354
2619,1.932,1.933,0.001000000000000112,219,5.0,0.0,0.15,4.0,13.96674912522228
2620,2.052,2.053,0.0009999999999998899,219,5.0,0.0,0.15,4.0,13.96674912522228
2621,2.061,2.066,0.004999999999999893,156,4.0,1.0,0.3,4.0,19.726470053745476
2622,2.0330000000000004,2.037,0.0039999999999995595,156,4.0,1.0,0.3,4.0,19.726470053745476
2623,1.936,1.94,0.0040000000000000036,156,4.0,1.0,0.3,4.0,19.726470053745476
2624,2.0460000000000003,2.05,0.0039999999999995595,156,4.0,1.0,0.3,4.0,19.726470053745476
2625,1.966,1.967,0.001000000000000112,219,5.0,0.0,0.15,4.0,13.96674912522228
2626,1.873,1.875,0.0020000000000000018,149,4.0,1.0,0.15,4.0,18.263534125613354
2627,1.972,1.976,0.0040000000000000036,156,4.0,1.0,0.3,4.0,19.726470053745476
2628,2.031,2.042,0.010999999999999677,163,4.0,1.0,0.45,4.0,22.095669483454234
2629,2.004,2.005,0.0009999999999998899,219,5.0,0.0,0.15,4.0,13.96674912522228
2630,1.911,1.915,0.0040000000000000036,156,4.0,1.0,0.3,4.0,19.726470053745476
2631,2.037,2.042,0.004999999999999893,156,4.0,1.0,0.3,4.0,19.726470053745476
2632,1.923,1.924,0.0009999999999998899,219,5.0,0.0,0.15,4.0,13.96674912522228
2633,1.989,2.0,0.010999999999999899,93,3.0,2.0,0.45,4.0,36.57367588777287
2634,2.096,2.106,0.009999999999999787,93,3.0,2.0,0.45,4.0,36.57367588777287
2635,2.0170000000000003,2.021,0.0039999999999995595,156,4.0,1.0,0.3,4.0,19.726470053745476
2636,1.959,1.963,0.0040000000000000036,156,4.0,1.0,0.3,4.0,19.726470053745476
2637,1.968,1.982,0.014000000000000012,191,4.0,2.0,0.3,4.0,46.283348573725405
2638,2.01,2.0300000000000002,0.020000000000000462,100,3.0,2.0,0.6,4.0,45.80420869779847
2639,2.023,2.024,0.0009999999999998899,219,5.0,0.0,0.15,4.0,13.96674912522228
2640,2.0469999999999997,2.051,0.004000000000000448,156,4.0,1.0,0.3,4.0,19.726470053745476
2641,2.0389999999999997,2.043,0.004000000000000448,156,4.0,1.0,0.3,4.0,19.726470053745476
2642,2.043,2.048,0.004999999999999893,254,5.0,1.0,0.15,4.0,22.81177341528723
2643,2.097,2.099,0.002000000000000224,149,4.0,1.0,0.15,4.0,18.263534125613354
2644,2.093,2.1029999999999998,0.009999999999999787,93,3.0,2.0,0.45,4.0,36.57367588777287
2645,2.024,2.029,0.004999999999999893,86,3.0,2.0,0.3,4.0,32.24266343324787
2646,2.035,2.04,0.004999999999999893,156,4.0,1.0,0.3,4.0,19.726470053745476
2647,2.075,2.08,0.004999999999999893,156,4.0,1.0,0.3,4.0,19.726470053745476
2648,1.933,1.938,0.004999999999999893,156,4.0,1.0,0.3,4.0,19.726470053745476
2649,1.8840000000000001,1.8840000000000001,0.0,219,5.0,0.0,0.15,4.0,13.96674912522228
2650,1.9000000000000001,1.901,0.0009999999999998899,219,5.0,0.0,0.15,4.0,13.96674912522228
2651,1.993,1.998,0.004999999999999893,156,4.0,1.0,0.3,4.0,19.726470053745476
2652,2.1180000000000003,2.1189999999999998,0.0009999999999994458,219,5.0,0.0,0.15,4.0,13.96674912522228
2653,1.918,1.923,0.0050000000000001155,156,4.0,1.0,0.3,4.0,19.726470053745476
2654,1.935,1.936,0.0009999999999998899,219,5.0,0.0,0.15,4.0,13.96674912522228
2655,1.891,1.8920000000000001,0.001000000000000112,219,5.0,0.0,0.15,4.0,13.96674912522228
2656,2.069,2.074,0.004999999999999893,86,3.0,2.0,0.3,4.0,32.24266343324787
2657,2.066,2.076,0.010000000000000231,93,3.0,2.0,0.45,4.0,36.57367588777287
2658,1.97,1.97,0.0,219,5.0,0.0,0.15,4.0,13.96674912522228
2659,1.915,1.919,0.0040000000000000036,156,4.0,1.0,0.3,4.0,19.726470053745476
2660,1.992,1.993,0.001000000000000112,219,5.0,0.0,0.15,4.0,13.96674912522228
2661,1.855,1.86,0.0050000000000001155,156,4.0,1.0,0.3,4.0,19.726470053745476
2662,1.975,1.979,0.0040000000000000036,156,4.0,1.0,0.3,4.0,19.726470053745476
2663,1.949,1.95,0.0009999999999998899,219,5.0,0.0,0.15,4.0,13.96674912522228
2664,1.83,1.836,0.006000000000000005,254,5.0,1.0,0.15,4.0,22.81177341528723
2665,1.964,1.979,0.015000000000000124,191,4.0,2.0,0.3,4.0,46.283348573725405
2666,1.8760000000000001,1.877,0.0009999999999998899,219,5.0,0.0,0.15,4.0,13.96674912522228
2667,1.984,1.985,0.001000000000000112,219,5.0,0.0,0.15,4.0,13.96674912522228
2668,2.028,2.0380000000000003,0.010000000000000231,93,3.0,2.0,0.45,4.0,36.57367588777287
2669,1.879,1.885,0.006000000000000005,254,5.0,1.0,0.15,4.0,22.81177341528723
2670,2.106,2.1100000000000003,0.004000000000000448,156,4.0,1.0,0.3,4.0,19.726470053745476
2671,2.065,2.065,0.0,219,5.0,0.0,0.15,4.0,13.96674912522228
2672,2.043,2.048,0.004999999999999893,156,4.0,1.0,0.3,4.0,19.726470053745476
2673,2.048,2.053,0.004999999999999893,184,4.0,2.0,0.15,4.0,39.90182706802169
2674,1.944,1.945,0.001000000000000112,219,5.0,0.0,0.15,4.0,13.96674912522228
2675,1.96,1.965,0.0050000000000001155,156,4.0,1.0,0.3,4.0,19.726470053745476
2676,1.986,1.991,0.0050000000000001155,86,3.0,2.0,0.3,4.0,32.24266343324787
2677,1.911,1.916,0.004999999999999893,156,4.0,1.0,0.3,4.0,19.726470053745476
2678,2.026,2.027,0.001000000000000334,219,5.0,0.0,0.15,4.0,13.96674912522228
2679,2.056,2.061,0.004999999999999893,254,5.0,1.0,0.15,4.0,22.81177341528723
2680,1.969,1.975,0.006000000000000005,65,3.0,1.0,0.6,4.0,19.170243812504182
2681,2.019,2.02,0.0009999999999998899,219,5.0,0.0,0.15,4.0,13.96674912522228
2682,1.963,1.968,0.004999999999999893,156,4.0,1.0,0.3,4.0,19.726470053745476
2683,2.0010000000000003,2.005,0.0039999999999995595,156,4.0,1.0,0.3,4.0,19.726470053745476
2684,1.93,1.931,0.001000000000000112,219,5.0,0.0,0.15,4.0,13.96674912522228
2685,2.096,2.1,0.0040000000000000036,156,4.0,1.0,0.3,4.0,19.726470053745476
2686,1.925,1.926,0.0009999999999998899,219,5.0,0.0,0.15,4.0,13.96674912522228
2687,1.969,1.969,0.0,219,5.0,0.0,0.15,4.0,13.96674912522228
2688,2.0460000000000003,2.051,0.004999999999999893,156,4.0,1.0,0.3,4.0,19.726470053745476
2689,1.971,1.972,0.0009999999999998899,219,5.0,0.0,0.15,4.0,13.96674912522228
2690,1.965,1.98,0.014999999999999902,191,4.0,2.0,0.3,4.0,46.283348573725405
2691,1.998,2.002,0.0039999999999997815,156,4.0,1.0,0.3,4.0,19.726470053745476
2692,2.077,2.082,0.004999999999999893,156,4.0,1.0,0.3,4.0,19.726470053745476
2693,2.092,2.093,0.0009999999999998899,219,5.0,0.0,0.15,4.0,13.96674912522228
2694,1.986,1.999,0.013000000000000123,191,4.0,2.0,0.3,4.0,46.283348573725405
2695,1.981,1.986,0.004999999999999893,184,4.0,2.0,0.15,4.0,39.90182706802169
2696,1.936,1.937,0.001000000000000112,219,5.0,0.0,0.15,4.0,13.96674912522228
2697,1.917,1.93,0.0129999999999999,191,4.0,2.0,0.3,4.0,46.283348573725405
2698,1.951,1.956,0.004999999999999893,156,4.0,1.0,0.3,4.0,19.726470053745476
2699,1.99,1.994,0.0040000000000000036,156,4.0,1.0,0.3,4.0,19.726470053745476
2700,1.8900000000000001,1.8900000000000001,0.0,219,5.0,0.0,0.15,4.0,13.96674912522228
2701,2.019,2.023,0.0040000000000000036,156,4.0,1.0,0.3,4.0,19.726470053745476
2702,2.026,2.0300000000000002,0.004000000000000448,156,4.0,1.0,0.3,4.0,19.726470053745476
2703,1.956,1.961,0.0050000000000001155,156,4.0,1.0,0.3,4.0,19.726470053745476
2704,1.908,1.909,0.001000000000000112,219,5.0,0.0,0.15,4.0,13.96674912522228
2705,1.8820000000000001,1.883,0.0009999999999998899,149,4.0,1.0,0.15,4.0,18.263534125613354
2706,1.93,1.935,0.0050000000000001155,156,4.0,1.0,0.3,4.0,19.726470053745476
2707,2.133,2.137,0.0040000000000000036,254,5.0,1.0,0.15,4.0,22.81177341528723
2708,1.979,1.983,0.0040000000000000036,156,4.0,1.0,0.3,4.0,19.726470053745476
2709,2.0250000000000004,2.0300000000000002,0.004999999999999893,156,4.0,1.0,0.3,4.0,19.726470053745476
2710,1.965,1.97,0.004999999999999893,156,4.0,1.0,0.3,4.0,19.726470053745476
2711,1.962,1.962,0.0,219,5.0,0.0,0.15,4.0,13.96674912522228
2712,1.93,1.935,0.0050000000000001155,156,4.0,1.0,0.3,4.0,19.726470053745476
2713,2.016,2.0170000000000003,0.001000000000000334,219,5.0,0.0,0.15,4.0,13.96674912522228
2714,2.0090000000000003,2.0140000000000002,0.004999999999999893,156,4.0,1.0,0.3,4.0,19.726470053745476
2715,1.969,1.974,0.004999999999999893,254,5.0,1.0,0.15,4.0,22.81177341528723
2716,1.936,1.941,0.0050000000000001155,156,4.0,1.0,0.3,4.0,19.726470053745476
2717,1.911,1.916,0.004999999999999893,86,3.0,2.0,0.3,4.0,32.24266343324787
2718,2.0060000000000002,2.007,0.0009999999999998899,219,5.0,0.0,0.15,4.0,13.96674912522228
2719,1.965,1.966,0.0009999999999998899,219,5.0,0.0,0.15,4.0,13.96674912522228
2720,1.991,1.996,0.004999999999999893,156,4.0,1.0,0.3,4.0,19.726470053745476
2721,1.957,1.959,0.0020000000000000018,58,3.0,1.0,0.45,4.0,17.20520267224726
2722,1.8840000000000001,1.889,0.004999999999999893,156,4.0,1.0,0.3,4.0,19.726470053745476
2723,2.021,2.034,0.0129999999999999,289,5.0,2.0,0.15,4.0,60.92150525474049
2724,2.089,2.093,0.0040000000000000036,156,4.0,1.0,0.3,4.0,19.726470053745476
2725,1.893,1.8980000000000001,0.0050000000000001155,156,4.0,1.0,0.3,4.0,19.726470053745476
2726,1.916,1.92,0.0040000000000000036,156,4.0,1.0,0.3,4.0,19.726470053745476
2727,1.964,1.969,0.0050000000000001155,184,4.0,2.0,0.15,4.0,39.90182706802169
2728,2.005,2.0060000000000002,0.001000000000000334,219,5.0,0.0,0.15,4.0,13.96674912522228
2729,1.941,1.943,0.0020000000000000018,58,3.0,1.0,0.45,4.0,17.20520267224726
2730,2.0010000000000003,2.011,0.009999999999999787,185,4.0,2.0,0.15,5.0,49.87728383502711
2731,1.961,1.966,0.004999999999999893,156,4.0,1.0,0.3,4.0,19.726470053745476
2732,1.968,1.969,0.001000000000000112,219,5.0,0.0,0.15,4.0,13.96674912522228
2733,2.028,2.0330000000000004,0.0050000000000003375,254,5.0,1.0,0.15,4.0,22.81177341528723
2734,1.953,1.955,0.0020000000000000018,58,3.0,1.0,0.45,4.0,17.20520267224726
2735,2.076,2.081,0.004999999999999893,156,4.0,1.0,0.3,4.0,19.726470053745476
2736,1.918,1.919,0.001000000000000112,219,5.0,0.0,0.15,4.0,13.96674912522228
2737,2.027,2.028,0.0009999999999998899,219,5.0,0.0,0.15,4.0,13.96674912522228
2738,2.0060000000000002,2.007,0.0009999999999998899,219,5.0,0.0,0.15,4.0,13.96674912522228
2739,1.907,1.911,0.0040000000000000036,156,4.0,1.0,0.3,4.0,19.726470053745476
2740,1.8860000000000001,1.8900000000000001,0.0040000000000000036,156,4.0,1.0,0.3,4.0,19.726470053745476
2741,1.975,1.976,0.0009999999999998899,219,5.0,0.0,0.15,4.0,13.96674912522228
2742,1.839,1.84,0.001000000000000112,219,5.0,0.0,0.15,4.0,13.96674912522228
2743,2.028,2.029,0.0009999999999998899,219,5.0,0.0,0.15,4.0,13.96674912522228
2744,1.918,1.923,0.0050000000000001155,86,3.0,2.0,0.3,4.0,32.24266343324787
2745,2.0380000000000003,2.0469999999999997,0.008999999999999453,185,4.0,2.0,0.15,5.0,49.87728383502711
2746,1.871,1.872,0.001000000000000112,219,5.0,0.0,0.15,4.0,13.96674912522228
2747,1.982,1.987,0.0050000000000001155,156,4.0,1.0,0.3,4.0,19.726470053745476
2748,1.997,2.011,0.014000000000000012,191,4.0,2.0,0.3,4.0,46.283348573725405
2749,1.9060000000000001,1.91,0.0039999999999997815,156,4.0,1.0,0.3,4.0,19.726470053745476
2750,2.059,2.059,0.0,219,5.0,0.0,0.15,4.0,13.96674912522228
2751,2.021,2.023,0.002000000000000224,58,3.0,1.0,0.45,4.0,17.20520267224726
2752,1.931,1.943,0.01200000000000001,163,4.0,1.0,0.45,4.0,22.095669483454234
2753,1.874,1.8800000000000001,0.006000000000000005,65,3.0,1.0,0.6,4.0,19.170243812504182
2754,2.011,2.015,0.0040000000000000036,156,4.0,1.0,0.3,4.0,19.726470053745476
2755,1.989,1.991,0.0020000000000000018,58,3.0,1.0,0.45,4.0,17.20520267224726
2756,1.997,1.998,0.0009999999999998899,149,4.0,1.0,0.15,4.0,18.263534125613354
2757,1.865,1.869,0.0040000000000000036,156,4.0,1.0,0.3,4.0,19.726470053745476
2758,1.905,1.91,0.004999999999999893,156,4.0,1.0,0.3,4.0,19.726470053745476
2759,1.933,1.937,0.0040000000000000036,156,4.0,1.0,0.3,4.0,19.726470053745476
2760,2.109,2.114,0.004999999999999893,156,4.0,1.0,0.3,4.0,19.726470053745476
2761,1.992,1.997,0.0050000000000001155,184,4.0,2.0,0.15,4.0,39.90182706802169
2762,1.943,1.943,0.0,121,4.0,0.0,0.3,4.0,12.452110192925703
2763,1.945,1.945,0.0,247,5.0,1.0,0.0,4.0,21.420113577190087
2764,1.966,1.967,0.001000000000000112,219,5.0,0.0,0.15,4.0,13.96674912522228
2765,1.965,1.969,0.0040000000000000036,156,4.0,1.0,0.3,4.0,19.726470053745476
2766,2.037,2.0380000000000003,0.001000000000000334,219,5.0,0.0,0.15,4.0,13.96674912522228
2767,2.0540000000000003,2.056,0.0019999999999997797,149,4.0,1.0,0.15,4.0,18.263534125613354
2768,1.969,1.973,0.0040000000000000036,156,4.0,1.0,0.3,4.0,19.726470053745476
2769,2.0469999999999997,2.052,0.0050000000000003375,156,4.0,1.0,0.3,4.0,19.726470053745476
2770,2.0869999999999997,2.092,0.0050000000000003375,156,4.0,1.0,0.3,4.0,19.726470053745476
2771,1.992,1.993,0.001000000000000112,219,5.0,0.0,0.15,4.0,13.96674912522228
2772,1.995,1.996,0.0009999999999998899,219,5.0,0.0,0.15,4.0,13.96674912522228
2773,1.975,1.979,0.0040000000000000036,156,4.0,1.0,0.3,4.0,19.726470053745476
2774,2.005,2.01,0.004999999999999893,86,3.0,2.0,0.3,4.0,32.24266343324787
2775,2.0380000000000003,2.042,0.0039999999999995595,156,4.0,1.0,0.3,4.0,19.726470053745476
2776,1.873,1.879,0.006000000000000005,254,5.0,1.0,0.15,4.0,22.81177341528723
2777,1.905,1.9060000000000001,0.001000000000000112,219,5.0,0.0,0.15,4.0,13.96674912522228
2778,1.895,1.899,0.0040000000000000036,156,4.0,1.0,0.3,4.0,19.726470053745476
2779,2.042,2.0460000000000003,0.004000000000000448,156,4.0,1.0,0.3,4.0,19.726470053745476
2780,1.979,1.984,0.004999999999999893,156,4.0,1.0,0.3,4.0,19.726470053745476
2781,2.01,2.015,0.0050000000000003375,156,4.0,1.0,0.3,4.0,19.726470053745476
2782,1.872,1.877,0.004999999999999893,86,3.0,2.0,0.3,4.0,32.24266343324787
2783,1.9000000000000001,1.905,0.004999999999999893,254,5.0,1.0,0.15,4.0,22.81177341528723
2784,2.005,2.0220000000000002,0.017000000000000348,261,5.0,1.0,0.3,4.0,25.260631670972717
2785,1.879,1.889,0.010000000000000009,93,3.0,2.0,0.45,4.0,36.57367588777287
2786,2.02,2.0220000000000002,0.002000000000000224,149,4.0,1.0,0.15,4.0,18.263534125613354
2787,1.921,1.931,0.010000000000000009,93,3.0,2.0,0.45,4.0,36.57367588777287
2788,2.018,2.018,0.0,219,5.0,0.0,0.15,4.0,13.96674912522228
2789,1.986,1.987,0.001000000000000112,219,5.0,0.0,0.15,4.0,13.96674912522228
2790,1.973,1.978,0.004999999999999893,156,4.0,1.0,0.3,4.0,19.726470053745476
2791,1.978,1.979,0.001000000000000112,149,4.0,1.0,0.15,4.0,18.263534125613354
2792,1.869,1.871,0.0020000000000000018,58,3.0,1.0,0.45,4.0,17.20520267224726
2793,1.973,1.977,0.0040000000000000036,156,4.0,1.0,0.3,4.0,19.726470053745476
2794,2.0949999999999998,2.1,0.0050000000000003375,254,5.0,1.0,0.15,4.0,22.81177341528723
2795,1.943,1.945,0.0020000000000000018,58,3.0,1.0,0.45,4.0,17.20520267224726
2796,2.003,2.004,0.0009999999999998899,149,4.0,1.0,0.15,4.0,18.263534125613354
2797,2.019,2.028,0.008999999999999897,93,3.0,2.0,0.45,4.0,36.57367588777287
2798,1.907,1.911,0.0040000000000000036,86,3.0,2.0,0.3,4.0,32.24266343324787
2799,1.996,1.997,0.001000000000000112,219,5.0,0.0,0.15,4.0,13.96674912522228
2800,2.073,2.0780000000000003,0.0050000000000003375,156,4.0,1.0,0.3,4.0,19.726470053745476
2801,1.98,1.981,0.001000000000000112,219,5.0,0.0,0.15,4.0,13.96674912522228
2802,2.02,2.026,0.005999999999999783,65,3.0,1.0,0.6,4.0,19.170243812504182
2803,1.97,1.97,0.0,219,5.0,0.0,0.15,4.0,13.96674912522228
2804,1.955,1.956,0.0009999999999998899,219,5.0,0.0,0.15,4.0,13.96674912522228
2805,1.891,1.8960000000000001,0.0050000000000001155,156,4.0,1.0,0.3,4.0,19.726470053745476
2806,1.977,1.978,0.0009999999999998899,219,5.0,0.0,0.15,4.0,13.96674912522228
2807,2.007,2.012,0.004999999999999893,156,4.0,1.0,0.3,4.0,19.726470053745476
2808,2.1,2.104,0.0040000000000000036,156,4.0,1.0,0.3,4.0,19.726470053745476
2809,1.994,1.994,0.0,219,5.0,0.0,0.15,4.0,13.96674912522228
2810,1.891,1.8960000000000001,0.0050000000000001155,254,5.0,1.0,0.15,4.0,22.81177341528723
2811,1.954,1.959,0.0050000000000001155,156,4.0,1.0,0.3,4.0,19.726470053745476
2812,2.0010000000000003,2.002,0.0009999999999994458,219,5.0,0.0,0.15,4.0,13.96674912522228
2813,1.941,1.942,0.0009999999999998899,219,5.0,0.0,0.15,4.0,13.96674912522228
2814,1.9000000000000001,1.905,0.004999999999999893,156,4.0,1.0,0.3,4.0,19.726470053745476
2815,1.861,1.866,0.0050000000000001155,156,4.0,1.0,0.3,4.0,19.726470053745476
2816,2.011,2.016,0.004999999999999893,65,3.0,1.0,0.6,4.0,19.170243812504182
2817,2.034,2.035,0.001000000000000334,219,5.0,0.0,0.15,4.0,13.96674912522228
2818,2.044,2.049,0.004999999999999893,156,4.0,1.0,0.3,4.0,19.726470053745476
2819,2.011,2.015,0.0040000000000000036,156,4.0,1.0,0.3,4.0,19.726470053745476
2820,1.998,2.003,0.0050000000000001155,156,4.0,1.0,0.3,4.0,19.726470053745476
2821,2.0629999999999997,2.068,0.0050000000000003375,156,4.0,1.0,0.3,4.0,19.726470053745476
2822,1.905,1.909,0.0040000000000000036,156,4.0,1.0,0.3,4.0,19.726470053745476
2823,2.0540000000000003,2.059,0.004999999999999893,254,5.0,1.0,0.15,4.0,22.81177341528723
2824,1.985,1.985,0.0,247,5.0,1.0,0.0,4.0,21.420113577190087
2825,1.868,1.869,0.0009999999999998899,219,5.0,0.0,0.15,4.0,13.96674912522228
2826,1.957,1.962,0.004999999999999893,254,5.0,1.0,0.15,4.0,22.81177341528723
2827,1.927,1.928,0.0009999999999998899,219,5.0,0.0,0.15,4.0,13.96674912522228
2828,2.132,2.137,0.004999999999999893,86,3.0,2.0,0.3,4.0,32.24266343324787
2829,2.02,2.021,0.0009999999999998899,149,4.0,1.0,0.15,4.0,18.263534125613354
2830,2.041,2.043,0.002000000000000224,58,3.0,1.0,0.45,4.0,17.20520267224726
2831,1.91,1.915,0.0050000000000001155,156,4.0,1.0,0.3,4.0,19.726470053745476
2832,2.01,2.016,0.006000000000000227,65,3.0,1.0,0.6,4.0,19.170243812504182
2833,1.94,1.941,0.001000000000000112,219,5.0,0.0,0.15,4.0,13.96674912522228
2834,2.064,2.068,0.0040000000000000036,156,4.0,1.0,0.3,4.0,19.726470053745476
2835,1.8760000000000001,1.877,0.0009999999999998899,219,5.0,0.0,0.15,4.0,13.96674912522228
2836,2.0090000000000003,2.0140000000000002,0.004999999999999893,254,5.0,1.0,0.15,4.0,22.81177341528723
2837,1.955,1.961,0.006000000000000005,254,5.0,1.0,0.15,4.0,22.81177341528723
2838,1.985,1.987,0.0020000000000000018,149,4.0,1.0,0.15,4.0,18.263534125613354
2839,1.992,1.996,0.0040000000000000036,156,4.0,1.0,0.3,4.0,19.726470053745476
2840,2.0389999999999997,2.04,0.001000000000000334,219,5.0,0.0,0.15,4.0,13.96674912522228
2841,2.0060000000000002,2.0170000000000003,0.01100000000000012,93,3.0,2.0,0.45,4.0,36.57367588777287
2842,1.996,2.0,0.0040000000000000036,156,4.0,1.0,0.3,4.0,19.726470053745476
2843,2.097,2.101,0.0040000000000000036,156,4.0,1.0,0.3,4.0,19.726470053745476
2844,2.0549999999999997,2.058,0.0030000000000001137,156,4.0,1.0,0.3,4.0,19.726470053745476
2845,1.992,1.994,0.0020000000000000018,226,5.0,0.0,0.3,4.0,14.468913019092193
2846,1.976,1.981,0.0050000000000001155,254,5.0,1.0,0.15,4.0,22.81177341528723
2847,1.965,1.97,0.004999999999999893,156,4.0,1.0,0.3,4.0,19.726470053745476
2848,2.01,2.0140000000000002,0.004000000000000448,156,4.0,1.0,0.3,4.0,19.726470053745476
2849,2.013,2.019,0.006000000000000227,254,5.0,1.0,0.15,4.0,22.81177341528723
2850,1.985,1.996,0.010999999999999899,93,3.0,2.0,0.45,4.0,36.57367588777287
2851,1.941,1.945,0.0040000000000000036,156,4.0,1.0,0.3,4.0,19.726470053745476
2852,1.996,2.0060000000000002,0.010000000000000231,87,3.0,2.0,0.3,5.0,40.30332929155984
2853,2.056,2.081,0.02499999999999991,192,4.0,2.0,0.3,5.0,57.85418571715676
2854,2.0060000000000002,2.01,0.0039999999999995595,156,4.0,1.0,0.3,4.0,19.726470053745476
2855,1.953,1.963,0.010000000000000009,93,3.0,2.0,0.45,4.0,36.57367588777287
2856,1.997,1.998,0.0009999999999998899,219,5.0,0.0,0.15,4.0,13.96674912522228
2857,2.091,2.091,0.0,219,5.0,0.0,0.15,4.0,13.96674912522228
2858,2.0330000000000004,2.0380000000000003,0.004999999999999893,156,4.0,1.0,0.3,4.0,19.726470053745476
2859,2.021,2.026,0.004999999999999893,156,4.0,1.0,0.3,4.0,19.726470053745476
2860,2.013,2.0140000000000002,0.001000000000000334,149,4.0,1.0,0.15,4.0,18.263534125613354
2861,1.9020000000000001,1.913,0.010999999999999899,93,3.0,2.0,0.45,4.0,36.57367588777287
2862,1.891,1.8920000000000001,0.001000000000000112,219,5.0,0.0,0.15,4.0,13.96674912522228
2863,1.968,1.973,0.0050000000000001155,156,4.0,1.0,0.3,4.0,19.726470053745476
2864,1.998,2.004,0.006000000000000005,254,5.0,1.0,0.15,4.0,22.81177341528723
2865,1.824,1.825,0.0009999999999998899,219,5.0,0.0,0.15,4.0,13.96674912522228
2866,1.8760000000000001,1.8860000000000001,0.010000000000000009,93,3.0,2.0,0.45,4.0,36.57367588777287
2867,1.99,1.99,0.0,247,5.0,1.0,0.0,4.0,21.420113577190087
2868,1.945,1.951,0.006000000000000005,254,5.0,1.0,0.15,4.0,22.81177341528723
2869,2.031,2.031,0.0,247,5.0,1.0,0.0,4.0,21.420113577190087
2870,2.059,2.0629999999999997,0.0039999999999995595,156,4.0,1.0,0.3,4.0,19.726470053745476
2871,2.042,2.0469999999999997,0.004999999999999893,156,4.0,1.0,0.3,4.0,19.726470053745476
2872,2.0250000000000004,2.029,0.0039999999999995595,156,4.0,1.0,0.3,4.0,19.726470053745476
2873,2.044,2.048,0.0040000000000000036,156,4.0,1.0,0.3,4.0,19.726470053745476
2874,2.081,2.0860000000000003,0.0050000000000003375,254,5.0,1.0,0.15,4.0,22.81177341528723
2875,2.09,2.1,0.010000000000000231,93,3.0,2.0,0.45,4.0,36.57367588777287
2876,1.993,1.994,0.0009999999999998899,219,5.0,0.0,0.15,4.0,13.96674912522228
2877,1.938,1.943,0.0050000000000001155,156,4.0,1.0,0.3,4.0,19.726470053745476
2878,2.075,2.077,0.0019999999999997797,58,3.0,1.0,0.45,4.0,17.20520267224726
2879,2.0780000000000003,2.083,0.004999999999999893,156,4.0,1.0,0.3,4.0,19.726470053745476
2880,1.8800000000000001,1.8840000000000001,0.0040000000000000036,156,4.0,1.0,0.3,4.0,19.726470053745476
2881,2.066,2.067,0.001000000000000334,219,5.0,0.0,0.15,4.0,13.96674912522228
2882,1.897,1.9020000000000001,0.0050000000000001155,254,5.0,1.0,0.15,4.0,22.81177341528723
2883,2.0140000000000002,2.015,0.0009999999999998899,219,5.0,0.0,0.15,4.0,13.96674912522228
2884,2.164,2.165,0.0009999999999998899,219,5.0,0.0,0.15,4.0,13.96674912522228
2885,1.977,1.982,0.004999999999999893,254,5.0,1.0,0.15,4.0,22.81177341528723
2886,2.0,2.002,0.0019999999999997797,149,4.0,1.0,0.15,4.0,18.263534125613354
2887,2.004,2.004,0.0,219,5.0,0.0,0.15,4.0,13.96674912522228
2888,1.95,1.956,0.006000000000000005,254,5.0,1.0,0.15,4.0,22.81177341528723
2889,1.895,1.901,0.006000000000000005,254,5.0,1.0,0.15,4.0,22.81177341528723
2890,2.114,2.1189999999999998,0.004999999999999893,86,3.0,2.0,0.3,4.0,32.24266343324787
2891,1.903,1.9040000000000001,0.001000000000000112,149,4.0,1.0,0.15,4.0,18.263534125613354
2892,1.941,1.942,0.0009999999999998899,219,5.0,0.0,0.15,4.0,13.96674912522228
2893,2.093,2.098,0.004999999999999893,156,4.0,1.0,0.3,4.0,19.726470053745476
2894,1.893,1.907,0.014000000000000012,191,4.0,2.0,0.3,4.0,46.283348573725405
2895,1.844,1.845,0.0009999999999998899,219,5.0,0.0,0.15,4.0,13.96674912522228
2896,2.067,2.088,0.020999999999999908,290,5.0,2.0,0.15,5.0,76.15188156842561
2897,1.978,1.98,0.0020000000000000018,79,3.0,2.0,0.15,4.0,30.044253224096934
2898,1.96,1.964,0.0040000000000000036,156,4.0,1.0,0.3,4.0,19.726470053745476
2899,2.002,2.0060000000000002,0.004000000000000448,156,4.0,1.0,0.3,4.0,19.726470053745476
2900,1.853,1.863,0.010000000000000009,93,3.0,2.0,0.45,4.0,36.57367588777287
2901,1.861,1.862,0.001000000000000112,219,5.0,0.0,0.15,4.0,13.96674912522228
2902,1.972,1.976,0.0040000000000000036,156,4.0,1.0,0.3,4.0,19.726470053745476
2903,1.989,2.002,0.012999999999999678,191,4.0,2.0,0.3,4.0,46.283348573725405
2904,1.9060000000000001,1.908,0.0019999999999997797,79,3.0,2.0,0.15,4.0,30.044253224096934
2905,2.0250000000000004,2.035,0.009999999999999787,93,3.0,2.0,0.45,4.0,36.57367588777287
2906,2.01,2.015,0.0050000000000003375,156,4.0,1.0,0.3,4.0,19.726470053745476
2907,1.972,1.978,0.006000000000000005,254,5.0,1.0,0.15,4.0,22.81177341528723
2908,2.011,2.016,0.004999999999999893,65,3.0,1.0,0.6,4.0,19.170243812504182
2909,1.948,1.953,0.0050000000000001155,254,5.0,1.0,0.15,4.0,22.81177341528723
2910,2.032,2.036,0.0040000000000000036,156,4.0,1.0,0.3,4.0,19.726470053745476
2911,1.972,1.977,0.0050000000000001155,156,4.0,1.0,0.3,4.0,19.726470053745476
2912,2.002,2.007,0.0050000000000003375,86,3.0,2.0,0.3,4.0,32.24266343324787
2913,1.966,1.967,0.001000000000000112,219,5.0,0.0,0.15,4.0,13.96674912522228
2914,1.859,1.864,0.0050000000000001155,254,5.0,1.0,0.15,4.0,22.81177341528723
2915,1.985,1.985,0.0,219,5.0,0.0,0.15,4.0,13.96674912522228
2916,2.034,2.044,0.010000000000000231,93,3.0,2.0,0.45,4.0,36.57367588777287
2917,1.943,1.945,0.0020000000000000018,58,3.0,1.0,0.45,4.0,17.20520267224726
2918,2.008,2.012,0.0040000000000000036,156,4.0,1.0,0.3,4.0,19.726470053745476
2919,2.157,2.162,0.004999999999999893,254,5.0,1.0,0.15,4.0,22.81177341528723
2920,1.955,1.959,0.0040000000000000036,156,4.0,1.0,0.3,4.0,19.726470053745476
2921,1.92,1.921,0.001000000000000112,219,5.0,0.0,0.15,4.0,13.96674912522228
2922,1.883,1.8840000000000001,0.001000000000000112,219,5.0,0.0,0.15,4.0,13.96674912522228
2923,1.987,1.992,0.004999999999999893,156,4.0,1.0,0.3,4.0,19.726470053745476
2924,2.154,2.154,0.0,219,5.0,0.0,0.15,4.0,13.96674912522228
2925,2.004,2.01,0.005999999999999783,254,5.0,1.0,0.15,4.0,22.81177341528723
2926,1.924,1.925,0.001000000000000112,219,5.0,0.0,0.15,4.0,13.96674912522228
2927,1.992,1.994,0.0020000000000000018,79,3.0,2.0,0.15,4.0,30.044253224096934
2928,2.1420000000000003,2.143,0.0009999999999994458,149,4.0,1.0,0.15,4.0,18.263534125613354
2929,1.934,1.934,0.0,219,5.0,0.0,0.15,4.0,13.96674912522228
2930,1.933,1.938,0.004999999999999893,254,5.0,1.0,0.15,4.0,22.81177341528723
2931,2.035,2.037,0.0019999999999997797,58,3.0,1.0,0.45,4.0,17.20520267224726
2932,1.967,1.968,0.0009999999999998899,219,5.0,0.0,0.15,4.0,13.96674912522228
2933,2.0060000000000002,2.011,0.004999999999999893,156,4.0,1.0,0.3,4.0,19.726470053745476
2934,1.923,1.923,0.0,317,6.0,0.0,0.0,4.0,15.790232470456287
2935,2.02,2.0250000000000004,0.0050000000000003375,86,3.0,2.0,0.3,4.0,32.24266343324787
2936,1.874,1.875,0.0009999999999998899,149,4.0,1.0,0.15,4.0,18.263534125613354
2937,1.961,1.965,0.0040000000000000036,156,4.0,1.0,0.3,4.0,19.726470053745476
2938,1.972,1.976,0.0040000000000000036,156,4.0,1.0,0.3,4.0,19.726470053745476
2939,1.923,1.923,0.0,219,5.0,0.0,0.15,4.0,13.96674912522228
2940,1.91,1.914,0.0040000000000000036,156,4.0,1.0,0.3,4.0,19.726470053745476
2941,1.976,1.981,0.0050000000000001155,156,4.0,1.0,0.3,4.0,19.726470053745476
2942,1.948,1.958,0.010000000000000009,93,3.0,2.0,0.45,4.0,36.57367588777287
2943,1.915,1.919,0.0040000000000000036,156,4.0,1.0,0.3,4.0,19.726470053745476
2944,1.974,1.978,0.0040000000000000036,156,4.0,1.0,0.3,4.0,19.726470053745476
2945,2.135,2.136,0.001000000000000334,219,5.0,0.0,0.15,4.0,13.96674912522228
2946,1.968,1.968,0.0,213,5.0,0.0,0.0,5.0,16.79480500020191
2947,1.965,1.965,0.0,219,5.0,0.0,0.15,4.0,13.96674912522228
2948,1.978,1.979,0.001000000000000112,219,5.0,0.0,0.15,4.0,13.96674912522228
2949,1.924,1.929,0.0050000000000001155,156,4.0,1.0,0.3,4.0,19.726470053745476
2950,2.003,2.004,0.0009999999999998899,219,5.0,0.0,0.15,4.0,13.96674912522228
2951,2.0330000000000004,2.0380000000000003,0.004999999999999893,184,4.0,2.0,0.15,4.0,39.90182706802169
2952,1.997,1.998,0.0009999999999998899,219,5.0,0.0,0.15,4.0,13.96674912522228
2953,1.975,1.975,0.0,219,5.0,0.0,0.15,4.0,13.96674912522228
2954,2.0060000000000002,2.021,0.01499999999999968,191,4.0,2.0,0.3,4.0,46.283348573725405
2955,1.948,1.949,0.001000000000000112,219,5.0,0.0,0.15,4.0,13.96674912522228
2956,2.044,2.049,0.004999999999999893,156,4.0,1.0,0.3,4.0,19.726470053745476
2957,1.974,1.978,0.0040000000000000036,156,4.0,1.0,0.3,4.0,19.726470053745476
2958,1.999,2.005,0.005999999999999783,254,5.0,1.0,0.15,4.0,22.81177341528723
2959,1.995,2.0,0.004999999999999893,156,4.0,1.0,0.3,4.0,19.726470053745476
2960,1.829,1.834,0.0050000000000001155,254,5.0,1.0,0.15,4.0,22.81177341528723
2961,2.05,2.051,0.001000000000000334,219,5.0,0.0,0.15,4.0,13.96674912522228
2962,2.0330000000000004,2.034,0.0009999999999994458,149,4.0,1.0,0.15,4.0,18.263534125613354
2963,2.0,2.0010000000000003,0.001000000000000334,219,5.0,0.0,0.15,4.0,13.96674912522228
2964,1.972,1.977,0.0050000000000001155,254,5.0,1.0,0.15,4.0,22.81177341528723
2965,1.946,1.956,0.010000000000000009,93,3.0,2.0,0.45,4.0,36.57367588777287
2966,2.052,2.0629999999999997,0.010999999999999677,93,3.0,2.0,0.45,4.0,36.57367588777287
2967,2.031,2.037,0.005999999999999783,254,5.0,1.0,0.15,4.0,22.81177341528723
2968,1.967,1.972,0.004999999999999893,86,3.0,2.0,0.3,4.0,32.24266343324787
2969,1.997,2.002,0.004999999999999671,254,5.0,1.0,0.15,4.0,22.81177341528723
2970,1.881,1.8860000000000001,0.0050000000000001155,156,4.0,1.0,0.3,4.0,19.726470053745476
2971,2.0250000000000004,2.0300000000000002,0.004999999999999893,156,4.0,1.0,0.3,4.0,19.726470053745476
2972,1.8840000000000001,1.885,0.0009999999999998899,219,5.0,0.0,0.15,4.0,13.96674912522228
2973,2.076,2.0860000000000003,0.010000000000000231,93,3.0,2.0,0.45,4.0,36.57367588777287
2974,2.037,2.041,0.0040000000000000036,156,4.0,1.0,0.3,4.0,19.726470053745476
2975,2.01,2.015,0.0050000000000003375,156,4.0,1.0,0.3,4.0,19.726470053745476
2976,1.938,1.943,0.0050000000000001155,254,5.0,1.0,0.15,4.0,22.81177341528723
2977,1.897,1.899,0.0020000000000000018,58,3.0,1.0,0.45,4.0,17.20520267224726
2978,2.005,2.01,0.004999999999999893,156,4.0,1.0,0.3,4.0,19.726470053745476
2979,1.907,1.912,0.004999999999999893,254,5.0,1.0,0.15,4.0,22.81177341528723
2980,2.066,2.0709999999999997,0.004999999999999893,156,4.0,1.0,0.3,4.0,19.726470053745476
2981,2.003,2.008,0.004999999999999893,156,4.0,1.0,0.3,4.0,19.726470053745476
2982,1.932,1.937,0.0050000000000001155,254,5.0,1.0,0.15,4.0,22.81177341528723
2983,1.917,1.917,0.0,283,5.0,2.0,0.0,5.0,66.4098739739585
2984,2.06,2.064,0.0040000000000000036,86,3.0,2.0,0.3,4.0,32.24266343324787
2985,2.075,2.08,0.004999999999999893,156,4.0,1.0,0.3,4.0,19.726470053745476
2986,2.0060000000000002,2.01,0.0039999999999995595,156,4.0,1.0,0.3,4.0,19.726470053745476
2987,1.956,1.96,0.0040000000000000036,156,4.0,1.0,0.3,4.0,19.726470053745476
2988,2.0940000000000003,2.0940000000000003,0.0,219,5.0,0.0,0.15,4.0,13.96674912522228
2989,1.955,1.96,0.004999999999999893,86,3.0,2.0,0.3,4.0,32.24266343324787
2990,1.963,1.968,0.004999999999999893,156,4.0,1.0,0.3,4.0,19.726470053745476
2991,2.0,2.0060000000000002,0.006000000000000227,65,3.0,1.0,0.6,4.0,19.170243812504182
2992,1.899,1.9040000000000001,0.0050000000000001155,184,4.0,2.0,0.15,4.0,39.90182706802169
2993,1.982,1.982,0.0,219,5.0,0.0,0.15,4.0,13.96674912522228
2994,2.0060000000000002,2.011,0.004999999999999893,86,3.0,2.0,0.3,4.0,32.24266343324787
2995,2.108,2.113,0.004999999999999893,156,4.0,1.0,0.3,4.0,19.726470053745476
2996,1.935,1.94,0.004999999999999893,86,3.0,2.0,0.3,4.0,32.24266343324787
2997,1.989,1.991,0.0020000000000000018,58,3.0,1.0,0.45,4.0,17.20520267224726
2998,1.9040000000000001,1.905,0.0009999999999998899,219,5.0,0.0,0.15,4.0,13.96674912522228
2999,1.959,1.961,0.0020000000000000018,58,3.0,1.0,0.45,4.0,17.20520267224726
3000,1.933,1.934,0.0009999999999998899,219,5.0,0.0,0.15,4.0,13.96674912522228
3001,1.975,1.98,0.004999999999999893,254,5.0,1.0,0.15,4.0,22.81177341528723
3002,1.958,1.96,0.0020000000000000018,58,3.0,1.0,0.45,4.0,17.20520267224726
3003,2.027,2.031,0.0040000000000000036,156,4.0,1.0,0.3,4.0,19.726470053745476
3004,1.941,1.945,0.0040000000000000036,156,4.0,1.0,0.3,4.0,19.726470053745476
3005,1.947,1.952,0.004999999999999893,254,5.0,1.0,0.15,4.0,22.81177341528723
3006,1.973,1.977,0.0040000000000000036,156,4.0,1.0,0.3,4.0,19.726470053745476
3007,1.909,1.915,0.006000000000000005,254,5.0,1.0,0.15,4.0,22.81177341528723
3008,1.972,1.986,0.014000000000000012,191,4.0,2.0,0.3,4.0,46.283348573725405
3009,1.923,1.934,0.010999999999999899,93,3.0,2.0,0.45,4.0,36.57367588777287
3010,1.916,1.917,0.001000000000000112,219,5.0,0.0,0.15,4.0,13.96674912522228
3011,2.127,2.128,0.001000000000000334,51,3.0,1.0,0.3,4.0,15.99277515480869
3012,1.95,1.954,0.0040000000000000036,156,4.0,1.0,0.3,4.0,19.726470053745476
3013,2.076,2.076,0.0,178,4.0,2.0,0.0,5.0,46.43816282340671
3014,1.907,1.913,0.006000000000000005,254,5.0,1.0,0.15,4.0,22.81177341528723
3015,1.934,1.938,0.0040000000000000036,156,4.0,1.0,0.3,4.0,19.726470053745476
3016,1.95,1.956,0.006000000000000005,254,5.0,1.0,0.15,4.0,22.81177341528723
3017,2.0629999999999997,2.064,0.001000000000000334,219,5.0,0.0,0.15,4.0,13.96674912522228
3018,1.954,1.96,0.006000000000000005,254,5.0,1.0,0.15,4.0,22.81177341528723
3019,1.916,1.918,0.0020000000000000018,149,4.0,1.0,0.15,4.0,18.263534125613354
3020,2.137,2.1420000000000003,0.0050000000000003375,254,5.0,1.0,0.15,4.0,22.81177341528723
3021,1.912,1.916,0.0040000000000000036,156,4.0,1.0,0.3,4.0,19.726470053745476
3022,2.058,2.0620000000000003,0.004000000000000448,156,4.0,1.0,0.3,4.0,19.726470053745476
3023,1.9020000000000001,1.9020000000000001,0.0,219,5.0,0.0,0.15,4.0,13.96674912522228
3024,1.918,1.922,0.0040000000000000036,156,4.0,1.0,0.3,4.0,19.726470053745476
3025,2.005,2.0060000000000002,0.001000000000000334,149,4.0,1.0,0.15,4.0,18.263534125613354
3026,2.057,2.061,0.0040000000000000036,156,4.0,1.0,0.3,4.0,19.726470053745476
3027,1.934,1.938,0.0040000000000000036,156,4.0,1.0,0.3,4.0,19.726470053745476
3028,2.007,2.012,0.004999999999999893,324,6.0,0.0,0.15,4.0,16.193866213510642
3029,2.028,2.0330000000000004,0.0050000000000003375,86,3.0,2.0,0.3,4.0,32.24266343324787
3030,1.921,1.927,0.006000000000000005,254,5.0,1.0,0.15,4.0,22.81177341528723
3031,1.96,1.97,0.010000000000000009,93,3.0,2.0,0.45,4.0,36.57367588777287
3032,1.903,1.908,0.004999999999999893,86,3.0,2.0,0.3,4.0,32.24266343324787
3033,1.998,1.999,0.001000000000000112,219,5.0,0.0,0.15,4.0,13.96674912522228
3034,2.1109999999999998,2.116,0.0050000000000003375,254,5.0,1.0,0.15,4.0,22.81177341528723
3035,1.8940000000000001,1.8940000000000001,0.0,219,5.0,0.0,0.15,4.0,13.96674912522228
3036,1.955,1.959,0.0040000000000000036,156,4.0,1.0,0.3,4.0,19.726470053745476
3037,1.8840000000000001,1.8860000000000001,0.0020000000000000018,149,4.0,1.0,0.15,4.0,18.263534125613354
3038,2.074,2.0789999999999997,0.004999999999999893,254,5.0,1.0,0.15,4.0,22.81177341528723
3039,1.912,1.917,0.0050000000000001155,254,5.0,1.0,0.15,4.0,22.81177341528723
3040,1.999,2.0010000000000003,0.002000000000000224,149,4.0,1.0,0.15,4.0,18.263534125613354
3041,2.072,2.076,0.0040000000000000036,156,4.0,1.0,0.3,4.0,19.726470053745476
3042,1.989,1.994,0.004999999999999893,156,4.0,1.0,0.3,4.0,19.726470053745476
3043,1.978,1.979,0.001000000000000112,219,5.0,0.0,0.15,4.0,13.96674912522228
3044,1.924,1.929,0.0050000000000001155,156,4.0,1.0,0.3,4.0,19.726470053745476
3045,2.036,2.04,0.0040000000000000036,156,4.0,1.0,0.3,4.0,19.726470053745476
3046,2.0469999999999997,2.052,0.0050000000000003375,254,5.0,1.0,0.15,4.0,22.81177341528723
3047,1.952,1.952,0.0,219,5.0,0.0,0.15,4.0,13.96674912522228
3048,1.978,1.979,0.001000000000000112,219,5.0,0.0,0.15,4.0,13.96674912522228
3049,1.927,1.932,0.004999999999999893,156,4.0,1.0,0.3,4.0,19.726470053745476
3050,2.049,2.05,0.0009999999999998899,219,5.0,0.0,0.15,4.0,13.96674912522228
3051,1.915,1.919,0.0040000000000000036,156,4.0,1.0,0.3,4.0,19.726470053745476
3052,2.037,2.0380000000000003,0.001000000000000334,219,5.0,0.0,0.15,4.0,13.96674912522228
3053,1.997,2.002,0.004999999999999671,156,4.0,1.0,0.3,4.0,19.726470053745476
3054,1.956,1.957,0.001000000000000112,219,5.0,0.0,0.15,4.0,13.96674912522228
3055,1.987,1.992,0.004999999999999893,156,4.0,1.0,0.3,4.0,19.726470053745476
3056,2.069,2.074,0.004999999999999893,156,4.0,1.0,0.3,4.0,19.726470053745476
3057,1.943,1.948,0.004999999999999893,86,3.0,2.0,0.3,4.0,32.24266343324787
3058,2.074,2.0789999999999997,0.004999999999999893,254,5.0,1.0,0.15,4.0,22.81177341528723
3059,1.932,1.933,0.001000000000000112,219,5.0,0.0,0.15,4.0,13.96674912522228
3060,2.0220000000000002,2.027,0.004999999999999893,156,4.0,1.0,0.3,4.0,19.726470053745476
3061,2.0170000000000003,2.026,0.008999999999999453,93,3.0,2.0,0.45,4.0,36.57367588777287
3062,2.0170000000000003,2.018,0.0009999999999994458,219,5.0,0.0,0.15,4.0,13.96674912522228
3063,1.867,1.871,0.0040000000000000036,156,4.0,1.0,0.3,4.0,19.726470053745476
3064,2.0629999999999997,2.064,0.001000000000000334,51,3.0,1.0,0.3,4.0,15.99277515480869
3065,1.994,1.999,0.0050000000000001155,254,5.0,1.0,0.15,4.0,22.81177341528723
3066,1.903,1.908,0.004999999999999893,156,4.0,1.0,0.3,4.0,19.726470053745476
3067,1.957,1.961,0.0040000000000000036,86,3.0,2.0,0.3,4.0,32.24266343324787
3068,1.938,1.939,0.001000000000000112,149,4.0,1.0,0.15,4.0,18.263534125613354
3069,2.0860000000000003,2.0869999999999997,0.0009999999999994458,219,5.0,0.0,0.15,4.0,13.96674912522228
3070,2.041,2.0460000000000003,0.0050000000000003375,156,4.0,1.0,0.3,4.0,19.726470053745476
3071,1.973,1.974,0.0009999999999998899,149,4.0,1.0,0.15,4.0,18.263534125613354
3072,1.997,2.002,0.004999999999999671,156,4.0,1.0,0.3,4.0,19.726470053745476
3073,1.945,1.951,0.006000000000000005,254,5.0,1.0,0.15,4.0,22.81177341528723
3074,2.0060000000000002,2.007,0.0009999999999998899,219,5.0,0.0,0.15,4.0,13.96674912522228
3075,2.152,2.153,0.0009999999999998899,219,5.0,0.0,0.15,4.0,13.96674912522228
3076,1.991,1.995,0.0040000000000000036,156,4.0,1.0,0.3,4.0,19.726470053745476
3077,1.931,1.935,0.0040000000000000036,156,4.0,1.0,0.3,4.0,19.726470053745476
3078,2.0170000000000003,2.0220000000000002,0.004999999999999893,156,4.0,1.0,0.3,4.0,19.726470053745476
3079,1.891,1.901,0.010000000000000009,185,4.0,2.0,0.15,5.0,49.87728383502711
3080,1.955,1.96,0.004999999999999893,156,4.0,1.0,0.3,4.0,19.726470053745476
3081,1.848,1.848,0.0,219,5.0,0.0,0.15,4.0,13.96674912522228
3082,1.919,1.924,0.004999999999999893,156,4.0,1.0,0.3,4.0,19.726470053745476
3083,1.937,1.948,0.010999999999999899,93,3.0,2.0,0.45,4.0,36.57367588777287
3084,1.945,1.95,0.004999999999999893,156,4.0,1.0,0.3,4.0,19.726470053745476
3085,1.8920000000000001,1.893,0.0009999999999998899,219,5.0,0.0,0.15,4.0,13.96674912522228
3086,2.013,2.0170000000000003,0.004000000000000448,86,3.0,2.0,0.3,4.0,32.24266343324787
3087,2.076,2.08,0.0040000000000000036,156,4.0,1.0,0.3,4.0,19.726470053745476
3088,2.092,2.0949999999999998,0.0029999999999996696,226,5.0,0.0,0.3,4.0,14.468913019092193
3089,2.083,2.083,0.0,219,5.0,0.0,0.15,4.0,13.96674912522228
3090,1.984,1.989,0.0050000000000001155,86,3.0,2.0,0.3,4.0,32.24266343324787
3091,1.938,1.94,0.0020000000000000018,79,3.0,2.0,0.15,4.0,30.044253224096934
3092,2.1630000000000003,2.167,0.0039999999999995595,324,6.0,0.0,0.15,4.0,16.193866213510642
3093,1.8840000000000001,1.8880000000000001,0.0040000000000000036,156,4.0,1.0,0.3,4.0,19.726470053745476
3094,1.94,1.945,0.0050000000000001155,254,5.0,1.0,0.15,4.0,22.81177341528723
3095,1.988,1.988,0.0,219,5.0,0.0,0.15,4.0,13.96674912522228
3096,1.961,1.966,0.004999999999999893,156,4.0,1.0,0.3,4.0,19.726470053745476
3097,1.987,1.991,0.0040000000000000036,156,4.0,1.0,0.3,4.0,19.726470053745476
3098,2.043,2.044,0.0009999999999998899,219,5.0,0.0,0.15,4.0,13.96674912522228
3099,1.926,1.93,0.0040000000000000036,156,4.0,1.0,0.3,4.0,19.726470053745476
3100,2.0330000000000004,2.0380000000000003,0.004999999999999893,86,3.0,2.0,0.3,4.0,32.24266343324787
3101,1.937,1.937,0.0,219,5.0,0.0,0.15,4.0,13.96674912522228
3102,2.061,2.0620000000000003,0.001000000000000334,219,5.0,0.0,0.15,4.0,13.96674912522228
3103,1.812,1.813,0.0009999999999998899,219,5.0,0.0,0.15,4.0,13.96674912522228
3104,1.8920000000000001,1.9020000000000001,0.010000000000000009,93,3.0,2.0,0.45,4.0,36.57367588777287
3105,2.002,2.002,0.0,219,5.0,0.0,0.15,4.0,13.96674912522228
3106,1.969,1.974,0.004999999999999893,254,5.0,1.0,0.15,4.0,22.81177341528723
3107,1.934,1.938,0.0040000000000000036,156,4.0,1.0,0.3,4.0,19.726470053745476
3108,2.0540000000000003,2.059,0.004999999999999893,156,4.0,1.0,0.3,4.0,19.726470053745476
3109,1.965,1.966,0.0009999999999998899,219,5.0,0.0,0.15,4.0,13.96674912522228
3110,1.961,1.968,0.006999999999999895,65,3.0,1.0,0.6,4.0,19.170243812504182
3111,1.974,1.974,0.0,219,5.0,0.0,0.15,4.0,13.96674912522228
3112,1.983,1.988,0.004999999999999893,184,4.0,2.0,0.15,4.0,39.90182706802169
3113,1.979,1.983,0.0040000000000000036,156,4.0,1.0,0.3,4.0,19.726470053745476
3114,2.026,2.031,0.0050000000000003375,254,5.0,1.0,0.15,4.0,22.81177341528723
3115,1.8840000000000001,1.8880000000000001,0.0040000000000000036,156,4.0,1.0,0.3,4.0,19.726470053745476
3116,2.036,2.041,0.004999999999999893,254,5.0,1.0,0.15,4.0,22.81177341528723
3117,1.98,1.985,0.0050000000000001155,156,4.0,1.0,0.3,4.0,19.726470053745476
3118,2.028,2.0330000000000004,0.0050000000000003375,156,4.0,1.0,0.3,4.0,19.726470053745476
3119,1.985,2.005,0.019999999999999796,290,5.0,2.0,0.15,5.0,76.15188156842561
3120,1.942,1.947,0.0050000000000001155,86,3.0,2.0,0.3,4.0,32.24266343324787
3121,2.023,2.028,0.004999999999999893,65,3.0,1.0,0.6,4.0,19.170243812504182
3122,1.99,1.994,0.0040000000000000036,156,4.0,1.0,0.3,4.0,19.726470053745476
3123,1.8860000000000001,1.891,0.004999999999999893,156,4.0,1.0,0.3,4.0,19.726470053745476
3124,1.9060000000000001,1.91,0.0039999999999997815,156,4.0,1.0,0.3,4.0,19.726470053745476
3125,2.0700000000000003,2.0700000000000003,0.0,219,5.0,0.0,0.15,4.0,13.96674912522228
3126,2.058,2.068,0.010000000000000231,93,3.0,2.0,0.45,4.0,36.57367588777287
3127,1.981,1.987,0.006000000000000005,254,5.0,1.0,0.15,4.0,22.81177341528723
3128,2.06,2.065,0.004999999999999893,254,5.0,1.0,0.15,4.0,22.81177341528723
3129,2.004,2.008,0.0040000000000000036,156,4.0,1.0,0.3,4.0,19.726470053745476
3130,1.867,1.872,0.0050000000000001155,254,5.0,1.0,0.15,4.0,22.81177341528723
3131,2.0170000000000003,2.0170000000000003,0.0,219,5.0,0.0,0.15,4.0,13.96674912522228
3132,1.999,2.005,0.005999999999999783,254,5.0,1.0,0.15,4.0,22.81177341528723
3133,2.068,2.072,0.0040000000000000036,156,4.0,1.0,0.3,4.0,19.726470053745476
3134,2.072,2.076,0.0040000000000000036,156,4.0,1.0,0.3,4.0,19.726470053745476
3135,2.026,2.027,0.001000000000000334,219,5.0,0.0,0.15,4.0,13.96674912522228
3136,2.0220000000000002,2.027,0.004999999999999893,254,5.0,1.0,0.15,4.0,22.81177341528723
3137,2.084,2.097,0.0129999999999999,191,4.0,2.0,0.3,4.0,46.283348573725405
3138,1.992,1.993,0.001000000000000112,219,5.0,0.0,0.15,4.0,13.96674912522228
3139,1.984,1.985,0.001000000000000112,219,5.0,0.0,0.15,4.0,13.96674912522228
3140,1.999,2.003,0.0040000000000000036,156,4.0,1.0,0.3,4.0,19.726470053745476
3141,2.057,2.061,0.0040000000000000036,156,4.0,1.0,0.3,4.0,19.726470053745476
3142,1.925,1.926,0.0009999999999998899,219,5.0,0.0,0.15,4.0,13.96674912522228
3143,1.8840000000000001,1.889,0.004999999999999893,254,5.0,1.0,0.15,4.0,22.81177341528723
3144,1.93,1.931,0.001000000000000112,149,4.0,1.0,0.15,4.0,18.263534125613354
3145,1.998,2.0,0.0020000000000000018,149,4.0,1.0,0.15,4.0,18.263534125613354
3146,1.913,1.918,0.004999999999999893,156,4.0,1.0,0.3,4.0,19.726470053745476
3147,2.008,2.013,0.004999999999999893,254,5.0,1.0,0.15,4.0,22.81177341528723
3148,1.968,1.968,0.0,219,5.0,0.0,0.15,4.0,13.96674912522228
3149,2.044,2.048,0.0040000000000000036,156,4.0,1.0,0.3,4.0,19.726470053745476
3150,2.0389999999999997,2.044,0.0050000000000003375,254,5.0,1.0,0.15,4.0,22.81177341528723
3151,1.978,1.983,0.0050000000000001155,156,4.0,1.0,0.3,4.0,19.726470053745476
3152,1.946,1.951,0.0050000000000001155,156,4.0,1.0,0.3,4.0,19.726470053745476
3153,1.857,1.863,0.006000000000000005,254,5.0,1.0,0.15,4.0,22.81177341528723
3154,2.049,2.05,0.0009999999999998899,219,5.0,0.0,0.15,4.0,13.96674912522228
3155,1.944,1.948,0.0040000000000000036,324,6.0,0.0,0.15,4.0,16.193866213510642
3156,2.01,2.02,0.010000000000000231,93,3.0,2.0,0.45,4.0,36.57367588777287
3157,1.943,1.953,0.010000000000000009,93,3.0,2.0,0.45,4.0,36.57367588777287
3158,2.01,2.01,0.0,219,5.0,0.0,0.15,4.0,13.96674912522228
3159,1.937,1.938,0.0009999999999998899,219,5.0,0.0,0.15,4.0,13.96674912522228
3160,1.98,1.984,0.0040000000000000036,156,4.0,1.0,0.3,4.0,19.726470053745476
3161,1.969,1.974,0.004999999999999893,156,4.0,1.0,0.3,4.0,19.726470053745476
3162,2.027,2.031,0.0040000000000000036,156,4.0,1.0,0.3,4.0,19.726470053745476
3163,1.962,1.967,0.0050000000000001155,254,5.0,1.0,0.15,4.0,22.81177341528723
3164,2.105,2.106,0.0009999999999998899,219,5.0,0.0,0.15,4.0,13.96674912522228
3165,1.958,1.969,0.01100000000000012,93,3.0,2.0,0.45,4.0,36.57367588777287
3166,2.02,2.021,0.0009999999999998899,219,5.0,0.0,0.15,4.0,13.96674912522228
3167,2.067,2.072,0.004999999999999893,86,3.0,2.0,0.3,4.0,32.24266343324787
3168,1.986,1.997,0.01100000000000012,163,4.0,1.0,0.45,4.0,22.095669483454234
3169,1.982,1.986,0.0040000000000000036,156,4.0,1.0,0.3,4.0,19.726470053745476
3170,2.0010000000000003,2.002,0.0009999999999994458,149,4.0,1.0,0.15,4.0,18.263534125613354
3171,2.1340000000000003,2.1390000000000002,0.004999999999999893,86,3.0,2.0,0.3,4.0,32.24266343324787
3172,2.0469999999999997,2.068,0.02100000000000035,290,5.0,2.0,0.15,5.0,76.15188156842561
3173,2.043,2.0469999999999997,0.0039999999999995595,156,4.0,1.0,0.3,4.0,19.726470053745476
3174,1.952,1.952,0.0,219,5.0,0.0,0.15,4.0,13.96674912522228
3175,1.879,1.8840000000000001,0.0050000000000001155,156,4.0,1.0,0.3,4.0,19.726470053745476
3176,1.933,1.939,0.006000000000000005,254,5.0,1.0,0.15,4.0,22.81177341528723
3177,1.911,1.918,0.006999999999999895,65,3.0,1.0,0.6,4.0,19.170243812504182
3178,1.974,1.979,0.0050000000000001155,156,4.0,1.0,0.3,4.0,19.726470053745476
3179,2.016,2.018,0.0019999999999997797,58,3.0,1.0,0.45,4.0,17.20520267224726
3180,1.841,1.847,0.006000000000000005,65,3.0,1.0,0.6,4.0,19.170243812504182
3181,1.97,1.97,0.0,219,5.0,0.0,0.15,4.0,13.96674912522228
3182,1.9020000000000001,1.903,0.0009999999999998899,219,5.0,0.0,0.15,4.0,13.96674912522228
3183,2.0380000000000003,2.0389999999999997,0.0009999999999994458,149,4.0,1.0,0.15,4.0,18.263534125613354
3184,2.0010000000000003,2.0060000000000002,0.004999999999999893,156,4.0,1.0,0.3,4.0,19.726470053745476
3185,1.949,1.954,0.004999999999999893,156,4.0,1.0,0.3,4.0,19.726470053745476
3186,2.041,2.0460000000000003,0.0050000000000003375,86,3.0,2.0,0.3,4.0,32.24266343324787
3187,2.1109999999999998,2.116,0.0050000000000003375,254,5.0,1.0,0.15,4.0,22.81177341528723
3188,2.0220000000000002,2.023,0.0009999999999998899,219,5.0,0.0,0.15,4.0,13.96674912522228
3189,1.968,1.968,0.0,219,5.0,0.0,0.15,4.0,13.96674912522228
3190,1.996,2.0,0.0040000000000000036,156,4.0,1.0,0.3,4.0,19.726470053745476
3191,1.959,1.964,0.004999999999999893,86,3.0,2.0,0.3,4.0,32.24266343324787
3192,1.95,1.961,0.01100000000000012,93,3.0,2.0,0.45,4.0,36.57367588777287
3193,1.968,1.973,0.0050000000000001155,156,4.0,1.0,0.3,4.0,19.726470053745476
3194,1.964,1.97,0.006000000000000005,254,5.0,1.0,0.15,4.0,22.81177341528723
3195,2.008,2.0140000000000002,0.006000000000000227,254,5.0,1.0,0.15,4.0,22.81177341528723
3196,1.959,1.965,0.006000000000000005,254,5.0,1.0,0.15,4.0,22.81177341528723
3197,2.0220000000000002,2.023,0.0009999999999998899,149,4.0,1.0,0.15,4.0,18.263534125613354
3198,2.005,2.01,0.004999999999999893,86,3.0,2.0,0.3,4.0,32.24266343324787
3199,1.919,1.923,0.0040000000000000036,156,4.0,1.0,0.3,4.0,19.726470053745476
3200,1.8800000000000001,1.881,0.0009999999999998899,219,5.0,0.0,0.15,4.0,13.96674912522228
3201,1.994,1.995,0.001000000000000112,149,4.0,1.0,0.15,4.0,18.263534125613354
3202,2.032,2.036,0.0040000000000000036,156,4.0,1.0,0.3,4.0,19.726470053745476
3203,1.998,2.002,0.0039999999999997815,156,4.0,1.0,0.3,4.0,19.726470053745476
3204,1.9040000000000001,1.9040000000000001,0.0,219,5.0,0.0,0.15,4.0,13.96674912522228
3205,1.933,1.938,0.004999999999999893,156,4.0,1.0,0.3,4.0,19.726470053745476
3206,2.067,2.069,0.0019999999999997797,149,4.0,1.0,0.15,4.0,18.263534125613354
3207,2.106,2.107,0.001000000000000334,219,5.0,0.0,0.15,4.0,13.96674912522228
3208,2.148,2.1500000000000004,0.002000000000000224,58,3.0,1.0,0.45,4.0,17.20520267224726
3209,1.982,1.992,0.010000000000000009,93,3.0,2.0,0.45,4.0,36.57367588777287
3210,1.959,1.96,0.0009999999999998899,219,5.0,0.0,0.15,4.0,13.96674912522228
3211,1.962,1.964,0.0020000000000000018,58,3.0,1.0,0.45,4.0,17.20520267224726
3212,2.004,2.0090000000000003,0.0050000000000003375,156,4.0,1.0,0.3,4.0,19.726470053745476
3213,2.066,2.0709999999999997,0.004999999999999893,254,5.0,1.0,0.15,4.0,22.81177341528723
3214,2.129,2.1340000000000003,0.0050000000000003375,156,4.0,1.0,0.3,4.0,19.726470053745476
3215,1.959,1.959,0.0,247,5.0,1.0,0.0,4.0,21.420113577190087
3216,2.034,2.0389999999999997,0.004999999999999893,156,4.0,1.0,0.3,4.0,19.726470053745476
3217,1.925,1.929,0.0040000000000000036,156,4.0,1.0,0.3,4.0,19.726470053745476
3218,2.027,2.032,0.004999999999999893,156,4.0,1.0,0.3,4.0,19.726470053745476
3219,2.0549999999999997,2.06,0.0050000000000003375,254,5.0,1.0,0.15,4.0,22.81177341528723
3220,2.098,2.109,0.01100000000000012,93,3.0,2.0,0.45,4.0,36.57367588777287
3221,1.946,1.947,0.001000000000000112,219,5.0,0.0,0.15,4.0,13.96674912522228
3222,1.983,1.984,0.0009999999999998899,219,5.0,0.0,0.15,4.0,13.96674912522228
3223,2.027,2.028,0.0009999999999998899,149,4.0,1.0,0.15,4.0,18.263534125613354
3224,1.996,2.0090000000000003,0.013000000000000345,191,4.0,2.0,0.3,4.0,46.283348573725405
3225,2.061,2.065,0.0040000000000000036,156,4.0,1.0,0.3,4.0,19.726470053745476
3226,2.052,2.056,0.0040000000000000036,156,4.0,1.0,0.3,4.0,19.726470053745476
3227,2.048,2.049,0.0009999999999998899,219,5.0,0.0,0.15,4.0,13.96674912522228
3228,1.924,1.925,0.001000000000000112,219,5.0,0.0,0.15,4.0,13.96674912522228
3229,2.012,2.013,0.0009999999999998899,149,4.0,1.0,0.15,4.0,18.263534125613354
3230,2.082,2.083,0.001000000000000334,219,5.0,0.0,0.15,4.0,13.96674912522228
3231,2.066,2.0709999999999997,0.004999999999999893,254,5.0,1.0,0.15,4.0,22.81177341528723
3232,1.998,2.008,0.010000000000000009,93,3.0,2.0,0.45,4.0,36.57367588777287
3233,1.962,1.967,0.0050000000000001155,156,4.0,1.0,0.3,4.0,19.726470053745476
3234,1.91,1.915,0.0050000000000001155,254,5.0,1.0,0.15,4.0,22.81177341528723
3235,1.967,1.971,0.0040000000000000036,156,4.0,1.0,0.3,4.0,19.726470053745476
3236,1.916,1.921,0.0050000000000001155,156,4.0,1.0,0.3,4.0,19.726470053745476
3237,1.8840000000000001,1.8880000000000001,0.0040000000000000036,156,4.0,1.0,0.3,4.0,19.726470053745476
3238,1.922,1.926,0.0040000000000000036,86,3.0,2.0,0.3,4.0,32.24266343324787
3239,1.953,1.958,0.004999999999999893,156,4.0,1.0,0.3,4.0,19.726470053745476
3240,2.082,2.0860000000000003,0.004000000000000448,156,4.0,1.0,0.3,4.0,19.726470053745476
3241,1.935,1.941,0.006000000000000005,254,5.0,1.0,0.15,4.0,22.81177341528723
3242,1.8960000000000001,1.901,0.004999999999999893,254,5.0,1.0,0.15,4.0,22.81177341528723
3243,1.939,1.949,0.010000000000000009,93,3.0,2.0,0.45,4.0,36.57367588777287
3244,2.026,2.0300000000000002,0.004000000000000448,156,4.0,1.0,0.3,4.0,19.726470053745476
3245,2.048,2.052,0.0040000000000000036,156,4.0,1.0,0.3,4.0,19.726470053745476
3246,1.978,1.983,0.0050000000000001155,156,4.0,1.0,0.3,4.0,19.726470053745476
3247,1.95,1.955,0.0050000000000001155,156,4.0,1.0,0.3,4.0,19.726470053745476
3248,2.0460000000000003,2.051,0.004999999999999893,156,4.0,1.0,0.3,4.0,19.726470053745476
3249,2.035,2.04,0.004999999999999893,156,4.0,1.0,0.3,4.0,19.726470053745476
3250,2.107,2.107,0.0,219,5.0,0.0,0.15,4.0,13.96674912522228
3251,1.864,1.865,0.0009999999999998899,219,5.0,0.0,0.15,4.0,13.96674912522228
3252,1.866,1.871,0.004999999999999893,156,4.0,1.0,0.3,4.0,19.726470053745476
3253,1.979,1.983,0.0040000000000000036,156,4.0,1.0,0.3,4.0,19.726470053745476
3254,1.942,1.947,0.0050000000000001155,156,4.0,1.0,0.3,4.0,19.726470053745476
3255,2.17,2.1710000000000003,0.001000000000000334,219,5.0,0.0,0.15,4.0,13.96674912522228
3256,2.004,2.0090000000000003,0.0050000000000003375,156,4.0,1.0,0.3,4.0,19.726470053745476
3257,2.0300000000000002,2.034,0.0039999999999995595,156,4.0,1.0,0.3,4.0,19.726470053745476
3258,1.8800000000000001,1.885,0.004999999999999893,86,3.0,2.0,0.3,4.0,32.24266343324787
3259,1.963,1.964,0.0009999999999998899,219,5.0,0.0,0.15,4.0,13.96674912522228
3260,1.899,1.9000000000000001,0.001000000000000112,219,5.0,0.0,0.15,4.0,13.96674912522228
3261,1.8900000000000001,1.8900000000000001,0.0,219,5.0,0.0,0.15,4.0,13.96674912522228
3262,2.0170000000000003,2.023,0.005999999999999783,254,5.0,1.0,0.15,4.0,22.81177341528723
3263,1.962,1.967,0.0050000000000001155,86,3.0,2.0,0.3,4.0,32.24266343324787
3264,1.923,1.924,0.0009999999999998899,219,5.0,0.0,0.15,4.0,13.96674912522228
3265,2.021,2.026,0.004999999999999893,156,4.0,1.0,0.3,4.0,19.726470053745476
3266,2.016,2.021,0.004999999999999893,254,5.0,1.0,0.15,4.0,22.81177341528723
3267,2.0140000000000002,2.019,0.004999999999999893,156,4.0,1.0,0.3,4.0,19.726470053745476
3268,2.066,2.067,0.001000000000000334,149,4.0,1.0,0.15,4.0,18.263534125613354
3269,1.943,1.948,0.004999999999999893,254,5.0,1.0,0.15,4.0,22.81177341528723
3270,2.096,2.101,0.004999999999999893,254,5.0,1.0,0.15,4.0,22.81177341528723
3271,1.934,1.944,0.010000000000000009,93,3.0,2.0,0.45,4.0,36.57367588777287
3272,1.956,1.96,0.0040000000000000036,156,4.0,1.0,0.3,4.0,19.726470053745476
3273,2.0300000000000002,2.04,0.009999999999999787,93,3.0,2.0,0.45,4.0,36.57367588777287
3274,1.923,1.928,0.004999999999999893,156,4.0,1.0,0.3,4.0,19.726470053745476
3275,2.026,2.027,0.001000000000000334,219,5.0,0.0,0.15,4.0,13.96674912522228
3276,1.936,1.936,0.0,219,5.0,0.0,0.15,4.0,13.96674912522228
3277,1.86,1.864,0.0040000000000000036,156,4.0,1.0,0.3,4.0,19.726470053745476
3278,1.98,1.985,0.0050000000000001155,254,5.0,1.0,0.15,4.0,22.81177341528723
3279,2.007,2.011,0.0040000000000000036,156,4.0,1.0,0.3,4.0,19.726470053745476
3280,1.99,1.995,0.0050000000000001155,156,4.0,1.0,0.3,4.0,19.726470053745476
3281,1.979,1.982,0.0029999999999998916,226,5.0,0.0,0.3,4.0,14.468913019092193
3282,1.859,1.86,0.001000000000000112,219,5.0,0.0,0.15,4.0,13.96674912522228
3283,1.943,1.953,0.010000000000000009,93,3.0,2.0,0.45,4.0,36.57367588777287
3284,2.037,2.042,0.004999999999999893,184,4.0,2.0,0.15,4.0,39.90182706802169
3285,1.998,2.0090000000000003,0.011000000000000343,163,4.0,1.0,0.45,4.0,22.095669483454234
3286,1.966,1.97,0.0040000000000000036,156,4.0,1.0,0.3,4.0,19.726470053745476
3287,2.008,2.0090000000000003,0.001000000000000334,219,5.0,0.0,0.15,4.0,13.96674912522228
3288,1.8860000000000001,1.8860000000000001,0.0,219,5.0,0.0,0.15,4.0,13.96674912522228
3289,1.857,1.859,0.0020000000000000018,58,3.0,1.0,0.45,4.0,17.20520267224726
3290,1.986,1.986,0.0,219,5.0,0.0,0.15,4.0,13.96674912522228
3291,2.125,2.141,0.016000000000000014,261,5.0,1.0,0.3,4.0,25.260631670972717
3292,1.965,1.966,0.0009999999999998899,219,5.0,0.0,0.15,4.0,13.96674912522228
3293,1.961,1.966,0.004999999999999893,156,4.0,1.0,0.3,4.0,19.726470053745476
3294,2.1260000000000003,2.127,0.0009999999999994458,219,5.0,0.0,0.15,4.0,13.96674912522228
3295,1.909,1.915,0.006000000000000005,254,5.0,1.0,0.15,4.0,22.81177341528723
3296,2.029,2.0330000000000004,0.004000000000000448,156,4.0,1.0,0.3,4.0,19.726470053745476
3297,2.106,2.1109999999999998,0.004999999999999893,156,4.0,1.0,0.3,4.0,19.726470053745476
3298,1.915,1.919,0.0040000000000000036,156,4.0,1.0,0.3,4.0,19.726470053745476
3299,2.0140000000000002,2.018,0.0039999999999995595,156,4.0,1.0,0.3,4.0,19.726470053745476
3300,2.138,2.143,0.004999999999999893,86,3.0,2.0,0.3,4.0,32.24266343324787
3301,1.915,1.915,0.0,219,5.0,0.0,0.15,4.0,13.96674912522228
3302,2.059,2.064,0.004999999999999893,254,5.0,1.0,0.15,4.0,22.81177341528723
3303,2.068,2.077,0.008999999999999897,93,3.0,2.0,0.45,4.0,36.57367588777287
3304,1.945,1.945,0.0,219,5.0,0.0,0.15,4.0,13.96674912522228
3305,2.0140000000000002,2.015,0.0009999999999998899,219,5.0,0.0,0.15,4.0,13.96674912522228
3306,1.879,1.883,0.0040000000000000036,156,4.0,1.0,0.3,4.0,19.726470053745476
3307,1.956,1.962,0.006000000000000005,254,5.0,1.0,0.15,4.0,22.81177341528723
3308,1.909,1.91,0.0009999999999998899,219,5.0,0.0,0.15,4.0,13.96674912522228
3309,2.011,2.0220000000000002,0.01100000000000012,93,3.0,2.0,0.45,4.0,36.57367588777287
3310,2.064,2.069,0.004999999999999893,86,3.0,2.0,0.3,4.0,32.24266343324787
3311,2.029,2.034,0.004999999999999893,156,4.0,1.0,0.3,4.0,19.726470053745476
3312,1.975,1.979,0.0040000000000000036,86,3.0,2.0,0.3,4.0,32.24266343324787
3313,2.026,2.031,0.0050000000000003375,184,4.0,2.0,0.15,4.0,39.90182706802169
3314,1.969,1.974,0.004999999999999893,86,3.0,2.0,0.3,4.0,32.24266343324787
3315,2.082,2.082,0.0,219,5.0,0.0,0.15,4.0,13.96674912522228
3316,1.861,1.862,0.001000000000000112,149,4.0,1.0,0.15,4.0,18.263534125613354
3317,1.996,1.996,0.0,219,5.0,0.0,0.15,4.0,13.96674912522228
3318,1.974,1.978,0.0040000000000000036,156,4.0,1.0,0.3,4.0,19.726470053745476
3319,1.991,2.002,0.010999999999999677,93,3.0,2.0,0.45,4.0,36.57367588777287
3320,2.0140000000000002,2.015,0.0009999999999998899,219,5.0,0.0,0.15,4.0,13.96674912522228
3321,2.037,2.043,0.006000000000000227,254,5.0,1.0,0.15,4.0,22.81177341528723
3322,2.0789999999999997,2.084,0.0050000000000003375,156,4.0,1.0,0.3,4.0,19.726470053745476
3323,1.921,1.924,0.0029999999999998916,58,3.0,1.0,0.45,4.0,17.20520267224726
3324,1.92,1.921,0.001000000000000112,219,5.0,0.0,0.15,4.0,13.96674912522228
3325,2.036,2.037,0.0009999999999998899,219,5.0,0.0,0.15,4.0,13.96674912522228
3326,1.954,1.959,0.0050000000000001155,86,3.0,2.0,0.3,4.0,32.24266343324787
3327,1.956,1.957,0.001000000000000112,219,5.0,0.0,0.15,4.0,13.96674912522228
3328,1.961,1.961,0.0,219,5.0,0.0,0.15,4.0,13.96674912522228
3329,2.0389999999999997,2.04,0.001000000000000334,219,5.0,0.0,0.15,4.0,13.96674912522228
3330,1.854,1.855,0.0009999999999998899,219,5.0,0.0,0.15,4.0,13.96674912522228
3331,2.032,2.0330000000000004,0.001000000000000334,219,5.0,0.0,0.15,4.0,13.96674912522228
3332,2.004,2.004,0.0,219,5.0,0.0,0.15,4.0,13.96674912522228
3333,1.924,1.929,0.0050000000000001155,86,3.0,2.0,0.3,4.0,32.24266343324787
3334,2.066,2.0700000000000003,0.004000000000000448,156,4.0,1.0,0.3,4.0,19.726470053745476
3335,2.0540000000000003,2.056,0.0019999999999997797,58,3.0,1.0,0.45,4.0,17.20520267224726
3336,1.961,1.962,0.0009999999999998899,219,5.0,0.0,0.15,4.0,13.96674912522228
3337,1.916,1.92,0.0040000000000000036,156,4.0,1.0,0.3,4.0,19.726470053745476
3338,1.913,1.914,0.0009999999999998899,219,5.0,0.0,0.15,4.0,13.96674912522228
3339,1.9060000000000001,1.911,0.004999999999999893,156,4.0,1.0,0.3,4.0,19.726470053745476
3340,2.029,2.04,0.01100000000000012,93,3.0,2.0,0.45,4.0,36.57367588777287
3341,1.995,1.999,0.0040000000000000036,156,4.0,1.0,0.3,4.0,19.726470053745476
3342,1.881,1.8860000000000001,0.0050000000000001155,86,3.0,2.0,0.3,4.0,32.24266343324787
3343,1.992,1.993,0.001000000000000112,219,5.0,0.0,0.15,4.0,13.96674912522228
3344,1.935,1.935,0.0,219,5.0,0.0,0.15,4.0,13.96674912522228
3345,2.051,2.0549999999999997,0.0039999999999995595,156,4.0,1.0,0.3,4.0,19.726470053745476
3346,1.976,1.981,0.0050000000000001155,156,4.0,1.0,0.3,4.0,19.726470053745476
3347,2.0140000000000002,2.019,0.004999999999999893,86,3.0,2.0,0.3,4.0,32.24266343324787
3348,1.864,1.87,0.006000000000000005,184,4.0,2.0,0.15,4.0,39.90182706802169
3349,1.9060000000000001,1.92,0.01399999999999979,191,4.0,2.0,0.3,4.0,46.283348573725405
3350,1.981,1.986,0.004999999999999893,156,4.0,1.0,0.3,4.0,19.726470053745476
3351,2.0090000000000003,2.01,0.0009999999999994458,219,5.0,0.0,0.15,4.0,13.96674912522228
3352,2.0300000000000002,2.036,0.005999999999999783,254,5.0,1.0,0.15,4.0,22.81177341528723
3353,1.958,1.959,0.001000000000000112,219,5.0,0.0,0.15,4.0,13.96674912522228
3354,2.075,2.0789999999999997,0.0039999999999995595,86,3.0,2.0,0.3,4.0,32.24266343324787
3355,2.027,2.031,0.0040000000000000036,156,4.0,1.0,0.3,4.0,19.726470053745476
3356,1.94,1.941,0.001000000000000112,219,5.0,0.0,0.15,4.0,13.96674912522228
3357,2.069,2.074,0.004999999999999893,156,4.0,1.0,0.3,4.0,19.726470053745476
3358,1.931,1.932,0.0009999999999998899,219,5.0,0.0,0.15,4.0,13.96674912522228
3359,2.051,2.067,0.016000000000000014,261,5.0,1.0,0.3,4.0,25.260631670972717
3360,2.02,2.021,0.0009999999999998899,219,5.0,0.0,0.15,4.0,13.96674912522228
3361,1.918,1.928,0.010000000000000009,93,3.0,2.0,0.45,4.0,36.57367588777287
3362,1.957,1.957,0.0,219,5.0,0.0,0.15,4.0,13.96674912522228
3363,2.056,2.061,0.004999999999999893,86,3.0,2.0,0.3,4.0,32.24266343324787
3364,2.05,2.051,0.001000000000000334,219,5.0,0.0,0.15,4.0,13.96674912522228
3365,1.935,1.94,0.004999999999999893,254,5.0,1.0,0.15,4.0,22.81177341528723
3366,1.899,1.9040000000000001,0.0050000000000001155,86,3.0,2.0,0.3,4.0,32.24266343324787
3367,1.881,1.8860000000000001,0.0050000000000001155,156,4.0,1.0,0.3,4.0,19.726470053745476
3368,2.01,2.0140000000000002,0.004000000000000448,156,4.0,1.0,0.3,4.0,19.726470053745476
3369,2.065,2.0700000000000003,0.0050000000000003375,156,4.0,1.0,0.3,4.0,19.726470053745476
3370,1.9020000000000001,1.907,0.004999999999999893,156,4.0,1.0,0.3,4.0,19.726470053745476
3371,2.007,2.0170000000000003,0.010000000000000231,93,3.0,2.0,0.45,4.0,36.57367588777287
3372,2.048,2.06,0.01200000000000001,163,4.0,1.0,0.45,4.0,22.095669483454234
3373,2.0170000000000003,2.0220000000000002,0.004999999999999893,156,4.0,1.0,0.3,4.0,19.726470053745476
3374,2.011,2.015,0.0040000000000000036,156,4.0,1.0,0.3,4.0,19.726470053745476
3375,2.008,2.01,0.0019999999999997797,149,4.0,1.0,0.15,4.0,18.263534125613354
3376,2.019,2.023,0.0040000000000000036,156,4.0,1.0,0.3,4.0,19.726470053745476
3377,1.966,1.971,0.0050000000000001155,254,5.0,1.0,0.15,4.0,22.81177341528723
3378,1.967,1.971,0.0040000000000000036,156,4.0,1.0,0.3,4.0,19.726470053745476
3379,2.0629999999999997,2.073,0.010000000000000231,93,3.0,2.0,0.45,4.0,36.57367588777287
3380,1.947,1.952,0.004999999999999893,254,5.0,1.0,0.15,4.0,22.81177341528723
3381,2.005,2.005,0.0,121,4.0,0.0,0.3,4.0,12.452110192925703
3382,1.953,1.957,0.0040000000000000036,156,4.0,1.0,0.3,4.0,19.726470053745476
3383,1.974,1.979,0.0050000000000001155,156,4.0,1.0,0.3,4.0,19.726470053745476
3384,2.041,2.042,0.0009999999999998899,219,5.0,0.0,0.15,4.0,13.96674912522228
3385,2.0090000000000003,2.0140000000000002,0.004999999999999893,254,5.0,1.0,0.15,4.0,22.81177341528723
3386,2.021,2.027,0.006000000000000227,254,5.0,1.0,0.15,4.0,22.81177341528723
3387,1.8900000000000001,1.8900000000000001,0.0,219,5.0,0.0,0.15,4.0,13.96674912522228
3388,2.007,2.008,0.0009999999999998899,219,5.0,0.0,0.15,4.0,13.96674912522228
3389,1.9040000000000001,1.9060000000000001,0.0020000000000000018,58,3.0,1.0,0.45,4.0,17.20520267224726
3390,1.972,1.977,0.0050000000000001155,86,3.0,2.0,0.3,4.0,32.24266343324787
3391,1.974,1.985,0.01100000000000012,93,3.0,2.0,0.45,4.0,36.57367588777287
3392,2.003,2.007,0.0040000000000000036,156,4.0,1.0,0.3,4.0,19.726470053745476
3393,1.993,2.016,0.02299999999999991,100,3.0,2.0,0.6,4.0,45.80420869779847
3394,1.945,1.945,0.0,121,4.0,0.0,0.3,4.0,12.452110192925703
3395,2.141,2.146,0.004999999999999893,156,4.0,1.0,0.3,4.0,19.726470053745476
3396,1.98,1.983,0.0030000000000001137,58,3.0,1.0,0.45,4.0,17.20520267224726
3397,1.859,1.86,0.001000000000000112,219,5.0,0.0,0.15,4.0,13.96674912522228
3398,1.905,1.905,0.0,317,6.0,0.0,0.0,4.0,15.790232470456287
3399,2.0549999999999997,2.056,0.001000000000000334,149,4.0,1.0,0.15,4.0,18.263534125613354
3400,1.962,1.963,0.001000000000000112,219,5.0,0.0,0.15,4.0,13.96674912522228
3401,1.966,1.967,0.001000000000000112,219,5.0,0.0,0.15,4.0,13.96674912522228
3402,1.96,1.96,0.0,219,5.0,0.0,0.15,4.0,13.96674912522228
3403,1.831,1.836,0.0050000000000001155,254,5.0,1.0,0.15,4.0,22.81177341528723
3404,1.936,1.94,0.0040000000000000036,156,4.0,1.0,0.3,4.0,19.726470053745476
3405,1.8780000000000001,1.8780000000000001,0.0,219,5.0,0.0,0.15,4.0,13.96674912522228
3406,2.018,2.0220000000000002,0.004000000000000448,156,4.0,1.0,0.3,4.0,19.726470053745476
3407,1.875,1.8980000000000001,0.02300000000000013,100,3.0,2.0,0.6,4.0,45.80420869779847
3408,1.893,1.8940000000000001,0.001000000000000112,219,5.0,0.0,0.15,4.0,13.96674912522228
3409,1.924,1.928,0.0040000000000000036,156,4.0,1.0,0.3,4.0,19.726470053745476
3410,2.035,2.035,0.0,219,5.0,0.0,0.15,4.0,13.96674912522228
3411,1.911,1.917,0.006000000000000005,254,5.0,1.0,0.15,4.0,22.81177341528723
3412,2.0540000000000003,2.0700000000000003,0.016000000000000014,261,5.0,1.0,0.3,4.0,25.260631670972717
3413,1.965,1.97,0.004999999999999893,156,4.0,1.0,0.3,4.0,19.726470053745476
3414,1.863,1.867,0.0040000000000000036,156,4.0,1.0,0.3,4.0,19.726470053745476
3415,2.061,2.066,0.004999999999999893,156,4.0,1.0,0.3,4.0,19.726470053745476
3416,1.966,1.971,0.0050000000000001155,156,4.0,1.0,0.3,4.0,19.726470053745476
3417,2.007,2.012,0.004999999999999893,254,5.0,1.0,0.15,4.0,22.81177341528723
3418,1.982,1.987,0.0050000000000001155,156,4.0,1.0,0.3,4.0,19.726470053745476
3419,1.939,1.944,0.004999999999999893,254,5.0,1.0,0.15,4.0,22.81177341528723
3420,2.098,2.099,0.001000000000000334,219,5.0,0.0,0.15,4.0,13.96674912522228
3421,1.929,1.929,0.0,121,4.0,0.0,0.3,4.0,12.452110192925703
3422,2.051,2.056,0.004999999999999893,254,5.0,1.0,0.15,4.0,22.81177341528723
3423,1.945,1.95,0.004999999999999893,156,4.0,1.0,0.3,4.0,19.726470053745476
3424,1.8880000000000001,1.8920000000000001,0.0040000000000000036,156,4.0,1.0,0.3,4.0,19.726470053745476
3425,2.026,2.031,0.0050000000000003375,86,3.0,2.0,0.3,4.0,32.24266343324787
3426,2.0330000000000004,2.0380000000000003,0.004999999999999893,254,5.0,1.0,0.15,4.0,22.81177341528723
3427,2.153,2.157,0.0040000000000000036,156,4.0,1.0,0.3,4.0,19.726470053745476
3428,1.8760000000000001,1.881,0.004999999999999893,86,3.0,2.0,0.3,4.0,32.24266343324787
3429,2.0010000000000003,2.012,0.010999999999999677,93,3.0,2.0,0.45,4.0,36.57367588777287
3430,2.044,2.045,0.0009999999999998899,219,5.0,0.0,0.15,4.0,13.96674912522228
3431,1.972,1.976,0.0040000000000000036,156,4.0,1.0,0.3,4.0,19.726470053745476
3432,2.0460000000000003,2.051,0.004999999999999893,254,5.0,1.0,0.15,4.0,22.81177341528723
3433,1.968,1.973,0.0050000000000001155,86,3.0,2.0,0.3,4.0,32.24266343324787
3434,2.0540000000000003,2.059,0.004999999999999893,156,4.0,1.0,0.3,4.0,19.726470053745476
3435,2.043,2.043,0.0,219,5.0,0.0,0.15,4.0,13.96674912522228
3436,1.889,1.8900000000000001,0.001000000000000112,149,4.0,1.0,0.15,4.0,18.263534125613354
3437,1.957,1.957,0.0,247,5.0,1.0,0.0,4.0,21.420113577190087
3438,1.994,2.0,0.006000000000000005,254,5.0,1.0,0.15,4.0,22.81177341528723
3439,2.002,2.0060000000000002,0.004000000000000448,156,4.0,1.0,0.3,4.0,19.726470053745476
3440,2.042,2.042,0.0,219,5.0,0.0,0.15,4.0,13.96674912522228
3441,2.0010000000000003,2.002,0.0009999999999994458,219,5.0,0.0,0.15,4.0,13.96674912522228
3442,2.037,2.041,0.0040000000000000036,86,3.0,2.0,0.3,4.0,32.24266343324787
3443,1.928,1.928,0.0,219,5.0,0.0,0.15,4.0,13.96674912522228
3444,1.8960000000000001,1.9020000000000001,0.006000000000000005,184,4.0,2.0,0.15,4.0,39.90182706802169
3445,1.978,1.982,0.0040000000000000036,86,3.0,2.0,0.3,4.0,32.24266343324787
3446,1.962,1.963,0.001000000000000112,219,5.0,0.0,0.15,4.0,13.96674912522228
3447,1.959,1.964,0.004999999999999893,156,4.0,1.0,0.3,4.0,19.726470053745476
3448,1.816,1.818,0.0020000000000000018,149,4.0,1.0,0.15,4.0,18.263534125613354
3449,2.08,2.084,0.0040000000000000036,156,4.0,1.0,0.3,4.0,19.726470053745476
3450,2.0140000000000002,2.015,0.0009999999999998899,219,5.0,0.0,0.15,4.0,13.96674912522228
3451,2.016,2.021,0.004999999999999893,254,5.0,1.0,0.15,4.0,22.81177341528723
3452,2.028,2.029,0.0009999999999998899,149,4.0,1.0,0.15,4.0,18.263534125613354
3453,1.971,1.972,0.0009999999999998899,219,5.0,0.0,0.15,4.0,13.96674912522228
3454,1.975,1.976,0.0009999999999998899,149,4.0,1.0,0.15,4.0,18.263534125613354
3455,1.869,1.879,0.010000000000000009,93,3.0,2.0,0.45,4.0,36.57367588777287
3456,1.914,1.918,0.0040000000000000036,156,4.0,1.0,0.3,4.0,19.726470053745476
3457,1.927,1.927,0.0,219,5.0,0.0,0.15,4.0,13.96674912522228
3458,2.037,2.042,0.004999999999999893,254,5.0,1.0,0.15,4.0,22.81177341528723
3459,1.889,1.891,0.0020000000000000018,58,3.0,1.0,0.45,4.0,17.20520267224726
3460,1.907,1.92,0.0129999999999999,191,4.0,2.0,0.3,4.0,46.283348573725405
3461,1.911,1.915,0.0040000000000000036,156,4.0,1.0,0.3,4.0,19.726470053745476
3462,1.967,1.972,0.004999999999999893,86,3.0,2.0,0.3,4.0,32.24266343324787
3463,2.004,2.004,0.0,219,5.0,0.0,0.15,4.0,13.96674912522228
3464,1.921,1.921,0.0,219,5.0,0.0,0.15,4.0,13.96674912522228
3465,1.954,1.955,0.001000000000000112,149,4.0,1.0,0.15,4.0,18.263534125613354
3466,2.0330000000000004,2.037,0.0039999999999995595,156,4.0,1.0,0.3,4.0,19.726470053745476
3467,1.975,1.996,0.020999999999999908,100,3.0,2.0,0.6,4.0,45.80420869779847
3468,1.931,1.935,0.0040000000000000036,156,4.0,1.0,0.3,4.0,19.726470053745476
3469,1.952,1.957,0.0050000000000001155,86,3.0,2.0,0.3,4.0,32.24266343324787
3470,1.818,1.822,0.0040000000000000036,156,4.0,1.0,0.3,4.0,19.726470053745476
3471,2.0389999999999997,2.041,0.002000000000000224,58,3.0,1.0,0.45,4.0,17.20520267224726
3472,1.99,1.994,0.0040000000000000036,156,4.0,1.0,0.3,4.0,19.726470053745476
3473,1.944,1.946,0.0020000000000000018,226,5.0,0.0,0.3,4.0,14.468913019092193
3474,2.045,2.0549999999999997,0.009999999999999787,93,3.0,2.0,0.45,4.0,36.57367588777287
3475,1.967,1.976,0.008999999999999897,93,3.0,2.0,0.45,4.0,36.57367588777287
3476,1.901,1.9020000000000001,0.001000000000000112,219,5.0,0.0,0.15,4.0,13.96674912522228
3477,2.074,2.0780000000000003,0.004000000000000448,156,4.0,1.0,0.3,4.0,19.726470053745476
3478,1.913,1.918,0.004999999999999893,254,5.0,1.0,0.15,4.0,22.81177341528723
3479,1.865,1.875,0.010000000000000009,93,3.0,2.0,0.45,4.0,36.57367588777287
3480,2.0469999999999997,2.053,0.006000000000000227,254,5.0,1.0,0.15,4.0,22.81177341528723
3481,2.021,2.026,0.004999999999999893,254,5.0,1.0,0.15,4.0,22.81177341528723
3482,2.021,2.0220000000000002,0.001000000000000334,219,5.0,0.0,0.15,4.0,13.96674912522228
3483,1.975,1.985,0.010000000000000009,93,3.0,2.0,0.45,4.0,36.57367588777287
3484,1.981,1.985,0.0040000000000000036,156,4.0,1.0,0.3,4.0,19.726470053745476
3485,2.0010000000000003,2.012,0.010999999999999677,93,3.0,2.0,0.45,4.0,36.57367588777287
3486,1.924,1.929,0.0050000000000001155,156,4.0,1.0,0.3,4.0,19.726470053745476
3487,1.956,1.957,0.001000000000000112,219,5.0,0.0,0.15,4.0,13.96674912522228
3488,1.988,1.99,0.0020000000000000018,149,4.0,1.0,0.15,4.0,18.263534125613354
3489,1.868,1.869,0.0009999999999998899,219,5.0,0.0,0.15,4.0,13.96674912522228
3490,2.066,2.0700000000000003,0.004000000000000448,156,4.0,1.0,0.3,4.0,19.726470053745476
3491,1.988,1.998,0.010000000000000009,93,3.0,2.0,0.45,4.0,36.57367588777287
3492,2.0140000000000002,2.019,0.004999999999999893,156,4.0,1.0,0.3,4.0,19.726470053745476
3493,1.96,1.961,0.001000000000000112,219,5.0,0.0,0.15,4.0,13.96674912522228
3494,1.994,2.004,0.010000000000000009,93,3.0,2.0,0.45,4.0,36.57367588777287
3495,1.8820000000000001,1.887,0.004999999999999893,156,4.0,1.0,0.3,4.0,19.726470053745476
3496,2.148,2.149,0.0009999999999998899,149,4.0,1.0,0.15,4.0,18.263534125613354
3497,1.916,1.921,0.0050000000000001155,254,5.0,1.0,0.15,4.0,22.81177341528723
3498,1.982,1.983,0.001000000000000112,219,5.0,0.0,0.15,4.0,13.96674912522228
3499,2.0549999999999997,2.056,0.001000000000000334,219,5.0,0.0,0.15,4.0,13.96674912522228
3500,2.06,2.06,0.0,219,5.0,0.0,0.15,4.0,13.96674912522228
3501,2.0380000000000003,2.042,0.0039999999999995595,156,4.0,1.0,0.3,4.0,19.726470053745476
3502,2.073,2.077,0.0040000000000000036,86,3.0,2.0,0.3,4.0,32.24266343324787
3503,2.074,2.0780000000000003,0.004000000000000448,156,4.0,1.0,0.3,4.0,19.726470053745476
3504,1.998,2.003,0.0050000000000001155,156,4.0,1.0,0.3,4.0,19.726470053745476
3505,1.97,1.98,0.010000000000000009,93,3.0,2.0,0.45,4.0,36.57367588777287
3506,1.893,1.8980000000000001,0.0050000000000001155,254,5.0,1.0,0.15,4.0,22.81177341528723
3507,2.064,2.069,0.004999999999999893,156,4.0,1.0,0.3,4.0,19.726470053745476
3508,2.026,2.026,0.0,219,5.0,0.0,0.15,4.0,13.96674912522228
3509,2.057,2.0620000000000003,0.0050000000000003375,156,4.0,1.0,0.3,4.0,19.726470053745476
3510,1.827,1.832,0.0050000000000001155,324,6.0,0.0,0.15,4.0,16.193866213510642
3511,2.0540000000000003,2.056,0.0019999999999997797,58,3.0,1.0,0.45,4.0,17.20520267224726
3512,1.997,1.998,0.0009999999999998899,219,5.0,0.0,0.15,4.0,13.96674912522228
3513,2.012,2.012,0.0,219,5.0,0.0,0.15,4.0,13.96674912522228
3514,2.037,2.041,0.0040000000000000036,156,4.0,1.0,0.3,4.0,19.726470053745476
3515,1.8920000000000001,1.897,0.004999999999999893,86,3.0,2.0,0.3,4.0,32.24266343324787
3516,1.991,1.992,0.0009999999999998899,219,5.0,0.0,0.15,4.0,13.96674912522228
3517,2.036,2.037,0.0009999999999998899,219,5.0,0.0,0.15,4.0,13.96674912522228
3518,1.971,1.976,0.004999999999999893,156,4.0,1.0,0.3,4.0,19.726470053745476
3519,2.008,2.0140000000000002,0.006000000000000227,254,5.0,1.0,0.15,4.0,22.81177341528723
3520,1.983,1.984,0.0009999999999998899,219,5.0,0.0,0.15,4.0,13.96674912522228
3521,2.073,2.077,0.0040000000000000036,156,4.0,1.0,0.3,4.0,19.726470053745476
3522,2.069,2.074,0.004999999999999893,156,4.0,1.0,0.3,4.0,19.726470053745476
3523,2.026,2.031,0.0050000000000003375,86,3.0,2.0,0.3,4.0,32.24266343324787
3524,1.963,1.967,0.0040000000000000036,156,4.0,1.0,0.3,4.0,19.726470053745476
3525,1.985,1.989,0.0040000000000000036,86,3.0,2.0,0.3,4.0,32.24266343324787
3526,2.003,2.007,0.0040000000000000036,156,4.0,1.0,0.3,4.0,19.726470053745476
3527,1.947,1.952,0.004999999999999893,254,5.0,1.0,0.15,4.0,22.81177341528723
3528,1.961,1.966,0.004999999999999893,156,4.0,1.0,0.3,4.0,19.726470053745476
3529,1.991,1.993,0.0020000000000000018,58,3.0,1.0,0.45,4.0,17.20520267224726
3530,2.0860000000000003,2.09,0.0039999999999995595,86,3.0,2.0,0.3,4.0,32.24266343324787
3531,1.961,1.966,0.004999999999999893,156,4.0,1.0,0.3,4.0,19.726470053745476
3532,2.04,2.041,0.0009999999999998899,149,4.0,1.0,0.15,4.0,18.263534125613354
3533,1.8940000000000001,1.895,0.0009999999999998899,149,4.0,1.0,0.15,4.0,18.263534125613354
3534,1.999,2.0010000000000003,0.002000000000000224,58,3.0,1.0,0.45,4.0,17.20520267224726
3535,2.162,2.166,0.0040000000000000036,86,3.0,2.0,0.3,4.0,32.24266343324787
3536,1.97,1.975,0.0050000000000001155,156,4.0,1.0,0.3,4.0,19.726470053745476
3537,1.961,1.962,0.0009999999999998899,219,5.0,0.0,0.15,4.0,13.96674912522228
3538,1.986,1.99,0.0040000000000000036,156,4.0,1.0,0.3,4.0,19.726470053745476
3539,1.977,1.978,0.0009999999999998899,149,4.0,1.0,0.15,4.0,18.263534125613354
3540,1.942,1.952,0.010000000000000009,93,3.0,2.0,0.45,4.0,36.57367588777287
3541,1.944,1.954,0.010000000000000009,93,3.0,2.0,0.45,4.0,36.57367588777287
3542,1.893,1.8980000000000001,0.0050000000000001155,86,3.0,2.0,0.3,4.0,32.24266343324787
3543,2.004,2.005,0.0009999999999998899,219,5.0,0.0,0.15,4.0,13.96674912522228
3544,2.057,2.057,0.0,219,5.0,0.0,0.15,4.0,13.96674912522228
3545,1.989,2.0,0.010999999999999899,93,3.0,2.0,0.45,4.0,36.57367588777287
3546,2.0330000000000004,2.0540000000000003,0.020999999999999908,290,5.0,2.0,0.15,5.0,76.15188156842561
3547,2.0,2.004,0.0040000000000000036,156,4.0,1.0,0.3,4.0,19.726470053745476
3548,1.948,1.949,0.001000000000000112,219,5.0,0.0,0.15,4.0,13.96674912522228
3549,1.923,1.928,0.004999999999999893,86,3.0,2.0,0.3,4.0,32.24266343324787
3550,2.029,2.0330000000000004,0.004000000000000448,156,4.0,1.0,0.3,4.0,19.726470053745476
3551,1.8820000000000001,1.887,0.004999999999999893,156,4.0,1.0,0.3,4.0,19.726470053745476
3552,2.0090000000000003,2.013,0.0039999999999995595,86,3.0,2.0,0.3,4.0,32.24266343324787
3553,1.966,1.967,0.001000000000000112,219,5.0,0.0,0.15,4.0,13.96674912522228
3554,2.065,2.067,0.002000000000000224,149,4.0,1.0,0.15,4.0,18.263534125613354
3555,1.939,1.939,0.0,219,5.0,0.0,0.15,4.0,13.96674912522228
3556,2.016,2.0170000000000003,0.001000000000000334,219,5.0,0.0,0.15,4.0,13.96674912522228
3557,1.983,1.987,0.0040000000000000036,156,4.0,1.0,0.3,4.0,19.726470053745476
3558,1.939,1.944,0.004999999999999893,86,3.0,2.0,0.3,4.0,32.24266343324787
3559,2.0300000000000002,2.0300000000000002,0.0,219,5.0,0.0,0.15,4.0,13.96674912522228
3560,1.962,1.967,0.0050000000000001155,156,4.0,1.0,0.3,4.0,19.726470053745476
3561,1.986,1.987,0.001000000000000112,219,5.0,0.0,0.15,4.0,13.96674912522228
3562,1.931,1.931,0.0,219,5.0,0.0,0.15,4.0,13.96674912522228
3563,1.973,1.978,0.004999999999999893,254,5.0,1.0,0.15,4.0,22.81177341528723
3564,1.99,1.996,0.006000000000000005,254,5.0,1.0,0.15,4.0,22.81177341528723
3565,1.911,1.912,0.0009999999999998899,219,5.0,0.0,0.15,4.0,13.96674912522228
3566,1.972,1.977,0.0050000000000001155,254,5.0,1.0,0.15,4.0,22.81177341528723
3567,1.912,1.925,0.013000000000000123,191,4.0,2.0,0.3,4.0,46.283348573725405
3568,1.992,1.997,0.0050000000000001155,156,4.0,1.0,0.3,4.0,19.726470053745476
3569,2.007,2.02,0.0129999999999999,191,4.0,2.0,0.3,4.0,46.283348573725405
3570,2.023,2.024,0.0009999999999998899,219,5.0,0.0,0.15,4.0,13.96674912522228
3571,1.8880000000000001,1.8900000000000001,0.0020000000000000018,149,4.0,1.0,0.15,4.0,18.263534125613354
3572,1.937,1.938,0.0009999999999998899,219,5.0,0.0,0.15,4.0,13.96674912522228
3573,1.936,1.951,0.015000000000000124,191,4.0,2.0,0.3,4.0,46.283348573725405
3574,2.0300000000000002,2.031,0.0009999999999998899,219,5.0,0.0,0.15,4.0,13.96674912522228
3575,1.935,1.939,0.0040000000000000036,156,4.0,1.0,0.3,4.0,19.726470053745476
3576,1.941,1.941,0.0,219,5.0,0.0,0.15,4.0,13.96674912522228
3577,1.925,1.934,0.008999999999999897,93,3.0,2.0,0.45,4.0,36.57367588777287
3578,1.974,1.978,0.0040000000000000036,156,4.0,1.0,0.3,4.0,19.726470053745476
3579,2.012,2.018,0.005999999999999783,254,5.0,1.0,0.15,4.0,22.81177341528723
3580,2.007,2.0090000000000003,0.002000000000000224,58,3.0,1.0,0.45,4.0,17.20520267224726
3581,1.946,1.951,0.0050000000000001155,156,4.0,1.0,0.3,4.0,19.726470053745476
3582,1.917,1.918,0.0009999999999998899,219,5.0,0.0,0.15,4.0,13.96674912522228
3583,1.968,1.968,0.0,219,5.0,0.0,0.15,4.0,13.96674912522228
3584,2.106,2.1109999999999998,0.004999999999999893,156,4.0,1.0,0.3,4.0,19.726470053745476
3585,1.994,1.996,0.0020000000000000018,58,3.0,1.0,0.45,4.0,17.20520267224726
3586,1.901,1.9060000000000001,0.0050000000000001155,156,4.0,1.0,0.3,4.0,19.726470053745476
3587,1.969,1.973,0.0040000000000000036,156,4.0,1.0,0.3,4.0,19.726470053745476
3588,1.907,1.911,0.0040000000000000036,156,4.0,1.0,0.3,4.0,19.726470053745476
3589,1.978,1.983,0.0050000000000001155,254,5.0,1.0,0.15,4.0,22.81177341528723
3590,1.995,2.0,0.004999999999999893,156,4.0,1.0,0.3,4.0,19.726470053745476
3591,1.933,1.934,0.0009999999999998899,219,5.0,0.0,0.15,4.0,13.96674912522228
3592,1.984,1.994,0.010000000000000009,93,3.0,2.0,0.45,4.0,36.57367588777287
3593,1.8880000000000001,1.91,0.021999999999999797,290,5.0,2.0,0.15,5.0,76.15188156842561
3594,1.8900000000000001,1.891,0.0009999999999998899,219,5.0,0.0,0.15,4.0,13.96674912522228
3595,2.114,2.114,0.0,219,5.0,0.0,0.15,4.0,13.96674912522228
3596,1.93,1.931,0.001000000000000112,219,5.0,0.0,0.15,4.0,13.96674912522228
3597,2.107,2.107,0.0,219,5.0,0.0,0.15,4.0,13.96674912522228
3598,1.995,1.995,0.0,219,5.0,0.0,0.15,4.0,13.96674912522228
3599,1.949,1.954,0.004999999999999893,254,5.0,1.0,0.15,4.0,22.81177341528723
3600,2.031,2.035,0.0040000000000000036,156,4.0,1.0,0.3,4.0,19.726470053745476
3601,1.91,1.915,0.0050000000000001155,86,3.0,2.0,0.3,4.0,32.24266343324787
3602,2.045,2.049,0.0040000000000000036,156,4.0,1.0,0.3,4.0,19.726470053745476
3603,1.844,1.853,0.008999999999999897,93,3.0,2.0,0.45,4.0,36.57367588777287
3604,2.052,2.057,0.004999999999999893,156,4.0,1.0,0.3,4.0,19.726470053745476
3605,2.029,2.0330000000000004,0.004000000000000448,156,4.0,1.0,0.3,4.0,19.726470053745476
3606,2.0300000000000002,2.031,0.0009999999999998899,219,5.0,0.0,0.15,4.0,13.96674912522228
3607,1.965,1.969,0.0040000000000000036,156,4.0,1.0,0.3,4.0,19.726470053745476
3608,2.0549999999999997,2.065,0.010000000000000231,93,3.0,2.0,0.45,4.0,36.57367588777287
3609,2.0460000000000003,2.051,0.004999999999999893,184,4.0,2.0,0.15,4.0,39.90182706802169
3610,1.972,1.973,0.001000000000000112,149,4.0,1.0,0.15,4.0,18.263534125613354
3611,2.113,2.1180000000000003,0.0050000000000003375,156,4.0,1.0,0.3,4.0,19.726470053745476
3612,2.088,2.093,0.004999999999999893,86,3.0,2.0,0.3,4.0,32.24266343324787
3613,2.028,2.032,0.0040000000000000036,156,4.0,1.0,0.3,4.0,19.726470053745476
3614,1.885,1.8900000000000001,0.0050000000000001155,254,5.0,1.0,0.15,4.0,22.81177341528723
3615,1.887,1.8920000000000001,0.0050000000000001155,184,4.0,2.0,0.15,4.0,39.90182706802169
3616,1.832,1.837,0.004999999999999893,156,4.0,1.0,0.3,4.0,19.726470053745476
3617,1.867,1.868,0.001000000000000112,219,5.0,0.0,0.15,4.0,13.96674912522228
3618,2.015,2.015,0.0,219,5.0,0.0,0.15,4.0,13.96674912522228
3619,1.907,1.911,0.0040000000000000036,156,4.0,1.0,0.3,4.0,19.726470053745476
3620,1.992,1.997,0.0050000000000001155,156,4.0,1.0,0.3,4.0,19.726470053745476
3621,2.0010000000000003,2.0060000000000002,0.004999999999999893,156,4.0,1.0,0.3,4.0,19.726470053745476
3622,1.891,1.8960000000000001,0.0050000000000001155,254,5.0,1.0,0.15,4.0,22.81177341528723
3623,2.0300000000000002,2.034,0.0039999999999995595,156,4.0,1.0,0.3,4.0,19.726470053745476
3624,1.968,1.97,0.0020000000000000018,149,4.0,1.0,0.15,4.0,18.263534125613354
3625,1.954,1.978,0.02400000000000002,192,4.0,2.0,0.3,5.0,57.85418571715676
3626,1.983,1.984,0.0009999999999998899,219,5.0,0.0,0.15,4.0,13.96674912522228
3627,2.029,2.045,0.016000000000000014,261,5.0,1.0,0.3,4.0,25.260631670972717
3628,2.066,2.066,0.0,142,4.0,1.0,0.0,4.0,17.52007278845274
3629,2.0300000000000002,2.034,0.0039999999999995595,156,4.0,1.0,0.3,4.0,19.726470053745476
3630,1.9060000000000001,1.916,0.009999999999999787,93,3.0,2.0,0.45,4.0,36.57367588777287
3631,1.803,1.804,0.001000000000000112,219,5.0,0.0,0.15,4.0,13.96674912522228
3632,1.936,1.937,0.001000000000000112,219,5.0,0.0,0.15,4.0,13.96674912522228
3633,2.015,2.019,0.0040000000000000036,156,4.0,1.0,0.3,4.0,19.726470053745476
3634,2.089,2.0940000000000003,0.0050000000000003375,254,5.0,1.0,0.15,4.0,22.81177341528723
3635,1.9000000000000001,1.905,0.004999999999999893,86,3.0,2.0,0.3,4.0,32.24266343324787
3636,1.928,1.933,0.0050000000000001155,324,6.0,0.0,0.15,4.0,16.193866213510642
3637,2.0700000000000003,2.08,0.009999999999999787,93,3.0,2.0,0.45,4.0,36.57367588777287
3638,2.093,2.0940000000000003,0.001000000000000334,219,5.0,0.0,0.15,4.0,13.96674912522228
3639,2.059,2.0629999999999997,0.0039999999999995595,156,4.0,1.0,0.3,4.0,19.726470053745476
3640,1.998,1.999,0.001000000000000112,219,5.0,0.0,0.15,4.0,13.96674912522228
3641,1.887,1.891,0.0040000000000000036,156,4.0,1.0,0.3,4.0,19.726470053745476
3642,2.1029999999999998,2.107,0.004000000000000448,156,4.0,1.0,0.3,4.0,19.726470053745476
3643,2.02,2.024,0.0040000000000000036,156,4.0,1.0,0.3,4.0,19.726470053745476
3644,2.1100000000000003,2.112,0.0019999999999997797,58,3.0,1.0,0.45,4.0,17.20520267224726
3645,1.953,1.954,0.0009999999999998899,219,5.0,0.0,0.15,4.0,13.96674912522228
3646,1.94,1.951,0.01100000000000012,93,3.0,2.0,0.45,4.0,36.57367588777287
3647,1.965,1.966,0.0009999999999998899,219,5.0,0.0,0.15,4.0,13.96674912522228
3648,2.109,2.113,0.0040000000000000036,156,4.0,1.0,0.3,4.0,19.726470053745476
3649,1.949,1.954,0.004999999999999893,86,3.0,2.0,0.3,4.0,32.24266343324787
3650,1.94,1.941,0.001000000000000112,149,4.0,1.0,0.15,4.0,18.263534125613354
3651,2.0860000000000003,2.09,0.0039999999999995595,156,4.0,1.0,0.3,4.0,19.726470053745476
3652,1.8840000000000001,1.8840000000000001,0.0,121,4.0,0.0,0.3,4.0,12.452110192925703
3653,2.037,2.041,0.0040000000000000036,156,4.0,1.0,0.3,4.0,19.726470053745476
3654,2.057,2.0700000000000003,0.013000000000000345,191,4.0,2.0,0.3,4.0,46.283348573725405
3655,1.955,1.959,0.0040000000000000036,156,4.0,1.0,0.3,4.0,19.726470053745476
3656,1.829,1.833,0.0040000000000000036,156,4.0,1.0,0.3,4.0,19.726470053745476
3657,2.032,2.0330000000000004,0.001000000000000334,149,4.0,1.0,0.15,4.0,18.263534125613354
3658,1.986,1.991,0.0050000000000001155,254,5.0,1.0,0.15,4.0,22.81177341528723
3659,1.936,1.94,0.0040000000000000036,156,4.0,1.0,0.3,4.0,19.726470053745476
3660,1.8860000000000001,1.8900000000000001,0.0040000000000000036,156,4.0,1.0,0.3,4.0,19.726470053745476
3661,2.036,2.041,0.004999999999999893,86,3.0,2.0,0.3,4.0,32.24266343324787
3662,2.008,2.012,0.0040000000000000036,156,4.0,1.0,0.3,4.0,19.726470053745476
3663,1.976,1.977,0.001000000000000112,219,5.0,0.0,0.15,4.0,13.96674912522228
3664,1.994,1.994,0.0,219,5.0,0.0,0.15,4.0,13.96674912522228
3665,1.98,1.98,0.0,219,5.0,0.0,0.15,4.0,13.96674912522228
3666,2.037,2.043,0.006000000000000227,86,3.0,2.0,0.3,4.0,32.24266343324787
3667,1.865,1.866,0.001000000000000112,219,5.0,0.0,0.15,4.0,13.96674912522228
3668,2.018,2.023,0.0050000000000003375,86,3.0,2.0,0.3,4.0,32.24266343324787
3669,1.939,1.944,0.004999999999999893,254,5.0,1.0,0.15,4.0,22.81177341528723
3670,1.893,1.8980000000000001,0.0050000000000001155,254,5.0,1.0,0.15,4.0,22.81177341528723
3671,1.819,1.824,0.0050000000000001155,156,4.0,1.0,0.3,4.0,19.726470053745476
3672,1.966,1.97,0.0040000000000000036,156,4.0,1.0,0.3,4.0,19.726470053745476
3673,1.916,1.92,0.0040000000000000036,156,4.0,1.0,0.3,4.0,19.726470053745476
3674,1.883,1.8880000000000001,0.0050000000000001155,254,5.0,1.0,0.15,4.0,22.81177341528723
3675,2.01,2.0140000000000002,0.004000000000000448,156,4.0,1.0,0.3,4.0,19.726470053745476
3676,2.106,2.127,0.020999999999999908,100,3.0,2.0,0.6,4.0,45.80420869779847
3677,1.868,1.873,0.004999999999999893,156,4.0,1.0,0.3,4.0,19.726470053745476
3678,1.824,1.829,0.004999999999999893,86,3.0,2.0,0.3,4.0,32.24266343324787
3679,2.0469999999999997,2.051,0.004000000000000448,156,4.0,1.0,0.3,4.0,19.726470053745476
3680,1.958,1.963,0.0050000000000001155,254,5.0,1.0,0.15,4.0,22.81177341528723
3681,1.874,1.8840000000000001,0.010000000000000009,93,3.0,2.0,0.45,4.0,36.57367588777287
3682,1.879,1.885,0.006000000000000005,254,5.0,1.0,0.15,4.0,22.81177341528723
3683,1.692,1.698,0.006000000000000005,254,5.0,1.0,0.15,4.0,22.81177341528723
3684,2.044,2.049,0.004999999999999893,254,5.0,1.0,0.15,4.0,22.81177341528723
3685,2.058,2.0629999999999997,0.004999999999999893,156,4.0,1.0,0.3,4.0,19.726470053745476
3686,2.0170000000000003,2.0170000000000003,0.0,219,5.0,0.0,0.15,4.0,13.96674912522228
3687,1.978,1.984,0.006000000000000005,254,5.0,1.0,0.15,4.0,22.81177341528723
3688,1.91,1.911,0.001000000000000112,219,5.0,0.0,0.15,4.0,13.96674912522228
3689,1.984,1.995,0.01100000000000012,93,3.0,2.0,0.45,4.0,36.57367588777287
3690,1.923,1.933,0.010000000000000009,185,4.0,2.0,0.15,5.0,49.87728383502711
3691,1.924,1.928,0.0040000000000000036,156,4.0,1.0,0.3,4.0,19.726470053745476
3692,2.018,2.019,0.001000000000000334,219,5.0,0.0,0.15,4.0,13.96674912522228
3693,1.909,1.914,0.004999999999999893,184,4.0,2.0,0.15,4.0,39.90182706802169
3694,1.977,1.982,0.004999999999999893,86,3.0,2.0,0.3,4.0,32.24266343324787
3695,1.981,1.986,0.004999999999999893,254,5.0,1.0,0.15,4.0,22.81177341528723
3696,1.963,1.969,0.006000000000000005,254,5.0,1.0,0.15,4.0,22.81177341528723
3697,1.931,1.932,0.0009999999999998899,219,5.0,0.0,0.15,4.0,13.96674912522228
3698,2.059,2.0629999999999997,0.0039999999999995595,86,3.0,2.0,0.3,4.0,32.24266343324787
3699,1.962,1.963,0.001000000000000112,219,5.0,0.0,0.15,4.0,13.96674912522228
3700,2.021,2.027,0.006000000000000227,254,5.0,1.0,0.15,4.0,22.81177341528723
3701,1.952,1.957,0.0050000000000001155,156,4.0,1.0,0.3,4.0,19.726470053745476
3702,2.0389999999999997,2.044,0.0050000000000003375,86,3.0,2.0,0.3,4.0,32.24266343324787
3703,1.79,1.791,0.0009999999999998899,149,4.0,1.0,0.15,4.0,18.263534125613354
3704,2.151,2.156,0.0050000000000003375,156,4.0,1.0,0.3,4.0,19.726470053745476
3705,1.969,1.975,0.006000000000000005,254,5.0,1.0,0.15,4.0,22.81177341528723
3706,2.041,2.045,0.0040000000000000036,156,4.0,1.0,0.3,4.0,19.726470053745476
3707,1.964,1.968,0.0040000000000000036,156,4.0,1.0,0.3,4.0,19.726470053745476
3708,1.913,1.917,0.0040000000000000036,156,4.0,1.0,0.3,4.0,19.726470053745476
3709,1.96,1.965,0.0050000000000001155,156,4.0,1.0,0.3,4.0,19.726470053745476
3710,1.893,1.895,0.0020000000000000018,58,3.0,1.0,0.45,4.0,17.20520267224726
3711,1.974,1.974,0.0,219,5.0,0.0,0.15,4.0,13.96674912522228
3712,2.0940000000000003,2.1,0.005999999999999783,254,5.0,1.0,0.15,4.0,22.81177341528723
3713,2.01,2.01,0.0,219,5.0,0.0,0.15,4.0,13.96674912522228
3714,2.019,2.024,0.004999999999999893,254,5.0,1.0,0.15,4.0,22.81177341528723
3715,2.011,2.015,0.0040000000000000036,156,4.0,1.0,0.3,4.0,19.726470053745476
3716,2.04,2.044,0.0040000000000000036,156,4.0,1.0,0.3,4.0,19.726470053745476
3717,1.926,1.93,0.0040000000000000036,156,4.0,1.0,0.3,4.0,19.726470053745476
3718,1.972,1.976,0.0040000000000000036,156,4.0,1.0,0.3,4.0,19.726470053745476
3719,1.979,1.979,0.0,219,5.0,0.0,0.15,4.0,13.96674912522228
3720,1.97,1.971,0.001000000000000112,219,5.0,0.0,0.15,4.0,13.96674912522228
3721,1.978,1.983,0.0050000000000001155,254,5.0,1.0,0.15,4.0,22.81177341528723
3722,1.881,1.8860000000000001,0.0050000000000001155,254,5.0,1.0,0.15,4.0,22.81177341528723
3723,1.947,1.947,0.0,219,5.0,0.0,0.15,4.0,13.96674912522228
3724,1.975,1.98,0.004999999999999893,86,3.0,2.0,0.3,4.0,32.24266343324787
3725,1.995,1.996,0.0009999999999998899,219,5.0,0.0,0.15,4.0,13.96674912522228
3726,1.981,1.985,0.0040000000000000036,156,4.0,1.0,0.3,4.0,19.726470053745476
3727,1.991,2.0010000000000003,0.010000000000000231,93,3.0,2.0,0.45,4.0,36.57367588777287
3728,1.967,1.968,0.0009999999999998899,149,4.0,1.0,0.15,4.0,18.263534125613354
3729,1.959,1.964,0.004999999999999893,156,4.0,1.0,0.3,4.0,19.726470053745476
3730,1.977,1.978,0.0009999999999998899,219,5.0,0.0,0.15,4.0,13.96674912522228
3731,2.037,2.042,0.004999999999999893,254,5.0,1.0,0.15,4.0,22.81177341528723
3732,1.927,1.942,0.014999999999999902,191,4.0,2.0,0.3,4.0,46.283348573725405
3733,2.0380000000000003,2.043,0.004999999999999893,156,4.0,1.0,0.3,4.0,19.726470053745476
3734,2.028,2.032,0.0040000000000000036,324,6.0,0.0,0.15,4.0,16.193866213510642
3735,2.007,2.011,0.0040000000000000036,156,4.0,1.0,0.3,4.0,19.726470053745476
3736,1.96,1.964,0.0040000000000000036,156,4.0,1.0,0.3,4.0,19.726470053745476
3737,1.926,1.931,0.0050000000000001155,156,4.0,1.0,0.3,4.0,19.726470053745476
3738,1.974,1.975,0.001000000000000112,219,5.0,0.0,0.15,4.0,13.96674912522228
3739,2.0060000000000002,2.012,0.005999999999999783,254,5.0,1.0,0.15,4.0,22.81177341528723
3740,2.026,2.031,0.0050000000000003375,86,3.0,2.0,0.3,4.0,32.24266343324787
3741,2.013,2.015,0.002000000000000224,149,4.0,1.0,0.15,4.0,18.263534125613354
3742,1.968,1.973,0.0050000000000001155,156,4.0,1.0,0.3,4.0,19.726470053745476
3743,1.917,1.927,0.010000000000000009,93,3.0,2.0,0.45,4.0,36.57367588777287
3744,1.875,1.8760000000000001,0.001000000000000112,219,5.0,0.0,0.15,4.0,13.96674912522228
3745,1.988,1.989,0.001000000000000112,149,4.0,1.0,0.15,4.0,18.263534125613354
3746,1.964,1.969,0.0050000000000001155,156,4.0,1.0,0.3,4.0,19.726470053745476
3747,2.0620000000000003,2.067,0.004999999999999893,156,4.0,1.0,0.3,4.0,19.726470053745476
3748,2.0380000000000003,2.042,0.0039999999999995595,156,4.0,1.0,0.3,4.0,19.726470053745476
3749,1.953,1.953,0.0,219,5.0,0.0,0.15,4.0,13.96674912522228
3750,2.01,2.012,0.002000000000000224,58,3.0,1.0,0.45,4.0,17.20520267224726
3751,1.936,1.937,0.001000000000000112,219,5.0,0.0,0.15,4.0,13.96674912522228
3752,1.997,2.011,0.014000000000000012,255,5.0,1.0,0.15,5.0,28.51471676910904
3753,1.975,1.987,0.01200000000000001,163,4.0,1.0,0.45,4.0,22.095669483454234
3754,1.959,1.96,0.0009999999999998899,219,5.0,0.0,0.15,4.0,13.96674912522228
3755,1.927,1.932,0.004999999999999893,254,5.0,1.0,0.15,4.0,22.81177341528723
3756,1.874,1.8780000000000001,0.0040000000000000036,156,4.0,1.0,0.3,4.0,19.726470053745476
3757,1.969,1.97,0.0009999999999998899,219,5.0,0.0,0.15,4.0,13.96674912522228
3758,1.964,1.968,0.0040000000000000036,156,4.0,1.0,0.3,4.0,19.726470053745476
3759,2.0540000000000003,2.056,0.0019999999999997797,58,3.0,1.0,0.45,4.0,17.20520267224726
3760,2.0170000000000003,2.0170000000000003,0.0,283,5.0,2.0,0.0,5.0,66.4098739739585
3761,2.011,2.0170000000000003,0.006000000000000227,65,3.0,1.0,0.6,4.0,19.170243812504182
3762,1.913,1.917,0.0040000000000000036,156,4.0,1.0,0.3,4.0,19.726470053745476
3763,1.911,1.912,0.0009999999999998899,219,5.0,0.0,0.15,4.0,13.96674912522228
3764,2.013,2.013,0.0,219,5.0,0.0,0.15,4.0,13.96674912522228
3765,2.034,2.035,0.001000000000000334,149,4.0,1.0,0.15,4.0,18.263534125613354
3766,2.0170000000000003,2.018,0.0009999999999994458,219,5.0,0.0,0.15,4.0,13.96674912522228
3767,2.056,2.06,0.0040000000000000036,156,4.0,1.0,0.3,4.0,19.726470053745476
3768,1.912,1.917,0.0050000000000001155,156,4.0,1.0,0.3,4.0,19.726470053745476
3769,2.0250000000000004,2.026,0.0009999999999994458,219,5.0,0.0,0.15,4.0,13.96674912522228
3770,1.991,1.996,0.004999999999999893,156,4.0,1.0,0.3,4.0,19.726470053745476
3771,1.995,1.999,0.0040000000000000036,156,4.0,1.0,0.3,4.0,19.726470053745476
3772,2.057,2.058,0.0009999999999998899,149,4.0,1.0,0.15,4.0,18.263534125613354
3773,1.9000000000000001,1.901,0.0009999999999998899,219,5.0,0.0,0.15,4.0,13.96674912522228
3774,1.881,1.8820000000000001,0.001000000000000112,219,5.0,0.0,0.15,4.0,13.96674912522228
3775,2.045,2.0469999999999997,0.0019999999999997797,58,3.0,1.0,0.45,4.0,17.20520267224726
3776,1.862,1.867,0.004999999999999893,156,4.0,1.0,0.3,4.0,19.726470053745476
3777,2.053,2.0629999999999997,0.009999999999999787,93,3.0,2.0,0.45,4.0,36.57367588777287
3778,1.947,1.948,0.0009999999999998899,219,5.0,0.0,0.15,4.0,13.96674912522228
3779,2.113,2.115,0.002000000000000224,58,3.0,1.0,0.45,4.0,17.20520267224726
3780,1.966,1.971,0.0050000000000001155,156,4.0,1.0,0.3,4.0,19.726470053745476
3781,1.961,1.965,0.0040000000000000036,156,4.0,1.0,0.3,4.0,19.726470053745476
3782,1.866,1.871,0.004999999999999893,254,5.0,1.0,0.15,4.0,22.81177341528723
3783,1.989,1.991,0.0020000000000000018,58,3.0,1.0,0.45,4.0,17.20520267224726
3784,1.833,1.834,0.001000000000000112,219,5.0,0.0,0.15,4.0,13.96674912522228
3785,1.9020000000000001,1.907,0.004999999999999893,156,4.0,1.0,0.3,4.0,19.726470053745476
3786,1.928,1.929,0.001000000000000112,219,5.0,0.0,0.15,4.0,13.96674912522228
3787,1.962,1.984,0.02200000000000002,100,3.0,2.0,0.6,4.0,45.80420869779847
3788,1.848,1.849,0.0009999999999998899,219,5.0,0.0,0.15,4.0,13.96674912522228
3789,1.982,1.986,0.0040000000000000036,86,3.0,2.0,0.3,4.0,32.24266343324787
3790,2.028,2.0330000000000004,0.0050000000000003375,254,5.0,1.0,0.15,4.0,22.81177341528723
3791,1.961,1.966,0.004999999999999893,156,4.0,1.0,0.3,4.0,19.726470053745476
3792,1.926,1.931,0.0050000000000001155,156,4.0,1.0,0.3,4.0,19.726470053745476
3793,1.999,2.004,0.004999999999999893,156,4.0,1.0,0.3,4.0,19.726470053745476
3794,1.973,1.978,0.004999999999999893,156,4.0,1.0,0.3,4.0,19.726470053745476
3795,2.013,2.018,0.004999999999999893,156,4.0,1.0,0.3,4.0,19.726470053745476
3796,1.905,1.9060000000000001,0.001000000000000112,219,5.0,0.0,0.15,4.0,13.96674912522228
3797,1.891,1.8960000000000001,0.0050000000000001155,156,4.0,1.0,0.3,4.0,19.726470053745476
3798,2.0250000000000004,2.031,0.005999999999999783,254,5.0,1.0,0.15,4.0,22.81177341528723
3799,1.975,1.98,0.004999999999999893,156,4.0,1.0,0.3,4.0,19.726470053745476
3800,1.972,1.972,0.0,219,5.0,0.0,0.15,4.0,13.96674912522228
3801,1.977,1.978,0.0009999999999998899,219,5.0,0.0,0.15,4.0,13.96674912522228
3802,1.842,1.843,0.0009999999999998899,219,5.0,0.0,0.15,4.0,13.96674912522228
3803,2.0220000000000002,2.023,0.0009999999999998899,219,5.0,0.0,0.15,4.0,13.96674912522228
3804,1.965,1.969,0.0040000000000000036,156,4.0,1.0,0.3,4.0,19.726470053745476
3805,1.918,1.918,0.0,219,5.0,0.0,0.15,4.0,13.96674912522228
3806,2.074,2.075,0.001000000000000334,219,5.0,0.0,0.15,4.0,13.96674912522228
3807,2.034,2.0389999999999997,0.004999999999999893,156,4.0,1.0,0.3,4.0,19.726470053745476
3808,2.01,2.0300000000000002,0.020000000000000462,100,3.0,2.0,0.6,4.0,45.80420869779847
3809,2.011,2.016,0.004999999999999893,156,4.0,1.0,0.3,4.0,19.726470053745476
3810,2.048,2.048,0.0,121,4.0,0.0,0.3,4.0,12.452110192925703
3811,1.915,1.92,0.004999999999999893,156,4.0,1.0,0.3,4.0,19.726470053745476
3812,1.959,1.96,0.0009999999999998899,219,5.0,0.0,0.15,4.0,13.96674912522228
3813,2.005,2.007,0.002000000000000224,58,3.0,1.0,0.45,4.0,17.20520267224726
3814,2.019,2.024,0.004999999999999893,156,4.0,1.0,0.3,4.0,19.726470053745476
3815,1.933,1.934,0.0009999999999998899,219,5.0,0.0,0.15,4.0,13.96674912522228
3816,1.959,1.959,0.0,219,5.0,0.0,0.15,4.0,13.96674912522228
3817,1.977,1.98,0.0029999999999998916,58,3.0,1.0,0.45,4.0,17.20520267224726
3818,1.955,1.96,0.004999999999999893,184,4.0,2.0,0.15,4.0,39.90182706802169
3819,1.955,1.96,0.004999999999999893,254,5.0,1.0,0.15,4.0,22.81177341528723
3820,1.988,1.989,0.001000000000000112,219,5.0,0.0,0.15,4.0,13.96674912522228
3821,1.967,1.972,0.004999999999999893,254,5.0,1.0,0.15,4.0,22.81177341528723
3822,2.091,2.101,0.009999999999999787,93,3.0,2.0,0.45,4.0,36.57367588777287
3823,1.948,1.953,0.0050000000000001155,156,4.0,1.0,0.3,4.0,19.726470053745476
3824,2.0220000000000002,2.027,0.004999999999999893,156,4.0,1.0,0.3,4.0,19.726470053745476
3825,1.952,1.953,0.001000000000000112,219,5.0,0.0,0.15,4.0,13.96674912522228
3826,2.003,2.012,0.008999999999999897,185,4.0,2.0,0.15,5.0,49.87728383502711
3827,1.932,1.933,0.001000000000000112,219,5.0,0.0,0.15,4.0,13.96674912522228
3828,1.967,1.972,0.004999999999999893,254,5.0,1.0,0.15,4.0,22.81177341528723
3829,1.983,1.984,0.0009999999999998899,219,5.0,0.0,0.15,4.0,13.96674912522228
3830,2.027,2.0330000000000004,0.006000000000000227,254,5.0,1.0,0.15,4.0,22.81177341528723
3831,1.942,1.948,0.006000000000000005,254,5.0,1.0,0.15,4.0,22.81177341528723
3832,1.986,1.986,0.0,219,5.0,0.0,0.15,4.0,13.96674912522228
3833,1.8920000000000001,1.8920000000000001,0.0,219,5.0,0.0,0.15,4.0,13.96674912522228
3834,1.881,1.8820000000000001,0.001000000000000112,219,5.0,0.0,0.15,4.0,13.96674912522228
3835,2.073,2.075,0.002000000000000224,149,4.0,1.0,0.15,4.0,18.263534125613354
3836,2.081,2.082,0.0009999999999998899,219,5.0,0.0,0.15,4.0,13.96674912522228
3837,1.999,2.0,0.0009999999999998899,219,5.0,0.0,0.15,4.0,13.96674912522228
3838,1.938,1.944,0.006000000000000005,65,3.0,1.0,0.6,4.0,19.170243812504182
3839,1.979,1.99,0.010999999999999899,93,3.0,2.0,0.45,4.0,36.57367588777287
3840,1.994,1.994,0.0,219,5.0,0.0,0.15,4.0,13.96674912522228
3841,1.947,1.948,0.0009999999999998899,149,4.0,1.0,0.15,4.0,18.263534125613354
3842,1.954,1.968,0.014000000000000012,191,4.0,2.0,0.3,4.0,46.283348573725405
3843,1.871,1.875,0.0040000000000000036,156,4.0,1.0,0.3,4.0,19.726470053745476
3844,2.0010000000000003,2.0060000000000002,0.004999999999999893,254,5.0,1.0,0.15,4.0,22.81177341528723
3845,1.935,1.936,0.0009999999999998899,219,5.0,0.0,0.15,4.0,13.96674912522228
3846,1.917,1.921,0.0040000000000000036,156,4.0,1.0,0.3,4.0,19.726470053745476
3847,1.909,1.913,0.0040000000000000036,156,4.0,1.0,0.3,4.0,19.726470053745476
3848,1.982,1.982,0.0,219,5.0,0.0,0.15,4.0,13.96674912522228
3849,1.957,1.958,0.0009999999999998899,219,5.0,0.0,0.15,4.0,13.96674912522228
3850,1.956,1.957,0.001000000000000112,219,5.0,0.0,0.15,4.0,13.96674912522228
3851,1.938,1.943,0.0050000000000001155,156,4.0,1.0,0.3,4.0,19.726470053745476
3852,1.949,1.953,0.0040000000000000036,156,4.0,1.0,0.3,4.0,19.726470053745476
3853,1.857,1.863,0.006000000000000005,254,5.0,1.0,0.15,4.0,22.81177341528723
3854,1.966,1.97,0.0040000000000000036,156,4.0,1.0,0.3,4.0,19.726470053745476
3855,2.02,2.024,0.0040000000000000036,156,4.0,1.0,0.3,4.0,19.726470053745476
3856,2.01,2.015,0.0050000000000003375,156,4.0,1.0,0.3,4.0,19.726470053745476
3857,2.002,2.007,0.0050000000000003375,156,4.0,1.0,0.3,4.0,19.726470053745476
3858,1.949,1.954,0.004999999999999893,156,4.0,1.0,0.3,4.0,19.726470053745476
3859,2.044,2.049,0.004999999999999893,156,4.0,1.0,0.3,4.0,19.726470053745476
3860,1.918,1.922,0.0040000000000000036,156,4.0,1.0,0.3,4.0,19.726470053745476
3861,2.084,2.089,0.004999999999999893,184,4.0,2.0,0.15,4.0,39.90182706802169
3862,1.845,1.855,0.010000000000000009,93,3.0,2.0,0.45,4.0,36.57367588777287
3863,1.915,1.918,0.0029999999999998916,58,3.0,1.0,0.45,4.0,17.20520267224726
3864,2.0090000000000003,2.0140000000000002,0.004999999999999893,65,3.0,1.0,0.6,4.0,19.170243812504182
3865,1.919,1.925,0.006000000000000005,254,5.0,1.0,0.15,4.0,22.81177341528723
3866,2.011,2.013,0.0019999999999997797,58,3.0,1.0,0.45,4.0,17.20520267224726
3867,1.993,1.998,0.004999999999999893,184,4.0,2.0,0.15,4.0,39.90182706802169
3868,1.953,1.955,0.0020000000000000018,149,4.0,1.0,0.15,4.0,18.263534125613354
3869,1.922,1.922,0.0,219,5.0,0.0,0.15,4.0,13.96674912522228
3870,1.973,1.977,0.0040000000000000036,156,4.0,1.0,0.3,4.0,19.726470053745476
3871,2.0700000000000003,2.075,0.004999999999999893,86,3.0,2.0,0.3,4.0,32.24266343324787
3872,2.021,2.026,0.004999999999999893,156,4.0,1.0,0.3,4.0,19.726470053745476
3873,2.019,2.024,0.004999999999999893,254,5.0,1.0,0.15,4.0,22.81177341528723
3874,1.875,1.8860000000000001,0.01100000000000012,93,3.0,2.0,0.45,4.0,36.57367588777287
3875,1.903,1.903,0.0,219,5.0,0.0,0.15,4.0,13.96674912522228
3876,1.924,1.928,0.0040000000000000036,156,4.0,1.0,0.3,4.0,19.726470053745476
3877,1.994,2.0,0.006000000000000005,254,5.0,1.0,0.15,4.0,22.81177341528723
3878,1.959,1.959,0.0,108,4.0,0.0,0.0,5.0,14.363598708318028
3879,2.084,2.084,0.0,219,5.0,0.0,0.15,4.0,13.96674912522228
3880,1.919,1.931,0.01200000000000001,163,4.0,1.0,0.45,4.0,22.095669483454234
3881,1.921,1.926,0.004999999999999893,156,4.0,1.0,0.3,4.0,19.726470053745476
3882,2.027,2.027,0.0,219,5.0,0.0,0.15,4.0,13.96674912522228
3883,2.099,2.104,0.004999999999999893,254,5.0,1.0,0.15,4.0,22.81177341528723
3884,2.005,2.016,0.01100000000000012,93,3.0,2.0,0.45,4.0,36.57367588777287
3885,1.961,1.962,0.0009999999999998899,219,5.0,0.0,0.15,4.0,13.96674912522228
3886,1.982,1.982,0.0,219,5.0,0.0,0.15,4.0,13.96674912522228
3887,1.984,1.989,0.0050000000000001155,156,4.0,1.0,0.3,4.0,19.726470053745476
3888,1.958,1.963,0.0050000000000001155,86,3.0,2.0,0.3,4.0,32.24266343324787
3889,2.0780000000000003,2.08,0.0019999999999997797,58,3.0,1.0,0.45,4.0,17.20520267224726
3890,1.953,1.959,0.006000000000000005,254,5.0,1.0,0.15,4.0,22.81177341528723
3891,2.082,2.0940000000000003,0.012000000000000455,163,4.0,1.0,0.45,4.0,22.095669483454234
3892,1.909,1.91,0.0009999999999998899,219,5.0,0.0,0.15,4.0,13.96674912522228
3893,1.985,1.99,0.004999999999999893,254,5.0,1.0,0.15,4.0,22.81177341528723
3894,2.06,2.065,0.004999999999999893,156,4.0,1.0,0.3,4.0,19.726470053745476
3895,1.8780000000000001,1.879,0.0009999999999998899,219,5.0,0.0,0.15,4.0,13.96674912522228
3896,2.012,2.013,0.0009999999999998899,219,5.0,0.0,0.15,4.0,13.96674912522228
3897,1.87,1.871,0.0009999999999998899,219,5.0,0.0,0.15,4.0,13.96674912522228
3898,1.9060000000000001,1.91,0.0039999999999997815,156,4.0,1.0,0.3,4.0,19.726470053745476
3899,1.909,1.92,0.010999999999999899,93,3.0,2.0,0.45,4.0,36.57367588777287
3900,1.901,1.901,0.0,219,5.0,0.0,0.15,4.0,13.96674912522228
3901,2.0389999999999997,2.05,0.01100000000000012,93,3.0,2.0,0.45,4.0,36.57367588777287
3902,2.0,2.0010000000000003,0.001000000000000334,149,4.0,1.0,0.15,4.0,18.263534125613354
3903,1.992,1.997,0.0050000000000001155,156,4.0,1.0,0.3,4.0,19.726470053745476
3904,2.1189999999999998,2.123,0.004000000000000448,156,4.0,1.0,0.3,4.0,19.726470053745476
3905,1.912,1.917,0.0050000000000001155,156,4.0,1.0,0.3,4.0,19.726470053745476
3906,2.0170000000000003,2.018,0.0009999999999994458,219,5.0,0.0,0.15,4.0,13.96674912522228
3907,1.934,1.938,0.0040000000000000036,156,4.0,1.0,0.3,4.0,19.726470053745476
3908,1.929,1.934,0.004999999999999893,156,4.0,1.0,0.3,4.0,19.726470053745476
3909,2.002,2.003,0.001000000000000334,219,5.0,0.0,0.15,4.0,13.96674912522228
3910,1.924,1.926,0.0020000000000000018,58,3.0,1.0,0.45,4.0,17.20520267224726
3911,1.937,1.942,0.004999999999999893,86,3.0,2.0,0.3,4.0,32.24266343324787
3912,2.058,2.0629999999999997,0.004999999999999893,324,6.0,0.0,0.15,4.0,16.193866213510642
3913,2.144,2.144,0.0,219,5.0,0.0,0.15,4.0,13.96674912522228
3914,2.092,2.097,0.004999999999999893,254,5.0,1.0,0.15,4.0,22.81177341528723
3915,2.044,2.045,0.0009999999999998899,219,5.0,0.0,0.15,4.0,13.96674912522228
3916,1.91,1.911,0.001000000000000112,219,5.0,0.0,0.15,4.0,13.96674912522228
3917,2.0629999999999997,2.068,0.0050000000000003375,156,4.0,1.0,0.3,4.0,19.726470053745476
3918,1.947,1.949,0.0020000000000000018,58,3.0,1.0,0.45,4.0,17.20520267224726
3919,1.921,1.927,0.006000000000000005,254,5.0,1.0,0.15,4.0,22.81177341528723
3920,2.067,2.072,0.004999999999999893,324,6.0,0.0,0.15,4.0,16.193866213510642
3921,1.943,1.953,0.010000000000000009,93,3.0,2.0,0.45,4.0,36.57367588777287
3922,1.941,1.942,0.0009999999999998899,219,5.0,0.0,0.15,4.0,13.96674912522228
3923,1.972,1.973,0.001000000000000112,219,5.0,0.0,0.15,4.0,13.96674912522228
3924,1.926,1.927,0.001000000000000112,149,4.0,1.0,0.15,4.0,18.263534125613354
3925,2.075,2.075,0.0,247,5.0,1.0,0.0,4.0,21.420113577190087
3926,1.969,1.974,0.004999999999999893,156,4.0,1.0,0.3,4.0,19.726470053745476
3927,1.941,1.945,0.0040000000000000036,156,4.0,1.0,0.3,4.0,19.726470053745476
3928,1.985,1.991,0.006000000000000005,254,5.0,1.0,0.15,4.0,22.81177341528723
3929,1.962,1.976,0.014000000000000012,191,4.0,2.0,0.3,4.0,46.283348573725405
3930,1.945,1.946,0.0009999999999998899,149,4.0,1.0,0.15,4.0,18.263534125613354
3931,2.04,2.041,0.0009999999999998899,219,5.0,0.0,0.15,4.0,13.96674912522228
3932,1.98,1.981,0.001000000000000112,149,4.0,1.0,0.15,4.0,18.263534125613354
3933,2.051,2.053,0.0019999999999997797,58,3.0,1.0,0.45,4.0,17.20520267224726
3934,1.999,2.003,0.0040000000000000036,156,4.0,1.0,0.3,4.0,19.726470053745476
3935,1.963,1.964,0.0009999999999998899,219,5.0,0.0,0.15,4.0,13.96674912522228
3936,2.0540000000000003,2.058,0.0039999999999995595,156,4.0,1.0,0.3,4.0,19.726470053745476
3937,1.968,1.978,0.010000000000000009,93,3.0,2.0,0.45,4.0,36.57367588777287
3938,1.977,1.979,0.0020000000000000018,149,4.0,1.0,0.15,4.0,18.263534125613354
3939,1.8900000000000001,1.8900000000000001,0.0,283,5.0,2.0,0.0,5.0,66.4098739739585
3940,2.0700000000000003,2.0789999999999997,0.008999999999999453,93,3.0,2.0,0.45,4.0,36.57367588777287
3941,1.835,1.84,0.0050000000000001155,254,5.0,1.0,0.15,4.0,22.81177341528723
3942,2.112,2.117,0.004999999999999893,156,4.0,1.0,0.3,4.0,19.726470053745476
3943,1.915,1.92,0.004999999999999893,254,5.0,1.0,0.15,4.0,22.81177341528723
3944,1.962,1.967,0.0050000000000001155,156,4.0,1.0,0.3,4.0,19.726470053745476
3945,1.998,2.0060000000000002,0.00800000000000023,93,3.0,2.0,0.45,4.0,36.57367588777287
3946,2.064,2.069,0.004999999999999893,156,4.0,1.0,0.3,4.0,19.726470053745476
3947,1.993,1.998,0.004999999999999893,86,3.0,2.0,0.3,4.0,32.24266343324787
3948,1.971,1.975,0.0040000000000000036,156,4.0,1.0,0.3,4.0,19.726470053745476
3949,1.986,1.995,0.009000000000000119,93,3.0,2.0,0.45,4.0,36.57367588777287
3950,1.98,1.981,0.001000000000000112,219,5.0,0.0,0.15,4.0,13.96674912522228
3951,1.93,1.93,0.0,219,5.0,0.0,0.15,4.0,13.96674912522228
3952,2.19,2.191,0.0009999999999998899,219,5.0,0.0,0.15,4.0,13.96674912522228
3953,1.926,1.931,0.0050000000000001155,86,3.0,2.0,0.3,4.0,32.24266343324787
3954,1.932,1.943,0.01100000000000012,93,3.0,2.0,0.45,4.0,36.57367588777287
3955,1.917,1.923,0.006000000000000005,254,5.0,1.0,0.15,4.0,22.81177341528723
3956,1.893,1.8940000000000001,0.001000000000000112,219,5.0,0.0,0.15,4.0,13.96674912522228
3957,2.0940000000000003,2.0949999999999998,0.0009999999999994458,219,5.0,0.0,0.15,4.0,13.96674912522228
3958,1.942,1.943,0.001000000000000112,219,5.0,0.0,0.15,4.0,13.96674912522228
3959,1.993,1.994,0.0009999999999998899,219,5.0,0.0,0.15,4.0,13.96674912522228
3960,1.956,1.961,0.0050000000000001155,156,4.0,1.0,0.3,4.0,19.726470053745476
3961,1.909,1.913,0.0040000000000000036,156,4.0,1.0,0.3,4.0,19.726470053745476
3962,1.96,1.966,0.006000000000000005,254,5.0,1.0,0.15,4.0,22.81177341528723
3963,1.83,1.834,0.0040000000000000036,156,4.0,1.0,0.3,4.0,19.726470053745476
3964,1.942,1.947,0.0050000000000001155,156,4.0,1.0,0.3,4.0,19.726470053745476
3965,2.06,2.0620000000000003,0.002000000000000224,58,3.0,1.0,0.45,4.0,17.20520267224726
3966,1.986,1.991,0.0050000000000001155,156,4.0,1.0,0.3,4.0,19.726470053745476
3967,1.975,1.98,0.004999999999999893,254,5.0,1.0,0.15,4.0,22.81177341528723
3968,2.028,2.0300000000000002,0.002000000000000224,226,5.0,0.0,0.3,4.0,14.468913019092193
3969,1.973,1.977,0.0040000000000000036,156,4.0,1.0,0.3,4.0,19.726470053745476
3970,1.979,1.984,0.004999999999999893,254,5.0,1.0,0.15,4.0,22.81177341528723
3971,1.937,1.938,0.0009999999999998899,219,5.0,0.0,0.15,4.0,13.96674912522228
3972,2.1630000000000003,2.164,0.0009999999999998899,219,5.0,0.0,0.15,4.0,13.96674912522228
3973,1.986,1.987,0.001000000000000112,149,4.0,1.0,0.15,4.0,18.263534125613354
3974,1.931,1.936,0.004999999999999893,254,5.0,1.0,0.15,4.0,22.81177341528723
3975,1.933,1.934,0.0009999999999998899,219,5.0,0.0,0.15,4.0,13.96674912522228
3976,2.003,2.008,0.004999999999999893,254,5.0,1.0,0.15,4.0,22.81177341528723
3977,1.993,1.998,0.004999999999999893,184,4.0,2.0,0.15,4.0,39.90182706802169
3978,1.973,1.974,0.0009999999999998899,219,5.0,0.0,0.15,4.0,13.96674912522228
3979,1.986,1.986,0.0,178,4.0,2.0,0.0,5.0,46.43816282340671
3980,2.008,2.013,0.004999999999999893,156,4.0,1.0,0.3,4.0,19.726470053745476
3981,1.782,1.783,0.0009999999999998899,149,4.0,1.0,0.15,4.0,18.263534125613354
3982,1.874,1.875,0.0009999999999998899,219,5.0,0.0,0.15,4.0,13.96674912522228
3983,1.946,1.95,0.0040000000000000036,156,4.0,1.0,0.3,4.0,19.726470053745476
3984,1.908,1.908,0.0,219,5.0,0.0,0.15,4.0,13.96674912522228
3985,2.043,2.048,0.004999999999999893,156,4.0,1.0,0.3,4.0,19.726470053745476
3986,2.0090000000000003,2.01,0.0009999999999994458,219,5.0,0.0,0.15,4.0,13.96674912522228
3987,1.861,1.866,0.0050000000000001155,156,4.0,1.0,0.3,4.0,19.726470053745476
3988,1.953,1.958,0.004999999999999893,156,4.0,1.0,0.3,4.0,19.726470053745476
3989,1.919,1.931,0.01200000000000001,163,4.0,1.0,0.45,4.0,22.095669483454234
3990,1.968,1.971,0.0030000000000001137,58,3.0,1.0,0.45,4.0,17.20520267224726
3991,2.091,2.0949999999999998,0.0039999999999995595,156,4.0,1.0,0.3,4.0,19.726470053745476
3992,1.865,1.87,0.0050000000000001155,156,4.0,1.0,0.3,4.0,19.726470053745476
3993,1.926,1.931,0.0050000000000001155,156,4.0,1.0,0.3,4.0,19.726470053745476
3994,2.015,2.019,0.0040000000000000036,156,4.0,1.0,0.3,4.0,19.726470053745476
3995,2.0380000000000003,2.042,0.0039999999999995595,156,4.0,1.0,0.3,4.0,19.726470053745476
3996,1.914,1.914,0.0,219,5.0,0.0,0.15,4.0,13.96674912522228
3997,2.0090000000000003,2.0140000000000002,0.004999999999999893,156,4.0,1.0,0.3,4.0,19.726470053745476
3998,2.037,2.041,0.0040000000000000036,156,4.0,1.0,0.3,4.0,19.726470053745476
3999,1.965,1.97,0.004999999999999893,254,5.0,1.0,0.15,4.0,22.81177341528723
4000,2.036,2.036,0.0,213,5.0,0.0,0.0,5.0,16.79480500020191
4001,1.98,1.99,0.010000000000000009,93,3.0,2.0,0.45,4.0,36.57367588777287
4002,1.921,1.923,0.0020000000000000018,58,3.0,1.0,0.45,4.0,17.20520267224726
4003,2.035,2.04,0.004999999999999893,254,5.0,1.0,0.15,4.0,22.81177341528723
4004,2.0380000000000003,2.043,0.004999999999999893,86,3.0,2.0,0.3,4.0,32.24266343324787
4005,1.911,1.916,0.004999999999999893,156,4.0,1.0,0.3,4.0,19.726470053745476
4006,1.98,1.981,0.001000000000000112,219,5.0,0.0,0.15,4.0,13.96674912522228
4007,2.008,2.013,0.004999999999999893,156,4.0,1.0,0.3,4.0,19.726470053745476
4008,1.991,1.992,0.0009999999999998899,219,5.0,0.0,0.15,4.0,13.96674912522228
4009,1.929,1.939,0.010000000000000009,93,3.0,2.0,0.45,4.0,36.57367588777287
4010,1.941,1.943,0.0020000000000000018,149,4.0,1.0,0.15,4.0,18.263534125613354
4011,2.064,2.069,0.004999999999999893,86,3.0,2.0,0.3,4.0,32.24266343324787
4012,2.0220000000000002,2.023,0.0009999999999998899,219,5.0,0.0,0.15,4.0,13.96674912522228
4013,1.993,1.998,0.004999999999999893,156,4.0,1.0,0.3,4.0,19.726470053745476
4014,2.058,2.0620000000000003,0.004000000000000448,156,4.0,1.0,0.3,4.0,19.726470053745476
4015,1.974,1.974,0.0,178,4.0,2.0,0.0,5.0,46.43816282340671
4016,2.073,2.074,0.0009999999999998899,219,5.0,0.0,0.15,4.0,13.96674912522228
4017,2.023,2.0330000000000004,0.010000000000000231,93,3.0,2.0,0.45,4.0,36.57367588777287
4018,2.053,2.058,0.004999999999999893,156,4.0,1.0,0.3,4.0,19.726470053745476
4019,2.021,2.027,0.006000000000000227,254,5.0,1.0,0.15,4.0,22.81177341528723
4020,2.04,2.045,0.004999999999999893,156,4.0,1.0,0.3,4.0,19.726470053745476
4021,1.945,1.946,0.0009999999999998899,219,5.0,0.0,0.15,4.0,13.96674912522228
4022,2.044,2.045,0.0009999999999998899,219,5.0,0.0,0.15,4.0,13.96674912522228
4023,1.97,1.971,0.001000000000000112,219,5.0,0.0,0.15,4.0,13.96674912522228
4024,1.953,1.955,0.0020000000000000018,58,3.0,1.0,0.45,4.0,17.20520267224726
4025,2.023,2.027,0.0040000000000000036,156,4.0,1.0,0.3,4.0,19.726470053745476
4026,1.842,1.847,0.004999999999999893,156,4.0,1.0,0.3,4.0,19.726470053745476
4027,1.949,1.95,0.0009999999999998899,219,5.0,0.0,0.15,4.0,13.96674912522228
4028,1.973,1.984,0.010999999999999899,93,3.0,2.0,0.45,4.0,36.57367588777287
4029,2.061,2.065,0.0040000000000000036,156,4.0,1.0,0.3,4.0,19.726470053745476
4030,1.93,1.941,0.01100000000000012,93,3.0,2.0,0.45,4.0,36.57367588777287
4031,2.028,2.0330000000000004,0.0050000000000003375,86,3.0,2.0,0.3,4.0,32.24266343324787
4032,1.975,1.979,0.0040000000000000036,156,4.0,1.0,0.3,4.0,19.726470053745476
4033,1.897,1.903,0.006000000000000005,254,5.0,1.0,0.15,4.0,22.81177341528723
4034,1.917,1.918,0.0009999999999998899,219,5.0,0.0,0.15,4.0,13.96674912522228
4035,1.978,1.978,0.0,646,9.0,0.0,0.3,4.0,12.795120795134277
4036,2.0250000000000004,2.0250000000000004,0.0,247,5.0,1.0,0.0,4.0,21.420113577190087
4037,2.034,2.035,0.001000000000000334,219,5.0,0.0,0.15,4.0,13.96674912522228
4038,1.927,1.928,0.0009999999999998899,219,5.0,0.0,0.15,4.0,13.96674912522228
4039,2.041,2.0460000000000003,0.0050000000000003375,156,4.0,1.0,0.3,4.0,19.726470053745476
4040,1.97,1.974,0.0040000000000000036,156,4.0,1.0,0.3,4.0,19.726470053745476
4041,1.93,1.931,0.001000000000000112,149,4.0,1.0,0.15,4.0,18.263534125613354
4042,1.945,1.95,0.004999999999999893,254,5.0,1.0,0.15,4.0,22.81177341528723
4043,2.008,2.018,0.009999999999999787,93,3.0,2.0,0.45,4.0,36.57367588777287
4044,1.971,1.976,0.004999999999999893,86,3.0,2.0,0.3,4.0,32.24266343324787
4045,1.999,2.004,0.004999999999999893,254,5.0,1.0,0.15,4.0,22.81177341528723
4046,1.974,1.975,0.001000000000000112,149,4.0,1.0,0.15,4.0,18.263534125613354
4047,2.104,2.105,0.0009999999999998899,219,5.0,0.0,0.15,4.0,13.96674912522228
4048,1.977,1.983,0.006000000000000005,254,5.0,1.0,0.15,4.0,22.81177341528723
4049,1.969,1.973,0.0040000000000000036,156,4.0,1.0,0.3,4.0,19.726470053745476
4050,2.1710000000000003,2.1719999999999997,0.0009999999999994458,219,5.0,0.0,0.15,4.0,13.96674912522228
4051,1.851,1.852,0.001000000000000112,219,5.0,0.0,0.15,4.0,13.96674912522228
4052,1.997,2.002,0.004999999999999671,254,5.0,1.0,0.15,4.0,22.81177341528723
4053,1.915,1.92,0.004999999999999893,254,5.0,1.0,0.15,4.0,22.81177341528723
4054,2.05,2.0549999999999997,0.004999999999999893,156,4.0,1.0,0.3,4.0,19.726470053745476
4055,2.129,2.133,0.0040000000000000036,156,4.0,1.0,0.3,4.0,19.726470053745476
4056,2.004,2.005,0.0009999999999998899,51,3.0,1.0,0.3,4.0,15.99277515480869
4057,2.04,2.044,0.0040000000000000036,156,4.0,1.0,0.3,4.0,19.726470053745476
4058,1.983,1.988,0.004999999999999893,254,5.0,1.0,0.15,4.0,22.81177341528723
4059,2.059,2.0629999999999997,0.0039999999999995595,156,4.0,1.0,0.3,4.0,19.726470053745476
4060,2.067,2.072,0.004999999999999893,156,4.0,1.0,0.3,4.0,19.726470053745476
4061,1.985,1.987,0.0020000000000000018,58,3.0,1.0,0.45,4.0,17.20520267224726
4062,1.962,1.968,0.006000000000000005,254,5.0,1.0,0.15,4.0,22.81177341528723
4063,1.987,1.989,0.0020000000000000018,226,5.0,0.0,0.3,4.0,14.468913019092193
4064,2.0389999999999997,2.04,0.001000000000000334,219,5.0,0.0,0.15,4.0,13.96674912522228
4065,1.977,1.982,0.004999999999999893,86,3.0,2.0,0.3,4.0,32.24266343324787
4066,1.992,1.997,0.0050000000000001155,156,4.0,1.0,0.3,4.0,19.726470053745476
4067,1.986,1.991,0.0050000000000001155,156,4.0,1.0,0.3,4.0,19.726470053745476
4068,1.927,1.929,0.0020000000000000018,58,3.0,1.0,0.45,4.0,17.20520267224726
4069,1.987,1.989,0.0020000000000000018,149,4.0,1.0,0.15,4.0,18.263534125613354
4070,1.8820000000000001,1.887,0.004999999999999893,86,3.0,2.0,0.3,4.0,32.24266343324787
4071,1.864,1.868,0.0040000000000000036,156,4.0,1.0,0.3,4.0,19.726470053745476
4072,1.976,1.981,0.0050000000000001155,254,5.0,1.0,0.15,4.0,22.81177341528723
4073,1.861,1.866,0.0050000000000001155,254,5.0,1.0,0.15,4.0,22.81177341528723
4074,1.907,1.917,0.010000000000000009,93,3.0,2.0,0.45,4.0,36.57367588777287
4075,1.923,1.928,0.004999999999999893,156,4.0,1.0,0.3,4.0,19.726470053745476
4076,1.998,2.003,0.0050000000000001155,254,5.0,1.0,0.15,4.0,22.81177341528723
4077,1.948,1.949,0.001000000000000112,219,5.0,0.0,0.15,4.0,13.96674912522228
4078,2.051,2.0549999999999997,0.0039999999999995595,156,4.0,1.0,0.3,4.0,19.726470053745476
4079,1.909,1.919,0.010000000000000009,93,3.0,2.0,0.45,4.0,36.57367588777287
4080,2.0060000000000002,2.012,0.005999999999999783,254,5.0,1.0,0.15,4.0,22.81177341528723
4081,1.935,1.939,0.0040000000000000036,156,4.0,1.0,0.3,4.0,19.726470053745476
4082,1.999,2.004,0.004999999999999893,254,5.0,1.0,0.15,4.0,22.81177341528723
4083,1.931,1.936,0.004999999999999893,156,4.0,1.0,0.3,4.0,19.726470053745476
4084,1.94,1.944,0.0040000000000000036,156,4.0,1.0,0.3,4.0,19.726470053745476
4085,1.8840000000000001,1.885,0.0009999999999998899,149,4.0,1.0,0.15,4.0,18.263534125613354
4086,2.075,2.075,0.0,219,5.0,0.0,0.15,4.0,13.96674912522228
4087,1.922,1.923,0.001000000000000112,219,5.0,0.0,0.15,4.0,13.96674912522228
4088,1.951,1.951,0.0,219,5.0,0.0,0.15,4.0,13.96674912522228
4089,1.877,1.8780000000000001,0.001000000000000112,219,5.0,0.0,0.15,4.0,13.96674912522228
4090,1.939,1.949,0.010000000000000009,185,4.0,2.0,0.15,5.0,49.87728383502711
4091,1.995,2.0,0.004999999999999893,254,5.0,1.0,0.15,4.0,22.81177341528723
4092,1.931,1.936,0.004999999999999893,254,5.0,1.0,0.15,4.0,22.81177341528723
4093,1.957,1.962,0.004999999999999893,156,4.0,1.0,0.3,4.0,19.726470053745476
4094,1.995,1.995,0.0,219,5.0,0.0,0.15,4.0,13.96674912522228
4095,2.091,2.0949999999999998,0.0039999999999995595,156,4.0,1.0,0.3,4.0,19.726470053745476
4096,1.955,1.959,0.0040000000000000036,86,3.0,2.0,0.3,4.0,32.24266343324787
4097,2.061,2.066,0.004999999999999893,156,4.0,1.0,0.3,4.0,19.726470053745476
4098,1.909,1.914,0.004999999999999893,86,3.0,2.0,0.3,4.0,32.24266343324787
4099,1.944,1.95,0.006000000000000005,254,5.0,1.0,0.15,4.0,22.81177341528723
4100,2.0250000000000004,2.035,0.009999999999999787,93,3.0,2.0,0.45,4.0,36.57367588777287
4101,1.994,1.996,0.0020000000000000018,58,3.0,1.0,0.45,4.0,17.20520267224726
4102,2.0060000000000002,2.0060000000000002,0.0,121,4.0,0.0,0.3,4.0,12.452110192925703
4103,2.029,2.0330000000000004,0.004000000000000448,156,4.0,1.0,0.3,4.0,19.726470053745476
4104,2.0330000000000004,2.043,0.009999999999999787,185,4.0,2.0,0.15,5.0,49.87728383502711
4105,1.997,2.002,0.004999999999999671,156,4.0,1.0,0.3,4.0,19.726470053745476
4106,1.964,1.969,0.0050000000000001155,156,4.0,1.0,0.3,4.0,19.726470053745476
4107,1.985,1.996,0.010999999999999899,93,3.0,2.0,0.45,4.0,36.57367588777287
4108,1.943,1.947,0.0040000000000000036,86,3.0,2.0,0.3,4.0,32.24266343324787
4109,2.073,2.074,0.0009999999999998899,219,5.0,0.0,0.15,4.0,13.96674912522228
4110,1.969,1.97,0.0009999999999998899,219,5.0,0.0,0.15,4.0,13.96674912522228
4111,1.931,1.955,0.02400000000000002,192,4.0,2.0,0.3,5.0,57.85418571715676
4112,2.0060000000000002,2.011,0.004999999999999893,86,3.0,2.0,0.3,4.0,32.24266343324787
4113,1.962,1.966,0.0040000000000000036,156,4.0,1.0,0.3,4.0,19.726470053745476
4114,2.041,2.051,0.010000000000000231,185,4.0,2.0,0.15,5.0,49.87728383502711
4115,2.01,2.012,0.002000000000000224,58,3.0,1.0,0.45,4.0,17.20520267224726
4116,2.067,2.072,0.004999999999999893,156,4.0,1.0,0.3,4.0,19.726470053745476
4117,2.0140000000000002,2.018,0.0039999999999995595,156,4.0,1.0,0.3,4.0,19.726470053745476
4118,1.912,1.913,0.001000000000000112,219,5.0,0.0,0.15,4.0,13.96674912522228
4119,2.031,2.036,0.004999999999999893,254,5.0,1.0,0.15,4.0,22.81177341528723
4120,1.966,1.967,0.001000000000000112,219,5.0,0.0,0.15,4.0,13.96674912522228
4121,1.946,1.951,0.0050000000000001155,156,4.0,1.0,0.3,4.0,19.726470053745476
4122,1.931,1.936,0.004999999999999893,254,5.0,1.0,0.15,4.0,22.81177341528723
4123,1.969,1.97,0.0009999999999998899,219,5.0,0.0,0.15,4.0,13.96674912522228
4124,1.945,1.948,0.0029999999999998916,58,3.0,1.0,0.45,4.0,17.20520267224726
4125,1.856,1.86,0.0040000000000000036,156,4.0,1.0,0.3,4.0,19.726470053745476
4126,1.94,1.945,0.0050000000000001155,86,3.0,2.0,0.3,4.0,32.24266343324787
4127,1.908,1.912,0.0040000000000000036,156,4.0,1.0,0.3,4.0,19.726470053745476
4128,2.0090000000000003,2.015,0.005999999999999783,254,5.0,1.0,0.15,4.0,22.81177341528723
4129,1.943,1.948,0.004999999999999893,156,4.0,1.0,0.3,4.0,19.726470053745476
4130,1.961,1.967,0.006000000000000005,65,3.0,1.0,0.6,4.0,19.170243812504182
4131,1.996,2.002,0.005999999999999783,65,3.0,1.0,0.6,4.0,19.170243812504182
4132,2.076,2.08,0.0040000000000000036,156,4.0,1.0,0.3,4.0,19.726470053745476
4133,2.066,2.0869999999999997,0.020999999999999908,290,5.0,2.0,0.15,5.0,76.15188156842561
4134,1.977,1.982,0.004999999999999893,254,5.0,1.0,0.15,4.0,22.81177341528723
4135,2.008,2.013,0.004999999999999893,156,4.0,1.0,0.3,4.0,19.726470053745476
4136,2.012,2.016,0.0040000000000000036,156,4.0,1.0,0.3,4.0,19.726470053745476
4137,1.959,1.964,0.004999999999999893,86,3.0,2.0,0.3,4.0,32.24266343324787
4138,2.053,2.066,0.0129999999999999,191,4.0,2.0,0.3,4.0,46.283348573725405
4139,2.0330000000000004,2.034,0.0009999999999994458,219,5.0,0.0,0.15,4.0,13.96674912522228
4140,1.941,1.945,0.0040000000000000036,156,4.0,1.0,0.3,4.0,19.726470053745476
4141,1.952,1.953,0.001000000000000112,219,5.0,0.0,0.15,4.0,13.96674912522228
4142,1.83,1.834,0.0040000000000000036,156,4.0,1.0,0.3,4.0,19.726470053745476
4143,1.992,1.993,0.001000000000000112,149,4.0,1.0,0.15,4.0,18.263534125613354
4144,1.8900000000000001,1.8940000000000001,0.0040000000000000036,156,4.0,1.0,0.3,4.0,19.726470053745476
4145,1.939,1.945,0.006000000000000005,65,3.0,1.0,0.6,4.0,19.170243812504182
4146,2.02,2.024,0.0040000000000000036,156,4.0,1.0,0.3,4.0,19.726470053745476
4147,1.824,1.834,0.010000000000000009,93,3.0,2.0,0.45,4.0,36.57367588777287
4148,1.944,1.966,0.02200000000000002,290,5.0,2.0,0.15,5.0,76.15188156842561
4149,2.036,2.037,0.0009999999999998899,219,5.0,0.0,0.15,4.0,13.96674912522228
4150,1.8940000000000001,1.8940000000000001,0.0,247,5.0,1.0,0.0,4.0,21.420113577190087
4151,1.98,1.984,0.0040000000000000036,156,4.0,1.0,0.3,4.0,19.726470053745476
4152,2.0300000000000002,2.041,0.010999999999999677,93,3.0,2.0,0.45,4.0,36.57367588777287
4153,1.95,1.955,0.0050000000000001155,156,4.0,1.0,0.3,4.0,19.726470053745476
4154,2.043,2.0469999999999997,0.0039999999999995595,156,4.0,1.0,0.3,4.0,19.726470053745476
4155,2.097,2.101,0.0040000000000000036,156,4.0,1.0,0.3,4.0,19.726470053745476
4156,2.1630000000000003,2.167,0.0039999999999995595,156,4.0,1.0,0.3,4.0,19.726470053745476
4157,1.877,1.8880000000000001,0.01100000000000012,163,4.0,1.0,0.45,4.0,22.095669483454234
4158,1.975,1.985,0.010000000000000009,185,4.0,2.0,0.15,5.0,49.87728383502711
4159,1.905,1.909,0.0040000000000000036,156,4.0,1.0,0.3,4.0,19.726470053745476
4160,2.05,2.05,0.0,219,5.0,0.0,0.15,4.0,13.96674912522228
4161,2.042,2.0469999999999997,0.004999999999999893,156,4.0,1.0,0.3,4.0,19.726470053745476
4162,2.1029999999999998,2.108,0.0050000000000003375,156,4.0,1.0,0.3,4.0,19.726470053745476
4163,1.937,1.942,0.004999999999999893,86,3.0,2.0,0.3,4.0,32.24266343324787
4164,1.851,1.856,0.0050000000000001155,86,3.0,2.0,0.3,4.0,32.24266343324787
4165,2.002,2.007,0.0050000000000003375,86,3.0,2.0,0.3,4.0,32.24266343324787
4166,2.0010000000000003,2.011,0.009999999999999787,93,3.0,2.0,0.45,4.0,36.57367588777287
4167,1.992,1.996,0.0040000000000000036,156,4.0,1.0,0.3,4.0,19.726470053745476
4168,1.95,1.95,0.0,219,5.0,0.0,0.15,4.0,13.96674912522228
4169,2.007,2.011,0.0040000000000000036,86,3.0,2.0,0.3,4.0,32.24266343324787
4170,2.027,2.042,0.01499999999999968,191,4.0,2.0,0.3,4.0,46.283348573725405
4171,2.0330000000000004,2.037,0.0039999999999995595,324,6.0,0.0,0.15,4.0,16.193866213510642
4172,2.1340000000000003,2.135,0.0009999999999994458,149,4.0,1.0,0.15,4.0,18.263534125613354
4173,1.919,1.924,0.004999999999999893,156,4.0,1.0,0.3,4.0,19.726470053745476
4174,1.922,1.926,0.0040000000000000036,156,4.0,1.0,0.3,4.0,19.726470053745476
4175,1.939,1.94,0.0009999999999998899,219,5.0,0.0,0.15,4.0,13.96674912522228
4176,1.951,1.953,0.0020000000000000018,58,3.0,1.0,0.45,4.0,17.20520267224726
4177,2.0540000000000003,2.0549999999999997,0.0009999999999994458,219,5.0,0.0,0.15,4.0,13.96674912522228
4178,1.948,1.954,0.006000000000000005,254,5.0,1.0,0.15,4.0,22.81177341528723
4179,1.94,1.945,0.0050000000000001155,156,4.0,1.0,0.3,4.0,19.726470053745476
4180,2.0170000000000003,2.031,0.01399999999999979,191,4.0,2.0,0.3,4.0,46.283348573725405
4181,2.059,2.064,0.004999999999999893,156,4.0,1.0,0.3,4.0,19.726470053745476
4182,1.991,2.0010000000000003,0.010000000000000231,185,4.0,2.0,0.15,5.0,49.87728383502711
4183,1.933,1.935,0.0020000000000000018,149,4.0,1.0,0.15,4.0,18.263534125613354
4184,2.045,2.05,0.004999999999999893,65,3.0,1.0,0.6,4.0,19.170243812504182
4185,2.088,2.093,0.004999999999999893,156,4.0,1.0,0.3,4.0,19.726470053745476
4186,1.877,1.8820000000000001,0.0050000000000001155,156,4.0,1.0,0.3,4.0,19.726470053745476
4187,1.938,1.943,0.0050000000000001155,156,4.0,1.0,0.3,4.0,19.726470053745476
4188,1.929,1.931,0.0020000000000000018,149,4.0,1.0,0.15,4.0,18.263534125613354
4189,2.013,2.019,0.006000000000000227,254,5.0,1.0,0.15,4.0,22.81177341528723
4190,1.877,1.8820000000000001,0.0050000000000001155,254,5.0,1.0,0.15,4.0,22.81177341528723
4191,1.948,1.954,0.006000000000000005,65,3.0,1.0,0.6,4.0,19.170243812504182
4192,1.969,1.979,0.010000000000000009,93,3.0,2.0,0.45,4.0,36.57367588777287
4193,1.881,1.887,0.006000000000000005,254,5.0,1.0,0.15,4.0,22.81177341528723
4194,1.944,1.946,0.0020000000000000018,149,4.0,1.0,0.15,4.0,18.263534125613354
4195,2.0250000000000004,2.0250000000000004,0.0,283,5.0,2.0,0.0,5.0,66.4098739739585
4196,1.8940000000000001,1.895,0.0009999999999998899,219,5.0,0.0,0.15,4.0,13.96674912522228
4197,1.944,1.945,0.001000000000000112,219,5.0,0.0,0.15,4.0,13.96674912522228
4198,1.965,1.969,0.0040000000000000036,156,4.0,1.0,0.3,4.0,19.726470053745476
4199,1.95,1.955,0.0050000000000001155,156,4.0,1.0,0.3,4.0,19.726470053745476
4200,2.121,2.132,0.01100000000000012,93,3.0,2.0,0.45,4.0,36.57367588777287
4201,1.879,1.8840000000000001,0.0050000000000001155,324,6.0,0.0,0.15,4.0,16.193866213510642
4202,2.059,2.0620000000000003,0.0030000000000001137,58,3.0,1.0,0.45,4.0,17.20520267224726
4203,1.973,1.977,0.0040000000000000036,156,4.0,1.0,0.3,4.0,19.726470053745476
4204,2.104,2.109,0.004999999999999893,86,3.0,2.0,0.3,4.0,32.24266343324787
4205,2.002,2.004,0.002000000000000224,226,5.0,0.0,0.3,4.0,14.468913019092193
4206,2.002,2.007,0.0050000000000003375,254,5.0,1.0,0.15,4.0,22.81177341528723
4207,2.023,2.024,0.0009999999999998899,219,5.0,0.0,0.15,4.0,13.96674912522228
4208,2.0,2.01,0.009999999999999787,93,3.0,2.0,0.45,4.0,36.57367588777287
4209,2.012,2.016,0.0040000000000000036,156,4.0,1.0,0.3,4.0,19.726470053745476
4210,2.0460000000000003,2.05,0.0039999999999995595,156,4.0,1.0,0.3,4.0,19.726470053745476
4211,1.965,1.969,0.0040000000000000036,156,4.0,1.0,0.3,4.0,19.726470053745476
4212,1.945,1.95,0.004999999999999893,86,3.0,2.0,0.3,4.0,32.24266343324787
4213,1.99,1.994,0.0040000000000000036,156,4.0,1.0,0.3,4.0,19.726470053745476
4214,2.051,2.052,0.0009999999999998899,219,5.0,0.0,0.15,4.0,13.96674912522228
4215,2.01,2.015,0.0050000000000003375,156,4.0,1.0,0.3,4.0,19.726470053745476
4216,1.963,1.968,0.004999999999999893,156,4.0,1.0,0.3,4.0,19.726470053745476
4217,1.91,1.915,0.0050000000000001155,184,4.0,2.0,0.15,4.0,39.90182706802169
4218,1.941,1.952,0.010999999999999899,93,3.0,2.0,0.45,4.0,36.57367588777287
4219,2.1390000000000002,2.143,0.0039999999999995595,156,4.0,1.0,0.3,4.0,19.726470053745476
4220,1.954,1.957,0.0030000000000001137,58,3.0,1.0,0.45,4.0,17.20520267224726
4221,1.944,1.946,0.0020000000000000018,58,3.0,1.0,0.45,4.0,17.20520267224726
4222,2.007,2.008,0.0009999999999998899,219,5.0,0.0,0.15,4.0,13.96674912522228
4223,2.0,2.004,0.0040000000000000036,156,4.0,1.0,0.3,4.0,19.726470053745476
4224,1.959,1.97,0.010999999999999899,93,3.0,2.0,0.45,4.0,36.57367588777287
4225,1.881,1.8820000000000001,0.001000000000000112,219,5.0,0.0,0.15,4.0,13.96674912522228
4226,1.944,1.949,0.0050000000000001155,156,4.0,1.0,0.3,4.0,19.726470053745476
4227,1.92,1.925,0.0050000000000001155,156,4.0,1.0,0.3,4.0,19.726470053745476
4228,2.029,2.0300000000000002,0.001000000000000334,219,5.0,0.0,0.15,4.0,13.96674912522228
4229,2.0,2.004,0.0040000000000000036,156,4.0,1.0,0.3,4.0,19.726470053745476
4230,1.988,1.989,0.001000000000000112,219,5.0,0.0,0.15,4.0,13.96674912522228
4231,1.96,1.964,0.0040000000000000036,156,4.0,1.0,0.3,4.0,19.726470053745476
4232,1.949,1.954,0.004999999999999893,156,4.0,1.0,0.3,4.0,19.726470053745476
4233,1.948,1.953,0.0050000000000001155,156,4.0,1.0,0.3,4.0,19.726470053745476
4234,2.042,2.0469999999999997,0.004999999999999893,156,4.0,1.0,0.3,4.0,19.726470053745476
4235,1.901,1.9020000000000001,0.001000000000000112,219,5.0,0.0,0.15,4.0,13.96674912522228
4236,2.0469999999999997,2.057,0.010000000000000231,93,3.0,2.0,0.45,4.0,36.57367588777287
4237,2.034,2.035,0.001000000000000334,219,5.0,0.0,0.15,4.0,13.96674912522228
4238,1.8780000000000001,1.8980000000000001,0.020000000000000018,100,3.0,2.0,0.6,4.0,45.80420869779847
4239,1.8900000000000001,1.8940000000000001,0.0040000000000000036,156,4.0,1.0,0.3,4.0,19.726470053745476
4240,2.018,2.029,0.01100000000000012,93,3.0,2.0,0.45,4.0,36.57367588777287
4241,1.931,1.932,0.0009999999999998899,219,5.0,0.0,0.15,4.0,13.96674912522228
4242,2.032,2.0380000000000003,0.006000000000000227,65,3.0,1.0,0.6,4.0,19.170243812504182
4243,2.035,2.035,0.0,219,5.0,0.0,0.15,4.0,13.96674912522228
4244,2.06,2.0620000000000003,0.002000000000000224,58,3.0,1.0,0.45,4.0,17.20520267224726
4245,2.115,2.121,0.005999999999999783,254,5.0,1.0,0.15,4.0,22.81177341528723
4246,2.002,2.011,0.009000000000000341,93,3.0,2.0,0.45,4.0,36.57367588777287
4247,1.9040000000000001,1.905,0.0009999999999998899,149,4.0,1.0,0.15,4.0,18.263534125613354
4248,2.036,2.041,0.004999999999999893,254,5.0,1.0,0.15,4.0,22.81177341528723
4249,1.938,1.943,0.0050000000000001155,156,4.0,1.0,0.3,4.0,19.726470053745476
4250,2.0140000000000002,2.019,0.004999999999999893,156,4.0,1.0,0.3,4.0,19.726470053745476
4251,1.951,1.956,0.004999999999999893,156,4.0,1.0,0.3,4.0,19.726470053745476
4252,2.0330000000000004,2.034,0.0009999999999994458,219,5.0,0.0,0.15,4.0,13.96674912522228
4253,1.977,1.978,0.0009999999999998899,219,5.0,0.0,0.15,4.0,13.96674912522228
4254,1.8980000000000001,1.899,0.0009999999999998899,219,5.0,0.0,0.15,4.0,13.96674912522228
4255,1.996,2.0010000000000003,0.0050000000000003375,156,4.0,1.0,0.3,4.0,19.726470053745476
4256,1.931,1.936,0.004999999999999893,254,5.0,1.0,0.15,4.0,22.81177341528723
4257,2.0010000000000003,2.0060000000000002,0.004999999999999893,156,4.0,1.0,0.3,4.0,19.726470053745476
4258,1.85,1.855,0.004999999999999893,156,4.0,1.0,0.3,4.0,19.726470053745476
4259,2.034,2.0389999999999997,0.004999999999999893,156,4.0,1.0,0.3,4.0,19.726470053745476
4260,1.81,1.814,0.0040000000000000036,156,4.0,1.0,0.3,4.0,19.726470053745476
4261,1.889,1.893,0.0040000000000000036,156,4.0,1.0,0.3,4.0,19.726470053745476
4262,1.969,1.969,0.0,219,5.0,0.0,0.15,4.0,13.96674912522228
4263,2.104,2.109,0.004999999999999893,156,4.0,1.0,0.3,4.0,19.726470053745476
4264,2.0300000000000002,2.031,0.0009999999999998899,219,5.0,0.0,0.15,4.0,13.96674912522228
4265,1.866,1.867,0.0009999999999998899,219,5.0,0.0,0.15,4.0,13.96674912522228
4266,1.943,1.944,0.0009999999999998899,219,5.0,0.0,0.15,4.0,13.96674912522228
4267,2.1340000000000003,2.138,0.0039999999999995595,156,4.0,1.0,0.3,4.0,19.726470053745476
4268,2.034,2.034,0.0,219,5.0,0.0,0.15,4.0,13.96674912522228
4269,1.921,1.926,0.004999999999999893,184,4.0,2.0,0.15,4.0,39.90182706802169
4270,2.0140000000000002,2.019,0.004999999999999893,156,4.0,1.0,0.3,4.0,19.726470053745476
4271,2.002,2.0060000000000002,0.004000000000000448,156,4.0,1.0,0.3,4.0,19.726470053745476
4272,2.0060000000000002,2.011,0.004999999999999893,156,4.0,1.0,0.3,4.0,19.726470053745476
4273,2.035,2.044,0.008999999999999897,93,3.0,2.0,0.45,4.0,36.57367588777287
4274,2.1630000000000003,2.168,0.004999999999999893,184,4.0,2.0,0.15,4.0,39.90182706802169
4275,1.905,1.91,0.004999999999999893,254,5.0,1.0,0.15,4.0,22.81177341528723
4276,2.101,2.1020000000000003,0.001000000000000334,219,5.0,0.0,0.15,4.0,13.96674912522228
4277,2.0709999999999997,2.093,0.02200000000000024,100,3.0,2.0,0.6,4.0,45.80420869779847
4278,1.957,1.962,0.004999999999999893,254,5.0,1.0,0.15,4.0,22.81177341528723
4279,1.977,1.978,0.0009999999999998899,219,5.0,0.0,0.15,4.0,13.96674912522228
4280,1.996,2.0060000000000002,0.010000000000000231,185,4.0,2.0,0.15,5.0,49.87728383502711
4281,2.003,2.004,0.0009999999999998899,219,5.0,0.0,0.15,4.0,13.96674912522228
4282,1.937,1.948,0.010999999999999899,185,4.0,2.0,0.15,5.0,49.87728383502711
4283,1.877,1.881,0.0040000000000000036,156,4.0,1.0,0.3,4.0,19.726470053745476
4284,1.949,1.953,0.0040000000000000036,156,4.0,1.0,0.3,4.0,19.726470053745476
4285,1.951,1.955,0.0040000000000000036,156,4.0,1.0,0.3,4.0,19.726470053745476
4286,1.995,1.996,0.0009999999999998899,219,5.0,0.0,0.15,4.0,13.96674912522228
4287,1.935,1.937,0.0020000000000000018,226,5.0,0.0,0.3,4.0,14.468913019092193
4288,1.97,1.975,0.0050000000000001155,156,4.0,1.0,0.3,4.0,19.726470053745476
4289,2.003,2.004,0.0009999999999998899,219,5.0,0.0,0.15,4.0,13.96674912522228
4290,1.971,1.977,0.006000000000000005,254,5.0,1.0,0.15,4.0,22.81177341528723
4291,1.959,1.961,0.0020000000000000018,149,4.0,1.0,0.15,4.0,18.263534125613354
4292,1.966,1.971,0.0050000000000001155,156,4.0,1.0,0.3,4.0,19.726470053745476
4293,2.02,2.021,0.0009999999999998899,219,5.0,0.0,0.15,4.0,13.96674912522228
4294,2.088,2.092,0.0040000000000000036,156,4.0,1.0,0.3,4.0,19.726470053745476
4295,1.928,1.929,0.001000000000000112,219,5.0,0.0,0.15,4.0,13.96674912522228
4296,1.981,1.982,0.0009999999999998899,219,5.0,0.0,0.15,4.0,13.96674912522228
4297,1.916,1.917,0.001000000000000112,219,5.0,0.0,0.15,4.0,13.96674912522228
4298,1.925,1.93,0.004999999999999893,86,3.0,2.0,0.3,4.0,32.24266343324787
4299,2.016,2.016,0.0,219,5.0,0.0,0.15,4.0,13.96674912522228
4300,2.026,2.0300000000000002,0.004000000000000448,156,4.0,1.0,0.3,4.0,19.726470053745476
4301,2.0469999999999997,2.053,0.006000000000000227,254,5.0,1.0,0.15,4.0,22.81177341528723
4302,2.002,2.007,0.0050000000000003375,156,4.0,1.0,0.3,4.0,19.726470053745476
4303,1.969,1.974,0.004999999999999893,86,3.0,2.0,0.3,4.0,32.24266343324787
4304,2.019,2.029,0.009999999999999787,93,3.0,2.0,0.45,4.0,36.57367588777287
4305,1.979,1.98,0.0009999999999998899,219,5.0,0.0,0.15,4.0,13.96674912522228
4306,1.987,1.997,0.010000000000000009,93,3.0,2.0,0.45,4.0,36.57367588777287
4307,1.855,1.859,0.0040000000000000036,156,4.0,1.0,0.3,4.0,19.726470053745476
4308,2.016,2.021,0.004999999999999893,156,4.0,1.0,0.3,4.0,19.726470053745476
4309,2.027,2.032,0.004999999999999893,156,4.0,1.0,0.3,4.0,19.726470053745476
4310,2.0250000000000004,2.026,0.0009999999999994458,219,5.0,0.0,0.15,4.0,13.96674912522228
4311,1.956,1.961,0.0050000000000001155,86,3.0,2.0,0.3,4.0,32.24266343324787
4312,1.945,1.949,0.0040000000000000036,156,4.0,1.0,0.3,4.0,19.726470053745476
4313,1.99,1.996,0.006000000000000005,65,3.0,1.0,0.6,4.0,19.170243812504182
4314,1.949,1.954,0.004999999999999893,254,5.0,1.0,0.15,4.0,22.81177341528723
4315,1.862,1.863,0.0009999999999998899,219,5.0,0.0,0.15,4.0,13.96674912522228
4316,1.94,1.944,0.0040000000000000036,156,4.0,1.0,0.3,4.0,19.726470053745476
4317,2.013,2.0170000000000003,0.004000000000000448,156,4.0,1.0,0.3,4.0,19.726470053745476
4318,1.989,1.999,0.010000000000000009,93,3.0,2.0,0.45,4.0,36.57367588777287
4319,2.008,2.0170000000000003,0.009000000000000341,93,3.0,2.0,0.45,4.0,36.57367588777287
4320,2.035,2.037,0.0019999999999997797,58,3.0,1.0,0.45,4.0,17.20520267224726
4321,1.924,1.925,0.001000000000000112,219,5.0,0.0,0.15,4.0,13.96674912522228
4322,1.8760000000000001,1.8780000000000001,0.0020000000000000018,149,4.0,1.0,0.15,4.0,18.263534125613354
4323,1.837,1.838,0.001000000000000112,219,5.0,0.0,0.15,4.0,13.96674912522228
4324,1.972,1.977,0.0050000000000001155,184,4.0,2.0,0.15,4.0,39.90182706802169
4325,2.003,2.003,0.0,219,5.0,0.0,0.15,4.0,13.96674912522228
4326,1.963,1.964,0.0009999999999998899,219,5.0,0.0,0.15,4.0,13.96674912522228
4327,1.8920000000000001,1.893,0.0009999999999998899,219,5.0,0.0,0.15,4.0,13.96674912522228
4328,1.999,2.0,0.0009999999999998899,219,5.0,0.0,0.15,4.0,13.96674912522228
4329,2.035,2.04,0.004999999999999893,156,4.0,1.0,0.3,4.0,19.726470053745476
4330,1.9020000000000001,1.926,0.0239999999999998,290,5.0,2.0,0.15,5.0,76.15188156842561
4331,1.913,1.918,0.004999999999999893,156,4.0,1.0,0.3,4.0,19.726470053745476
4332,2.005,2.0060000000000002,0.001000000000000334,219,5.0,0.0,0.15,4.0,13.96674912522228
4333,2.012,2.016,0.0040000000000000036,156,4.0,1.0,0.3,4.0,19.726470053745476
4334,2.0010000000000003,2.002,0.0009999999999994458,219,5.0,0.0,0.15,4.0,13.96674912522228
4335,1.973,1.978,0.004999999999999893,156,4.0,1.0,0.3,4.0,19.726470053745476
4336,2.0090000000000003,2.013,0.0039999999999995595,156,4.0,1.0,0.3,4.0,19.726470053745476
4337,1.861,1.87,0.009000000000000119,93,3.0,2.0,0.45,4.0,36.57367588777287
4338,2.026,2.028,0.002000000000000224,58,3.0,1.0,0.45,4.0,17.20520267224726
4339,2.041,2.043,0.002000000000000224,149,4.0,1.0,0.15,4.0,18.263534125613354
4340,2.068,2.073,0.004999999999999893,86,3.0,2.0,0.3,4.0,32.24266343324787
4341,1.999,2.004,0.004999999999999893,86,3.0,2.0,0.3,4.0,32.24266343324787
4342,2.0220000000000002,2.027,0.004999999999999893,156,4.0,1.0,0.3,4.0,19.726470053745476
4343,1.943,1.948,0.004999999999999893,254,5.0,1.0,0.15,4.0,22.81177341528723
4344,2.026,2.031,0.0050000000000003375,156,4.0,1.0,0.3,4.0,19.726470053745476
4345,1.976,1.977,0.001000000000000112,219,5.0,0.0,0.15,4.0,13.96674912522228
4346,2.007,2.012,0.004999999999999893,254,5.0,1.0,0.15,4.0,22.81177341528723
4347,2.1100000000000003,2.112,0.0019999999999997797,226,5.0,0.0,0.3,4.0,14.468913019092193
4348,1.8900000000000001,1.9000000000000001,0.010000000000000009,93,3.0,2.0,0.45,4.0,36.57367588777287
4349,2.065,2.0700000000000003,0.0050000000000003375,156,4.0,1.0,0.3,4.0,19.726470053745476
4350,1.978,1.999,0.02100000000000013,290,5.0,2.0,0.15,5.0,76.15188156842561
4351,1.961,1.966,0.004999999999999893,156,4.0,1.0,0.3,4.0,19.726470053745476
4352,1.883,1.883,0.0,121,4.0,0.0,0.3,4.0,12.452110192925703
4353,1.925,1.94,0.014999999999999902,191,4.0,2.0,0.3,4.0,46.283348573725405
4354,2.0629999999999997,2.064,0.001000000000000334,149,4.0,1.0,0.15,4.0,18.263534125613354
4355,1.922,1.926,0.0040000000000000036,156,4.0,1.0,0.3,4.0,19.726470053745476
4356,1.962,1.967,0.0050000000000001155,156,4.0,1.0,0.3,4.0,19.726470053745476
4357,1.996,2.002,0.005999999999999783,254,5.0,1.0,0.15,4.0,22.81177341528723
4358,1.964,1.966,0.0020000000000000018,58,3.0,1.0,0.45,4.0,17.20520267224726
4359,1.985,1.986,0.0009999999999998899,219,5.0,0.0,0.15,4.0,13.96674912522228
4360,1.928,1.933,0.0050000000000001155,156,4.0,1.0,0.3,4.0,19.726470053745476
4361,1.863,1.867,0.0040000000000000036,156,4.0,1.0,0.3,4.0,19.726470053745476
4362,1.972,1.978,0.006000000000000005,65,3.0,1.0,0.6,4.0,19.170243812504182
4363,2.003,2.008,0.004999999999999893,156,4.0,1.0,0.3,4.0,19.726470053745476
4364,1.937,1.942,0.004999999999999893,156,4.0,1.0,0.3,4.0,19.726470053745476
4365,1.993,1.999,0.006000000000000005,254,5.0,1.0,0.15,4.0,22.81177341528723
4366,1.9040000000000001,1.905,0.0009999999999998899,219,5.0,0.0,0.15,4.0,13.96674912522228
4367,1.973,1.983,0.010000000000000009,93,3.0,2.0,0.45,4.0,36.57367588777287
4368,2.02,2.0250000000000004,0.0050000000000003375,156,4.0,1.0,0.3,4.0,19.726470053745476
4369,2.0780000000000003,2.088,0.009999999999999787,93,3.0,2.0,0.45,4.0,36.57367588777287
4370,1.938,1.939,0.001000000000000112,219,5.0,0.0,0.15,4.0,13.96674912522228
4371,2.0060000000000002,2.0060000000000002,0.0,121,4.0,0.0,0.3,4.0,12.452110192925703
4372,1.957,1.958,0.0009999999999998899,219,5.0,0.0,0.15,4.0,13.96674912522228
4373,2.074,2.0789999999999997,0.004999999999999893,156,4.0,1.0,0.3,4.0,19.726470053745476
4374,2.113,2.114,0.0009999999999998899,219,5.0,0.0,0.15,4.0,13.96674912522228
4375,1.966,1.972,0.006000000000000005,254,5.0,1.0,0.15,4.0,22.81177341528723
4376,1.967,1.968,0.0009999999999998899,219,5.0,0.0,0.15,4.0,13.96674912522228
4377,1.917,1.923,0.006000000000000005,254,5.0,1.0,0.15,4.0,22.81177341528723
4378,1.944,1.946,0.0020000000000000018,149,4.0,1.0,0.15,4.0,18.263534125613354
4379,1.99,1.991,0.001000000000000112,219,5.0,0.0,0.15,4.0,13.96674912522228
4380,2.075,2.076,0.0009999999999998899,149,4.0,1.0,0.15,4.0,18.263534125613354
4381,1.93,1.931,0.001000000000000112,219,5.0,0.0,0.15,4.0,13.96674912522228
4382,2.06,2.064,0.0040000000000000036,156,4.0,1.0,0.3,4.0,19.726470053745476
4383,1.8760000000000001,1.881,0.004999999999999893,86,3.0,2.0,0.3,4.0,32.24266343324787
4384,1.935,1.936,0.0009999999999998899,219,5.0,0.0,0.15,4.0,13.96674912522228
4385,2.011,2.012,0.0009999999999998899,219,5.0,0.0,0.15,4.0,13.96674912522228
4386,1.846,1.847,0.0009999999999998899,219,5.0,0.0,0.15,4.0,13.96674912522228
4387,1.981,1.982,0.0009999999999998899,149,4.0,1.0,0.15,4.0,18.263534125613354
4388,1.948,1.952,0.0040000000000000036,156,4.0,1.0,0.3,4.0,19.726470053745476
4389,2.031,2.041,0.009999999999999787,93,3.0,2.0,0.45,4.0,36.57367588777287
4390,2.0549999999999997,2.066,0.01100000000000012,93,3.0,2.0,0.45,4.0,36.57367588777287
4391,1.967,1.971,0.0040000000000000036,156,4.0,1.0,0.3,4.0,19.726470053745476
4392,1.873,1.8780000000000001,0.0050000000000001155,156,4.0,1.0,0.3,4.0,19.726470053745476
4393,2.002,2.007,0.0050000000000003375,156,4.0,1.0,0.3,4.0,19.726470053745476
4394,2.059,2.064,0.004999999999999893,156,4.0,1.0,0.3,4.0,19.726470053745476
4395,2.0,2.005,0.004999999999999893,156,4.0,1.0,0.3,4.0,19.726470053745476
4396,1.997,2.002,0.004999999999999671,254,5.0,1.0,0.15,4.0,22.81177341528723
4397,1.922,1.922,0.0,219,5.0,0.0,0.15,4.0,13.96674912522228
4398,2.0090000000000003,2.015,0.005999999999999783,254,5.0,1.0,0.15,4.0,22.81177341528723
4399,2.016,2.016,0.0,219,5.0,0.0,0.15,4.0,13.96674912522228
4400,2.0250000000000004,2.035,0.009999999999999787,93,3.0,2.0,0.45,4.0,36.57367588777287
4401,1.974,1.979,0.0050000000000001155,86,3.0,2.0,0.3,4.0,32.24266343324787
4402,1.955,1.961,0.006000000000000005,254,5.0,1.0,0.15,4.0,22.81177341528723
4403,1.932,1.937,0.0050000000000001155,86,3.0,2.0,0.3,4.0,32.24266343324787
4404,2.073,2.077,0.0040000000000000036,86,3.0,2.0,0.3,4.0,32.24266343324787
4405,2.0170000000000003,2.021,0.0039999999999995595,156,4.0,1.0,0.3,4.0,19.726470053745476
4406,1.9060000000000001,1.91,0.0039999999999997815,156,4.0,1.0,0.3,4.0,19.726470053745476
4407,2.051,2.061,0.009999999999999787,93,3.0,2.0,0.45,4.0,36.57367588777287
4408,2.067,2.068,0.0009999999999998899,219,5.0,0.0,0.15,4.0,13.96674912522228
4409,1.994,1.995,0.001000000000000112,149,4.0,1.0,0.15,4.0,18.263534125613354
4410,2.0010000000000003,2.005,0.0039999999999995595,156,4.0,1.0,0.3,4.0,19.726470053745476
4411,1.954,1.955,0.001000000000000112,149,4.0,1.0,0.15,4.0,18.263534125613354
4412,2.015,2.0250000000000004,0.010000000000000231,93,3.0,2.0,0.45,4.0,36.57367588777287
4413,2.019,2.024,0.004999999999999893,156,4.0,1.0,0.3,4.0,19.726470053745476
4414,1.935,1.94,0.004999999999999893,156,4.0,1.0,0.3,4.0,19.726470053745476
4415,2.1500000000000004,2.154,0.0039999999999995595,156,4.0,1.0,0.3,4.0,19.726470053745476
4416,2.048,2.053,0.004999999999999893,254,5.0,1.0,0.15,4.0,22.81177341528723
4417,1.956,1.961,0.0050000000000001155,86,3.0,2.0,0.3,4.0,32.24266343324787
4418,1.952,1.953,0.001000000000000112,149,4.0,1.0,0.15,4.0,18.263534125613354
4419,2.075,2.085,0.009999999999999787,93,3.0,2.0,0.45,4.0,36.57367588777287
4420,2.044,2.048,0.0040000000000000036,156,4.0,1.0,0.3,4.0,19.726470053745476
4421,2.0549999999999997,2.057,0.002000000000000224,58,3.0,1.0,0.45,4.0,17.20520267224726
4422,2.042,2.042,0.0,219,5.0,0.0,0.15,4.0,13.96674912522228
4423,1.903,1.908,0.004999999999999893,156,4.0,1.0,0.3,4.0,19.726470053745476
4424,2.097,2.101,0.0040000000000000036,156,4.0,1.0,0.3,4.0,19.726470053745476
4425,2.057,2.061,0.0040000000000000036,156,4.0,1.0,0.3,4.0,19.726470053745476
4426,1.86,1.865,0.004999999999999893,86,3.0,2.0,0.3,4.0,32.24266343324787
4427,2.007,2.012,0.004999999999999893,156,4.0,1.0,0.3,4.0,19.726470053745476
4428,1.929,1.934,0.004999999999999893,254,5.0,1.0,0.15,4.0,22.81177341528723
4429,2.069,2.074,0.004999999999999893,156,4.0,1.0,0.3,4.0,19.726470053745476
4430,1.916,1.921,0.0050000000000001155,254,5.0,1.0,0.15,4.0,22.81177341528723
4431,2.008,2.013,0.004999999999999893,254,5.0,1.0,0.15,4.0,22.81177341528723
4432,2.031,2.036,0.004999999999999893,324,6.0,0.0,0.15,4.0,16.193866213510642
4433,2.013,2.013,0.0,219,5.0,0.0,0.15,4.0,13.96674912522228
4434,1.937,1.938,0.0009999999999998899,219,5.0,0.0,0.15,4.0,13.96674912522228
4435,2.037,2.049,0.01200000000000001,163,4.0,1.0,0.45,4.0,22.095669483454234
4436,1.924,1.929,0.0050000000000001155,156,4.0,1.0,0.3,4.0,19.726470053745476
4437,1.965,1.967,0.0020000000000000018,58,3.0,1.0,0.45,4.0,17.20520267224726
4438,1.954,1.955,0.001000000000000112,219,5.0,0.0,0.15,4.0,13.96674912522228
4439,2.058,2.0620000000000003,0.004000000000000448,156,4.0,1.0,0.3,4.0,19.726470053745476
4440,2.045,2.05,0.004999999999999893,254,5.0,1.0,0.15,4.0,22.81177341528723
4441,1.995,2.005,0.009999999999999787,93,3.0,2.0,0.45,4.0,36.57367588777287
4442,2.043,2.048,0.004999999999999893,156,4.0,1.0,0.3,4.0,19.726470053745476
4443,1.908,1.909,0.001000000000000112,51,3.0,1.0,0.3,4.0,15.99277515480869
4444,1.8840000000000001,1.889,0.004999999999999893,156,4.0,1.0,0.3,4.0,19.726470053745476
4445,2.008,2.008,0.0,247,5.0,1.0,0.0,4.0,21.420113577190087
4446,1.993,1.998,0.004999999999999893,156,4.0,1.0,0.3,4.0,19.726470053745476
4447,1.982,1.986,0.0040000000000000036,156,4.0,1.0,0.3,4.0,19.726470053745476
4448,1.96,1.961,0.001000000000000112,219,5.0,0.0,0.15,4.0,13.96674912522228
4449,2.0090000000000003,2.0250000000000004,0.016000000000000014,261,5.0,1.0,0.3,4.0,25.260631670972717
4450,2.104,2.105,0.0009999999999998899,149,4.0,1.0,0.15,4.0,18.263534125613354
4451,1.999,2.01,0.010999999999999677,93,3.0,2.0,0.45,4.0,36.57367588777287
4452,2.0940000000000003,2.099,0.004999999999999893,254,5.0,1.0,0.15,4.0,22.81177341528723
4453,1.943,1.947,0.0040000000000000036,156,4.0,1.0,0.3,4.0,19.726470053745476
4454,1.981,1.985,0.0040000000000000036,86,3.0,2.0,0.3,4.0,32.24266343324787
4455,1.999,2.0,0.0009999999999998899,219,5.0,0.0,0.15,4.0,13.96674912522228
4456,1.989,1.995,0.006000000000000005,254,5.0,1.0,0.15,4.0,22.81177341528723
4457,1.944,1.949,0.0050000000000001155,156,4.0,1.0,0.3,4.0,19.726470053745476
4458,1.973,1.978,0.004999999999999893,254,5.0,1.0,0.15,4.0,22.81177341528723
4459,1.991,1.996,0.004999999999999893,156,4.0,1.0,0.3,4.0,19.726470053745476
4460,1.944,1.949,0.0050000000000001155,156,4.0,1.0,0.3,4.0,19.726470053745476
4461,2.0330000000000004,2.044,0.010999999999999677,93,3.0,2.0,0.45,4.0,36.57367588777287
4462,1.971,1.976,0.004999999999999893,86,3.0,2.0,0.3,4.0,32.24266343324787
4463,1.913,1.927,0.014000000000000012,191,4.0,2.0,0.3,4.0,46.283348573725405
4464,2.01,2.01,0.0,219,5.0,0.0,0.15,4.0,13.96674912522228
4465,1.934,1.938,0.0040000000000000036,156,4.0,1.0,0.3,4.0,19.726470053745476
4466,2.012,2.016,0.0040000000000000036,156,4.0,1.0,0.3,4.0,19.726470053745476
4467,1.915,1.92,0.004999999999999893,254,5.0,1.0,0.15,4.0,22.81177341528723
4468,1.936,1.937,0.001000000000000112,219,5.0,0.0,0.15,4.0,13.96674912522228
4469,2.0170000000000003,2.027,0.009999999999999787,93,3.0,2.0,0.45,4.0,36.57367588777287
4470,1.959,1.964,0.004999999999999893,156,4.0,1.0,0.3,4.0,19.726470053745476
4471,2.0709999999999997,2.072,0.001000000000000334,219,5.0,0.0,0.15,4.0,13.96674912522228
4472,1.996,1.996,0.0,283,5.0,2.0,0.0,5.0,66.4098739739585
4473,1.968,1.973,0.0050000000000001155,156,4.0,1.0,0.3,4.0,19.726470053745476
4474,2.045,2.05,0.004999999999999893,156,4.0,1.0,0.3,4.0,19.726470053745476
4475,1.933,1.947,0.014000000000000012,191,4.0,2.0,0.3,4.0,46.283348573725405
4476,2.021,2.026,0.004999999999999893,156,4.0,1.0,0.3,4.0,19.726470053745476
4477,2.0940000000000003,2.099,0.004999999999999893,254,5.0,1.0,0.15,4.0,22.81177341528723
4478,2.043,2.048,0.004999999999999893,156,4.0,1.0,0.3,4.0,19.726470053745476
4479,1.969,1.97,0.0009999999999998899,219,5.0,0.0,0.15,4.0,13.96674912522228
4480,1.912,1.913,0.001000000000000112,219,5.0,0.0,0.15,4.0,13.96674912522228
4481,1.961,1.971,0.010000000000000009,93,3.0,2.0,0.45,4.0,36.57367588777287
4482,2.053,2.0629999999999997,0.009999999999999787,93,3.0,2.0,0.45,4.0,36.57367588777287
4483,1.929,1.938,0.008999999999999897,185,4.0,2.0,0.15,5.0,49.87728383502711
4484,2.089,2.092,0.0030000000000001137,58,3.0,1.0,0.45,4.0,17.20520267224726
4485,2.016,2.02,0.0040000000000000036,156,4.0,1.0,0.3,4.0,19.726470053745476
4486,1.862,1.862,0.0,219,5.0,0.0,0.15,4.0,13.96674912522228
4487,1.977,1.987,0.010000000000000009,93,3.0,2.0,0.45,4.0,36.57367588777287
4488,1.929,1.935,0.006000000000000005,254,5.0,1.0,0.15,4.0,22.81177341528723
4489,1.954,1.955,0.001000000000000112,219,5.0,0.0,0.15,4.0,13.96674912522228
4490,1.891,1.8960000000000001,0.0050000000000001155,156,4.0,1.0,0.3,4.0,19.726470053745476
4491,1.9040000000000001,1.91,0.005999999999999783,254,5.0,1.0,0.15,4.0,22.81177341528723
4492,2.008,2.008,0.0,283,5.0,2.0,0.0,5.0,66.4098739739585
4493,2.044,2.045,0.0009999999999998899,219,5.0,0.0,0.15,4.0,13.96674912522228
4494,1.867,1.8820000000000001,0.015000000000000124,261,5.0,1.0,0.3,4.0,25.260631670972717
4495,1.984,2.0060000000000002,0.02200000000000024,290,5.0,2.0,0.15,5.0,76.15188156842561
4496,2.026,2.031,0.0050000000000003375,254,5.0,1.0,0.15,4.0,22.81177341528723
4497,1.979,1.98,0.0009999999999998899,219,5.0,0.0,0.15,4.0,13.96674912522228
4498,1.887,1.8920000000000001,0.0050000000000001155,156,4.0,1.0,0.3,4.0,19.726470053745476
4499,1.911,1.911,0.0,219,5.0,0.0,0.15,4.0,13.96674912522228
4500,1.962,1.962,0.0,178,4.0,2.0,0.0,5.0,46.43816282340671
4501,2.0220000000000002,2.027,0.004999999999999893,156,4.0,1.0,0.3,4.0,19.726470053745476
4502,2.043,2.044,0.0009999999999998899,219,5.0,0.0,0.15,4.0,13.96674912522228
4503,1.963,1.965,0.0020000000000000018,58,3.0,1.0,0.45,4.0,17.20520267224726
4504,1.936,1.941,0.0050000000000001155,254,5.0,1.0,0.15,4.0,22.81177341528723
4505,1.872,1.877,0.004999999999999893,254,5.0,1.0,0.15,4.0,22.81177341528723
4506,1.996,1.998,0.0020000000000000018,226,5.0,0.0,0.3,4.0,14.468913019092193
4507,2.0,2.005,0.004999999999999893,156,4.0,1.0,0.3,4.0,19.726470053745476
4508,2.067,2.0709999999999997,0.0039999999999995595,156,4.0,1.0,0.3,4.0,19.726470053745476
4509,2.004,2.0090000000000003,0.0050000000000003375,156,4.0,1.0,0.3,4.0,19.726470053745476
4510,2.0140000000000002,2.019,0.004999999999999893,254,5.0,1.0,0.15,4.0,22.81177341528723
4511,1.98,1.981,0.001000000000000112,219,5.0,0.0,0.15,4.0,13.96674912522228
4512,1.919,1.924,0.004999999999999893,86,3.0,2.0,0.3,4.0,32.24266343324787
4513,1.963,1.968,0.004999999999999893,156,4.0,1.0,0.3,4.0,19.726470053745476
4514,1.912,1.913,0.001000000000000112,219,5.0,0.0,0.15,4.0,13.96674912522228
4515,2.0789999999999997,2.083,0.004000000000000448,156,4.0,1.0,0.3,4.0,19.726470053745476
4516,2.007,2.008,0.0009999999999998899,219,5.0,0.0,0.15,4.0,13.96674912522228
4517,2.019,2.024,0.004999999999999893,184,4.0,2.0,0.15,4.0,39.90182706802169
4518,2.0,2.002,0.0019999999999997797,58,3.0,1.0,0.45,4.0,17.20520267224726
4519,2.0380000000000003,2.0389999999999997,0.0009999999999994458,219,5.0,0.0,0.15,4.0,13.96674912522228
4520,1.938,1.939,0.001000000000000112,149,4.0,1.0,0.15,4.0,18.263534125613354
4521,2.036,2.042,0.005999999999999783,254,5.0,1.0,0.15,4.0,22.81177341528723
4522,1.934,1.939,0.0050000000000001155,254,5.0,1.0,0.15,4.0,22.81177341528723
4523,1.99,2.0,0.010000000000000009,185,4.0,2.0,0.15,5.0,49.87728383502711
4524,2.0010000000000003,2.0010000000000003,0.0,219,5.0,0.0,0.15,4.0,13.96674912522228
4525,1.99,1.991,0.001000000000000112,219,5.0,0.0,0.15,4.0,13.96674912522228
4526,1.964,1.977,0.013000000000000123,191,4.0,2.0,0.3,4.0,46.283348573725405
4527,1.846,1.851,0.004999999999999893,184,4.0,2.0,0.15,4.0,39.90182706802169
4528,1.879,1.883,0.0040000000000000036,156,4.0,1.0,0.3,4.0,19.726470053745476
4529,2.093,2.098,0.004999999999999893,156,4.0,1.0,0.3,4.0,19.726470053745476
4530,2.04,2.045,0.004999999999999893,254,5.0,1.0,0.15,4.0,22.81177341528723
4531,2.121,2.125,0.0040000000000000036,156,4.0,1.0,0.3,4.0,19.726470053745476
4532,2.058,2.0629999999999997,0.004999999999999893,324,6.0,0.0,0.15,4.0,16.193866213510642
4533,1.877,1.8820000000000001,0.0050000000000001155,156,4.0,1.0,0.3,4.0,19.726470053745476
4534,2.028,2.032,0.0040000000000000036,156,4.0,1.0,0.3,4.0,19.726470053745476
4535,1.9020000000000001,1.907,0.004999999999999893,254,5.0,1.0,0.15,4.0,22.81177341528723
4536,2.0330000000000004,2.0380000000000003,0.004999999999999893,156,4.0,1.0,0.3,4.0,19.726470053745476
4537,1.978,1.983,0.0050000000000001155,254,5.0,1.0,0.15,4.0,22.81177341528723
4538,2.0170000000000003,2.0220000000000002,0.004999999999999893,156,4.0,1.0,0.3,4.0,19.726470053745476
4539,2.012,2.016,0.0040000000000000036,156,4.0,1.0,0.3,4.0,19.726470053745476
4540,2.104,2.109,0.004999999999999893,156,4.0,1.0,0.3,4.0,19.726470053745476
4541,1.98,1.986,0.006000000000000005,65,3.0,1.0,0.6,4.0,19.170243812504182
4542,1.969,1.974,0.004999999999999893,86,3.0,2.0,0.3,4.0,32.24266343324787
4543,1.931,1.935,0.0040000000000000036,156,4.0,1.0,0.3,4.0,19.726470053745476
4544,1.963,1.968,0.004999999999999893,156,4.0,1.0,0.3,4.0,19.726470053745476
4545,2.02,2.0250000000000004,0.0050000000000003375,254,5.0,1.0,0.15,4.0,22.81177341528723
4546,2.065,2.067,0.002000000000000224,58,3.0,1.0,0.45,4.0,17.20520267224726
4547,2.024,2.028,0.0040000000000000036,156,4.0,1.0,0.3,4.0,19.726470053745476
4548,1.998,1.998,0.0,219,5.0,0.0,0.15,4.0,13.96674912522228
4549,1.929,1.939,0.010000000000000009,93,3.0,2.0,0.45,4.0,36.57367588777287
4550,2.0300000000000002,2.034,0.0039999999999995595,156,4.0,1.0,0.3,4.0,19.726470053745476
4551,2.0460000000000003,2.0460000000000003,0.0,51,3.0,1.0,0.3,4.0,15.99277515480869
4552,2.06,2.065,0.004999999999999893,156,4.0,1.0,0.3,4.0,19.726470053745476
4553,2.0389999999999997,2.04,0.001000000000000334,219,5.0,0.0,0.15,4.0,13.96674912522228
4554,1.985,1.991,0.006000000000000005,86,3.0,2.0,0.3,4.0,32.24266343324787
4555,2.029,2.0330000000000004,0.004000000000000448,156,4.0,1.0,0.3,4.0,19.726470053745476
4556,2.029,2.034,0.004999999999999893,156,4.0,1.0,0.3,4.0,19.726470053745476
4557,2.085,2.089,0.0040000000000000036,156,4.0,1.0,0.3,4.0,19.726470053745476
4558,1.877,1.8860000000000001,0.009000000000000119,93,3.0,2.0,0.45,4.0,36.57367588777287
4559,1.971,1.976,0.004999999999999893,184,4.0,2.0,0.15,4.0,39.90182706802169
4560,1.985,1.99,0.004999999999999893,254,5.0,1.0,0.15,4.0,22.81177341528723
4561,1.938,1.943,0.0050000000000001155,156,4.0,1.0,0.3,4.0,19.726470053745476
4562,1.963,1.968,0.004999999999999893,86,3.0,2.0,0.3,4.0,32.24266343324787
4563,2.005,2.011,0.006000000000000227,254,5.0,1.0,0.15,4.0,22.81177341528723
4564,1.994,1.999,0.0050000000000001155,254,5.0,1.0,0.15,4.0,22.81177341528723
4565,1.992,1.997,0.0050000000000001155,156,4.0,1.0,0.3,4.0,19.726470053745476
4566,1.899,1.9000000000000001,0.001000000000000112,219,5.0,0.0,0.15,4.0,13.96674912522228
4567,2.064,2.068,0.0040000000000000036,156,4.0,1.0,0.3,4.0,19.726470053745476
4568,2.056,2.061,0.004999999999999893,156,4.0,1.0,0.3,4.0,19.726470053745476
4569,1.947,1.952,0.004999999999999893,254,5.0,1.0,0.15,4.0,22.81177341528723
4570,2.067,2.068,0.0009999999999998899,219,5.0,0.0,0.15,4.0,13.96674912522228
4571,1.91,1.92,0.010000000000000009,93,3.0,2.0,0.45,4.0,36.57367588777287
4572,1.94,1.944,0.0040000000000000036,156,4.0,1.0,0.3,4.0,19.726470053745476
4573,2.057,2.067,0.010000000000000231,93,3.0,2.0,0.45,4.0,36.57367588777287
4574,1.962,1.963,0.001000000000000112,219,5.0,0.0,0.15,4.0,13.96674912522228
4575,1.946,1.952,0.006000000000000005,254,5.0,1.0,0.15,4.0,22.81177341528723
4576,1.923,1.928,0.004999999999999893,156,4.0,1.0,0.3,4.0,19.726470053745476
4577,1.845,1.85,0.0050000000000001155,184,4.0,2.0,0.15,4.0,39.90182706802169
4578,2.132,2.133,0.0009999999999998899,219,5.0,0.0,0.15,4.0,13.96674912522228
4579,1.921,1.921,0.0,219,5.0,0.0,0.15,4.0,13.96674912522228
4580,2.02,2.021,0.0009999999999998899,219,5.0,0.0,0.15,4.0,13.96674912522228
4581,1.963,1.967,0.0040000000000000036,156,4.0,1.0,0.3,4.0,19.726470053745476
4582,1.969,1.974,0.004999999999999893,156,4.0,1.0,0.3,4.0,19.726470053745476
4583,1.847,1.852,0.0050000000000001155,156,4.0,1.0,0.3,4.0,19.726470053745476
4584,2.0620000000000003,2.089,0.02699999999999969,192,4.0,2.0,0.3,5.0,57.85418571715676
4585,1.94,1.941,0.001000000000000112,219,5.0,0.0,0.15,4.0,13.96674912522228
4586,1.881,1.883,0.0020000000000000018,149,4.0,1.0,0.15,4.0,18.263534125613354
4587,2.06,2.06,0.0,283,5.0,2.0,0.0,5.0,66.4098739739585
4588,2.108,2.113,0.004999999999999893,156,4.0,1.0,0.3,4.0,19.726470053745476
4589,1.975,1.981,0.006000000000000005,254,5.0,1.0,0.15,4.0,22.81177341528723
4590,1.973,1.979,0.006000000000000005,254,5.0,1.0,0.15,4.0,22.81177341528723
4591,2.029,2.034,0.004999999999999893,184,4.0,2.0,0.15,4.0,39.90182706802169
4592,2.044,2.045,0.0009999999999998899,219,5.0,0.0,0.15,4.0,13.96674912522228
4593,1.919,1.92,0.0009999999999998899,219,5.0,0.0,0.15,4.0,13.96674912522228
4594,1.996,2.019,0.02300000000000013,192,4.0,2.0,0.3,5.0,57.85418571715676
4595,2.064,2.065,0.0009999999999998899,219,5.0,0.0,0.15,4.0,13.96674912522228
4596,1.974,1.975,0.001000000000000112,219,5.0,0.0,0.15,4.0,13.96674912522228
4597,2.003,2.013,0.009999999999999787,93,3.0,2.0,0.45,4.0,36.57367588777287
4598,1.999,2.003,0.0040000000000000036,156,4.0,1.0,0.3,4.0,19.726470053745476
4599,1.95,1.955,0.0050000000000001155,156,4.0,1.0,0.3,4.0,19.726470053745476
4600,2.002,2.003,0.001000000000000334,149,4.0,1.0,0.15,4.0,18.263534125613354
4601,1.963,1.968,0.004999999999999893,254,5.0,1.0,0.15,4.0,22.81177341528723
4602,2.027,2.027,0.0,178,4.0,2.0,0.0,5.0,46.43816282340671
4603,1.972,1.973,0.001000000000000112,219,5.0,0.0,0.15,4.0,13.96674912522228
4604,2.013,2.018,0.004999999999999893,156,4.0,1.0,0.3,4.0,19.726470053745476
4605,1.919,1.924,0.004999999999999893,324,6.0,0.0,0.15,4.0,16.193866213510642
4606,1.889,1.891,0.0020000000000000018,58,3.0,1.0,0.45,4.0,17.20520267224726
4607,1.925,1.93,0.004999999999999893,156,4.0,1.0,0.3,4.0,19.726470053745476
4608,2.051,2.052,0.0009999999999998899,219,5.0,0.0,0.15,4.0,13.96674912522228
4609,1.899,1.9040000000000001,0.0050000000000001155,254,5.0,1.0,0.15,4.0,22.81177341528723
4610,1.975,1.98,0.004999999999999893,254,5.0,1.0,0.15,4.0,22.81177341528723
4611,1.951,1.956,0.004999999999999893,254,5.0,1.0,0.15,4.0,22.81177341528723
4612,2.0140000000000002,2.018,0.0039999999999995595,156,4.0,1.0,0.3,4.0,19.726470053745476
4613,1.929,1.934,0.004999999999999893,156,4.0,1.0,0.3,4.0,19.726470053745476
4614,1.94,1.945,0.0050000000000001155,156,4.0,1.0,0.3,4.0,19.726470053745476
4615,1.999,2.0,0.0009999999999998899,219,5.0,0.0,0.15,4.0,13.96674912522228
4616,2.042,2.0469999999999997,0.004999999999999893,156,4.0,1.0,0.3,4.0,19.726470053745476
4617,1.97,1.98,0.010000000000000009,93,3.0,2.0,0.45,4.0,36.57367588777287
4618,2.057,2.058,0.0009999999999998899,149,4.0,1.0,0.15,4.0,18.263534125613354
4619,2.016,2.02,0.0040000000000000036,156,4.0,1.0,0.3,4.0,19.726470053745476
4620,1.924,1.929,0.0050000000000001155,254,5.0,1.0,0.15,4.0,22.81177341528723
4621,1.92,1.925,0.0050000000000001155,184,4.0,2.0,0.15,4.0,39.90182706802169
4622,2.0460000000000003,2.051,0.004999999999999893,156,4.0,1.0,0.3,4.0,19.726470053745476
4623,2.002,2.007,0.0050000000000003375,86,3.0,2.0,0.3,4.0,32.24266343324787
4624,1.993,2.0140000000000002,0.02100000000000013,290,5.0,2.0,0.15,5.0,76.15188156842561
4625,1.989,1.989,0.0,219,5.0,0.0,0.15,4.0,13.96674912522228
4626,2.007,2.007,0.0,219,5.0,0.0,0.15,4.0,13.96674912522228
4627,2.042,2.043,0.001000000000000334,219,5.0,0.0,0.15,4.0,13.96674912522228
4628,1.931,1.933,0.0020000000000000018,58,3.0,1.0,0.45,4.0,17.20520267224726
4629,2.061,2.061,0.0,219,5.0,0.0,0.15,4.0,13.96674912522228
4630,2.0060000000000002,2.011,0.004999999999999893,156,4.0,1.0,0.3,4.0,19.726470053745476
4631,2.0010000000000003,2.0060000000000002,0.004999999999999893,254,5.0,1.0,0.15,4.0,22.81177341528723
4632,1.973,1.975,0.0020000000000000018,58,3.0,1.0,0.45,4.0,17.20520267224726
4633,1.8820000000000001,1.887,0.004999999999999893,156,4.0,1.0,0.3,4.0,19.726470053745476
4634,2.049,2.0540000000000003,0.0050000000000003375,254,5.0,1.0,0.15,4.0,22.81177341528723
4635,2.0300000000000002,2.031,0.0009999999999998899,219,5.0,0.0,0.15,4.0,13.96674912522228
4636,1.8760000000000001,1.881,0.004999999999999893,156,4.0,1.0,0.3,4.0,19.726470053745476
4637,1.989,1.989,0.0,177,4.0,2.0,0.0,4.0,37.15053025872537
4638,1.912,1.917,0.0050000000000001155,156,4.0,1.0,0.3,4.0,19.726470053745476
4639,1.984,1.994,0.010000000000000009,93,3.0,2.0,0.45,4.0,36.57367588777287
4640,2.099,2.104,0.004999999999999893,184,4.0,2.0,0.15,4.0,39.90182706802169
4641,2.007,2.012,0.004999999999999893,156,4.0,1.0,0.3,4.0,19.726470053745476
4642,1.975,1.976,0.0009999999999998899,219,5.0,0.0,0.15,4.0,13.96674912522228
4643,1.8840000000000001,1.8880000000000001,0.0040000000000000036,156,4.0,1.0,0.3,4.0,19.726470053745476
4644,1.975,1.98,0.004999999999999893,156,4.0,1.0,0.3,4.0,19.726470053745476
4645,1.981,1.986,0.004999999999999893,156,4.0,1.0,0.3,4.0,19.726470053745476
4646,1.912,1.913,0.001000000000000112,219,5.0,0.0,0.15,4.0,13.96674912522228
4647,1.862,1.867,0.004999999999999893,156,4.0,1.0,0.3,4.0,19.726470053745476
4648,1.937,1.952,0.014999999999999902,261,5.0,1.0,0.3,4.0,25.260631670972717
4649,2.0620000000000003,2.0629999999999997,0.0009999999999994458,219,5.0,0.0,0.15,4.0,13.96674912522228
4650,1.8760000000000001,1.881,0.004999999999999893,86,3.0,2.0,0.3,4.0,32.24266343324787
4651,2.0170000000000003,2.0170000000000003,0.0,219,5.0,0.0,0.15,4.0,13.96674912522228
4652,1.939,1.943,0.0040000000000000036,156,4.0,1.0,0.3,4.0,19.726470053745476
4653,2.01,2.016,0.006000000000000227,254,5.0,1.0,0.15,4.0,22.81177341528723
4654,1.968,1.969,0.001000000000000112,219,5.0,0.0,0.15,4.0,13.96674912522228
4655,1.984,1.988,0.0040000000000000036,156,4.0,1.0,0.3,4.0,19.726470053745476
4656,2.077,2.088,0.01100000000000012,93,3.0,2.0,0.45,4.0,36.57367588777287
4657,2.0330000000000004,2.0380000000000003,0.004999999999999893,156,4.0,1.0,0.3,4.0,19.726470053745476
4658,1.8960000000000001,1.9000000000000001,0.0040000000000000036,156,4.0,1.0,0.3,4.0,19.726470053745476
4659,1.923,1.928,0.004999999999999893,156,4.0,1.0,0.3,4.0,19.726470053745476
4660,1.969,1.973,0.0040000000000000036,156,4.0,1.0,0.3,4.0,19.726470053745476
4661,2.003,2.003,0.0,219,5.0,0.0,0.15,4.0,13.96674912522228
4662,1.974,1.975,0.001000000000000112,219,5.0,0.0,0.15,4.0,13.96674912522228
4663,1.949,1.949,0.0,646,9.0,0.0,0.3,4.0,12.795120795134277
4664,1.883,1.8880000000000001,0.0050000000000001155,86,3.0,2.0,0.3,4.0,32.24266343324787
4665,1.95,1.951,0.001000000000000112,219,5.0,0.0,0.15,4.0,13.96674912522228
4666,1.992,1.998,0.006000000000000005,254,5.0,1.0,0.15,4.0,22.81177341528723
4667,2.0389999999999997,2.044,0.0050000000000003375,184,4.0,2.0,0.15,4.0,39.90182706802169
4668,2.064,2.069,0.004999999999999893,156,4.0,1.0,0.3,4.0,19.726470053745476
4669,1.913,1.917,0.0040000000000000036,156,4.0,1.0,0.3,4.0,19.726470053745476
4670,1.977,1.977,0.0,219,5.0,0.0,0.15,4.0,13.96674912522228
4671,1.98,2.0010000000000003,0.02100000000000035,290,5.0,2.0,0.15,5.0,76.15188156842561
4672,1.92,1.942,0.02200000000000002,100,3.0,2.0,0.6,4.0,45.80420869779847
4673,2.1,2.1020000000000003,0.002000000000000224,58,3.0,1.0,0.45,4.0,17.20520267224726
4674,2.075,2.08,0.004999999999999893,254,5.0,1.0,0.15,4.0,22.81177341528723
4675,1.938,1.939,0.001000000000000112,219,5.0,0.0,0.15,4.0,13.96674912522228
4676,2.0010000000000003,2.002,0.0009999999999994458,219,5.0,0.0,0.15,4.0,13.96674912522228
4677,1.955,1.957,0.0020000000000000018,58,3.0,1.0,0.45,4.0,17.20520267224726
4678,2.008,2.008,0.0,219,5.0,0.0,0.15,4.0,13.96674912522228
4679,1.987,1.992,0.004999999999999893,156,4.0,1.0,0.3,4.0,19.726470053745476
4680,1.913,1.913,0.0,219,5.0,0.0,0.15,4.0,13.96674912522228
4681,1.917,1.918,0.0009999999999998899,219,5.0,0.0,0.15,4.0,13.96674912522228
4682,2.044,2.045,0.0009999999999998899,219,5.0,0.0,0.15,4.0,13.96674912522228
4683,1.962,1.968,0.006000000000000005,65,3.0,1.0,0.6,4.0,19.170243812504182
4684,1.95,1.951,0.001000000000000112,219,5.0,0.0,0.15,4.0,13.96674912522228
4685,2.019,2.029,0.009999999999999787,93,3.0,2.0,0.45,4.0,36.57367588777287
4686,2.04,2.045,0.004999999999999893,156,4.0,1.0,0.3,4.0,19.726470053745476
4687,2.0250000000000004,2.035,0.009999999999999787,93,3.0,2.0,0.45,4.0,36.57367588777287
4688,1.987,1.992,0.004999999999999893,156,4.0,1.0,0.3,4.0,19.726470053745476
4689,1.828,1.829,0.0009999999999998899,219,5.0,0.0,0.15,4.0,13.96674912522228
4690,2.069,2.082,0.0129999999999999,163,4.0,1.0,0.45,4.0,22.095669483454234
4691,2.015,2.02,0.004999999999999893,156,4.0,1.0,0.3,4.0,19.726470053745476
4692,1.961,1.963,0.0020000000000000018,58,3.0,1.0,0.45,4.0,17.20520267224726
4693,2.1029999999999998,2.108,0.0050000000000003375,156,4.0,1.0,0.3,4.0,19.726470053745476
4694,1.964,1.969,0.0050000000000001155,156,4.0,1.0,0.3,4.0,19.726470053745476
4695,1.83,1.835,0.004999999999999893,156,4.0,1.0,0.3,4.0,19.726470053745476
4696,2.092,2.1020000000000003,0.010000000000000231,93,3.0,2.0,0.45,4.0,36.57367588777287
4697,1.987,1.988,0.0009999999999998899,219,5.0,0.0,0.15,4.0,13.96674912522228
4698,1.954,1.959,0.0050000000000001155,156,4.0,1.0,0.3,4.0,19.726470053745476
4699,2.027,2.028,0.0009999999999998899,219,5.0,0.0,0.15,4.0,13.96674912522228
4700,1.995,1.999,0.0040000000000000036,156,4.0,1.0,0.3,4.0,19.726470053745476
4701,1.87,1.872,0.0020000000000000018,58,3.0,1.0,0.45,4.0,17.20520267224726
4702,1.942,1.947,0.0050000000000001155,156,4.0,1.0,0.3,4.0,19.726470053745476
4703,1.8880000000000001,1.893,0.004999999999999893,156,4.0,1.0,0.3,4.0,19.726470053745476
4704,2.127,2.132,0.0050000000000003375,254,5.0,1.0,0.15,4.0,22.81177341528723
4705,2.002,2.012,0.010000000000000231,93,3.0,2.0,0.45,4.0,36.57367588777287
4706,2.02,2.02,0.0,219,5.0,0.0,0.15,4.0,13.96674912522228
4707,1.948,1.948,0.0,219,5.0,0.0,0.15,4.0,13.96674912522228
4708,1.997,2.003,0.006000000000000005,254,5.0,1.0,0.15,4.0,22.81177341528723
4709,1.944,1.948,0.0040000000000000036,156,4.0,1.0,0.3,4.0,19.726470053745476
4710,1.993,1.994,0.0009999999999998899,149,4.0,1.0,0.15,4.0,18.263534125613354
4711,1.96,1.96,0.0,219,5.0,0.0,0.15,4.0,13.96674912522228
4712,2.015,2.015,0.0,219,5.0,0.0,0.15,4.0,13.96674912522228
4713,2.0090000000000003,2.013,0.0039999999999995595,156,4.0,1.0,0.3,4.0,19.726470053745476
4714,1.933,1.938,0.004999999999999893,156,4.0,1.0,0.3,4.0,19.726470053745476
4715,2.074,2.077,0.0030000000000001137,226,5.0,0.0,0.3,4.0,14.468913019092193
4716,2.12,2.125,0.004999999999999893,156,4.0,1.0,0.3,4.0,19.726470053745476
4717,1.955,1.96,0.004999999999999893,156,4.0,1.0,0.3,4.0,19.726470053745476
4718,1.9000000000000001,1.915,0.014999999999999902,261,5.0,1.0,0.3,4.0,25.260631670972717
4719,1.96,1.971,0.01100000000000012,93,3.0,2.0,0.45,4.0,36.57367588777287
4720,1.925,1.926,0.0009999999999998899,219,5.0,0.0,0.15,4.0,13.96674912522228
4721,2.034,2.035,0.001000000000000334,219,5.0,0.0,0.15,4.0,13.96674912522228
4722,1.924,1.926,0.0020000000000000018,58,3.0,1.0,0.45,4.0,17.20520267224726
4723,1.954,1.959,0.0050000000000001155,184,4.0,2.0,0.15,4.0,39.90182706802169
4724,1.954,1.959,0.0050000000000001155,184,4.0,2.0,0.15,4.0,39.90182706802169
4725,2.02,2.021,0.0009999999999998899,219,5.0,0.0,0.15,4.0,13.96674912522228
4726,1.895,1.905,0.010000000000000009,93,3.0,2.0,0.45,4.0,36.57367588777287
4727,2.1390000000000002,2.144,0.004999999999999893,156,4.0,1.0,0.3,4.0,19.726470053745476
4728,2.032,2.036,0.0040000000000000036,156,4.0,1.0,0.3,4.0,19.726470053745476
4729,1.901,1.903,0.0020000000000000018,58,3.0,1.0,0.45,4.0,17.20520267224726
4730,1.996,2.01,0.01399999999999979,191,4.0,2.0,0.3,4.0,46.283348573725405
4731,1.994,1.999,0.0050000000000001155,86,3.0,2.0,0.3,4.0,32.24266343324787
4732,1.917,1.922,0.004999999999999893,86,3.0,2.0,0.3,4.0,32.24266343324787
4733,1.997,2.002,0.004999999999999671,86,3.0,2.0,0.3,4.0,32.24266343324787
4734,2.0170000000000003,2.0220000000000002,0.004999999999999893,254,5.0,1.0,0.15,4.0,22.81177341528723
4735,2.0549999999999997,2.056,0.001000000000000334,219,5.0,0.0,0.15,4.0,13.96674912522228
4736,1.907,1.912,0.004999999999999893,86,3.0,2.0,0.3,4.0,32.24266343324787
4737,2.013,2.013,0.0,219,5.0,0.0,0.15,4.0,13.96674912522228
4738,1.901,1.9060000000000001,0.0050000000000001155,156,4.0,1.0,0.3,4.0,19.726470053745476
4739,2.008,2.0140000000000002,0.006000000000000227,254,5.0,1.0,0.15,4.0,22.81177341528723
4740,2.0380000000000003,2.04,0.0019999999999997797,79,3.0,2.0,0.15,4.0,30.044253224096934
4741,2.02,2.021,0.0009999999999998899,219,5.0,0.0,0.15,4.0,13.96674912522228
4742,2.067,2.073,0.005999999999999783,65,3.0,1.0,0.6,4.0,19.170243812504182
4743,1.973,1.973,0.0,219,5.0,0.0,0.15,4.0,13.96674912522228
4744,1.957,1.958,0.0009999999999998899,219,5.0,0.0,0.15,4.0,13.96674912522228
4745,1.971,1.973,0.0020000000000000018,58,3.0,1.0,0.45,4.0,17.20520267224726
4746,2.015,2.019,0.0040000000000000036,156,4.0,1.0,0.3,4.0,19.726470053745476
4747,1.959,1.959,0.0,121,4.0,0.0,0.3,4.0,12.452110192925703
4748,1.914,1.914,0.0,219,5.0,0.0,0.15,4.0,13.96674912522228
4749,1.99,2.002,0.011999999999999789,191,4.0,2.0,0.3,4.0,46.283348573725405
4750,2.008,2.0090000000000003,0.001000000000000334,219,5.0,0.0,0.15,4.0,13.96674912522228
4751,2.018,2.023,0.0050000000000003375,156,4.0,1.0,0.3,4.0,19.726470053745476
4752,1.925,1.939,0.014000000000000012,191,4.0,2.0,0.3,4.0,46.283348573725405
4753,2.012,2.0170000000000003,0.0050000000000003375,156,4.0,1.0,0.3,4.0,19.726470053745476
4754,1.981,1.991,0.010000000000000009,93,3.0,2.0,0.45,4.0,36.57367588777287
4755,1.977,1.983,0.006000000000000005,254,5.0,1.0,0.15,4.0,22.81177341528723
4756,1.905,1.909,0.0040000000000000036,156,4.0,1.0,0.3,4.0,19.726470053745476
4757,1.933,1.938,0.004999999999999893,156,4.0,1.0,0.3,4.0,19.726470053745476
4758,1.937,1.939,0.0020000000000000018,149,4.0,1.0,0.15,4.0,18.263534125613354
4759,1.965,1.965,0.0,219,5.0,0.0,0.15,4.0,13.96674912522228
4760,1.98,1.984,0.0040000000000000036,156,4.0,1.0,0.3,4.0,19.726470053745476
4761,1.998,2.003,0.0050000000000001155,156,4.0,1.0,0.3,4.0,19.726470053745476
4762,1.917,1.922,0.004999999999999893,156,4.0,1.0,0.3,4.0,19.726470053745476
4763,1.8980000000000001,1.922,0.0239999999999998,192,4.0,2.0,0.3,5.0,57.85418571715676
4764,2.1020000000000003,2.1029999999999998,0.0009999999999994458,219,5.0,0.0,0.15,4.0,13.96674912522228
4765,2.0170000000000003,2.0220000000000002,0.004999999999999893,254,5.0,1.0,0.15,4.0,22.81177341528723
4766,2.0250000000000004,2.0300000000000002,0.004999999999999893,86,3.0,2.0,0.3,4.0,32.24266343324787
4767,1.975,1.98,0.004999999999999893,156,4.0,1.0,0.3,4.0,19.726470053745476
4768,1.987,1.993,0.006000000000000005,254,5.0,1.0,0.15,4.0,22.81177341528723
4769,2.0170000000000003,2.0300000000000002,0.0129999999999999,191,4.0,2.0,0.3,4.0,46.283348573725405
4770,2.0250000000000004,2.029,0.0039999999999995595,156,4.0,1.0,0.3,4.0,19.726470053745476
4771,1.846,1.847,0.0009999999999998899,51,3.0,1.0,0.3,4.0,15.99277515480869
4772,2.0090000000000003,2.019,0.009999999999999787,93,3.0,2.0,0.45,4.0,36.57367588777287
4773,1.93,1.931,0.001000000000000112,219,5.0,0.0,0.15,4.0,13.96674912522228
4774,2.091,2.101,0.009999999999999787,93,3.0,2.0,0.45,4.0,36.57367588777287
4775,2.034,2.045,0.01100000000000012,93,3.0,2.0,0.45,4.0,36.57367588777287
4776,2.057,2.058,0.0009999999999998899,219,5.0,0.0,0.15,4.0,13.96674912522228
4777,1.931,1.932,0.0009999999999998899,219,5.0,0.0,0.15,4.0,13.96674912522228
4778,1.8920000000000001,1.893,0.0009999999999998899,219,5.0,0.0,0.15,4.0,13.96674912522228
4779,1.958,1.963,0.0050000000000001155,254,5.0,1.0,0.15,4.0,22.81177341528723
4780,1.922,1.923,0.001000000000000112,219,5.0,0.0,0.15,4.0,13.96674912522228
4781,2.003,2.004,0.0009999999999998899,219,5.0,0.0,0.15,4.0,13.96674912522228
4782,1.965,1.967,0.0020000000000000018,149,4.0,1.0,0.15,4.0,18.263534125613354
4783,2.028,2.0380000000000003,0.010000000000000231,93,3.0,2.0,0.45,4.0,36.57367588777287
4784,1.946,1.95,0.0040000000000000036,156,4.0,1.0,0.3,4.0,19.726470053745476
4785,2.015,2.016,0.0009999999999998899,219,5.0,0.0,0.15,4.0,13.96674912522228
4786,1.959,1.969,0.010000000000000009,93,3.0,2.0,0.45,4.0,36.57367588777287
4787,2.057,2.057,0.0,219,5.0,0.0,0.15,4.0,13.96674912522228
4788,1.919,1.923,0.0040000000000000036,156,4.0,1.0,0.3,4.0,19.726470053745476
4789,2.003,2.004,0.0009999999999998899,149,4.0,1.0,0.15,4.0,18.263534125613354
4790,1.986,1.987,0.001000000000000112,219,5.0,0.0,0.15,4.0,13.96674912522228
4791,1.998,1.998,0.0,10,3.0,0.0,0.15,5.0,12.80130751007924
4792,1.981,1.982,0.0009999999999998899,219,5.0,0.0,0.15,4.0,13.96674912522228
4793,1.941,1.946,0.004999999999999893,86,3.0,2.0,0.3,4.0,32.24266343324787
4794,2.031,2.037,0.005999999999999783,254,5.0,1.0,0.15,4.0,22.81177341528723
4795,1.987,1.992,0.004999999999999893,156,4.0,1.0,0.3,4.0,19.726470053745476
4796,2.0170000000000003,2.021,0.0039999999999995595,156,4.0,1.0,0.3,4.0,19.726470053745476
4797,1.999,2.0090000000000003,0.010000000000000231,93,3.0,2.0,0.45,4.0,36.57367588777287
4798,2.056,2.061,0.004999999999999893,156,4.0,1.0,0.3,4.0,19.726470053745476
4799,2.007,2.011,0.0040000000000000036,156,4.0,1.0,0.3,4.0,19.726470053745476
4800,2.0250000000000004,2.0300000000000002,0.004999999999999893,156,4.0,1.0,0.3,4.0,19.726470053745476
4801,1.986,1.988,0.0020000000000000018,58,3.0,1.0,0.45,4.0,17.20520267224726
4802,1.998,2.002,0.0039999999999997815,156,4.0,1.0,0.3,4.0,19.726470053745476
4803,2.0949999999999998,2.098,0.0030000000000001137,58,3.0,1.0,0.45,4.0,17.20520267224726
4804,2.037,2.037,0.0,219,5.0,0.0,0.15,4.0,13.96674912522228
4805,2.074,2.0789999999999997,0.004999999999999893,156,4.0,1.0,0.3,4.0,19.726470053745476
4806,2.003,2.008,0.004999999999999893,86,3.0,2.0,0.3,4.0,32.24266343324787
4807,2.019,2.023,0.0040000000000000036,156,4.0,1.0,0.3,4.0,19.726470053745476
4808,1.987,1.988,0.0009999999999998899,219,5.0,0.0,0.15,4.0,13.96674912522228
4809,1.951,1.956,0.004999999999999893,86,3.0,2.0,0.3,4.0,32.24266343324787
4810,2.05,2.051,0.001000000000000334,219,5.0,0.0,0.15,4.0,13.96674912522228
4811,1.81,1.814,0.0040000000000000036,156,4.0,1.0,0.3,4.0,19.726470053745476
4812,1.94,1.944,0.0040000000000000036,156,4.0,1.0,0.3,4.0,19.726470053745476
4813,2.0549999999999997,2.0549999999999997,0.0,219,5.0,0.0,0.15,4.0,13.96674912522228
4814,1.998,2.003,0.0050000000000001155,156,4.0,1.0,0.3,4.0,19.726470053745476
4815,1.849,1.855,0.006000000000000005,254,5.0,1.0,0.15,4.0,22.81177341528723
4816,1.98,1.98,0.0,219,5.0,0.0,0.15,4.0,13.96674912522228
4817,1.998,2.003,0.0050000000000001155,156,4.0,1.0,0.3,4.0,19.726470053745476
4818,2.088,2.092,0.0040000000000000036,86,3.0,2.0,0.3,4.0,32.24266343324787
4819,1.967,1.978,0.010999999999999899,93,3.0,2.0,0.45,4.0,36.57367588777287
4820,1.994,1.994,0.0,51,3.0,1.0,0.3,4.0,15.99277515480869
4821,1.901,1.9020000000000001,0.001000000000000112,219,5.0,0.0,0.15,4.0,13.96674912522228
4822,2.002,2.007,0.0050000000000003375,254,5.0,1.0,0.15,4.0,22.81177341528723
4823,1.951,1.951,0.0,219,5.0,0.0,0.15,4.0,13.96674912522228
4824,1.868,1.868,0.0,219,5.0,0.0,0.15,4.0,13.96674912522228
4825,2.015,2.02,0.004999999999999893,254,5.0,1.0,0.15,4.0,22.81177341528723
4826,2.108,2.1100000000000003,0.002000000000000224,58,3.0,1.0,0.45,4.0,17.20520267224726
4827,1.924,1.929,0.0050000000000001155,86,3.0,2.0,0.3,4.0,32.24266343324787
4828,1.899,1.9040000000000001,0.0050000000000001155,324,6.0,0.0,0.15,4.0,16.193866213510642
4829,1.87,1.875,0.004999999999999893,156,4.0,1.0,0.3,4.0,19.726470053745476
4830,1.92,1.925,0.0050000000000001155,86,3.0,2.0,0.3,4.0,32.24266343324787
4831,1.927,1.932,0.004999999999999893,254,5.0,1.0,0.15,4.0,22.81177341528723
4832,1.912,1.912,0.0,247,5.0,1.0,0.0,4.0,21.420113577190087
4833,1.937,1.938,0.0009999999999998899,219,5.0,0.0,0.15,4.0,13.96674912522228
4834,1.966,1.97,0.0040000000000000036,156,4.0,1.0,0.3,4.0,19.726470053745476
4835,2.088,2.089,0.0009999999999998899,58,3.0,1.0,0.45,4.0,17.20520267224726
4836,2.164,2.169,0.004999999999999893,86,3.0,2.0,0.3,4.0,32.24266343324787
4837,1.967,1.971,0.0040000000000000036,156,4.0,1.0,0.3,4.0,19.726470053745476
4838,2.148,2.152,0.0040000000000000036,156,4.0,1.0,0.3,4.0,19.726470053745476
4839,2.024,2.027,0.0030000000000001137,226,5.0,0.0,0.3,4.0,14.468913019092193
4840,2.058,2.0629999999999997,0.004999999999999893,156,4.0,1.0,0.3,4.0,19.726470053745476
4841,1.995,2.0,0.004999999999999893,254,5.0,1.0,0.15,4.0,22.81177341528723
4842,2.013,2.018,0.004999999999999893,184,4.0,2.0,0.15,4.0,39.90182706802169
4843,2.138,2.143,0.004999999999999893,86,3.0,2.0,0.3,4.0,32.24266343324787
4844,2.031,2.035,0.0040000000000000036,156,4.0,1.0,0.3,4.0,19.726470053745476
4845,1.916,1.922,0.006000000000000005,184,4.0,2.0,0.15,4.0,39.90182706802169
4846,1.969,1.974,0.004999999999999893,86,3.0,2.0,0.3,4.0,32.24266343324787
4847,1.964,1.967,0.0030000000000001137,58,3.0,1.0,0.45,4.0,17.20520267224726
4848,1.925,1.926,0.0009999999999998899,219,5.0,0.0,0.15,4.0,13.96674912522228
4849,1.809,1.813,0.0040000000000000036,156,4.0,1.0,0.3,4.0,19.726470053745476
4850,1.932,1.936,0.0040000000000000036,156,4.0,1.0,0.3,4.0,19.726470053745476
4851,1.998,2.002,0.0039999999999997815,156,4.0,1.0,0.3,4.0,19.726470053745476
4852,2.085,2.09,0.004999999999999893,156,4.0,1.0,0.3,4.0,19.726470053745476
4853,2.059,2.08,0.020999999999999908,100,3.0,2.0,0.6,4.0,45.80420869779847
4854,1.973,1.974,0.0009999999999998899,219,5.0,0.0,0.15,4.0,13.96674912522228
4855,1.973,1.977,0.0040000000000000036,156,4.0,1.0,0.3,4.0,19.726470053745476
4856,1.939,1.945,0.006000000000000005,254,5.0,1.0,0.15,4.0,22.81177341528723
4857,1.974,1.974,0.0,219,5.0,0.0,0.15,4.0,13.96674912522228
4858,1.977,1.981,0.0040000000000000036,156,4.0,1.0,0.3,4.0,19.726470053745476
4859,2.032,2.036,0.0040000000000000036,156,4.0,1.0,0.3,4.0,19.726470053745476
4860,2.011,2.011,0.0,219,5.0,0.0,0.15,4.0,13.96674912522228
4861,1.923,1.926,0.0029999999999998916,58,3.0,1.0,0.45,4.0,17.20520267224726
4862,1.931,1.936,0.004999999999999893,156,4.0,1.0,0.3,4.0,19.726470053745476
4863,1.871,1.8760000000000001,0.0050000000000001155,156,4.0,1.0,0.3,4.0,19.726470053745476
4864,1.928,1.928,0.0,121,4.0,0.0,0.3,4.0,12.452110192925703
4865,2.0300000000000002,2.035,0.004999999999999893,156,4.0,1.0,0.3,4.0,19.726470053745476
4866,1.903,1.908,0.004999999999999893,156,4.0,1.0,0.3,4.0,19.726470053745476
4867,2.028,2.029,0.0009999999999998899,219,5.0,0.0,0.15,4.0,13.96674912522228
4868,1.958,1.963,0.0050000000000001155,254,5.0,1.0,0.15,4.0,22.81177341528723
4869,2.02,2.035,0.015000000000000124,191,4.0,2.0,0.3,4.0,46.283348573725405
4870,1.959,1.96,0.0009999999999998899,149,4.0,1.0,0.15,4.0,18.263534125613354
4871,2.015,2.026,0.010999999999999677,163,4.0,1.0,0.45,4.0,22.095669483454234
4872,1.782,1.787,0.004999999999999893,156,4.0,1.0,0.3,4.0,19.726470053745476
4873,2.024,2.024,0.0,219,5.0,0.0,0.15,4.0,13.96674912522228
4874,2.028,2.029,0.0009999999999998899,149,4.0,1.0,0.15,4.0,18.263534125613354
4875,1.962,1.967,0.0050000000000001155,86,3.0,2.0,0.3,4.0,32.24266343324787
4876,2.052,2.053,0.0009999999999998899,219,5.0,0.0,0.15,4.0,13.96674912522228
4877,2.128,2.129,0.0009999999999998899,219,5.0,0.0,0.15,4.0,13.96674912522228
4878,1.937,1.938,0.0009999999999998899,219,5.0,0.0,0.15,4.0,13.96674912522228
4879,1.952,1.956,0.0040000000000000036,156,4.0,1.0,0.3,4.0,19.726470053745476
4880,1.9020000000000001,1.907,0.004999999999999893,156,4.0,1.0,0.3,4.0,19.726470053745476
4881,1.981,1.983,0.0020000000000000018,58,3.0,1.0,0.45,4.0,17.20520267224726
4882,1.995,1.997,0.0020000000000000018,149,4.0,1.0,0.15,4.0,18.263534125613354
4883,1.969,1.973,0.0040000000000000036,156,4.0,1.0,0.3,4.0,19.726470053745476
4884,2.0629999999999997,2.064,0.001000000000000334,219,5.0,0.0,0.15,4.0,13.96674912522228
4885,2.008,2.013,0.004999999999999893,254,5.0,1.0,0.15,4.0,22.81177341528723
4886,1.868,1.869,0.0009999999999998899,219,5.0,0.0,0.15,4.0,13.96674912522228
4887,1.985,1.99,0.004999999999999893,156,4.0,1.0,0.3,4.0,19.726470053745476
4888,2.029,2.0300000000000002,0.001000000000000334,219,5.0,0.0,0.15,4.0,13.96674912522228
4889,2.002,2.003,0.001000000000000334,219,5.0,0.0,0.15,4.0,13.96674912522228
4890,2.093,2.098,0.004999999999999893,254,5.0,1.0,0.15,4.0,22.81177341528723
4891,1.979,1.984,0.004999999999999893,254,5.0,1.0,0.15,4.0,22.81177341528723
4892,1.871,1.871,0.0,219,5.0,0.0,0.15,4.0,13.96674912522228
4893,1.952,1.957,0.0050000000000001155,254,5.0,1.0,0.15,4.0,22.81177341528723
4894,2.043,2.048,0.004999999999999893,156,4.0,1.0,0.3,4.0,19.726470053745476
4895,1.984,1.989,0.0050000000000001155,156,4.0,1.0,0.3,4.0,19.726470053745476
4896,1.917,1.923,0.006000000000000005,254,5.0,1.0,0.15,4.0,22.81177341528723
4897,1.941,1.951,0.010000000000000009,93,3.0,2.0,0.45,4.0,36.57367588777287
4898,1.984,1.985,0.001000000000000112,219,5.0,0.0,0.15,4.0,13.96674912522228
4899,1.964,1.969,0.0050000000000001155,156,4.0,1.0,0.3,4.0,19.726470053745476
4900,1.938,1.943,0.0050000000000001155,254,5.0,1.0,0.15,4.0,22.81177341528723
4901,2.044,2.05,0.005999999999999783,65,3.0,1.0,0.6,4.0,19.170243812504182
4902,2.0300000000000002,2.031,0.0009999999999998899,219,5.0,0.0,0.15,4.0,13.96674912522228
4903,2.013,2.015,0.002000000000000224,58,3.0,1.0,0.45,4.0,17.20520267224726
4904,1.954,1.959,0.0050000000000001155,156,4.0,1.0,0.3,4.0,19.726470053745476
4905,1.915,1.919,0.0040000000000000036,156,4.0,1.0,0.3,4.0,19.726470053745476
4906,1.996,2.0010000000000003,0.0050000000000003375,156,4.0,1.0,0.3,4.0,19.726470053745476
4907,2.026,2.0389999999999997,0.0129999999999999,163,4.0,1.0,0.45,4.0,22.095669483454234
4908,1.823,1.824,0.001000000000000112,219,5.0,0.0,0.15,4.0,13.96674912522228
4909,2.016,2.0250000000000004,0.009000000000000341,93,3.0,2.0,0.45,4.0,36.57367588777287
4910,1.996,2.002,0.005999999999999783,254,5.0,1.0,0.15,4.0,22.81177341528723
4911,2.0090000000000003,2.01,0.0009999999999994458,149,4.0,1.0,0.15,4.0,18.263534125613354
4912,2.026,2.031,0.0050000000000003375,156,4.0,1.0,0.3,4.0,19.726470053745476
4913,1.96,1.965,0.0050000000000001155,156,4.0,1.0,0.3,4.0,19.726470053745476
4914,1.914,1.918,0.0040000000000000036,156,4.0,1.0,0.3,4.0,19.726470053745476
4915,2.012,2.016,0.0040000000000000036,156,4.0,1.0,0.3,4.0,19.726470053745476
4916,1.949,1.953,0.0040000000000000036,156,4.0,1.0,0.3,4.0,19.726470053745476
4917,1.939,1.939,0.0,219,5.0,0.0,0.15,4.0,13.96674912522228
4918,1.872,1.8900000000000001,0.018000000000000016,261,5.0,1.0,0.3,4.0,25.260631670972717
4919,2.1180000000000003,2.123,0.004999999999999893,156,4.0,1.0,0.3,4.0,19.726470053745476
4920,1.95,1.954,0.0040000000000000036,156,4.0,1.0,0.3,4.0,19.726470053745476
4921,2.082,2.0869999999999997,0.004999999999999893,156,4.0,1.0,0.3,4.0,19.726470053745476
4922,1.962,1.967,0.0050000000000001155,156,4.0,1.0,0.3,4.0,19.726470053745476
4923,2.041,2.0460000000000003,0.0050000000000003375,184,4.0,2.0,0.15,4.0,39.90182706802169
4924,1.942,1.948,0.006000000000000005,254,5.0,1.0,0.15,4.0,22.81177341528723
4925,1.988,1.99,0.0020000000000000018,149,4.0,1.0,0.15,4.0,18.263534125613354
4926,2.1189999999999998,2.122,0.0030000000000001137,226,5.0,0.0,0.3,4.0,14.468913019092193
4927,2.002,2.004,0.002000000000000224,226,5.0,0.0,0.3,4.0,14.468913019092193
4928,2.069,2.074,0.004999999999999893,156,4.0,1.0,0.3,4.0,19.726470053745476
4929,1.985,1.99,0.004999999999999893,156,4.0,1.0,0.3,4.0,19.726470053745476
4930,1.968,1.969,0.001000000000000112,219,5.0,0.0,0.15,4.0,13.96674912522228
4931,2.097,2.101,0.0040000000000000036,156,4.0,1.0,0.3,4.0,19.726470053745476
4932,1.999,1.999,0.0,219,5.0,0.0,0.15,4.0,13.96674912522228
4933,1.967,1.969,0.0020000000000000018,58,3.0,1.0,0.45,4.0,17.20520267224726
4934,2.0709999999999997,2.072,0.001000000000000334,219,5.0,0.0,0.15,4.0,13.96674912522228
4935,2.09,2.0940000000000003,0.004000000000000448,156,4.0,1.0,0.3,4.0,19.726470053745476
4936,1.944,1.948,0.0040000000000000036,156,4.0,1.0,0.3,4.0,19.726470053745476
4937,2.0170000000000003,2.021,0.0039999999999995595,86,3.0,2.0,0.3,4.0,32.24266343324787
4938,2.02,2.0220000000000002,0.002000000000000224,149,4.0,1.0,0.15,4.0,18.263534125613354
4939,2.0010000000000003,2.0010000000000003,0.0,219,5.0,0.0,0.15,4.0,13.96674912522228
4940,2.0220000000000002,2.026,0.0039999999999995595,156,4.0,1.0,0.3,4.0,19.726470053745476
4941,2.026,2.032,0.006000000000000227,254,5.0,1.0,0.15,4.0,22.81177341528723
4942,2.044,2.049,0.004999999999999893,86,3.0,2.0,0.3,4.0,32.24266343324787
4943,1.939,1.943,0.0040000000000000036,156,4.0,1.0,0.3,4.0,19.726470053745476
4944,1.956,1.96,0.0040000000000000036,156,4.0,1.0,0.3,4.0,19.726470053745476
4945,1.931,1.937,0.006000000000000005,254,5.0,1.0,0.15,4.0,22.81177341528723
4946,2.0170000000000003,2.021,0.0039999999999995595,156,4.0,1.0,0.3,4.0,19.726470053745476
4947,1.948,1.949,0.001000000000000112,219,5.0,0.0,0.15,4.0,13.96674912522228
4948,2.01,2.0140000000000002,0.004000000000000448,156,4.0,1.0,0.3,4.0,19.726470053745476
4949,1.963,1.963,0.0,219,5.0,0.0,0.15,4.0,13.96674912522228
4950,1.963,1.968,0.004999999999999893,86,3.0,2.0,0.3,4.0,32.24266343324787
4951,2.0869999999999997,2.096,0.009000000000000341,93,3.0,2.0,0.45,4.0,36.57367588777287
4952,1.97,1.975,0.0050000000000001155,156,4.0,1.0,0.3,4.0,19.726470053745476
4953,2.05,2.0540000000000003,0.004000000000000448,156,4.0,1.0,0.3,4.0,19.726470053745476
4954,1.952,1.956,0.0040000000000000036,156,4.0,1.0,0.3,4.0,19.726470053745476
4955,2.0010000000000003,2.005,0.0039999999999995595,86,3.0,2.0,0.3,4.0,32.24266343324787
4956,2.013,2.013,0.0,283,5.0,2.0,0.0,5.0,66.4098739739585
4957,1.951,1.952,0.0009999999999998899,219,5.0,0.0,0.15,4.0,13.96674912522228
4958,1.936,1.941,0.0050000000000001155,156,4.0,1.0,0.3,4.0,19.726470053745476
4959,2.016,2.021,0.004999999999999893,156,4.0,1.0,0.3,4.0,19.726470053745476
4960,1.979,1.984,0.004999999999999893,156,4.0,1.0,0.3,4.0,19.726470053745476
4961,2.021,2.0300000000000002,0.009000000000000341,93,3.0,2.0,0.45,4.0,36.57367588777287
4962,2.005,2.016,0.01100000000000012,93,3.0,2.0,0.45,4.0,36.57367588777287
4963,1.96,1.964,0.0040000000000000036,86,3.0,2.0,0.3,4.0,32.24266343324787
4964,1.968,1.969,0.001000000000000112,219,5.0,0.0,0.15,4.0,13.96674912522228
4965,1.909,1.914,0.004999999999999893,156,4.0,1.0,0.3,4.0,19.726470053745476
4966,1.994,1.999,0.0050000000000001155,156,4.0,1.0,0.3,4.0,19.726470053745476
4967,1.991,1.996,0.004999999999999893,156,4.0,1.0,0.3,4.0,19.726470053745476
4968,1.938,1.942,0.0040000000000000036,156,4.0,1.0,0.3,4.0,19.726470053745476
4969,1.931,1.935,0.0040000000000000036,156,4.0,1.0,0.3,4.0,19.726470053745476
4970,1.969,1.973,0.0040000000000000036,156,4.0,1.0,0.3,4.0,19.726470053745476
4971,2.05,2.052,0.002000000000000224,58,3.0,1.0,0.45,4.0,17.20520267224726
4972,2.007,2.0090000000000003,0.002000000000000224,149,4.0,1.0,0.15,4.0,18.263534125613354
4973,1.8840000000000001,1.8840000000000001,0.0,219,5.0,0.0,0.15,4.0,13.96674912522228
4974,1.931,1.935,0.0040000000000000036,156,4.0,1.0,0.3,4.0,19.726470053745476
4975,2.0330000000000004,2.034,0.0009999999999994458,219,5.0,0.0,0.15,4.0,13.96674912522228
4976,2.052,2.056,0.0040000000000000036,86,3.0,2.0,0.3,4.0,32.24266343324787
4977,1.913,1.915,0.0020000000000000018,79,3.0,2.0,0.15,4.0,30.044253224096934
4978,1.968,1.972,0.0040000000000000036,156,4.0,1.0,0.3,4.0,19.726470053745476
4979,1.866,1.871,0.004999999999999893,156,4.0,1.0,0.3,4.0,19.726470053745476
4980,2.005,2.007,0.002000000000000224,149,4.0,1.0,0.15,4.0,18.263534125613354
4981,2.021,2.0220000000000002,0.001000000000000334,219,5.0,0.0,0.15,4.0,13.96674912522228
4982,2.0780000000000003,2.089,0.010999999999999677,163,4.0,1.0,0.45,4.0,22.095669483454234
4983,2.019,2.024,0.004999999999999893,156,4.0,1.0,0.3,4.0,19.726470053745476
4984,2.002,2.0060000000000002,0.004000000000000448,156,4.0,1.0,0.3,4.0,19.726470053745476
4985,2.0620000000000003,2.067,0.004999999999999893,254,5.0,1.0,0.15,4.0,22.81177341528723
4986,2.059,2.06,0.0009999999999998899,219,5.0,0.0,0.15,4.0,13.96674912522228
4987,2.0140000000000002,2.02,0.005999999999999783,254,5.0,1.0,0.15,4.0,22.81177341528723
4988,1.968,1.973,0.0050000000000001155,184,4.0,2.0,0.15,4.0,39.90182706802169
4989,1.951,1.952,0.0009999999999998899,219,5.0,0.0,0.15,4.0,13.96674912522228
4990,2.067,2.077,0.009999999999999787,93,3.0,2.0,0.45,4.0,36.57367588777287
4991,1.842,1.847,0.004999999999999893,156,4.0,1.0,0.3,4.0,19.726470053745476
4992,1.961,1.961,0.0,219,5.0,0.0,0.15,4.0,13.96674912522228
4993,2.042,2.0460000000000003,0.004000000000000448,156,4.0,1.0,0.3,4.0,19.726470053745476
4994,1.951,1.951,0.0,219,5.0,0.0,0.15,4.0,13.96674912522228
4995,1.957,1.962,0.004999999999999893,156,4.0,1.0,0.3,4.0,19.726470053745476
4996,1.941,1.963,0.02200000000000002,290,5.0,2.0,0.15,5.0,76.15188156842561
4997,2.045,2.056,0.01100000000000012,163,4.0,1.0,0.45,4.0,22.095669483454234
4998,2.0220000000000002,2.026,0.0039999999999995595,156,4.0,1.0,0.3,4.0,19.726470053745476
4999,1.939,1.94,0.0009999999999998899,219,5.0,0.0,0.15,4.0,13.96674912522228
5000,2.077,2.0780000000000003,0.001000000000000334,219,5.0,0.0,0.15,4.0,13.96674912522228
