source_id,prob_equal_prior,prob_corrected
45030537372094336,0.0,2.295617847653939e-13
50840975289216896,0.0,2.295617847653939e-13
50925878202674944,0.0,2.295617847653939e-13
50940893408325632,0.0,2.295617847653939e-13
51019714647411840,0.0,2.295617847653939e-13
51034351895927936,0.0,2.295617847653939e-13
51132070992841728,0.0,2.295617847653939e-13
51146364643914112,0.0,2.295617847653939e-13
51251264925178112,0.0,2.295617847653939e-13
51268028180341248,0.0,2.295617847653939e-13
51284971828429440,0.9888,0.9529788512326974
51304178922558464,0.0,2.295617847653939e-13
51352419994733440,0.0,2.295617847653939e-13
51449520615726336,0.0,2.295617847653939e-13
51470823653356928,0.0,2.295617847653939e-13
51507107537057280,0.0,2.295617847653939e-13
51558956382579200,0.0,2.295617847653939e-13
51709245878099072,0.0,2.295617847653939e-13
52959699836986240,0.0,2.295617847653939e-13
53029278307021696,0.9978,0.9904867641223563
53092775104124288,0.0,2.295617847653939e-13
53140672579409664,0.0,2.295617847653939e-13
53201695474123136,0.0,2.295617847653939e-13
53212003395555712,0.0,2.295617847653939e-13
53224269822158080,0.0,2.295617847653939e-13
53344013510562432,0.0,2.295617847653939e-13
53378579407412352,0.0,2.295617847653939e-13
53391704827298048,0.0,2.295617847653939e-13
53475473869255808,0.0,2.295617847653939e-13
53557215685968384,0.0,2.295617847653939e-13
53583329086992256,0.0,2.295617847653939e-13
53839893255115904,0.0,2.295617847653939e-13
53845901911347968,0.0,2.295617847653939e-13
53920157602896000,0.0,2.295617847653939e-13
57079569904867968,0.0,2.295617847653939e-13
57095822061115648,0.0,2.295617847653939e-13
57112142936806528,0.0,2.295617847653939e-13
57124512443000576,0.0,2.295617847653939e-13
57205940726368128,0.0,2.295617847653939e-13
57279955897155584,0.0,2.295617847653939e-13
57279955899283072,0.0,2.295617847653939e-13
57297994761680384,0.0,2.295617847653939e-13
57407357512686720,0.0,2.295617847653939e-13
58208699627166464,0.0,2.295617847653939e-13
58227631842997504,0.0,2.295617847653939e-13
58280889437699840,0.0,2.295617847653939e-13
58324212771048832,0.0,2.295617847653939e-13
58404962452798464,0.0,2.295617847653939e-13
58454612274752896,0.0,2.295617847653939e-13
58495603442515712,0.0,2.295617847653939e-13
61548225678375040,0.0,2.295617847653939e-13
61562583752144896,0.0,2.295617847653939e-13
61838874705463168,0.0,2.295617847653939e-13
61850282138578304,0.0,2.295617847653939e-13
61883847307757312,0.0,2.295617847653939e-13
61894674920467072,0.0,2.295617847653939e-13
62641518193656576,0.0,2.295617847653939e-13
62673644548978432,0.0,2.295617847653939e-13
62681375490131200,0.0,2.295617847653939e-13
63139833183117056,0.0,2.295617847653939e-13
63234704716392960,0.0,2.295617847653939e-13
63242470017233536,0.0,2.295617847653939e-13
63247623978022912,0.0001,2.2957947244511755e-05
63392312836452224,0.0,2.295617847653939e-13
63414303068933632,0.0,2.295617847653939e-13
63435430012130432,0.0,2.295617847653939e-13
63547270960574336,0.9998,0.9991293592475643
63565795155198976,0.0,2.295617847653939e-13
63604067608056448,0.0,2.295617847653939e-13
63607851474900992,0.0,2.295617847653939e-13
63624275431348864,0.0,2.295617847653939e-13
63705811090263040,0.0,2.295617847653939e-13
63724640226967296,0.0,2.295617847653939e-13
63800025493177728,0.0,2.295617847653939e-13
63821122372520064,0.0,2.295617847653939e-13
63867645458147200,0.0,2.295617847653939e-13
63867748537360000,0.0,2.295617847653939e-13
63875582557674240,0.0,2.295617847653939e-13
63922827196892160,0.0,2.295617847653939e-13
64021680164106112,0.0001,2.2957947244511755e-05
64039169272713856,0.0,2.295617847653939e-13
64062568254514560,0.0,2.295617847653939e-13
64075281357684352,0.0,2.295617847653939e-13
64112183716592384,0.0003,6.888445679495027e-05
64114245300877184,0.9999,0.9995645335738065
64160940185240064,0.9998,0.9991293592475643
64213270065016704,0.0,2.295617847653939e-13
64331261406620928,0.0,2.295617847653939e-13
64353698315832192,0.0,2.295617847653939e-13
45022222315428608,0.4014,0.13340082607887768
50840528612622208,0.0,2.295617847653939e-13
50886605021788160,0.0,2.295617847653939e-13
50887945051572864,0.0,2.295617847653939e-13
50894198523876736,0.0,2.295617847653939e-13
50976387017311360,0.0,2.295617847653939e-13
50982743568972288,0.0,2.295617847653939e-13
51041395642230912,0.0,2.295617847653939e-13
51076167697425152,0.0075,0.0017317197588412915
51083589400903296,0.0,2.295617847653939e-13
51119220450729216,0.0,2.295617847653939e-13
51122003589420672,0.0,2.295617847653939e-13
51152137080014592,0.0,2.295617847653939e-13
51309126724417920,0.0,2.295617847653939e-13
51378155439238400,0.0,2.295617847653939e-13
51417806577277952,0.0,2.295617847653939e-13
51494669311866240,0.0,2.295617847653939e-13
51535488681182720,0.0,2.295617847653939e-13
51565931409289856,0.0,2.295617847653939e-13
51577476281360512,0.9988,0.9947936170406224
51646848593019392,0.0,2.295617847653939e-13
51667601875350400,0.0,2.295617847653939e-13
51674989219122944,0.0849,0.020853850127462582
51696429695792896,0.0,2.295617847653939e-13
51742471745296768,0.9997,0.9986944767274725
51779752061207680,0.0,2.295617847653939e-13
52953961760708224,0.0,2.295617847653939e-13
52964338401765504,0.0,2.295617847653939e-13
53008696823806976,0.04,0.009474450541221023
53092431506750976,0.0,2.295617847653939e-13
53092775104745984,0.0,2.295617847653939e-13
53212205256173824,0.999,0.9956584450622659
53258732639653760,0.7336,0.38731370276955146
53268834402679168,0.0,2.295617847653939e-13
53268903122162304,0.0,2.295617847653939e-13
53276359185355136,0.0,2.295617847653939e-13
53297696582849792,0.0,2.295617847653939e-13
53416753076522880,0.0,2.295617847653939e-13
53437987394669312,0.0,2.295617847653939e-13
53554947943223168,0.0,2.295617847653939e-13
53825771402706304,0.0,2.295617847653939e-13
53856798246999936,0.0,2.295617847653939e-13
53889852314624896,0.0,2.295617847653939e-13
53910914833318656,0.0,2.295617847653939e-13
53927544946708096,0.0,2.295617847653939e-13
53927613666077952,0.0,2.295617847653939e-13
53975682940052608,0.0,2.295617847653939e-13
53980115346295040,0.0,2.295617847653939e-13
57035726878786688,0.0,2.295617847653939e-13
57137839725266688,0.0,2.295617847653939e-13
57190105183607168,0.0,2.295617847653939e-13
57281467727529216,0.0,2.295617847653939e-13
57409663911236992,0.0,2.295617847653939e-13
58109777940662272,0.0,2.295617847653939e-13
58137540609145856,0.0,2.295617847653939e-13
58213544348544768,0.0,2.295617847653939e-13
58365925493357696,0.0,2.295617847653939e-13
58514054622054528,0.0,2.295617847653939e-13
58529619583540736,0.0,2.295617847653939e-13
58536354092181632,0.0,2.295617847653939e-13
61519672735818624,0.0,2.295617847653939e-13
61547572843350016,0.0,2.295617847653939e-13
61593924130288256,0.0,2.295617847653939e-13
61687142101148928,0.0,2.295617847653939e-13
61791973662635008,0.0,2.295617847653939e-13
61797230702896512,0.0,2.295617847653939e-13
61883160111107072,0.0,2.295617847653939e-13
62766862519044864,0.0,2.295617847653939e-13
62767618433287936,0.0,2.295617847653939e-13
63072904708514048,0.0,2.295617847653939e-13
63087645036306944,0.0,2.295617847653939e-13
63124203797882880,0.0,2.295617847653939e-13
63137294858177920,0.0,2.295617847653939e-13
63146743786148992,0.5869,0.2459336981224922
63183268188068480,0.0,2.295617847653939e-13
63267999302815104,0.0,2.295617847653939e-13
63296380446670080,0.4811,0.17548827823571653
63316824490990592,0.0,2.295617847653939e-13
63407877797898496,0.0,2.295617847653939e-13
63420762699685376,0.0,2.295617847653939e-13
63510063659718144,0.0,2.295617847653939e-13
63569643445879296,0.0,2.295617847653939e-13
63571498871740032,0.0,2.295617847653939e-13
63592767549850112,0.999,0.9956584450622659
63593798341985152,0.7664,0.42959858623434277
63617403483681152,0.0,2.295617847653939e-13
63683133662958848,0.0,2.295617847653939e-13
63728797755280000,0.0,2.295617847653939e-13
63737078452247168,0.0,2.295617847653939e-13
63814250424864896,0.0,2.295617847653939e-13
63824901943723392,0.9998,0.9991293592475643
63842631568706432,0.0,2.295617847653939e-13
63848026047489664,0.0,2.295617847653939e-13
63862285339543424,0.0,2.295617847653939e-13
50652649563649536,0.0,2.295617847653939e-13
50656119897210752,0.0,2.295617847653939e-13
50962540042816256,0.0,2.295617847653939e-13
51049053567692032,0.0,2.295617847653939e-13
51096508663685632,0.1302,0.033221420095527684
51177254048637696,0.0,2.295617847653939e-13
51246763799449600,0.0,2.295617847653939e-13
51275763418651776,0.0,2.295617847653939e-13
51338126343671680,0.0,2.295617847653939e-13
51339947409708672,0.0,2.295617847653939e-13
51352076397352448,0.0,2.295617847653939e-13
51361147368255616,0.0,2.295617847653939e-13
51368191114614656,0.0,2.295617847653939e-13
51447493391171456,0.0,2.295617847653939e-13
51507691652608896,0.0,2.295617847653939e-13
51526417710225408,0.0,2.295617847653939e-13
51542498067778688,0.0,2.295617847653939e-13
51582252285104512,0.0,2.295617847653939e-13
51588986793655168,0.0,2.295617847653939e-13
51760270089541504,0.9995,0.997825585932503
52987153267891328,0.0,2.295617847653939e-13
53006669599267328,0.0,2.295617847653939e-13
53021581725641600,0.0,2.295617847653939e-13
53024399224183040,0.0,2.295617847653939e-13
53146651173773952,0.0,2.295617847653939e-13
53159295557465088,0.0,2.295617847653939e-13
53293710853228800,0.0,2.295617847653939e-13
53464616191994368,0.0,2.295617847653939e-13
53474855393976832,0.0,2.295617847653939e-13
53762205886912384,0.0,2.295617847653939e-13
53775193867971968,0.0,2.295617847653939e-13
53817078388952704,0.0005,0.00011482512521487586
53862639401857152,0.0,2.295617847653939e-13
53886588139483776,0.0,2.295617847653939e-13
53892669813156736,0.8262,0.5218232739761373
53894009842941568,0.0,2.295617847653939e-13
57098158521617024,0.0,2.295617847653939e-13
57137775301597312,0.0,2.295617847653939e-13
57254460973465472,0.0,2.295617847653939e-13
57356131438916096,0.0,2.295617847653939e-13
58093216546775808,0.0,2.295617847653939e-13
58389981606905600,0.0,2.295617847653939e-13
58453615842333824,0.0,2.295617847653939e-13
58516906480344448,0.0,2.295617847653939e-13
61520080756704128,0.0,2.295617847653939e-13
61541181932022016,0.0,2.295617847653939e-13
61562210091895168,0.0,2.295617847653939e-13
61574545237935360,0.0,2.295617847653939e-13
61633712707298432,0.0,2.295617847653939e-13
61891032788206720,0.0,2.295617847653939e-13
62693431461952512,0.0,2.295617847653939e-13
62755695604083456,0.0,2.295617847653939e-13
63065620443955968,0.0,2.295617847653939e-13
63142242660425600,0.0,2.295617847653939e-13
63165332404648960,0.0,2.295617847653939e-13
63344518440422912,0.0,2.295617847653939e-13
63460138959890176,0.0,2.295617847653939e-13
63476597274513536,0.0,2.295617847653939e-13
63485427727244544,0.9966,0.9853562695594776
63502916834070144,0.0,2.295617847653939e-13
63533393920710272,0.0,2.295617847653939e-13
63558510890744960,0.0,2.295617847653939e-13
63629154514193408,0.0002,4.59194325701782e-05
63678907415301120,0.0,2.295617847653939e-13
63690898963950592,0.0009,0.00020674896486183613
63693785181958912,0.9998,0.9991293592475643
63706390908588928,0.0,2.295617847653939e-13
63756904021608960,0.0,2.295617847653939e-13
63812669876788224,0.0,2.295617847653939e-13
63813975547442688,0.0,2.295617847653939e-13
63836068858627456,0.0,2.295617847653939e-13
63848953760548608,0.0,2.295617847653939e-13
63948219043625856,0.0,2.295617847653939e-13
63951826816390144,0.9999,0.9995645335738065
64020133975885568,0.0,2.295617847653939e-13
64030785494725632,0.0809,0.01980602740847065
64057860970393600,0.0,2.295617847653939e-13
64075831113488128,0.0,2.295617847653939e-13
64077583460131072,0.0002,4.59194325701782e-05
64095656682494720,0.9999,0.9995645335738065
64102631709380224,0.0067,0.0015460445409656146
64114210941134848,0.0,2.295617847653939e-13
64131768767434112,0.0,2.295617847653939e-13
64144241352544768,0.0,2.295617847653939e-13
64167880852370048,0.0,2.295617847653939e-13
64241990510631424,0.0,2.295617847653939e-13
64266768177592448,0.0,2.295617847653939e-13
64277041739482880,0.0,2.295617847653939e-13
64501032872627712,0.0,2.295617847653939e-13
64562158848194688,0.0,2.295617847653939e-13
64562811683225728,0.0,2.295617847653939e-13
64664168615592704,0.0,2.295617847653939e-13
50795001959353216,0.0,2.295617847653939e-13
51029610252364544,0.0,2.295617847653939e-13
51044792960405120,0.0,2.295617847653939e-13
51154679700662784,0.0,2.295617847653939e-13
51167255364864000,0.0,2.295617847653939e-13
51186771696240384,0.0,2.295617847653939e-13
51281948171467008,0.0,2.295617847653939e-13
51360425813756544,0.0,2.295617847653939e-13
51375441019845632,0.0,2.295617847653939e-13
51500785345198848,0.0,2.295617847653939e-13
51544662731279104,0.0,2.295617847653939e-13
51750580643352192,0.0,2.295617847653939e-13
52972344220711040,0.0,2.295617847653939e-13
52986947109468672,0.0,2.295617847653939e-13
52990142565103872,0.0,2.295617847653939e-13
53021341207473152,0.0,2.295617847653939e-13
53138576635399040,0.0,2.295617847653939e-13
53155168090501248,0.0,2.295617847653939e-13
53174001525555200,0.0,2.295617847653939e-13
53240315819913984,0.0,2.295617847653939e-13
53287831040544384,0.0,2.295617847653939e-13
53309104015974784,0.0,2.295617847653939e-13
53332571717238400,0.9944,0.9760557120747334
53340233937162240,0.0,2.295617847653939e-13
53340405738032128,0.0,2.295617847653939e-13
53341642688604416,0.8404,0.5472645125077651
53357340790958848,0.0,2.295617847653939e-13
53437918675192448,0.0,2.295617847653939e-13
53464611894930816,0.0,2.295617847653939e-13
53583707044206336,0.0,2.295617847653939e-13
53604833987333120,0.0,2.295617847653939e-13
53779798072950656,0.0,2.295617847653939e-13
53798008734203648,0.0,2.295617847653939e-13
53807663820605056,0.0,2.295617847653939e-13
53830272528418176,0.0,2.295617847653939e-13
53893700605295488,0.0,2.295617847653939e-13
53896449380915712,0.0,2.295617847653939e-13
53896518103817344,0.0,2.295617847653939e-13
53993756162269440,0.0,2.295617847653939e-13
54037221231323008,0.0,2.295617847653939e-13
57118636927348224,0.0,2.295617847653939e-13
57298540220988288,0.0,2.295617847653939e-13
57350152844551936,0.0,2.295617847653939e-13
57400588644228608,0.0,2.295617847653939e-13
58294117936969088,0.0,2.295617847653939e-13
58318028018420736,0.0,2.295617847653939e-13
58334009593170944,0.0,2.295617847653939e-13
58444373072725248,0.0,2.295617847653939e-13
58536079214277120,0.0,2.295617847653939e-13
61424049584174464,0.0,2.295617847653939e-13
61515549567226112,0.0,2.295617847653939e-13
61830216051376512,0.0,2.295617847653939e-13
61901959185068544,0.0,2.295617847653939e-13
62687010487213824,0.0,2.295617847653939e-13
63118912398110080,0.0,2.295617847653939e-13
63198352113255808,0.0,2.295617847653939e-13
63250750714211584,0.0,2.295617847653939e-13
63261505310941440,0.0,2.295617847653939e-13
63355513556630912,0.0,2.295617847653939e-13
63357334621314816,0.0,2.295617847653939e-13
63371319036319744,0.0,2.295617847653939e-13
63394133902578432,0.0,2.295617847653939e-13
63429107822498816,0.0,2.295617847653939e-13
63524357310762880,0.0,2.295617847653939e-13
63556208788179328,0.0,2.295617847653939e-13
63632178171114624,0.9998,0.9991293592475643
63800162932127104,0.0,2.295617847653939e-13
63841772575188352,0.0,2.295617847653939e-13
63842631568706816,0.0,2.295617847653939e-13
63845586506187648,0.0002,4.59194325701782e-05
63849945895372544,0.0,2.295617847653939e-13
63890907000997760,0.0,2.295617847653939e-13
63975702537874432,0.0,2.295617847653939e-13
63998899657956608,0.0,2.295617847653939e-13
64016904160440960,0.9484,0.8084037933161139
64022058121216640,0.0,2.295617847653939e-13
64047827926825728,0.0002,4.59194325701782e-05
64068924806095232,0.0,2.295617847653939e-13
64123728588689408,0.0,2.295617847653939e-13
64164616677251456,0.0,2.295617847653939e-13
64172038380708224,1.0,0.9999999999956435
64174546641593984,0.9999,0.9995645335738065
64194853245354752,0.0,2.295617847653939e-13
64267077415234816,0.0,2.295617847653939e-13
64312123032176384,0.0,2.295617847653939e-13
64367373491690496,0.0,2.295617847653939e-13
64517972224732544,0.0,2.295617847653939e-13
64524260056844416,0.0,2.295617847653939e-13
64549651903456128,0.0,2.295617847653939e-13
64566075858445056,0.0,2.295617847653939e-13
64653383953596032,0.9999,0.9995645335738065
64695126740227968,0.0,2.295617847653939e-13
64715398985972224,0.0,2.295617847653939e-13
50664331874668288,0.0,2.295617847653939e-13
50894675263137280,0.0,2.295617847653939e-13
50914088515023360,0.0,2.295617847653939e-13
50943882705517056,0.0,2.295617847653939e-13
50963708273855744,0.0,2.295617847653939e-13
50987553932341376,0.0,2.295617847653939e-13
51116368590483712,0.0,2.295617847653939e-13
51134682333262592,0.0,2.295617847653939e-13
51201683822654208,0.0,2.295617847653939e-13
51225185883686016,0.0,2.295617847653939e-13
51247240539183232,0.0,2.295617847653939e-13
51301876819771264,0.0,2.295617847653939e-13
51396950216032000,0.0,2.295617847653939e-13
51534045572176896,0.0,2.295617847653939e-13
51586272374341888,0.0,2.295617847653939e-13
51591529414415488,0.0,2.295617847653939e-13
51619120284286976,0.9998,0.9991293592475643
51723161572198400,0.0,2.295617847653939e-13
51727593978441728,0.0,2.295617847653939e-13
51783256754746624,0.0,2.295617847653939e-13
53008662464069504,0.04,0.009474450541221023
53014881576687872,0.9938,0.9735425465511172
53022749956738560,0.0,2.295617847653939e-13
53040479581738880,0.0,2.295617847653939e-13
53049791070791552,0.005,0.001152247601755109
53084150809841152,0.0,2.295617847653939e-13
53134556545870208,0.0,2.295617847653939e-13
53148678398327168,0.0,2.295617847653939e-13
53152492329285888,0.0,2.295617847653939e-13
53162800250756608,0.0,2.295617847653939e-13
53164002842376832,0.0,2.295617847653939e-13
53197503586568064,0.0,2.295617847653939e-13
53288178935373568,0.0,2.295617847653939e-13
53343429394985344,0.0,2.295617847653939e-13
53440461295822464,0.0,2.295617847653939e-13
53471900456498304,0.0,2.295617847653939e-13
53558693154712832,0.0,2.295617847653939e-13
53569310313888768,0.0,2.295617847653939e-13
53770692742243072,0.0367,0.008670064283779989
53806358150720128,0.0,2.295617847653939e-13
53817593785018496,0.0,2.295617847653939e-13
53929434732193920,0.0,2.295617847653939e-13
54035640683383680,0.0,2.295617847653939e-13
57067131679623296,0.0,2.295617847653939e-13
57276416846270848,0.0,2.295617847653939e-13
57355684762312448,0.0,2.295617847653939e-13
57373723624954240,0.0,2.295617847653939e-13
57390285017151744,0.0,2.295617847653939e-13
58052397177672192,0.0,2.295617847653939e-13
58167708459425792,0.0,2.295617847653939e-13
58172896779907328,0.0,2.295617847653939e-13
58209764779054336,0.0,2.295617847653939e-13
58259414601023744,0.9984,0.9930674253602977
58323907830036864,0.0,2.295617847653939e-13
58334559348982528,0.0,2.295617847653939e-13
58387404626498304,0.0,2.295617847653939e-13
58409326139612672,0.0,2.295617847653939e-13
58417709915766272,0.0,2.295617847653939e-13
58487185306676224,0.0,2.295617847653939e-13
61405113071909120,0.0,2.295617847653939e-13
61431711805816576,0.0,2.295617847653939e-13
61553272263339776,0.0,2.295617847653939e-13
61562210091955072,0.0,2.295617847653939e-13
61566642498128512,0.0,2.295617847653939e-13
61855779696693376,0.0,2.295617847653939e-13
61892166659657088,0.0,2.295617847653939e-13
61901271990299520,0.0,2.295617847653939e-13
62747724144865408,0.0,2.295617847653939e-13
63052048347383168,0.9192,0.7231105307740935
63067888186750848,0.0,2.295617847653939e-13
63077199675790336,0.0,2.295617847653939e-13
63119015477320448,0.0,2.295617847653939e-13
63250235318147200,0.0,2.295617847653939e-13
63328953478621184,0.0,2.295617847653939e-13
63331697961210240,0.0,2.295617847653939e-13
63391178965446656,0.9978,0.9904867641223563
63403101794266624,0.0,2.295617847653939e-13
63411313771718656,0.0,2.295617847653939e-13
63576446674056320,0.0972,0.02411964343725131
63624069272919808,0.0,2.295617847653939e-13
63720688857052416,0.0,2.295617847653939e-13
63775767517959680,0.0,2.295617847653939e-13
63781127637137152,0.0,2.295617847653939e-13
63798170067414144,0.0,2.295617847653939e-13
63837237089726592,0.0,2.295617847653939e-13
63911969519658752,0.0,2.295617847653939e-13
63982097745692288,0.0,2.295617847653939e-13
64021469708946688,0.0,2.295617847653939e-13
64023020193909632,0.0,2.295617847653939e-13
64037863602657280,0.0,2.295617847653939e-13
64043945276333440,0.0,2.295617847653939e-13
64057895330132224,0.9999,0.9995645335738065
50882516212830336,0.0,2.295617847653939e-13
50895675993084160,0.0,2.295617847653939e-13
51007551300325888,0.0,2.295617847653939e-13
51048817345702400,0.0,2.295617847653939e-13
51103037013962624,0.0,2.295617847653939e-13
51207593698049920,0.0,2.295617847653939e-13
51303388648134400,0.9335,0.7631732022299733
51462336797991040,0.0,2.295617847653939e-13
51463986065429888,0.0,2.295617847653939e-13
51582252285105792,0.0,2.295617847653939e-13
51616268426009472,0.9997,0.9986944767274725
51645302404866304,0.0,2.295617847653939e-13
51703095485015936,0.0037,0.000851806782270415
52919430223707136,0.0,2.295617847653939e-13
52931765369750656,0.0,2.295617847653939e-13
52986397353648640,0.0,2.295617847653939e-13
53006497800573824,0.0,2.295617847653939e-13
53081676908700928,0.0,2.295617847653939e-13
53113459666585088,0.0,2.295617847653939e-13
53116311524896896,0.0,2.295617847653939e-13
53130948773507072,0.0,2.295617847653939e-13
53134316024978048,0.0392,0.009279060521628186
53182900697686912,0.0,2.295617847653939e-13
53240659417417728,0.0,2.295617847653939e-13
53302403867004416,0.0,2.295617847653939e-13
53326180805913216,0.0,2.295617847653939e-13
53400363481249664,0.0,2.295617847653939e-13
53431699562555136,0.0,2.295617847653939e-13
53434654500054400,0.0,2.295617847653939e-13
53783676424816896,0.0,2.295617847653939e-13
53806907906380800,0.0,2.295617847653939e-13
53830272528418816,0.0,2.295617847653939e-13
53896449384342144,0.0015,0.0003447410797010701
57311566858308736,0.0,2.295617847653939e-13
57320053713676032,0.0,2.295617847653939e-13
57366301921437952,0.0,2.295617847653939e-13
58199834814689280,0.0,2.295617847653939e-13
58212925875006080,0.0,2.295617847653939e-13
58219969621355264,0.0,2.295617847653939e-13
58301024244376320,0.0,2.295617847653939e-13
58375791034964096,0.0,2.295617847653939e-13
58404721934625024,0.0,2.295617847653939e-13
61411302119513088,0.0,2.295617847653939e-13
61533549773237504,0.0,2.295617847653939e-13
61545270740886144,0.0,2.295617847653939e-13
61562588048934784,0.0,2.295617847653939e-13
61694529444889472,0.0,2.295617847653939e-13
61793382411903232,0.0,2.295617847653939e-13
61818808618172544,0.0,2.295617847653939e-13
61883645442581248,0.0,2.295617847653939e-13
62745422042390656,0.0,2.295617847653939e-13
63102694601689728,0.997,0.9870618885605034
63106989568916864,0.0,2.295617847653939e-13
63121695536990208,0.0,2.295617847653939e-13
63129289039064576,0.0,2.295617847653939e-13
63187941112421888,0.0,2.295617847653939e-13
63214776068092288,0.0,2.295617847653939e-13
63215394543485952,0.0,2.295617847653939e-13
63220376705523328,0.0,2.295617847653939e-13
63290157038386816,0.0,2.295617847653939e-13
63316579676334848,0.0,2.295617847653939e-13
63319779428845440,0.0,2.295617847653939e-13
63329846831810432,0.0,2.295617847653939e-13
63357403342228608,0.0,2.295617847653939e-13
63407804782175232,0.0,2.295617847653939e-13
63438286166749952,0.0,2.295617847653939e-13
63449521800719488,0.9981,0.9917758038195268
63601598002738176,0.0,2.295617847653939e-13
63618777873148160,0.0,2.295617847653939e-13
63659631602093568,0.0,2.295617847653939e-13
63679113573574272,0.0,2.295617847653939e-13
63696362162314496,0.0,2.295617847653939e-13
63712339440656512,0.0,2.295617847653939e-13
63793978177048064,0.0,2.295617847653939e-13
63820606976451840,0.0,2.295617847653939e-13
63831361575038336,0.0,2.295617847653939e-13
63848026047489408,0.0,2.295617847653939e-13
63892006512622848,0.9999,0.9995645335738065
63958801843006208,0.9996,0.9982598857201236
63975088358948864,0.0,2.295617847653939e-13
63988351216124288,0.9995,0.997825585932503
64004328496234112,0.0,2.295617847653939e-13
64030270098658944,0.0,2.295617847653939e-13
64063530327188608,0.0,2.295617847653939e-13
64171729143045760,0.0,2.295617847653939e-13
64175783592171008,0.0,2.295617847653939e-13
64200449586268928,0.0,2.295617847653939e-13
64259518272776576,0.9996,0.9982598857201236
64259926293763456,0.0,2.295617847653939e-13
64267386652878336,0.0,2.295617847653939e-13
64310198886834688,0.0,2.295617847653939e-13
64453685152860160,0.0,2.295617847653939e-13
64498181015458560,0.0,2.295617847653939e-13
45030262494182272,0.0,2.295617847653939e-13
50865405063182592,0.0,2.295617847653939e-13
50976077779666688,0.914,0.7092821522896516
50996178226660096,0.0,2.295617847653939e-13
51047855273021952,0.0,2.295617847653939e-13
51053730788693632,0.0,2.295617847653939e-13
51107499482321536,0.0,2.295617847653939e-13
51186801758559744,0.0,2.295617847653939e-13
51216321071394304,0.0,2.295617847653939e-13
51251917760209280,0.0,2.295617847653939e-13
51325344520922752,0.0,2.295617847653939e-13
51336133478864256,0.0,2.295617847653939e-13
51345444965779968,0.0,2.295617847653939e-13
51415160877423488,0.0,2.295617847653939e-13
51435845439760384,0.0,2.295617847653939e-13
51457148477505408,0.0,2.295617847653939e-13
51488278400514304,0.0,2.295617847653939e-13
51492264130122496,0.9973,0.9883440810664097
51494531872919040,0.0,2.295617847653939e-13
51511058907230592,0.0,2.295617847653939e-13
51511952260421760,0.0,2.295617847653939e-13
51519133445712128,0.0,2.295617847653939e-13
51674920499533184,0.6333,0.2839030202318031
51703817039576064,0.0,2.295617847653939e-13
51785387058245376,0.0,2.295617847653939e-13
52923381593619584,0.0,2.295617847653939e-13
52932899241100544,0.0,2.295617847653939e-13
52969801600026240,0.0,2.295617847653939e-13
52972825257039232,0.0,2.295617847653939e-13
53022887395704704,0.0,2.295617847653939e-13
53032576842030464,0.0,2.295617847653939e-13
53129574383990528,0.0,2.295617847653939e-13
53142012609229312,0.0,2.295617847653939e-13
53203928857061248,0.0,2.295617847653939e-13
53207261751662080,0.0,2.295617847653939e-13
53253372520484352,0.0,2.295617847653939e-13
53291099513102336,0.0,2.295617847653939e-13
53455579580778368,0.0,2.295617847653939e-13
53471591218856960,0.0359,0.008475695050363698
53557731082035840,0.0,2.295617847653939e-13
53560033184491264,0.0,2.295617847653939e-13
53591266186627584,0.0,2.295617847653939e-13
53839274780017408,0.0,2.295617847653939e-13
53871091897644288,0.0,2.295617847653939e-13
53898957645253760,0.0,2.295617847653939e-13
53929499154213120,0.0,2.295617847653939e-13
53964000626807424,0.0,2.295617847653939e-13
54005026156442496,0.0,2.295617847653939e-13
57096268737710208,0.0,2.295617847653939e-13
57301946131578496,0.0,2.295617847653939e-13
57309711432504576,0.0,2.295617847653939e-13
57317064416493312,0.0,2.295617847653939e-13
57319916274721920,0.2977,0.08868018159254708
57336885689330688,0.0,2.295617847653939e-13
57406640254258560,0.0,2.295617847653939e-13
57415986103444992,0.0,2.295617847653939e-13
58348028366376576,0.0,2.295617847653939e-13
58374897681749632,0.0,2.295617847653939e-13
58379673685383680,0.0,2.295617847653939e-13
58448942917930624,0.0,2.295617847653939e-13
58498558380192256,0.0,2.295617847653939e-13
61473458887866112,0.0,2.295617847653939e-13
61520085052632576,0.0,2.295617847653939e-13
61554204272842240,0.0,2.295617847653939e-13
61635804355201408,0.0,2.295617847653939e-13
61706417912199168,0.0,2.295617847653939e-13
61809290970673792,0.0,2.295617847653939e-13
61891685623324544,0.0,2.295617847653939e-13
61894228243872768,0.0,2.295617847653939e-13
61900275557796224,0.0,2.295617847653939e-13
61903333574513792,0.0,2.295617847653939e-13
62644060814281856,0.0,2.295617847653939e-13
62744185091823104,0.0,2.295617847653939e-13
63108879354539264,0.0,2.295617847653939e-13
63234807795681152,0.0,2.295617847653939e-13
63243363370433152,0.0,2.295617847653939e-13
63266865431451008,0.0,2.295617847653939e-13
63296655324576000,0.0,2.295617847653939e-13
63338986522558464,0.0,2.295617847653939e-13
63344518440422784,0.0,2.295617847653939e-13
63347194203325056,0.0,2.295617847653939e-13
63415230781874432,0.0,2.295617847653939e-13
63420797059423104,0.0,2.295617847653939e-13
63436396380626688,0.999,0.9956584450622659
63455289940899328,0.0,2.295617847653939e-13
63546622421190656,0.0,2.295617847653939e-13
63553700527386496,0.0,2.295617847653939e-13
63739311835222784,0.0,2.295617847653939e-13
63773774653147904,0.9997,0.9986944767274725
63791401198878208,0.0,2.295617847653939e-13
63795455648004608,0.9998,0.9991293592475643
63838886357191936,0.9507,0.8157315119726829
63839023796354560,0.9782,0.9115106528199932
63852355374625280,0.0,2.295617847653939e-13
45034213864096640,0.0,2.295617847653939e-13
50801083633021056,0.0,2.295617847653939e-13
50931272681618304,0.0,2.295617847653939e-13
50970717660507008,0.0,2.295617847653939e-13
51020294466833664,0.0,2.295617847653939e-13
51167736401195264,0.0,2.295617847653939e-13
51200962268161792,0.11,0.02758999919540165
51206184948357376,0.0,2.295617847653939e-13
51227006949797248,0.0,2.295617847653939e-13
51228381339331072,0.0002,4.59194325701782e-05
51259751780523520,0.0,2.295617847653939e-13
51334484211434624,0.0,2.295617847653939e-13
51340394086422528,0.0,2.295617847653939e-13
51357814473650816,0.0,2.295617847653939e-13
51363655629145216,0.0,2.295617847653939e-13
51369428065705600,0.0,2.295617847653939e-13
51493707239215104,0.0,2.295617847653939e-13
51556929157957120,0.0,2.295617847653939e-13
51593762797288576,0.0,2.295617847653939e-13
51618982845331328,0.0,2.295617847653939e-13
51625094581936256,0.0,2.295617847653939e-13
51644718289310720,0.0,2.295617847653939e-13
51675504615071616,0.0,2.295617847653939e-13
51730136599063936,0.0,2.295617847653939e-13
51783737790828800,0.0065,0.0014996616793137429
52937812683709952,0.0,2.295617847653939e-13
52997736067254272,0.0,2.295617847653939e-13
53008623806909312,0.0,2.295617847653939e-13
53083979011147776,0.0,2.295617847653939e-13
53140397701490176,0.9911,0.962354921293606
53160188910800256,0.0,2.295617847653939e-13
53246672371612032,0.0,2.295617847653939e-13
53266257422339712,0.0,2.295617847653939e-13
53302227771307136,0.0,2.295617847653939e-13
53335045618385536,0.9997,0.9986944767274725
53343429392794752,0.0,2.295617847653939e-13
53360231306909568,0.0,2.295617847653939e-13
53401080738251264,0.0,2.295617847653939e-13
53455888818419328,0.0,2.295617847653939e-13
53563915834929024,0.2152,0.05922032562811974
53571371898158208,0.0,2.295617847653939e-13
53580992624867328,0.0,2.295617847653939e-13
53782959168859520,0.0399,0.009450013199125012
53862501962898816,0.0,2.295617847653939e-13
53867896442007296,0.0,2.295617847653939e-13
53878685399767552,0.0,2.295617847653939e-13
53886141463226240,0.0,2.295617847653939e-13
53926273636303360,0.0,2.295617847653939e-13
53961732886198272,0.0,2.295617847653939e-13
57275557852801152,0.0,2.295617847653939e-13
57333763249279488,0.0,2.295617847653939e-13
57405025346561024,0.0,2.295617847653939e-13
58264946518829824,0.0,2.295617847653939e-13
58449045997145344,0.0,2.295617847653939e-13
58475120741650048,0.0,2.295617847653939e-13
61423534188103424,0.0,2.295617847653939e-13
61495002443805696,0.0,2.295617847653939e-13
61495380400921856,0.0,2.295617847653939e-13
61505001127552000,0.0,2.295617847653939e-13
61557468448004224,0.0,2.295617847653939e-13
61680991707984384,0.0,2.295617847653939e-13
61786746686242048,0.0,2.295617847653939e-13
61839424461269504,0.0,2.295617847653939e-13
62677252321497472,0.0,2.295617847653939e-13
62695497342563456,0.0,2.295617847653939e-13
63077130956315520,0.0,2.295617847653939e-13
63099911462892800,0.0,2.295617847653939e-13
63108020361079936,0.0,2.295617847653939e-13
63119771391975808,0.0,2.295617847653939e-13
63250338397358976,0.0,2.295617847653939e-13
63313251078184576,0.0,2.295617847653939e-13
63376747873594752,0.0,2.295617847653939e-13
63436705618270336,0.0,2.295617847653939e-13
63533050324580608,0.0,2.295617847653939e-13
63593897124710016,0.0007,0.0001607799590529407
63609741260510464,0.0,2.295617847653939e-13
63752815212353280,0.0,2.295617847653939e-13
63755667071041408,0.0,2.295617847653939e-13
63786625195137664,0.9997,0.9986944767274725
63819644903762048,0.0,2.295617847653939e-13
63886130997370112,0.0294,0.0069055328933630465
63940488102473472,0.0,2.295617847653939e-13
63959351598814336,0.9995,0.997825585932503
64013807487711360,0.0,2.295617847653939e-13
64032606560885504,0.0,2.295617847653939e-13
64090708880184192,0.0,2.295617847653939e-13
64109915973846528,0.9999,0.9995645335738065
64128298433888896,0.04,0.009474450541221023
64157023175179776,0.9999,0.9995645335738065
64224093382567168,0.0,2.295617847653939e-13
64256597695031168,0.0,2.295617847653939e-13
64313222543810560,0.9998,0.9991293592475643
64407540025696512,0.0,2.295617847653939e-13
50872448809631616,0.0,2.295617847653939e-13
50899111966457344,0.0,2.295617847653939e-13
50907014706346624,0.9491,0.8106237402338728
51042525217404672,0.0,2.295617847653939e-13
51057853956878336,0.0,2.295617847653939e-13
51062320722923520,0.0,2.295617847653939e-13
51100322594626560,0.0,2.295617847653939e-13
51141141963785728,0.0,2.295617847653939e-13
51208246532669440,0.0,2.295617847653939e-13
51400764146968832,0.0,2.295617847653939e-13
51497418090942720,0.0,2.295617847653939e-13
51533495816916096,0.0,2.295617847653939e-13
51557169676123008,0.0,2.295617847653939e-13
51568607171494528,0.0,2.295617847653939e-13
51574864941234048,0.0,2.295617847653939e-13
51589845787249024,0.0,2.295617847653939e-13
51659458617379712,0.0,2.295617847653939e-13
51770230116827008,0.0,2.295617847653939e-13
52165680642974976,0.0,2.295617847653939e-13
52918566932198912,0.0,2.295617847653939e-13
52943688198969984,0.0,2.295617847653939e-13
52987153267891072,0.0,2.295617847653939e-13
53149949708637440,0.0,2.295617847653939e-13
53178674449960576,0.0,2.295617847653939e-13
53231863324297472,0.0,2.295617847653939e-13
53288213295109760,0.0,2.295617847653939e-13
53406342075851392,0.0,2.295617847653939e-13
53408987775542400,0.0,2.295617847653939e-13
53468670641016448,0.0,2.295617847653939e-13
53472377195904128,0.0,2.295617847653939e-13
53576319700371712,0.0,2.295617847653939e-13
53604838283290624,0.0,2.295617847653939e-13
53607140385738240,0.0,2.295617847653939e-13
53788903403556352,0.0,2.295617847653939e-13
53817078386089344,0.0,2.295617847653939e-13
57100013949191680,0.0,2.295617847653939e-13
57126260492898688,0.0,2.295617847653939e-13
57338436173700480,0.0,2.295617847653939e-13
57359563116500352,0.0,2.295617847653939e-13
58119467386861056,0.0,2.295617847653939e-13
58417194519693440,0.0,2.295617847653939e-13
58453787641022976,0.0,2.295617847653939e-13
58478595372022912,0.0,2.295617847653939e-13
58542504485345792,0.0,2.295617847653939e-13
61409755933081856,0.0,2.295617847653939e-13
61622408353421952,0.0,2.295617847653939e-13
61802865699611008,0.0,2.295617847653939e-13
61811971030349440,0.0,2.295617847653939e-13
61819805050686080,0.0,2.295617847653939e-13
61826122946485376,0.0,2.295617847653939e-13
61861689571675008,0.0,2.295617847653939e-13
62664848455984000,0.0,2.295617847653939e-13
62694603989366400,0.0,2.295617847653939e-13
63054105635636096,0.0,2.295617847653939e-13
63064074255802240,0.0,2.295617847653939e-13
63080906231790848,0.0,2.295617847653939e-13
63107401885774848,0.0,2.295617847653939e-13
63118912398109952,0.0,2.295617847653939e-13
63144716561596288,0.9954,0.9802664713231408
63237487855272320,0.0227,0.0053038105788588774
63248757849399808,0.0,2.295617847653939e-13
63264215435825920,0.0,2.295617847653939e-13
63264632048451456,0.0,2.295617847653939e-13
63289920816208768,0.9995,0.997825585932503
63299232305049344,0.0,2.295617847653939e-13
63309746384944640,0.0,2.295617847653939e-13
63323799517863168,0.0,2.295617847653939e-13
63336031585058560,0.0,2.295617847653939e-13
63340154753661440,0.6661,0.3141076760869009
63344655878036096,0.0,2.295617847653939e-13
63481643859696384,0.0,2.295617847653939e-13
63535627304957696,0.0,2.295617847653939e-13
63558613969850496,0.0,2.295617847653939e-13
63585964321573120,0.0,2.295617847653939e-13
63659047486547584,0.0,2.295617847653939e-13
63661521387693824,0.9998,0.9991293592475643
63677326867342208,0.0,2.295617847653939e-13
63695778046754560,0.0,2.295617847653939e-13
63705433133130368,0.9998,0.9991293592475643
63770166878400640,0.0,2.295617847653939e-13
63780406082510080,0.0,2.295617847653939e-13
63846445499673472,0.0,2.295617847653939e-13
63884584809145600,0.9999,0.9995645335738065
63916431989200256,0.9996,0.9982598857201236
63929802223755904,0.0,2.295617847653939e-13
63962645837284480,0.0,2.295617847653939e-13
63993264660661504,0.0,2.295617847653939e-13
64117062799542016,0.9997,0.9986944767274725
64157847808753408,0.0,2.295617847653939e-13
64168705486089216,0.9999,0.9995645335738065
64211071041763200,0.0,2.295617847653939e-13
64243021302747520,0.0,2.295617847653939e-13
64290197223630208,0.0,2.295617847653939e-13
50799709243487232,0.0,2.295617847653939e-13
50893167731799424,0.0,2.295617847653939e-13
50894129804463488,0.0,2.295617847653939e-13
50961058277448064,0.0,2.295617847653939e-13
51012155504907264,0.0,2.295617847653939e-13
51023524282112000,0.0,2.295617847653939e-13
51059812462033152,0.0,2.295617847653939e-13
51070773218583040,0.0,2.295617847653939e-13
51073796875474688,0.0,2.295617847653939e-13
51116334232705920,0.0,2.295617847653939e-13
51120629199890944,0.0,2.295617847653939e-13
51151930921588736,0.0,2.295617847653939e-13
51265318058107008,0.0,2.295617847653939e-13
51270884335699840,0.0,2.295617847653939e-13
51274938784931328,0.0,2.295617847653939e-13
51282119970164096,0.005,0.001152247601755109
51354550298500608,0.0,2.295617847653939e-13
51391658816356608,0.9951,0.9790003238767928
51407807893425408,0.0,2.295617847653939e-13
51649322494175744,0.0,2.295617847653939e-13
51653136425531136,0.0,2.295617847653939e-13
51659389897901568,0.0,2.295617847653939e-13
51681655008229632,0.9782,0.9115106528199932
51695536342599168,0.0,2.295617847653939e-13
51721855902149376,0.0,2.295617847653939e-13
52921938484612096,0.0,2.295617847653939e-13
52924515464971520,0.0,2.295617847653939e-13
53152217452074496,0.0,2.295617847653939e-13
53203688338898176,0.4067,0.1359659804983681
53208361263363584,0.0,2.295617847653939e-13
53240625055732608,0.0,2.295617847653939e-13
53278626928222208,0.04,0.009474450541221023
53410362165211392,0.0,2.295617847653939e-13
53554909287118080,0.0397,0.00940115016783048
53618032422785280,0.0373,0.008816003098068374
53771964052566912,0.0,2.295617847653939e-13
53774781551070208,0.0,2.295617847653939e-13
53810927995749120,0.0,2.295617847653939e-13
53864804065393536,0.999,0.9956584450622659
53915725196609152,0.0,2.295617847653939e-13
53955238896111872,0.0,2.295617847653939e-13
53961973404362496,0.0,2.295617847653939e-13
54010764232831744,0.0,2.295617847653939e-13
57025865633891200,0.0,2.295617847653939e-13
57047340470340864,0.0,2.295617847653939e-13
57259408775792000,0.0,2.295617847653939e-13
57292943880108672,0.0,2.295617847653939e-13
58036385539649024,0.0,2.295617847653939e-13
58045937546870272,0.0,2.295617847653939e-13
58097958190807680,0.0,2.295617847653939e-13
58163001175268864,0.0,2.295617847653939e-13
58199766095212672,0.0,2.295617847653939e-13
58200934326315136,0.0,2.295617847653939e-13
58372904816938240,0.0,2.295617847653939e-13
58496702954136192,0.0,2.295617847653939e-13
61404842490442880,0.0,2.295617847653939e-13
61832002757759616,0.0,2.295617847653939e-13
61839424461269632,0.0,2.295617847653939e-13
62658766782291840,0.0,2.295617847653939e-13
62743497897051264,0.0,2.295617847653939e-13
62752293988150016,0.0,2.295617847653939e-13
63064344837638784,0.0,2.295617847653939e-13
63076546839398400,0.0,2.295617847653939e-13
63113586638673792,0.0,2.295617847653939e-13
63181034805012224,0.0,2.295617847653939e-13
63202681440269824,0.0,2.295617847653939e-13
63248826568877312,0.0,2.295617847653939e-13
63303424193028224,0.0,2.295617847653939e-13
63361079834310528,0.0,2.295617847653939e-13
63376747874974080,0.0,2.295617847653939e-13
63443646285932544,0.0,2.295617847653939e-13
63466388135997952,0.0,2.295617847653939e-13
63502259702709888,0.9997,0.9986944767274725
63510407257100544,0.0,2.295617847653939e-13
63662311661690880,0.9992,0.996524430963752
63703676488788224,0.0,2.295617847653939e-13
63777897821629568,0.0,2.295617847653939e-13
63781127637137280,0.0,2.295617847653939e-13
63794768451028096,0.0,2.295617847653939e-13
63800369090666880,0.0,2.295617847653939e-13
63855001074451328,0.0,2.295617847653939e-13
63884859687050880,0.0,2.295617847653939e-13
63901008763136512,0.0,2.295617847653939e-13
63953819680971008,0.9998,0.9991293592475643
64030922933681792,0.0,2.295617847653939e-13
64050130029235456,0.0,2.295617847653939e-13
64105414848391552,0.0,2.295617847653939e-13
64145237784958848,0.0,2.295617847653939e-13
64159084759385856,0.0,2.295617847653939e-13
64162692531881600,0.0,2.295617847653939e-13
64182346300520320,0.0,2.295617847653939e-13
64300990476976768,0.0,2.295617847653939e-13
50621279122539392,0.0,2.295617847653939e-13
50915948238301568,0.0,2.295617847653939e-13
50929623414185984,0.0,2.295617847653939e-13
50937148196801920,0.0,2.295617847653939e-13
50978105004242688,0.0,2.295617847653939e-13
51005764593598336,0.0,2.295617847653939e-13
51116368592446080,0.0,2.295617847653939e-13
51260881354819968,0.0,2.295617847653939e-13
51261504127255296,0.0013,0.00029872951862309783
51297444413411456,0.0,2.295617847653939e-13
51427014987045504,0.0,2.295617847653939e-13
51453162747983872,0.0,2.295617847653939e-13
51458591586515968,0.0,2.295617847653939e-13
51470583135187840,0.0,2.295617847653939e-13
51489240473635968,0.0,2.295617847653939e-13
51494531872918656,0.0,2.295617847653939e-13
51516796983520384,0.0,2.295617847653939e-13
51554249098373120,0.0,2.295617847653939e-13
51590120663022976,0.0,2.295617847653939e-13
51652895907361280,0.0,2.295617847653939e-13
51681345770686464,0.0,2.295617847653939e-13
51717114258149120,0.0375,0.008864680244683423
51771467067439488,0.0,2.295617847653939e-13
53005363929211392,0.0,2.295617847653939e-13
53092328427534336,0.0,2.295617847653939e-13
53113146130783488,0.0,2.295617847653939e-13
53184618684596864,0.0,2.295617847653939e-13
53185168440403456,0.0,2.295617847653939e-13
53191284473829120,0.0,2.295617847653939e-13
53251517094713728,0.6513,0.30009938165731004
53268898825494784,0.0,2.295617847653939e-13
53296528351898240,0.0,2.295617847653939e-13
53297662223114496,0.0243,0.005684779820127278
53314154897611008,0.0,2.295617847653939e-13
53363976518402432,0.0,2.295617847653939e-13
53400359183335424,0.0,2.295617847653939e-13
53428401027681920,0.0,2.295617847653939e-13
53579549515869952,0.0,2.295617847653939e-13
53812268025531648,0.0,2.295617847653939e-13
53831234601083264,0.0,2.295617847653939e-13
53849926298734208,0.0,2.295617847653939e-13
53897651975178880,0.0,2.295617847653939e-13
53964000628905728,0.0,2.295617847653939e-13
57036757670988288,0.5795,0.24033169095912524
57054727814087552,0.0,2.295617847653939e-13
57082902799488000,0.0,2.295617847653939e-13
57209174838636672,0.0,2.295617847653939e-13
57342524982539776,0.0,2.295617847653939e-13
57378808866203520,0.0,2.295617847653939e-13
57401073976633600,0.0,2.295617847653939e-13
58095175051873024,0.0,2.295617847653939e-13
58102150078724608,0.0,2.295617847653939e-13
58117302723712384,0.0,2.295617847653939e-13
58301024244376192,0.0,2.295617847653939e-13
58326003774151424,0.0,2.295617847653939e-13
58378402375063424,0.0,2.295617847653939e-13
58412963974965888,0.0,2.295617847653939e-13
58513504866243968,0.0,2.295617847653939e-13
61409236240546304,0.0,2.295617847653939e-13
61484174830107776,0.819,0.5094998520233966
61499297411099648,0.0,2.295617847653939e-13
61889585382579584,0.0,2.295617847653939e-13
63066754315387008,0.0168,0.0039072104230334385
63077199674424320,0.0,2.295617847653939e-13
63126608979488000,0.0,2.295617847653939e-13
63130319831295232,0.0,2.295617847653939e-13
63149080248353024,0.0,2.295617847653939e-13
63248586050714880,0.0,2.295617847653939e-13
63346575728011392,0.0,2.295617847653939e-13
63380183848793344,0.0,2.295617847653939e-13
63424404832438784,0.0,2.295617847653939e-13
63547378335443200,0.9996,0.9982598857201236
63561740706077056,0.0,2.295617847653939e-13
63585036608738048,0.9997,0.9986944767274725
63627264728628224,0.9998,0.9991293592475643
63629154514193536,0.0027,0.000621108839026683
63677326867342464,0.9998,0.9991293592475643
63700244812751616,0.0,2.295617847653939e-13
63750719268324096,0.0,2.295617847653939e-13
63778756815082112,0.0,2.295617847653939e-13
63795593086958848,0.0,2.295617847653939e-13
63815556094918784,0.0,2.295617847653939e-13
63826448131945984,0.9998,0.9991293592475643
63889085934846208,0.9997,0.9986944767274725
63900596446201344,0.0,2.295617847653939e-13
63942652765977472,0.0,2.295617847653939e-13
64001025665467648,0.0442,0.010504339020582544
64019618579817472,0.0,2.295617847653939e-13
64031026012894720,0.0,2.295617847653939e-13
64054424996555392,0.0,2.295617847653939e-13
64063152370069632,0.0,2.295617847653939e-13
64083458975489920,0.0,2.295617847653939e-13
64186121575484160,0.0,2.295617847653939e-13
45032220999280512,0.0,2.295617847653939e-13
50866607654117760,0.0,2.295617847653939e-13
51034351895928448,0.0,2.295617847653939e-13
51045553170557056,0.0,2.295617847653939e-13
51106060670959744,0.0,2.295617847653939e-13
51247244835795968,0.0,2.295617847653939e-13
51299299839271040,0.0,2.295617847653939e-13
51307546176916096,0.0,2.295617847653939e-13
51363312031762816,0.0,2.295617847653939e-13
51406124266249856,0.0,2.295617847653939e-13
51408529447927296,0.8009,0.48009697556471137
51410728471188608,0.0,2.295617847653939e-13
51453162747983616,0.0,2.295617847653939e-13
51548545381808256,0.0,2.295617847653939e-13
51579434786423808,0.0,2.295617847653939e-13
51781706269632256,0.3583,0.11361525198312006
52174957772462592,0.0,2.295617847653939e-13
52934033112461824,0.0,2.295617847653939e-13
52985366561510144,0.0,2.295617847653939e-13
53005260850483200,0.0,2.295617847653939e-13
53098719338988928,0.0,2.295617847653939e-13
53206780715340032,0.9876,0.9481421547702772
53229045825746304,0.0,2.295617847653939e-13
53248184200106368,0.0,2.295617847653939e-13
53251929411490688,0.2002,0.05433972209043968
53333361988491264,0.0,2.295617847653939e-13
53355386583901824,0.0,2.295617847653939e-13
53356348654342400,0.0,2.295617847653939e-13
53471900456498176,0.0,2.295617847653939e-13
53562816323289216,0.0,2.295617847653939e-13
53593843167001216,0.0,2.295617847653939e-13
53764233111460224,0.0,2.295617847653939e-13
53769283992978048,0.0,2.295617847653939e-13
53808312356964864,0.0,2.295617847653939e-13
53928403940061696,0.0,2.295617847653939e-13
57057682751595520,0.0,2.295617847653939e-13
57313044327140864,0.0,2.295617847653939e-13
57378396549350144,0.0,2.295617847653939e-13
58041058463952512,0.0,2.295617847653939e-13
58168361294380032,0.0,2.295617847653939e-13
58205504171576448,0.0,2.295617847653939e-13
58236668454176256,0.0,2.295617847653939e-13
58331054655670784,0.0,2.295617847653939e-13
58372836097464064,0.0,2.295617847653939e-13
58423551071284864,0.0,2.295617847653939e-13
58424169546537856,0.0,2.295617847653939e-13
61414600656151296,0.0,2.295617847653939e-13
61497407625478272,0.0,2.295617847653939e-13
61524242580958592,0.0,2.295617847653939e-13
61554376071535232,0.0,2.295617847653939e-13
61557468448003968,0.0,2.295617847653939e-13
61583822367267200,0.0,2.295617847653939e-13
61622820670275584,0.0,2.295617847653939e-13
61627493594709248,0.0,2.295617847653939e-13
63092519822920448,0.0,2.295617847653939e-13
63124616114739072,0.0,2.295617847653939e-13
63303802150148736,0.0,2.295617847653939e-13
63337199816516992,0.0,2.295617847653939e-13
63377194551573632,0.0,2.295617847653939e-13
63408010940506496,0.0,2.295617847653939e-13
63616853727869824,0.0,2.295617847653939e-13
63650972948401152,0.0,2.295617847653939e-13
63654683799791360,0.0,2.295617847653939e-13
63657501298323456,0.0,2.295617847653939e-13
63719142668834816,0.0,2.295617847653939e-13
63730309584280960,0.9998,0.9991293592475643
63739517993652864,0.0,2.295617847653939e-13
63774186970007040,0.0,2.295617847653939e-13
63775355201110016,0.9991,0.9960912931327431
63826070174824192,0.9998,0.9991293592475643
63947875446246784,0.0,2.295617847653939e-13
63976668906893568,0.0,2.295617847653939e-13
63985396280462848,0.0,2.295617847653939e-13
63988557376268416,0.0,2.295617847653939e-13
63999999169130112,0.9999,0.9995645335738065
64009448097245440,0.8372,0.5413944034280527
64062911851893632,0.0,2.295617847653939e-13
64077102423806208,0.0,2.295617847653939e-13
64172858716397184,0.0,2.295617847653939e-13
64243059958146048,0.0,2.295617847653939e-13
64443445952321920,0.0,2.295617847653939e-13
64469490633933056,0.0,2.295617847653939e-13
64502407263335168,0.0,2.295617847653939e-13
64538588067697280,0.0,2.295617847653939e-13
64568201866391680,0.0,2.295617847653939e-13
64610777878128896,0.0,2.295617847653939e-13
64672350529217792,0.0,2.295617847653939e-13
64678329123783808,0.0,2.295617847653939e-13
64706366670151424,0.0,2.295617847653939e-13
64743646986745600,0.9993,0.9969578588463505
64745949089203840,0.0,2.295617847653939e-13
64757425241820800,0.9995,0.997825585932503
64360432824457088,0.0019,0.00043680680309609394
64388917047623168,0.0005,0.00011482512521487586
64423139346986112,0.0,2.295617847653939e-13
64490999830146048,0.0,2.295617847653939e-13
64523504142586112,0.0,2.295617847653939e-13
64593323130863488,0.0,2.295617847653939e-13
64607921723475712,0.0,2.295617847653939e-13
64690041498846080,0.0,2.295617847653939e-13
64695543352596736,0.0,2.295617847653939e-13
64715953037121280,0.0,2.295617847653939e-13
64752099482337536,0.0,2.295617847653939e-13
64752717957650816,0.0,2.295617847653939e-13
64757356522247552,0.0,2.295617847653939e-13
64831023801277440,0.0,2.295617847653939e-13
64841847118778112,0.0,2.295617847653939e-13
64856312568645248,0.9999,0.9995645335738065
64856621806289792,0.0,2.295617847653939e-13
64858339793222272,0.0,2.295617847653939e-13
64861290434850176,0.0,2.295617847653939e-13
64875450943331200,0.0,2.295617847653939e-13
64889126119831040,0.9999,0.9995645335738065
64923279699744256,1.0,0.9999999999956435
64944170420647296,0.9991,0.9960912931327431
64962174923490304,1.0,0.9999999999956435
64963377514329984,0.9999,0.9995645335738065
64980832261312640,1.0,0.9999999999956435
65000417312240896,1.0,0.9999999999956435
65005262035285888,0.9999,0.9995645335738065
65007083101413888,0.9999,0.9995645335738065
65026839950559744,1.0,0.9999999999956435
65049444361764352,0.0001,2.2957947244511755e-05
65077245686682496,0.0,2.295617847653939e-13
65086591535491584,1.0,0.9999999999956435
65089473457126784,0.9999,0.9995645335738065
65101606741121792,0.9999,0.9995645335738065
65138062423716096,0.0,2.295617847653939e-13
65181115176348544,0.9997,0.9986944767274725
65208225009940608,0.0,2.295617847653939e-13
65211420466124288,0.0,2.295617847653939e-13
65213172812266752,0.9999,0.9995645335738065
65224614605149440,0.0,2.295617847653939e-13
65225469302220800,0.9999,0.9995645335738065
65293368441513344,1.0,0.9999999999956435
65330030282872576,0.0,2.295617847653939e-13
65335252963239552,0.0,2.295617847653939e-13
65335832781395840,0.0,2.295617847653939e-13
65408851522645120,0.0,2.295617847653939e-13
65466644603140096,0.0,2.295617847653939e-13
65503306444025984,0.0,2.295617847653939e-13
65533336855282688,0.0019,0.00043680680309609394
65561030804295296,0.0,2.295617847653939e-13
65561473183104640,0.9998,0.9991293592475643
65593294598803456,0.0005,0.00011482512521487586
65626554825500672,0.0,2.295617847653939e-13
65648545058014592,0.0,2.295617847653939e-13
65669916815174400,0.0,2.295617847653939e-13
65690498298435840,0.9998,0.9991293592475643
65693281437215232,0.0,2.295617847653939e-13
65946272190782080,0.0,2.295617847653939e-13
65958882214601472,0.0,2.295617847653939e-13
66027979649547136,0.0,2.295617847653939e-13
66053405855848448,0.0,2.295617847653939e-13
66064637192189312,0.0,2.295617847653939e-13
66082233676302848,0.0,2.295617847653939e-13
66084913735852672,0.0,2.295617847653939e-13
66095840132473600,0.0,2.295617847653939e-13
66116181097704064,0.0,2.295617847653939e-13
66167205308371328,0.9998,0.9991293592475643
66194521300427392,0.0,2.295617847653939e-13
66248397369908736,0.0,2.295617847653939e-13
66289044940711168,0.8367,0.540484556204682
66300486733534720,0.0,2.295617847653939e-13
66422566883668480,0.0,2.295617847653939e-13
66468918172339328,0.9999,0.9995645335738065
66509771901085696,0.9999,0.9995645335738065
66523103479455744,0.9999,0.9995645335738065
66539385696308352,0.0,2.295617847653939e-13
66551686483467904,0.9999,0.9995645335738065
66581549393480704,0.9999,0.9995645335738065
66619929221360384,0.0,2.295617847653939e-13
66640545064340224,0.0,2.295617847653939e-13
66643293843356032,0.0,2.295617847653939e-13
66659271121456768,0.9999,0.9995645335738065
66669132366318848,0.0,2.295617847653939e-13
66715273197982848,1.0,0.9999999999956435
66720946851771904,0.9991,0.9960912931327431
66728089380492160,0.9999,0.9995645335738065
66729674225341696,0.9999,0.9995645335738065
66750358787789056,0.9836,0.9322865191139106
66776884505742848,0.0,2.295617847653939e-13
66786539592171392,1.0,0.9999999999956435
66802207632871808,0.9999,0.9995645335738065
66808839062339712,1.0,0.9999999999956435
50664331874668160,0.0,2.295617847653939e-13
50868531799454720,0.0,2.295617847653939e-13
50883886305006336,0.0,2.295617847653939e-13
50940034414875392,0.9681,0.8744780232692588
51057098042717696,0.0,2.295617847653939e-13
51119701486964992,0.0,2.295617847653939e-13
51140798366409984,0.0,2.295617847653939e-13
51150350373633536,0.0,2.295617847653939e-13
51150380436175104,0.0,2.295617847653939e-13
51190207669995008,0.0,2.295617847653939e-13
51280814300043520,0.0,2.295617847653939e-13
51307065140124032,0.7392,0.3941816414565404
51358050695316992,0.0,2.295617847653939e-13
51415470115063936,0.0,2.295617847653939e-13
51416294748778496,0.0,2.295617847653939e-13
51554317817849344,0.0,2.295617847653939e-13
51570569973971712,0.0,2.295617847653939e-13
51646023959292928,0.0,2.295617847653939e-13
51716392703762944,0.0,2.295617847653939e-13
51717114258148864,0.5375,0.2106019443605366
51740135283088128,0.0004,9.185302073703103e-05
51765595848971648,0.9997,0.9986944767274725
51788788672351232,0.0,2.295617847653939e-13
52943069723535488,0.0,2.295617847653939e-13
53031889647268224,0.0,2.295617847653939e-13
53153557481161984,0.0,2.295617847653939e-13
53218497386123136,0.0002,4.59194325701782e-05
53221452323623296,0.0,2.295617847653939e-13
53234096707396224,0.0,2.295617847653939e-13
53322744832098560,0.0,2.295617847653939e-13
53402356346208256,0.0,2.295617847653939e-13
53506088395272704,0.0,2.295617847653939e-13
53615592881347328,0.0,2.295617847653939e-13
53771483016214528,0.0,2.295617847653939e-13
53809381807508864,0.0,2.295617847653939e-13
53813367537719296,0.0,2.295617847653939e-13
53822094910725504,0.0,2.295617847653939e-13
53874390432351232,0.0,2.295617847653939e-13
53889543073712768,0.0,2.295617847653939e-13
53960873892756480,0.0,2.295617847653939e-13
53986952934335744,0.0,2.295617847653939e-13
53990251469061504,0.0,2.295617847653939e-13
56997072173128320,0.0,2.295617847653939e-13
57133171096663552,0.0,2.295617847653939e-13
57269647977774592,0.0,2.295617847653939e-13
57287308883307136,0.0,2.295617847653939e-13
57294077751481856,0.0,2.295617847653939e-13
58034220876086144,0.0,2.295617847653939e-13
58144618715211264,0.0,2.295617847653939e-13
58162451419457280,0.0,2.295617847653939e-13
58181589793647104,0.0,2.295617847653939e-13
58192722348862208,0.0,2.295617847653939e-13
58206363165029888,0.0,2.295617847653939e-13
58231926810361344,0.0,2.295617847653939e-13
58411525162816000,0.0,2.295617847653939e-13
58462961691104384,0.0,2.295617847653939e-13
58510927885801344,0.0,2.295617847653939e-13
61404292734624896,0.0,2.295617847653939e-13
61519672735818880,0.4434,0.15460145455556182
61615738267884032,0.0,2.295617847653939e-13
61624573016925824,0.0,2.295617847653939e-13
61867084050575104,0.0,2.295617847653939e-13
61874918069102848,0.0,2.295617847653939e-13
61916699512731776,0.0,2.295617847653939e-13
61917043110119552,0.8882,0.6458627136409067
62689931064955776,0.0,2.295617847653939e-13
62749029814836736,0.0,2.295617847653939e-13
62960922025122688,0.0,2.295617847653939e-13
63091699485434880,0.0,2.295617847653939e-13
63116709078247936,0.0,2.295617847653939e-13
63171448438067968,0.0,2.295617847653939e-13
63182409194618752,0.0,2.295617847653939e-13
63202200403939200,0.0,2.295617847653939e-13
63239412000516480,0.0,2.295617847653939e-13
63260440160398592,0.0,2.295617847653939e-13
63367951781976448,0.0,2.295617847653939e-13
63376644795754752,0.0,2.295617847653939e-13
63402414599502080,0.0,2.295617847653939e-13
63429112116097408,0.0,2.295617847653939e-13
63460860514338560,0.0,2.295617847653939e-13
63466392432583296,0.0,2.295617847653939e-13
63478624499091968,0.0,2.295617847653939e-13
63482885106628224,0.0,2.295617847653939e-13
63553322570265984,0.0,2.295617847653939e-13
63618773576322304,0.0,2.295617847653939e-13
63658081115995392,0.0,2.295617847653939e-13
63836412456560256,0.0,2.295617847653939e-13
63857646774314240,0.0,2.295617847653939e-13
63876402894075904,0.9999,0.9995645335738065
63917535797205888,0.0,2.295617847653939e-13
63958561324922240,0.9667,0.8695229911534913
63989691247627776,0.9999,0.9995645335738065
64006905476619776,0.9999,0.9995645335738065
50890350233399808,0.0,2.295617847653939e-13
51001022949707904,0.0,2.295617847653939e-13
51010570660629888,0.0,2.295617847653939e-13
51044659817362048,0.0,2.295617847653939e-13
51135953643247744,0.0,2.295617847653939e-13
51174329173532544,0.0,2.295617847653939e-13
51209895800103296,0.0,2.295617847653939e-13
51212713298684928,0.1189,0.030047390537426454
51257621476724096,0.3298,0.10149955053404983
51274217230426752,0.0,2.295617847653939e-13
51293974079837056,0.0,2.295617847653939e-13
51316204830504576,0.0,2.295617847653939e-13
51318610012220672,0.0,2.295617847653939e-13
51356268285434240,0.0,2.295617847653939e-13
51381453974112640,0.0,2.295617847653939e-13
51474328346661888,0.0,2.295617847653939e-13
51479791545169408,0.0,2.295617847653939e-13
51533392737158272,0.0,2.295617847653939e-13
51571291528473344,0.0,2.295617847653939e-13
51643240820495360,0.0,2.295617847653939e-13
51678115955297280,0.0,2.295617847653939e-13
51709280237839360,0.0,2.295617847653939e-13
51761575759616000,0.9995,0.997825585932503
52972481659660544,0.0,2.295617847653939e-13
53065390392793216,0.0,2.295617847653939e-13
53119025944191616,0.0,2.295617847653939e-13
53167335736332928,0.0,2.295617847653939e-13
53170599911477376,0.0,2.295617847653939e-13
53231691525613184,0.04,0.009474450541221023
53266463580764160,0.0,2.295617847653939e-13
53285017839541632,0.0,2.295617847653939e-13
53344219668991616,0.0,2.295617847653939e-13
53368099687099392,0.0,2.295617847653939e-13
53456129336585856,0.0,2.295617847653939e-13
53569207234656256,0.0,2.295617847653939e-13
53577384852365824,0.0,2.295617847653939e-13
53584359879224448,0.0,2.295617847653939e-13
53973307821627136,0.0,2.295617847653939e-13
53983001564309248,0.0,2.295617847653939e-13
53989736072994560,0.0,2.295617847653939e-13
57053009827184896,0.0,2.295617847653939e-13
57124512440885888,0.0,2.295617847653939e-13
57257175392788096,0.0,2.295617847653939e-13
57277413278683648,0.0,2.295617847653939e-13
57387639318952960,0.0,2.295617847653939e-13
57398119039515264,0.0,2.295617847653939e-13
58122486747663360,0.0,2.295617847653939e-13
58253844026509824,0.0,2.295617847653939e-13
58304082261083008,0.0,2.295617847653939e-13
58371461707931520,0.0,2.295617847653939e-13
58460006753619968,0.0,2.295617847653939e-13
58497115270993664,0.0,2.295617847653939e-13
58510446849462656,0.0,2.295617847653939e-13
61401990632166144,0.0,2.295617847653939e-13
61486992328275200,0.0,2.295617847653939e-13
61547160526487040,0.0,2.295617847653939e-13
61604747447866752,0.0,2.295617847653939e-13
61614230735706752,0.0,2.295617847653939e-13
61826127242527360,0.0,2.295617847653939e-13
61829769374779776,0.0,2.295617847653939e-13
61841314246897920,0.0,2.295617847653939e-13
61891994861274496,0.0,2.295617847653939e-13
61912438905202432,0.0,2.295617847653939e-13
62688281797517824,0.0,2.295617847653939e-13
63068266143839488,0.0,2.295617847653939e-13
63163305180093056,0.0,2.295617847653939e-13
63208453876312448,0.0,2.295617847653939e-13
63227691033205120,0.0,2.295617847653939e-13
63259375008513920,0.0,2.295617847653939e-13
63298648189402240,0.0,2.295617847653939e-13
63305485777416832,0.0,2.295617847653939e-13
63484671813389440,0.0,2.295617847653939e-13
63547618853609088,0.0,2.295617847653939e-13
63588438222820352,0.0,2.295617847653939e-13
63589950051284736,0.0,2.295617847653939e-13
63624069272919552,0.0,2.295617847653939e-13
63692475216749312,0.9998,0.9991293592475643
63858127810640000,0.0,2.295617847653939e-13
63864827959608704,0.0097,0.0022435156672257392
63887127429782656,0.0,2.295617847653939e-13
63995532403237632,0.0,2.295617847653939e-13
64021920682268416,0.9993,0.9969578588463505
64023260712080000,0.0,2.295617847653939e-13
64092907903452800,0.9999,0.9995645335738065
64117853073517440,0.0,2.295617847653939e-13
64233198712445184,0.0,2.295617847653939e-13
64365449346344576,0.0,2.295617847653939e-13
64388161133375744,0.0,2.295617847653939e-13
64441727965349504,0.0,2.295617847653939e-13
64449321467581056,0.9999,0.9995645335738065
64456262134709376,0.9998,0.9991293592475643
64522851307563136,0.0,2.295617847653939e-13
50870593383745536,0.0,2.295617847653939e-13
50905331079177088,0.0,2.295617847653939e-13
50908389095799296,0.0,2.295617847653939e-13
50940515451208704,0.0,2.295617847653939e-13
51002603497660288,0.0,2.295617847653939e-13
51003118893741184,0.0,2.295617847653939e-13
51039815094272896,0.0,2.295617847653939e-13
51068299317393408,0.0,2.295617847653939e-13
51108946888871552,0.0,2.295617847653939e-13
51177941243505536,0.0,2.295617847653939e-13
51217592381522432,0.0,2.295617847653939e-13
51267207843711360,0.0,2.295617847653939e-13
51288064204878336,0.0,2.295617847653939e-13
51311566265952768,0.0407,0.00964562078277535
51343795700476928,0.0,2.295617847653939e-13
51457801312530304,0.0,2.295617847653939e-13
51461752682443904,0.0,2.295617847653939e-13
51574143386721152,0.0,2.295617847653939e-13
51622315739944704,0.3301,0.10162336836488554
51689489028669696,0.0,2.295617847653939e-13
51704572953886080,0.0,2.295617847653939e-13
51715361911612672,0.0,2.295617847653939e-13
51759651614260352,0.0,2.295617847653939e-13
52945990301417600,0.0,2.295617847653939e-13
53026044196885760,0.0,2.295617847653939e-13
53042403727073920,0.0,2.295617847653939e-13
53092225348322816,0.0,2.295617847653939e-13
53170840429639936,0.0,2.295617847653939e-13
53294810364853760,0.0,2.295617847653939e-13
53308348101845504,0.0,2.295617847653939e-13
53338069275361536,0.0,2.295617847653939e-13
53426786120081536,0.0239,0.005589447804036618
53462623327108736,0.0399,0.009450013199125012
53503232240471168,0.0,2.295617847653939e-13
53808866411619200,0.0,2.295617847653939e-13
53829757132354432,0.0,2.295617847653939e-13
53868549277038336,0.0,2.295617847653939e-13
53896621183031552,0.0,2.295617847653939e-13
53987227812118400,0.0,2.295617847653939e-13
57092935843023104,0.0,2.295617847653939e-13
57116266105479168,0.0,2.295617847653939e-13
57130284878652288,0.0,2.295617847653939e-13
57201237738842112,0.0,2.295617847653939e-13
57205945022896640,0.0,2.295617847653939e-13
57320706548699264,0.0,2.295617847653939e-13
57354550890932480,0.0,2.295617847653939e-13
58053462329467008,0.0,2.295617847653939e-13
58099847976268416,0.0,2.295617847653939e-13
58210898650413056,0.0,2.295617847653939e-13
58231858090886272,0.0,2.295617847653939e-13
58305972046693504,0.0,2.295617847653939e-13
58319337984921088,0.0,2.295617847653939e-13
58413140070516224,0.0,2.295617847653939e-13
58470349034912256,0.0,2.295617847653939e-13
58493713655304192,0.0,2.295617847653939e-13
58531097052216064,0.0,2.295617847653939e-13
61418792544228992,0.0,2.295617847653939e-13
61584578281508736,0.0,2.295617847653939e-13
61694082768291456,0.0,2.295617847653939e-13
61883611084723200,0.0,2.295617847653939e-13
61883645444460800,0.0,2.295617847653939e-13
61919791889175296,0.0,2.295617847653939e-13
62687388444333312,0.0,2.295617847653939e-13
62692370606363520,0.0,2.295617847653939e-13
63050536518896256,0.0,2.295617847653939e-13
63065654803763456,0.0,2.295617847653939e-13
63074279098040448,0.0,2.295617847653939e-13
63094894941091328,0.9687,0.8766145074979422
63135164554320512,0.0,2.295617847653939e-13
63248341236049024,0.0,2.295617847653939e-13
63250162302240384,0.9659,0.8667103032923814
63254736443840256,0.0,2.295617847653939e-13
63282086795536640,0.0,2.295617847653939e-13
63318920435211904,0.0,2.295617847653939e-13
63366573096225280,0.0016,0.00036775218416261116
63384577598865536,0.0,2.295617847653939e-13
63408015236754176,0.0,2.295617847653939e-13
63408251458674048,0.0,2.295617847653939e-13
63408977309516800,0.0,2.295617847653939e-13
63494052021600000,0.0,2.295617847653939e-13
63504252567791360,0.0,2.295617847653939e-13
63511197530999680,0.0,2.295617847653939e-13
63538960199573760,0.0,2.295617847653939e-13
63546038305742720,0.9991,0.9960912931327431
63597921510524416,0.0,2.295617847653939e-13
63599330259796352,0.0,2.295617847653939e-13
63608435590448896,0.0,2.295617847653939e-13
63650182674133120,0.0,2.295617847653939e-13
63651866301243392,0.0,2.295617847653939e-13
63678392019070848,0.0,2.295617847653939e-13
63680625402087168,0.0,2.295617847653939e-13
63713060995147264,0.0,2.295617847653939e-13
63937700667501184,0.9995,0.997825585932503
63943030723094272,0.0,2.295617847653939e-13
63973336012296704,0.0,2.295617847653939e-13
64021714523841280,0.9999,0.9995645335738065
64050645425295872,0.9999,0.9995645335738065
64059407158605568,0.9999,0.9995645335738065
64082187665171328,0.0,2.295617847653939e-13
64103009666497024,0.9999,0.9995645335738065
64120150878206080,0.0,2.295617847653939e-13
64171832222258944,0.0,2.295617847653939e-13
64214300857161472,0.0001,2.2957947244511755e-05
64232752036658432,0.0,2.295617847653939e-13
64236806485782272,0.0,2.295617847653939e-13
64334594301227904,0.0,2.295617847653939e-13
64347101246000640,0.0,2.295617847653939e-13
64389157565787776,0.0,2.295617847653939e-13
64404031036414080,0.0,2.295617847653939e-13
64468459841792512,0.0,2.295617847653939e-13
64470693224778880,0.0,2.295617847653939e-13
64515219149749120,0.0,2.295617847653939e-13
64552812999385344,0.0,2.295617847653939e-13
64557692082211456,0.0,2.295617847653939e-13
64614793671262208,0.0,2.295617847653939e-13
64642113959500672,0.0,2.295617847653939e-13
64701487587241728,0.0,2.295617847653939e-13
64717082613203072,0.0,2.295617847653939e-13
64739248940235392,0.9998,0.9991293592475643
64823327219874816,0.0,2.295617847653939e-13
64873556860745344,0.0,2.295617847653939e-13
64879402312818944,1.0,0.9999999999956435
64884624994048256,1.0,0.9999999999956435
64895139073954944,1.0,0.9999999999956435
64900739711320960,0.9999,0.9995645335738065
64916751349465856,0.9999,0.9995645335738065
64940974964891008,0.0,2.295617847653939e-13
64960628735279232,0.906,0.6887241759960379
64967191445190272,0.0,2.295617847653939e-13
64977499366701568,0.0,2.295617847653939e-13
64984951133439232,1.0,0.9999999999956435
64999661397996928,0.04,0.009474450541221023
64999936275910656,0.0,2.295617847653939e-13
65000863988835200,0.9999,0.9995645335738065
65018417518780672,1.0,0.9999999999956435
65038281743395584,0.9999,0.9995645335738065
65132771023783424,0.0,2.295617847653939e-13
65136000839273984,0.0001,2.2957947244511755e-05
65202418214188544,0.9998,0.9991293592475643
65208087570988416,0.0,2.295617847653939e-13
65216471347171712,0.0,2.295617847653939e-13
65256809679851904,0.0,2.295617847653939e-13
65259524099180928,0.0129,0.0029910742726946345
65272817023559040,0.9998,0.9991293592475643
65280036863012864,0.9999,0.9995645335738065
65297251091930624,1.0,0.9999999999956435
65314740199399808,0.0399,0.009450013199125012
65436511111950592,0.0,2.295617847653939e-13
65482175204949248,0.0399,0.009450013199125012
65484339868484096,0.0,2.295617847653939e-13
65509078880059008,0.3998,0.13263238894554058
65519283722314496,0.0002,4.59194325701782e-05
65554296295634688,0.0,2.295617847653939e-13
65575771132064768,0.0,2.295617847653939e-13
65609100078323072,0.0,2.295617847653939e-13
65609134438059648,0.0,2.295617847653939e-13
65624733759383040,0.0,2.295617847653939e-13
65651465635772928,0.0,2.295617847653939e-13
65703280121054336,0.0,2.295617847653939e-13
65757534147571840,0.0,2.295617847653939e-13
65787289680918528,0.9999,0.9995645335738065
65875422410310784,0.0,2.295617847653939e-13
65963967455841024,0.0,2.295617847653939e-13
66089479282754176,0.0,2.295617847653939e-13
66133086088929536,0.0,2.295617847653939e-13
66138205689934464,0.0,2.295617847653939e-13
66141435505308544,0.0,2.295617847653939e-13
66181189721835904,0.0,2.295617847653939e-13
66183251306285056,0.0,2.295617847653939e-13
66192425356396800,0.0,2.295617847653939e-13
66208918030808192,0.0,2.295617847653939e-13
66310038740703744,0.0,2.295617847653939e-13
66361750146909824,0.0,2.295617847653939e-13
66453834247058688,0.0,2.295617847653939e-13
66486510358371072,0.9989,0.9952258864616523
66489259137570816,0.9999,0.9995645335738065
66501972240508032,0.0,2.295617847653939e-13
66515784855284608,0.0353,0.008330079758102496
66518907292258688,0.0,2.295617847653939e-13
66525096340629504,0.9999,0.9995645335738065
66587012591982080,0.0,2.295617847653939e-13
66617455320205440,0.0,2.295617847653939e-13
66672430901199872,0.0,2.295617847653939e-13
66687892783591936,0.0,2.295617847653939e-13
64678294764045312,0.0,2.295617847653939e-13
64679840952155264,0.9999,0.9995645335738065
64726948153367424,0.0,2.295617847653939e-13
64756016492517888,0.0,2.295617847653939e-13
64761995086922240,0.0,2.295617847653939e-13
64792197297002240,0.0,2.295617847653939e-13
64894829836313472,0.1969,0.05328383508185252
64929391436043264,1.0,0.9999999999956435
64956127609464320,1.0,0.9999999999956435
64979732749686016,1.0,0.9999999999956435
65004712279475712,1.0,0.9999999999956435
65012718099202432,0.0,2.295617847653939e-13
65062402279717760,0.0,2.295617847653939e-13
65082846324112768,0.0,2.295617847653939e-13
65107860213588096,0.9999,0.9995645335738065
65118786610301568,0.0,2.295617847653939e-13
65135176205557888,0.9999,0.9995645335738065
65190048708380160,1.0,0.9999999999956435
65192797487370752,0.0,2.295617847653939e-13
65205373152172032,0.0017,0.00039076683900109095
65222518661019520,0.9999,0.9995645335738065
65222759179728640,0.9999,0.9995645335738065
65225611037551360,1.0,0.9999999999956435
65230764996027776,1.0,0.9999999999956435
65231486552803328,1.0,0.9999999999956435
65232757863112192,1.0,0.9999999999956435
65245539685760640,1.0,0.9999999999956435
65249250537488128,0.9982,0.9922060570788077
65260589251151360,0.0,2.295617847653939e-13
65263612908043392,0.9999,0.9995645335738065
65264673762670080,0.9997,0.9986944767274725
65266499126062080,0.9993,0.9969578588463505
65267388182879104,0.9999,0.9995645335738065
65273027476967680,0.9931,0.9706230229006122
65275501377570944,0.9991,0.9960912931327431
65281166437426176,1.0,0.9999999999956435
65319619282119808,0.0,2.295617847653939e-13
65326285071409024,0.0,2.295617847653939e-13
65345595244430464,0.0,2.295617847653939e-13
65349684053273600,0.9998,0.9991293592475643
65375831814114432,0.0,2.295617847653939e-13
65414761397616512,0.0,2.295617847653939e-13
65434518247043072,0.9999,0.9995645335738065
65486951208575488,0.9992,0.996524430963752
65532649660528128,0.0,2.295617847653939e-13
65552681387907200,0.9998,0.9991293592475643
65605595385001088,0.0,2.295617847653939e-13
65631536987518976,0.0,2.295617847653939e-13
65644524968489728,0.0,2.295617847653939e-13
65654626731674496,0.0,2.295617847653939e-13
65674383581036800,1.0,0.9999999999956435
65677372878285312,1.0,0.9999999999956435
65766776917141248,0.0,2.295617847653939e-13
65879232044013824,0.0052,0.0011985228975581145
65897103405316096,0.0,2.295617847653939e-13
65941045212537856,0.0,2.295617847653939e-13
66016499197830272,0.0386,0.00913268091435851
66045911135147392,0.0,2.295617847653939e-13
66133945082420352,0.0,2.295617847653939e-13
66174077256013696,0.0,2.295617847653939e-13
66220943939168512,0.0,2.295617847653939e-13
66245854749434496,0.0,2.295617847653939e-13
66341374822176128,0.0,2.295617847653939e-13
66441323003146112,0.9999,0.9995645335738065
66502521996313984,0.0,2.295617847653939e-13
66506331628024832,1.0,0.9999999999956435
66510871412708480,0.0,2.295617847653939e-13
66526195852236160,0.0,2.295617847653939e-13
66550350752004352,0.9993,0.9969578588463505
66556535504957568,0.9999,0.9995645335738065
66581961710329984,0.9999,0.9995645335738065
66586153598410752,0.0,2.295617847653939e-13
66587626769055744,0.0,2.295617847653939e-13
66658240329321088,1.0,0.9999999999956435
66665696393227904,0.1613,0.042282880673224985
66695177047964160,0.0,2.295617847653939e-13
66716136489019008,1.0,0.9999999999956435
66719228864863360,0.9999,0.9995645335738065
66728128037119616,0.9996,0.9982598857201236
66737405166459264,1.0,0.9999999999956435
66741116018188416,1.0,0.9999999999956435
66743104585392512,0.0,2.295617847653939e-13
66746441777612416,0.9998,0.9991293592475643
66756818418671872,0.0,2.295617847653939e-13
66765751950548096,0.0,2.295617847653939e-13
66781316909399424,0.9999,0.9995645335738065
66788669895935616,0.9999,0.9995645335738065
66821277287611520,0.0,2.295617847653939e-13
66823304512166528,0.9999,0.9995645335738065
66824472743376768,0.9999,0.9995645335738065
66828870789879168,0.9999,0.9995645335738065
50913435680501888,0.0,2.295617847653939e-13
50971026898151040,0.0,2.295617847653939e-13
51041292563165696,0.0,2.295617847653939e-13
51087368972113920,0.0,2.295617847653939e-13
51105613994366976,0.0,2.295617847653939e-13
51162204483331328,0.0,2.295617847653939e-13
51176257616330496,0.0,2.295617847653939e-13
51300536789848832,0.0,2.295617847653939e-13
51529746307476736,0.0,2.295617847653939e-13
51530266000949632,0.0,2.295617847653939e-13
51539852367916416,0.0,2.295617847653939e-13
51609980593783424,0.9992,0.996524430963752
51625236317678080,0.0,2.295617847653939e-13
51626988664322816,0.0,2.295617847653939e-13
51641728992007424,0.0,2.295617847653939e-13
51648772738364928,0.0,2.295617847653939e-13
51730067879582080,0.9217,0.7298948424906576
51740135282953088,0.0015,0.0003447410797010701
51750748145042176,0.9989,0.9952258864616523
52942004571647872,0.0012,0.00027572906036444706
52948704720758528,0.0284,0.006665396531629735
52965197395225472,0.0,2.295617847653939e-13
53006154203183616,0.0,2.295617847653939e-13
53017527276521216,0.0,2.295617847653939e-13
53019348342669824,0.0,2.295617847653939e-13
53085834437010944,0.0,2.295617847653939e-13
53152217451379712,0.0,2.295617847653939e-13
53163659241318144,0.0,2.295617847653939e-13
53275637630858240,0.0,2.295617847653939e-13
53284674242011136,0.0,2.295617847653939e-13
53290511099783296,0.0,2.295617847653939e-13
53315838525004928,0.0,2.295617847653939e-13
53396824428217088,0.0,2.295617847653939e-13
53572643208375040,0.0,2.295617847653939e-13
53574567353717504,0.0,2.295617847653939e-13
53713724294220672,0.0,2.295617847653939e-13
53804227846791936,0.0,2.295617847653939e-13
53812268025532160,0.0,2.295617847653939e-13
53819792805472640,0.0,2.295617847653939e-13
53876898693398016,0.0,2.295617847653939e-13
53889852314624768,0.0,2.295617847653939e-13
53927613666078208,0.0,2.295617847653939e-13
54022377824385408,0.0,2.295617847653939e-13
57051532358523648,0.0,2.295617847653939e-13
57057820190457216,0.0,2.295617847653939e-13
57331697368170880,0.0,2.295617847653939e-13
57355680465856512,0.0,2.295617847653939e-13
57388841909866880,0.0,2.295617847653939e-13
58092529352008192,0.0,2.295617847653939e-13
58112595439164672,0.0,2.295617847653939e-13
58315077377583488,0.0,2.295617847653939e-13
58324904262525824,0.0,2.295617847653939e-13
58351739218116736,0.0,2.295617847653939e-13
58400530046544384,0.0,2.295617847653939e-13
58450832703530752,0.0,2.295617847653939e-13
58470726992033280,0.0,2.295617847653939e-13
58509862733912576,0.0,2.295617847653939e-13
61572655452334464,0.0,2.295617847653939e-13
61610245006053248,0.0,2.295617847653939e-13
61637183040903808,0.0,2.295617847653939e-13
61820732763619968,0.0,2.295617847653939e-13
61826299041218176,0.0,2.295617847653939e-13
61851038052824960,0.0,2.295617847653939e-13
61901993544805504,0.0,2.295617847653939e-13
61922158414949760,0.0,2.295617847653939e-13
62642475969378176,0.0,2.295617847653939e-13
62767996390616576,0.0,2.295617847653939e-13
62956596994597760,0.0,2.295617847653939e-13
62957559067272704,0.0,2.295617847653939e-13
63122898127830272,0.0,2.295617847653939e-13
63220548504215680,0.0,2.295617847653939e-13
63261505312274432,0.0,2.295617847653939e-13
63274768171265152,0.0,2.295617847653939e-13
63314969065121664,0.0,2.295617847653939e-13
63327682168301952,0.9984,0.9930674253602977
63352283741304960,0.0,2.295617847653939e-13
63368810775433856,0.0,2.295617847653939e-13
63373414980371328,0.0,2.295617847653939e-13
63405403896722816,0.0,2.295617847653939e-13
63414681026067328,0.0,2.295617847653939e-13
63432651169215232,0.0,2.295617847653939e-13
63510785214220288,0.0,2.295617847653939e-13
63534390354375040,0.9994,0.997391577071988
63544011079713024,0.0,2.295617847653939e-13
63595241450992768,0.0,2.295617847653939e-13
63614276747495424,0.0,2.295617847653939e-13
63711098193321088,0.0,2.295617847653939e-13
63742679089497984,0.0,2.295617847653939e-13
63785766201680896,0.0,2.295617847653939e-13
63807034880304768,0.0,2.295617847653939e-13
63848163486578048,0.0,2.295617847653939e-13
63874105088939008,0.0,2.295617847653939e-13
63923303937066624,0.0,2.295617847653939e-13
63945057947671680,0.0221,0.005161193456226512
64417813587448704,0.0,2.295617847653939e-13
64434581139803904,0.0162,0.0037659035282843756
64445988572906752,0.9999,0.9995645335738065
64465607983525888,0.0,2.295617847653939e-13
64595346059897984,0.0,2.295617847653939e-13
64597927334523904,0.9972,0.9879163993552459
64697914174652160,0.0,2.295617847653939e-13
64777800566622592,0.0,2.295617847653939e-13
64789959618144384,0.0,2.295617847653939e-13
64806422228770688,0.0,2.295617847653939e-13
64836349560719232,0.9425,0.7900402255529204
64874454510493440,1.0,0.9999999999956435
64942383714829568,0.0,2.295617847653939e-13
64943208347874560,0.0,2.295617847653939e-13
64999588381514496,0.9999,0.9995645335738065
65005846150835200,1.0,0.9999999999956435
65037731987586304,0.9999,0.9995645335738065
65040274608254336,0.0,2.295617847653939e-13
65089336018173440,0.9999,0.9995645335738065
65090680344356992,0.9999,0.9995645335738065
65107791494013824,0.0,2.295617847653939e-13
65112739296356608,0.9998,0.9991293592475643
65119748682966912,0.0,2.295617847653939e-13
65150947325369600,1.0,0.9999999999956435
65155856471318912,0.9998,0.9991293592475643
65183447341528320,0.0399,0.009450013199125012
65189739470654464,1.0,0.9999999999956435
65199222758514048,0.9999,0.9995645335738065
65199978672758272,1.0,0.9999999999956435
65207709611941376,1.0,0.9999999999956435
65216643145862144,0.9998,0.9991293592475643
65237911823760640,1.0,0.9999999999956435
65269935099961600,1.0,0.9999999999956435
65271996684817280,0.6371,0.2872487828205392
65275089060719104,0.9999,0.9995645335738065
65275089060720000,0.0,2.295617847653939e-13
65276703968959488,1.0,0.9999999999956435
65282098447322752,0.9998,0.9991293592475643
65293123625952256,0.0398,0.009425579741636892
65299553194356608,0.0,2.295617847653939e-13
65323261414430464,0.0,2.295617847653939e-13
65335321682556160,0.0,2.295617847653939e-13
65344908049661440,0.0,2.295617847653939e-13
65355215971055744,0.0,2.295617847653939e-13
65391671653367552,0.0,2.295617847653939e-13
65435102362687616,0.9998,0.9991293592475643
65452728909233280,0.0,2.295617847653939e-13
65482175204948864,0.0,2.295617847653939e-13
65508563483957504,0.0,2.295617847653939e-13
65564604217075328,0.0,2.295617847653939e-13
65583948749992960,0.0365,0.008621448863060408
65599238833527168,0.0,2.295617847653939e-13
65608653401711616,0.0,2.295617847653939e-13
65626623544976768,0.9998,0.9991293592475643
65643803414142592,0.0399,0.009450013199125012
65668404986713216,0.0,2.295617847653939e-13
65802682843634176,0.0,2.295617847653939e-13
65830548591559936,0.9997,0.9986944767274725
65832335297935360,0.0,2.295617847653939e-13
65843055533946240,0.0,2.295617847653939e-13
65877380915365120,0.0,2.295617847653939e-13
65881641522924800,0.0,2.295617847653939e-13
65897000325965568,0.0,2.295617847653939e-13
65942526979127552,0.0799,0.0195451470251675
66037462937149952,0.0197,0.004592063818490244
66111886130402944,0.3338,0.10315679033533363
66129993712507136,0.0,2.295617847653939e-13
66143016049621504,0.0,2.295617847653939e-13
66174764450783872,0.0,2.295617847653939e-13
66195311574428800,0.0,2.295617847653939e-13
66197716756095744,0.0,2.295617847653939e-13
66206650287900160,0.0,2.295617847653939e-13
66223933236418560,0.0,2.295617847653939e-13
66253757489229568,0.0399,0.009450013199125012
66308080235802496,0.0,2.295617847653939e-13
66327459128139648,0.0,2.295617847653939e-13
66431775295228288,0.9999,0.9995645335738065
66442495533578112,0.0,2.295617847653939e-13
66482318470301056,0.0,2.295617847653939e-13
66494894134467200,0.0,2.295617847653939e-13
66507469798631936,0.9998,0.9991293592475643
66519530066802944,0.0,2.295617847653939e-13
66533170882790784,0.9999,0.9995645335738065
66565503396622848,0.0,2.295617847653939e-13
66592819387751040,0.0,2.295617847653939e-13
66593437863017984,0.9999,0.9995645335738065
66605979167603840,0.0,2.295617847653939e-13
66617592758920832,0.0,2.295617847653939e-13
66655560269868544,0.9999,0.9995645335738065
66717987616472704,1.0,0.9999999999956435
66735068704258944,0.0,2.295617847653939e-13
66744895589396992,0.0,2.295617847653939e-13
66757746131459200,0.9999,0.9995645335738065
64082458245686400,0.0012,0.00027572906036444706
64128294135554688,0.9999,0.9995645335738065
64136063734692224,0.9999,0.9995645335738065
64138400196912896,0.0,2.295617847653939e-13
64139946385118976,0.0,2.295617847653939e-13
64144241349753856,0.0,2.295617847653939e-13
64148605039162368,0.0399,0.009450013199125012
64171729143045504,0.0,2.295617847653939e-13
64203816840630144,0.0,2.295617847653939e-13
64279133387113856,0.0,2.295617847653939e-13
64287796337444864,0.0,2.295617847653939e-13
64298001179709824,0.0,2.295617847653939e-13
64301746391213824,0.0,2.295617847653939e-13
64319196846180608,0.0,2.295617847653939e-13
64362597488059904,0.0,2.295617847653939e-13
64368816600698240,0.0,2.295617847653939e-13
64396716708207744,0.0,2.295617847653939e-13
64430939007563520,0.9992,0.996524430963752
64437329918887424,0.0,2.295617847653939e-13
64601565173023872,0.0,2.295617847653939e-13
64677435770486016,0.0,2.295617847653939e-13
64804841680675200,0.9982,0.9922060570788077
64882700848759552,0.0011,0.0002527321491982956
64896101146708224,0.9997,0.9986944767274725
64928605459180416,1.0,0.9999999999956435
64942001460286080,1.0,0.9999999999956435
64950488315122560,0.9995,0.997825585932503
64981931772948480,0.9999,0.9995645335738065
64991346341253504,0.04,0.009474450541221023
65004437401569664,1.0,0.9999999999956435
65010381636296320,0.0,2.295617847653939e-13
65061989962861824,0.0,2.295617847653939e-13
65095353268748928,0.0,2.295617847653939e-13
65157200797743744,0.0,2.295617847653939e-13
65175480179315840,1.0,0.9999999999956435
65202830531043968,0.9999,0.9995645335738065
65223618172733952,1.0,0.9999999999956435
65244435877629824,1.0,0.9999999999956435
65265674492422784,1.0,0.9999999999956435
65272821318002560,0.0,2.295617847653939e-13
65277975278721408,0.9999,0.9995645335738065
65284228751087872,0.9999,0.9995645335738065
65289623229979136,1.0,0.9999999999956435
65299381395665664,0.9973,0.9883440810664097
65322574219659520,0.0,2.295617847653939e-13
65387548484734336,0.017,0.003954342138096841
65389816225295488,0.0016,0.00036775218416261116
65393698877913728,0.9998,0.9991293592475643
65398131284165632,0.0,2.295617847653939e-13
65468877986111488,0.0,2.295617847653939e-13
65499114555968896,0.0,2.295617847653939e-13
65505947846771072,0.0,2.295617847653939e-13
65530347558005504,0.0,2.295617847653939e-13
65565085253423744,0.0,2.295617847653939e-13
65609100078323840,0.0,2.295617847653939e-13
65622466016638208,0.0,2.295617847653939e-13
65654248774560256,0.0,2.295617847653939e-13
65797082206293248,0.0,2.295617847653939e-13
65861266197446528,0.0,2.295617847653939e-13
65995269177456000,0.0,2.295617847653939e-13
65998529055470080,0.0,2.295617847653939e-13
66211082694416000,0.0,2.295617847653939e-13
66225170186990080,0.0,2.295617847653939e-13
66251592825569152,0.0,2.295617847653939e-13
66339381957477504,0.0228,0.00532759314756621
66349346281437824,0.0,2.295617847653939e-13
66375494042285952,0.0,2.295617847653939e-13
66384427574214016,0.0,2.295617847653939e-13
66406520885888384,0.0,2.295617847653939e-13
66430435265434368,0.0,2.295617847653939e-13
66443869923093120,0.0,2.295617847653939e-13
66461668267547136,0.0,2.295617847653939e-13
66470567439742208,0.9999,0.9995645335738065
66482868226100096,1.0,0.9999999999956435
66504755379545728,0.0,2.295617847653939e-13
66509355284993280,0.0,2.295617847653939e-13
66509359584226816,0.0,2.295617847653939e-13
66546399382244736,0.0,2.295617847653939e-13
66553443128503552,1.0,0.9999999999956435
66555985749157760,0.9999,0.9995645335738065
66556535504958848,0.9999,0.9995645335738065
66565778274538624,0.9999,0.9995645335738065
66571791227857024,0.0,2.295617847653939e-13
66597767189992832,0.9999,0.9995645335738065
66646661097469056,0.0,2.295617847653939e-13
66685212723986048,0.0,2.295617847653939e-13
66710948167949696,1.0,0.9999999999956435
66715827250786432,1.0,0.9999999999956435
66739982146803456,1.0,0.9999999999956435
66743108883000448,0.0,2.295617847653939e-13
66765751950548352,0.0,2.295617847653939e-13
66767843597097856,1.0,0.9999999999956435
66814302260735104,0.9998,0.9991293592475643
50840872210002176,0.0,2.295617847653939e-13
50870902621391360,0.0,2.295617847653939e-13
51099016924572672,0.0,2.295617847653939e-13
51150556532072576,0.0,2.295617847653939e-13
51245526848823424,0.0,2.295617847653939e-13
51260885651888256,0.0,2.295617847653939e-13
51287273930914176,0.4575,0.1621938843225358
51313696569612928,0.0,2.295617847653939e-13
51383893515451392,0.0,2.295617847653939e-13
51505217751483392,0.9609,0.8494334996928489
51505423909913472,0.0,2.295617847653939e-13
51549541814129152,0.0,2.295617847653939e-13
51644099814029184,0.0,2.295617847653939e-13
51677669278703104,0.9996,0.9982598857201236
51746045157803264,0.0,2.295617847653939e-13
51755872043052928,0.0,2.295617847653939e-13
52954099200076544,0.0,2.295617847653939e-13
53009796335640832,0.0,2.295617847653939e-13
53011205084719744,0.0,2.295617847653939e-13
53027972636963072,0.0,2.295617847653939e-13
53057865609280640,0.0,2.295617847653939e-13
53092981262551040,0.0,2.295617847653939e-13
53098994216894208,0.0,2.295617847653939e-13
53148609678849408,0.0,2.295617847653939e-13
53171012228332928,0.0,2.295617847653939e-13
53174379482675456,0.9797,0.9172110078701313
53192177827133696,0.0,2.295617847653939e-13
53221899000229248,0.0,2.295617847653939e-13
53222032141376384,0.0,2.295617847653939e-13
53235299298237824,0.0,2.295617847653939e-13
53250000971679872,0.0,2.295617847653939e-13
53255434104774272,0.9937,0.9731246492804364
53262890167968640,0.0,2.295617847653939e-13
53271720620685312,0.0,2.295617847653939e-13
53360265666772736,0.0,2.295617847653939e-13
53375963769081344,0.0,2.295617847653939e-13
53798249252361728,0.0,2.295617847653939e-13
53868240039382784,0.0,2.295617847653939e-13
53930358147907712,0.0,2.295617847653939e-13
53988224244516736,0.0,2.295617847653939e-13
57064451620025088,0.0,2.295617847653939e-13
57077336521882752,0.0,2.295617847653939e-13
57087300846020608,0.0,2.295617847653939e-13
57295280342327040,0.0,2.295617847653939e-13
57309986310338816,0.0,2.295617847653939e-13
57322974291421824,0.0,2.295617847653939e-13
57406532879233280,0.0,2.295617847653939e-13
58197086035698048,0.0,2.295617847653939e-13
58213544350289408,0.0,2.295617847653939e-13
58237321289273984,0.0,2.295617847653939e-13
58300818085948160,0.0,2.295617847653939e-13
58378883411403904,0.0,2.295617847653939e-13
58499760970855424,0.0,2.295617847653939e-13
58501272799333632,0.0,2.295617847653939e-13
58520170655798656,0.0,2.295617847653939e-13
58539102871311616,0.0,2.295617847653939e-13
61537024403608960,0.0,2.295617847653939e-13
61554650949438208,0.9971,0.9874890019477426
61572621092599552,0.0,2.295617847653939e-13
61583822365639424,0.0,2.295617847653939e-13
61625328931166592,0.0,2.295617847653939e-13
61713083703516544,0.0,2.295617847653939e-13
61811623135974656,0.0,2.295617847653939e-13
61817709106645248,0.0,2.295617847653939e-13
61829150899499136,0.0,2.295617847653939e-13
61842791715636992,0.0,2.295617847653939e-13
61893231811448832,0.0,2.295617847653939e-13
62680379057673984,0.0,2.295617847653939e-13
62954294892132480,0.0,2.295617847653939e-13
63057374106768512,0.0,2.295617847653939e-13
63144750921336320,0.0,2.295617847653939e-13
63148805370446592,0.0,2.295617847653939e-13
63176671118314752,0.0,2.295617847653939e-13
63188112911113600,0.0,2.295617847653939e-13
63220548504215424,0.0,2.295617847653939e-13
63225461946851584,0.0,2.295617847653939e-13
63353451972315776,0.0,2.295617847653939e-13
63354792002123648,0.0,2.295617847653939e-13
63357334622753152,0.0,2.295617847653939e-13
63378981257953152,0.9892,0.95459943793278
63381279063931392,0.0,2.295617847653939e-13
63395989328447232,0.0,2.295617847653939e-13
63427492912175104,0.0,2.295617847653939e-13
63513568352960512,0.0,2.295617847653939e-13
63544732635584000,0.0,2.295617847653939e-13
63589743893287936,0.9997,0.9986944767274725
63594068923409280,0.0,2.295617847653939e-13
63597921510524288,0.0,2.295617847653939e-13
63623072840850048,0.0,2.295617847653939e-13
63643753105387136,0.0,2.295617847653939e-13
63692994907979520,0.0,2.295617847653939e-13
63765042982052224,0.0,2.295617847653939e-13
63843628001123456,0.0,2.295617847653939e-13
63854313879691648,0.0,2.295617847653939e-13
63981960306600704,0.0,2.295617847653939e-13
64021439645934848,0.0,2.295617847653939e-13
64024081049308800,0.9999,0.9995645335738065
64032503481665280,0.9999,0.9995645335738065
64052363412208128,0.0,2.295617847653939e-13
64171969661233920,0.0,2.295617847653939e-13
64225399052632320,0.0,2.295617847653939e-13
64263022966088320,0.0,2.295617847653939e-13
64404928685654144,0.0,2.295617847653939e-13
64414858649956480,0.0,2.295617847653939e-13
64437742235742464,0.0,2.295617847653939e-13
64555046382371328,0.0,2.295617847653939e-13
64595247276217984,0.0,2.295617847653939e-13
64597927335800064,0.9997,0.9986944767274725
64600813554014592,0.9996,0.9982598857201236
64623387902044672,0.0,2.295617847653939e-13
64693447408470400,0.0,2.295617847653939e-13
64693825365589760,0.0,2.295617847653939e-13
64717980261691904,0.0,2.295617847653939e-13
64753405152408320,0.0,2.295617847653939e-13
64796801501837568,0.0,2.295617847653939e-13
64805597594938752,0.0,2.295617847653939e-13
64811026433575808,0.0,2.295617847653939e-13
64827416028771456,0.0,2.295617847653939e-13
64842362514916992,0.0,2.295617847653939e-13
64845484954968576,0.0,2.295617847653939e-13
64860367017771008,0.0,2.295617847653939e-13
64871740091177600,1.0,0.9999999999956435
64873767315733632,0.0,2.295617847653939e-13
64915754917051520,0.9999,0.9995645335738065
64951111087777536,0.9997,0.9986944767274725
64952829074688896,0.9999,0.9995645335738065
64961556448201856,0.0,2.295617847653939e-13
65011962184337664,0.9998,0.9991293592475643
65014985841292032,0.9999,0.9995645335738065
65017627244152064,1.0,0.9999999999956435
65017906418989312,1.0,0.9999999999956435
65022510623526272,0.0,2.295617847653939e-13
65053915424355584,1.0,0.9999999999956435
65062917675789184,0.1652,0.043454315370693185
65131121756446592,0.9999,0.9995645335738065
65160052656119552,0.0,2.295617847653939e-13
65161976802151680,0.9999,0.9995645335738065
65170016980919808,1.0,0.9999999999956435
65203861323189888,0.0,2.295617847653939e-13
65208740406022016,0.0,2.295617847653939e-13
65213172812266240,0.9999,0.9995645335738065
65219078390661504,0.0,2.295617847653939e-13
65228772133391488,0.9999,0.9995645335738065
65262513396409856,0.0,2.295617847653939e-13
65264574980717952,0.0,2.295617847653939e-13
65280552259109760,0.9995,0.997825585932503
65280930216220288,0.0,2.295617847653939e-13
65281239453865856,0.9999,0.9995645335738065
65352054875233664,0.0,2.295617847653939e-13
65355147251580672,0.0,2.295617847653939e-13
65408473565507456,0.0,2.295617847653939e-13
65419434321982464,0.9999,0.9995645335738065
65420499473872000,0.0,2.295617847653939e-13
65452866348200320,0.0,2.295617847653939e-13
65496331417178368,0.0,2.295617847653939e-13
65517290857463296,0.0,2.295617847653939e-13
65583948749993216,0.0,2.295617847653939e-13
65633873447181184,0.0,2.295617847653939e-13
65636587869115776,0.0,2.295617847653939e-13
65649850728088192,0.0,2.295617847653939e-13
65650572282583296,0.0,2.295617847653939e-13
65672699954504064,0.0,2.295617847653939e-13
65673593307063552,0.9999,0.9995645335738065
65720734868130816,0.9999,0.9995645335738065
65729599680341120,0.0,2.295617847653939e-13
65761897834312448,0.0,2.295617847653939e-13
65766330240552576,0.0,2.295617847653939e-13
65775195052996608,0.9998,0.9991293592475643
65807836804516224,0.0,2.295617847653939e-13
65815876983162112,0.0,2.295617847653939e-13
65851920348620160,0.0,2.295617847653939e-13
65935551952490624,0.0,2.295617847653939e-13
65941427467512832,0.0,2.295617847653939e-13
65957061148445568,0.0,2.295617847653939e-13
65976371321536384,0.0008,0.00018376269005133353
66003305059450752,0.0,2.295617847653939e-13
66027876570225152,0.0,2.295617847653939e-13
66127725969700224,0.0,2.295617847653939e-13
66139820597625600,0.0,2.295617847653939e-13
66199984498694912,0.0,2.295617847653939e-13
66223898876803584,0.0,2.295617847653939e-13
66299554723727232,0.0,2.295617847653939e-13
66418546794330624,0.0,2.295617847653939e-13
66453181412027392,1.0,0.9999999999956435
66522107047046656,0.9999,0.9995645335738065
66522137109124096,0.9999,0.9995645335738065
66522377627294336,0.0,2.295617847653939e-13
66531178017967872,1.0,0.9999999999956435
64720625961541120,1.0,0.9999999999956435
64769691668377216,0.0,2.295617847653939e-13
64778247243214720,0.0001,2.2957947244511755e-05
64835559286735232,0.0,2.295617847653939e-13
64891634380723712,1.0,0.9999999999956435
64941211186036352,1.0,0.9999999999956435
64955302975741312,0.0,2.295617847653939e-13
64972414125448064,0.0,2.295617847653939e-13
65003612767849600,0.0,2.295617847653939e-13
65008388771477120,1.0,0.9999999999956435
65013474012743936,1.0,0.9999999999956435
65027905102436608,1.0,0.9999999999956435
65063707949772672,0.9997,0.9986944767274725
65069647888126848,0.0,2.295617847653939e-13
65088756199018624,0.0,2.295617847653939e-13
65090366810511616,0.0,2.295617847653939e-13
65206674525036672,1.0,0.9999999999956435
65210389673469312,0.9997,0.9986944767274725
65212932294091264,1.0,0.9999999999956435
65224820763573888,0.0,2.295617847653939e-13
65244749411766528,0.9999,0.9995645335738065
65257806112264832,0.12,0.03035369143436344
65289004754691200,1.0,0.9999999999956435
65340991039493888,0.0,2.295617847653939e-13
65383494035750656,0.0,2.295617847653939e-13
65392633726032512,0.0,2.295617847653939e-13
65471729844532864,0.9997,0.9986944767274725
65487878921495296,0.0,2.295617847653939e-13
65496949892472832,0.0399,0.009450013199125012
65517565735369472,0.0,2.295617847653939e-13
65525915151761024,0.0,2.295617847653939e-13
65550997760740992,0.0,2.295617847653939e-13
65589137070475264,0.9997,0.9986944767274725
65603946117575936,0.9999,0.9995645335738065
65651706153771904,0.0,2.295617847653939e-13
65676582604302720,0.0,2.295617847653939e-13
65688333634791040,0.0,2.295617847653939e-13
65783029073414144,0.9999,0.9995645335738065
65807802444607488,0.0,2.295617847653939e-13
65866248360249984,0.0,2.295617847653939e-13
65896244411745152,0.0,2.295617847653939e-13
65908923155111552,0.0,2.295617847653939e-13
65924762994490496,0.0393,0.00930347069090852
65944515546163072,0.0,2.295617847653939e-13
65981422203016320,0.0,2.295617847653939e-13
66017225051416320,0.0,2.295617847653939e-13
66213178638730368,0.0,2.295617847653939e-13
66239154600312576,0.0,2.295617847653939e-13
66245408072670336,0.0,2.295617847653939e-13
66277293909853312,0.0,2.295617847653939e-13
66325672421726848,0.0,2.295617847653939e-13
66359241886047744,0.0,2.295617847653939e-13
66437547731252608,0.0,2.295617847653939e-13
66481734354737792,0.9999,0.9995645335738065
66497952151148544,0.9999,0.9995645335738065
66515922294233728,0.9999,0.9995645335738065
66537981246228096,0.9999,0.9995645335738065
66592750668277504,0.0,2.295617847653939e-13
66600000573015680,0.0,2.295617847653939e-13
66623399554745984,0.0,2.295617847653939e-13
66649684754661632,0.0129,0.0029910742726946345
66652467893487488,0.9999,0.9995645335738065
66728128034922624,0.9999,0.9995645335738065
66738023641737088,1.0,0.9999999999956435
66798496781121792,1.0,0.9999999999956435
66798977817468288,1.0,0.9999999999956435
66801795315987584,0.9997,0.9986944767274725
66830485697459456,0.0113,0.0026168301652182676
66872095342031872,0.9976,0.9896288348614611
66885942316710784,0.9999,0.9995645335738065
66903293984399872,0.9999,0.9995645335738065
66925902692325504,0.0,2.295617847653939e-13
66970604711757312,0.0,2.295617847653939e-13
67007781947467008,0.0,2.295617847653939e-13
67121031644876800,0.0,2.295617847653939e-13
67159548912078208,0.0,2.295617847653939e-13
67196038954101376,0.0,2.295617847653939e-13
67276990498644096,0.0,2.295617847653939e-13
67281113667216512,0.0,2.295617847653939e-13
67349180308736256,0.0,2.295617847653939e-13
67368868438779392,0.9998,0.9991293592475643
67430853406272256,0.0,2.295617847653939e-13
67470706405237120,0.0,2.295617847653939e-13
67724045052155264,0.0,2.295617847653939e-13
67787056515967872,0.0,2.295617847653939e-13
67791287059985408,0.0,2.295617847653939e-13
67799189799869312,0.9998,0.9991293592475643
67802380959332096,0.0,2.295617847653939e-13
67883749116086784,0.04,0.009474450541221023
67932608663892480,0.0,2.295617847653939e-13
67964253982917760,0.0,2.295617847653939e-13
67994181315562240,0.0,2.295617847653939e-13
68001121982694784,0.0,2.295617847653939e-13
68005176431813120,0.0,2.295617847653939e-13
64393035919863552,0.0,2.295617847653939e-13
64441143849795456,0.0,2.295617847653939e-13
64454715946441344,0.0,2.295617847653939e-13
64457361646290816,0.0,2.295617847653939e-13
64476190782948864,0.0,2.295617847653939e-13
64577375916656512,0.0,2.295617847653939e-13
64727424894410752,0.0,2.295617847653939e-13
64734679094523904,0.0,2.295617847653939e-13
64751962043387904,0.0,2.295617847653939e-13
64761823288232704,0.0,2.295617847653939e-13
64773196361582464,0.0,2.295617847653939e-13
64790170072406528,0.0,2.295617847653939e-13
64794052722867328,0.0,2.295617847653939e-13
64812980642247552,0.0,2.295617847653939e-13
64870296982175488,0.9999,0.9995645335738065
64875244784904704,0.0,2.295617847653939e-13
64930495244783616,0.9999,0.9995645335738065
64958532791138432,0.0,2.295617847653939e-13
64974338270788864,1.0,0.9999999999956435
64989490915460608,1.0,0.9999999999956435
65007942094880640,0.9971,0.9874890019477426
65042645428743680,0.9999,0.9995645335738065
65113559634339200,0.9999,0.9995645335738065
65154726896576512,0.0,2.295617847653939e-13
65164171528305792,1.0,0.9999999999956435
65178568258674176,0.1254,0.03186568578701471
65196405259884544,1.0,0.9999999999956435
65203758244032512,0.9999,0.9995645335738065
65223583812996864,1.0,0.9999999999956435
65263097511969792,1.0,0.9999999999956435
65266494828710400,1.0,0.9999999999956435
65267078945207296,1.0,0.9999999999956435
65289279632597760,0.9999,0.9995645335738065
65297835207500800,0.0,2.295617847653939e-13
65361881760278528,0.0,2.295617847653939e-13
65365180295143168,0.0,2.295617847653939e-13
65369372183221376,0.0,2.295617847653939e-13
65380710896814080,0.0,2.295617847653939e-13
65390056745620224,0.0,2.295617847653939e-13
65430150263676800,0.161,0.042193103184319555
65438778854596096,0.0,2.295617847653939e-13
65507395252854912,0.0,2.295617847653939e-13
65509422477442816,0.0,2.295617847653939e-13
65525812072549248,0.0,2.295617847653939e-13
65531515789166976,0.9959,0.9823823059632489
65544946149308800,0.0,2.295617847653939e-13
65556426600119936,0.0,2.295617847653939e-13
65659265296348928,0.0,2.295617847653939e-13
65717814290369920,0.9997,0.9986944767274725
65776569442528128,0.0,2.295617847653939e-13
65776569443047424,0.04,0.009474450541221023
65799590467204352,0.0,2.295617847653939e-13
65853187362291200,0.0,2.295617847653939e-13
65884081064415616,0.0,2.295617847653939e-13
65945997312877952,0.9997,0.9986944767274725
65964826449280384,0.0,2.295617847653939e-13
66167411464494848,0.9996,0.9982598857201236
66173733659121408,0.0,2.295617847653939e-13
66280248847432192,0.999,0.9956584450622659
66453490649681280,0.9999,0.9995645335738065
66500013736315264,0.9999,0.9995645335738065
66513036076242816,0.0,2.295617847653939e-13
66521179334108928,1.0,0.9999999999956435
66552927732432384,0.0,2.295617847653939e-13
66560349435890176,0.9999,0.9995645335738065
66574814884873088,0.0,2.295617847653939e-13
66659408560406528,0.9999,0.9995645335738065
66662672735563648,0.0,2.295617847653939e-13
66681570591750016,0.0,2.295617847653939e-13
66720534534913792,1.0,0.9999999999956435
66724451545088128,0.9782,0.9115106528199932
66724554624301568,0.0,2.295617847653939e-13
66725379258016768,0.9997,0.9986944767274725
66752042414936704,0.9588,0.8423291440303714
66755959425257856,0.9999,0.9995645335738065
66761903659793152,0.9999,0.9995645335738065
66784924684473984,0.0,2.295617847653939e-13
66787776542748032,0.0,2.295617847653939e-13
66802276352348416,1.0,0.9999999999956435
66811450402457216,0.9999,0.9995645335738065
66816295125702144,1.0,0.9999999999956435
66821655244731264,0.9999,0.9995645335738065
66823132713476480,1.0,0.9999999999956435
66847631206903040,1.0,0.9999999999956435
66870755312236672,0.0,2.295617847653939e-13
66871373787534208,0.0,2.295617847653939e-13
66878245735176704,0.9997,0.9986944767274725
66958097767052416,0.0,2.295617847653939e-13
66962701971976064,0.0002,4.59194325701782e-05
66971291906511616,0.0002,4.59194325701782e-05
67074096242336384,0.9998,0.9991293592475643
67081586665524992,0.0,2.295617847653939e-13
67099110131829248,0.0,2.295617847653939e-13
64205607843365376,0.0,2.295617847653939e-13
64232271000313472,0.9997,0.9986944767274725
64272128296706432,0.9993,0.9969578588463505
64311676355580672,0.0,2.295617847653939e-13
64328065951013632,0.0,2.295617847653939e-13
64402901461101696,0.0,2.295617847653939e-13
64568171802410624,0.0,2.295617847653939e-13
64581640819842048,0.0,2.295617847653939e-13
64597411939728128,0.0,2.295617847653939e-13
64597446299465600,0.0,2.295617847653939e-13
64620703546086528,0.0,2.295617847653939e-13
64719659593170048,0.0,2.295617847653939e-13
64776701054996224,0.0,2.295617847653939e-13
64835971603517312,0.0,2.295617847653939e-13
64882666489022080,0.0,2.295617847653939e-13
64898368889386624,0.9989,0.9952258864616523
64912009705490304,1.0,0.9999999999956435
64933759417767424,0.957,0.8363093486659334
64933759417769984,1.0,0.9999999999956435
64934446615231744,0.0,2.295617847653939e-13
64978049122517504,0.0,2.295617847653939e-13
64981897413210752,0.0,2.295617847653939e-13
64982344089813248,0.9999,0.9995645335738065
64994782315158528,0.0,2.295617847653939e-13
65010239900405504,1.0,0.9999999999956435
65020414679879296,1.0,0.9999999999956435
65020655198048128,0.0,2.295617847653939e-13
65021514191113728,0.0,2.295617847653939e-13
65097414853065088,0.0,2.295617847653939e-13
65133836175664128,0.0,2.295617847653939e-13
65136791113382912,0.9999,0.9995645335738065
65165653294149760,0.9999,0.9995645335738065
65171941126264704,0.0,2.295617847653939e-13
65200283613608704,1.0,0.9999999999956435
65207709613871744,0.9999,0.9995645335738065
65226092073881856,1.0,0.9999999999956435
65241863193865856,1.0,0.9999999999956435
65247704349267584,0.9999,0.9995645335738065
65248151025861120,0.9999,0.9995645335738065
65248460263511552,1.0,0.9999999999956435
65249250535404928,0.9999,0.9995645335738065
65257187636977536,0.9999,0.9995645335738065
65277288083965440,0.0,2.295617847653939e-13
65277975278721152,0.0,2.295617847653939e-13
65283094877491200,1.0,0.9999999999956435
65303465907495040,0.0,2.295617847653939e-13
65310342153269248,0.0,2.295617847653939e-13
65310410872281856,0.0,2.295617847653939e-13
65335321682557056,0.0,2.295617847653939e-13
65345079848360192,0.0,2.295617847653939e-13
65389300831383040,0.0,2.295617847653939e-13
65398303082852864,0.0,2.295617847653939e-13
65507326533383936,0.0,2.295617847653939e-13
65558419464204288,0.0,2.295617847653939e-13
65613120167819904,0.0,2.295617847653939e-13
65651603074560640,0.04,0.009474450541221023
65660158649542784,0.2601,0.07467276970086784
65662701270150528,0.0,2.295617847653939e-13
65663628983069056,0.0,2.295617847653939e-13
65667855230892288,0.0,2.295617847653939e-13
65687543360807552,0.0,2.295617847653939e-13
65701527774387840,0.9999,0.9995645335738065
65790656935281920,0.0,2.295617847653939e-13
65797082206292224,0.0,2.295617847653939e-13
65864427293364864,0.9999,0.9995645335738065
65945791154458752,0.0,2.295617847653939e-13
66038699887735424,0.0,2.295617847653939e-13
66070894962674176,0.0,2.295617847653939e-13
66241319263819136,0.0,2.295617847653939e-13
66337182934062208,0.0,2.295617847653939e-13
66349999116455040,0.0,2.295617847653939e-13
66380751082238464,0.0,2.295617847653939e-13
66381163398932480,0.0,2.295617847653939e-13
66399511499289856,0.0,2.295617847653939e-13
66500735289935616,0.0,2.295617847653939e-13
66517468482370176,1.0,0.9999999999956435
66555573432261376,0.9999,0.9995645335738065
66558249192653952,1.0,0.9999999999956435
66584332530000512,0.9973,0.9883440810664097
66639720430624640,0.0,2.295617847653939e-13
66656041306010368,0.0,2.295617847653939e-13
66710845088732160,1.0,0.9999999999956435
66728265476081408,1.0,0.9999999999956435
66729261908482048,1.0,0.9999999999956435
66732423004453376,0.9999,0.9995645335738065
66765889389494528,0.0,2.295617847653939e-13
66783928252047744,0.0021,0.0004828609785630702
66800592725851776,0.9999,0.9995645335738065
66801623517295104,1.0,0.9999999999956435
66813065310153472,0.0,2.295617847653939e-13
66847287606832768,0.0,2.295617847653939e-13
66848249682187648,0.0,2.295617847653939e-13
64500002081579136,0.0,2.295617847653939e-13
64540958889723008,0.0,2.295617847653939e-13
64571058020422784,0.0,2.295617847653939e-13
64631221922376704,0.0,2.295617847653939e-13
64697226979685248,0.0,2.295617847653939e-13
64763987951737728,0.0,2.295617847653939e-13
64802917535338624,0.0,2.295617847653939e-13
64837139834697984,0.9999,0.9995645335738065
64921458633614976,0.1674,0.04411869011276359
64956123313498368,1.0,0.9999999999956435
64967569402404480,0.9998,0.9991293592475643
65005880510573696,0.0,2.295617847653939e-13
65010690873940480,0.0,2.295617847653939e-13
65115488075429760,0.0,2.295617847653939e-13
65125864716379264,1.0,0.9999999999956435
65169943964429952,1.0,0.9999999999956435
65211557904569856,1.0,0.9999999999956435
65223515093523328,1.0,0.9999999999956435
65224442806459008,0.9998,0.9991293592475643
65229734206151680,0.9317,0.7579582433584089
65230833717683712,0.0,2.295617847653939e-13
65279418387728896,0.9999,0.9995645335738065
65290207345532288,0.0,2.295617847653939e-13
65310376512546560,0.0,2.295617847653939e-13
65330511319201280,0.0,2.295617847653939e-13
65372945596124288,0.0,2.295617847653939e-13
65482140845207552,0.0001,2.2957947244511755e-05
65499561233197824,0.0,2.295617847653939e-13
65539418525563904,0.0001,2.2957947244511755e-05
65578313752689280,0.0,2.295617847653939e-13
65605354866829184,0.9999,0.9995645335738065
65633873449740544,0.0,2.295617847653939e-13
65666102884206848,0.9785,0.912646441372072
65675895409522048,0.9767,0.9058635285673068
65732447241199744,0.9999,0.9995645335738065
65763375303053952,0.0,2.295617847653939e-13
65770865726141312,0.0,2.295617847653939e-13
65788423552262016,0.0002,4.59194325701782e-05
65831235786331264,0.0,2.295617847653939e-13
65857452266497152,0.0,2.295617847653939e-13
65948333775048192,0.0,2.295617847653939e-13
65965066967451904,0.0,2.295617847653939e-13
66018015325396608,0.0,2.295617847653939e-13
66073540662334720,0.0,2.295617847653939e-13
66073540662335744,0.0,2.295617847653939e-13
66273239460839808,0.0,2.295617847653939e-13
66349346281437952,0.0,2.295617847653939e-13
66350651951488384,0.0,2.295617847653939e-13
66359138806835840,0.5065,0.19068249265986403
66360891153457664,0.0,2.295617847653939e-13
66367419503725440,0.0,2.295617847653939e-13
66387382511667456,0.0,2.295617847653939e-13
66390955924465280,0.0,2.295617847653939e-13
66429232674604544,0.9999,0.9995645335738065
66452047540860160,1.0,0.9999999999956435
66493451025434368,0.0,2.295617847653939e-13
66507882115488128,0.9999,0.9995645335738065
66516300251417088,0.0,2.295617847653939e-13
66524409149512064,0.0,2.295617847653939e-13
66568836290404224,0.0,2.295617847653939e-13
66603333467584000,0.0,2.295617847653939e-13
66667861056008064,0.0,2.295617847653939e-13
66712253837994880,0.9999,0.9995645335738065
66729635568719872,0.9999,0.9995645335738065
66791624833561856,0.9999,0.9995645335738065
66808220587759104,1.0,0.9999999999956435
66810213452111616,0.0,2.295617847653939e-13
66825018203119232,0.0,2.295617847653939e-13
66850517426494208,0.9999,0.9995645335738065
66911231083913600,0.9999,0.9995645335738065
66926211929978880,0.9999,0.9995645335738065
66937722442239232,0.0,2.295617847653939e-13
66937859881182848,0.9997,0.9986944767274725
66955452067066752,0.0,2.295617847653939e-13
66959437796846848,0.0,2.295617847653939e-13
66966000506830976,0.0,2.295617847653939e-13
67012244416106752,0.0,2.295617847653939e-13
67032624038288896,0.0,2.295617847653939e-13
67046780250475520,0.1687,0.04451249195309902
67055919940858240,0.0,2.295617847653939e-13
67090004801204864,0.0,2.295617847653939e-13
67192018864750080,0.0,2.295617847653939e-13
67262353249001856,0.0,2.295617847653939e-13
67277196657073408,0.0,2.295617847653939e-13
67315267247052288,0.0,2.295617847653939e-13
67351757289092224,0.0,2.295617847653939e-13
67357491067136128,0.0,2.295617847653939e-13
67362821121861376,0.0,2.295617847653939e-13
67417006431785216,0.0,2.295617847653939e-13
67487031578468608,0.0,2.295617847653939e-13
67495965108131456,0.0,2.295617847653939e-13
67495965110398720,0.0,2.295617847653939e-13
67539601977923712,0.0,2.295617847653939e-13
64021439645935232,0.0,2.295617847653939e-13
64030648055775232,0.0,2.295617847653939e-13
64037004609680128,0.0,2.295617847653939e-13
64038241559777536,0.0,2.295617847653939e-13
64040818540162304,0.9982,0.9922060570788077
64050645425297024,0.0,2.295617847653939e-13
64053566003097984,0.9995,0.997825585932503
64104933811828480,0.9999,0.9995645335738065
64129019988396160,0.0,2.295617847653939e-13
64214300857160832,0.0,2.295617847653939e-13
64215125490886656,0.9996,0.9982598857201236
64227666795353984,0.0,2.295617847653939e-13
64317998547641344,0.9996,0.9982598857201236
64336862043995776,0.0,2.295617847653939e-13
64376852483360896,0.0337,0.007942448023251303
64376959858604672,0.0,2.295617847653939e-13
64438184617001472,0.9997,0.9986944767274725
64453685154291968,0.9999,0.9995645335738065
64637612833779968,0.0,2.295617847653939e-13
64694924877216896,0.0,2.295617847653939e-13
64695405913639936,0.0,2.295617847653939e-13
64754057987440128,0.0002,4.59194325701782e-05
64801233908167936,0.0,2.295617847653939e-13
64808483812941440,1.0,0.9999999999956435
64818203322590208,0.9997,0.9986944767274725
64832810507590656,0.0,2.295617847653939e-13
64841503521468544,0.9996,0.9982598857201236
64857721317916032,0.9999,0.9995645335738065
64894623677888640,0.9997,0.9986944767274725
64896616542696576,0.0,2.295617847653939e-13
64917094946846848,0.9999,0.9995645335738065
64924413571101952,0.9995,0.997825585932503
64927368508592512,0.9999,0.9995645335738065
64943586304992000,0.0,2.295617847653939e-13
64954199166956544,0.0125,0.0028974259051040047
64956333767892096,0.0,2.295617847653939e-13
64962892180951936,0.0,2.295617847653939e-13
64971177174850304,0.836,0.539214078895074
65008698009126528,0.0542,0.012984450175004816
65010244195009024,0.9993,0.9969578588463505
65035773482506240,0.0,2.295617847653939e-13
65129506848731136,0.8232,0.5166430900468227
65179946945247488,0.9999,0.9995645335738065
65184718651940992,0.0,2.295617847653939e-13
65184894747573376,1.0,0.9999999999956435
65184929107310592,0.9997,0.9986944767274725
65221487868870784,1.0,0.9999999999956435
65233788655261568,0.999,0.9956584450622659
65254885534508672,0.9999,0.9995645335738065
65282716922610944,0.1651,0.04342417783015132
65292268929825408,0.9999,0.9995645335738065
65301168102059136,0.0,2.295617847653939e-13
65351608199058560,0.0103,0.002383399885326304
65392942963669120,0.0,2.295617847653939e-13
65437644983223936,0.9998,0.9991293592475643
65482140845207680,0.0399,0.009450013199125012
65506467539939584,0.9998,0.9991293592475643
65522857135061760,0.0,2.295617847653939e-13
65544538129847936,0.9998,0.9991293592475643
65553471661907328,0.9998,0.9991293592475643
65557251233100288,0.0,2.295617847653939e-13
65585357499261056,0.0,2.295617847653939e-13
65600574565014144,0.0,2.295617847653939e-13
65604770751295872,0.0,2.295617847653939e-13
65611745778297216,0.0,2.295617847653939e-13
65625828972670848,0.0,2.295617847653939e-13
65645040364556416,0.0,2.295617847653939e-13
65674074343392768,0.0,2.295617847653939e-13
65700531341979776,0.0024,0.0005519689024831469
65750627840192256,0.9999,0.9995645335738065
65775706151552640,0.0,2.295617847653939e-13
65819931432277376,0.0,2.295617847653939e-13
65940327956478336,0.0,2.295617847653939e-13
65958916574337152,0.0,2.295617847653939e-13
66003309356216704,0.0,2.295617847653939e-13
66028804283148032,0.0,2.295617847653939e-13
66045674914763136,0.0,2.295617847653939e-13
66046259030304768,0.0,2.295617847653939e-13
66046808786124032,0.0,2.295617847653939e-13
66161845189165952,0.0031,0.0007133452569566822
66190535570798336,0.0,2.295617847653939e-13
66239704356121216,0.0,2.295617847653939e-13
66281039121406976,0.0,2.295617847653939e-13
66288804422550272,0.0,2.295617847653939e-13
66301173928323200,0.003,0.0006902808104424754
66303647829466880,0.0,2.295617847653939e-13
66350273994368000,0.0,2.295617847653939e-13
66490977124308352,0.9995,0.997825585932503
66506576445678976,0.0,2.295617847653939e-13
66509909340032512,0.0,2.295617847653939e-13
66522381924952704,1.0,0.9999999999956435
66523893753437824,1.0,0.9999999999956435
66540833104514688,0.0,2.295617847653939e-13
64580438228975104,0.0,2.295617847653939e-13
64589062523316736,0.9996,0.9982598857201236
64594525721712512,0.0,2.295617847653939e-13
64656201452146304,0.9999,0.9995645335738065
64713101178855680,0.0,2.295617847653939e-13
64753405152407424,0.0,2.295617847653939e-13
64759521185852544,0.0,2.295617847653939e-13
64876786676896896,0.0,2.295617847653939e-13
64884899871954176,0.5545,0.22223077051926687
64888129687348736,0.9967,0.9857822496920782
64922283267331968,1.0,0.9999999999956435
64951626483855744,1.0,0.9999999999956435
64955573556246400,0.0,2.295617847653939e-13
64988803720689408,1.0,0.9999999999956435
64998905483757568,0.9999,0.9995645335738065
65000623471297024,0.9998,0.9991293592475643
65010175477867776,0.8803,0.6280104572131548
65011412428446592,0.9999,0.9995645335738065
65032406228195584,0.0,2.295617847653939e-13
65046047044205184,0.0,2.295617847653939e-13
65103049850116480,0.0,2.295617847653939e-13
65113873167733248,0.6144,0.26781486639983454
65120470237460480,1.0,0.9999999999956435
65125452399528320,0.9999,0.9995645335738065
65173620458875008,1.0,0.9999999999956435
65188090203295744,1.0,0.9999999999956435
65200833369154560,0.0,2.295617847653939e-13
65201039527567232,1.0,0.9999999999956435
65221797106512256,0.0,2.295617847653939e-13
65225851555715328,0.0,2.295617847653939e-13
65226401312036864,0.9999,0.9995645335738065
65230764998207232,0.9995,0.997825585932503
65232066371441792,1.0,0.9999999999956435
65242412949567488,0.0,2.295617847653939e-13
65268418975091328,0.0,2.295617847653939e-13
65270450496044416,1.0,0.9999999999956435
65280071222749824,0.9979,0.990916157627921
65287458566524928,1.0,0.9999999999956435
65303435845499392,0.0,2.295617847653939e-13
65360232492848640,0.0,2.295617847653939e-13
65386792570631040,0.04,0.009474450541221023
65459081162286720,0.0,2.295617847653939e-13
65483858832156800,0.0,2.295617847653939e-13
65497808885916544,0.0,2.295617847653939e-13
65582986677100800,0.0,2.295617847653939e-13
65598070602502016,0.0,2.295617847653939e-13
65602812246227584,0.0,2.295617847653939e-13
65693075278789504,0.0,2.295617847653939e-13
65807218329068544,0.9998,0.9991293592475643
65815602105246336,0.0,2.295617847653939e-13
65819965792011904,0.9999,0.9995645335738065
65844395565917824,0.0,2.295617847653939e-13
65850889556479360,0.0,2.295617847653939e-13
65920880344052096,0.0018,0.0004137850450382528
66003721673075200,0.0,2.295617847653939e-13
66052203265010816,0.0,2.295617847653939e-13
66055673598598272,0.0,2.295617847653939e-13
66069658012097664,0.0,2.295617847653939e-13
66103158757116928,0.0,2.295617847653939e-13
66105632658022528,0.0,2.295617847653939e-13
66233279085182720,0.0,2.295617847653939e-13
66291931158738688,0.0,2.295617847653939e-13
66310382338085632,0.0,2.295617847653939e-13
66331341778550144,0.0,2.295617847653939e-13
66375489744690176,0.0,2.295617847653939e-13
66426823194356224,0.0,2.295617847653939e-13
66471220274934272,0.9999,0.9995645335738065
66490977124308480,0.9995,0.997825585932503
66501181966524800,0.9999,0.9995645335738065
66503449709270400,0.9999,0.9995645335738065
66507607237589632,0.0,2.295617847653939e-13
66511970924353792,0.9999,0.9995645335738065
66529249574139904,0.0,2.295617847653939e-13
66529975427235712,0.9999,0.9995645335738065
66541142342159232,1.0,0.9999999999956435
66567427541958784,0.9969,0.9866350589105121
66587459268570752,0.0,2.295617847653939e-13
66644462071565440,0.0,2.295617847653939e-13
66649409876772096,0.9999,0.9995645335738065
66658996243552000,0.9998,0.9991293592475643
66687720984895744,0.0,2.295617847653939e-13
66694455493470464,0.9997,0.9986944767274725
66712872313288704,0.0,2.295617847653939e-13
66745617143891968,0.9999,0.9995645335738065
66774513683782912,1.0,0.9999999999956435
66782897460055424,1.0,0.9999999999956435
66788253282520192,1.0,0.9999999999956435
66788291938818304,1.0,0.9999999999956435
66897418469259776,0.0,2.295617847653939e-13
66940299422471296,0.9999,0.9995645335738065
66957616730725760,0.0,2.295617847653939e-13
66969535261875072,0.9999,0.9995645335738065
66999913567402112,0.9126,0.705622890542647
64322014341488512,0.0,2.295617847653939e-13
64459320151416704,0.0,2.295617847653939e-13
64526596519038592,0.0,2.295617847653939e-13
64575730944903552,0.0,2.295617847653939e-13
64610326905098880,0.0,2.295617847653939e-13
64644484781444864,0.9997,0.9986944767274725
64696642864135552,0.0,2.295617847653939e-13
64732686229705472,0.0,2.295617847653939e-13
64747632716373760,0.0,2.295617847653939e-13
64798278970576128,0.0,2.295617847653939e-13
64801577505545600,0.0398,0.009425579741636892
64843805623922688,0.9999,0.9995645335738065
64851016872949248,0.0,2.295617847653939e-13
64864593265614464,0.9996,0.9982598857201236
64871121615889792,0.0,2.295617847653939e-13
64897784773842432,0.0,2.295617847653939e-13
64905721873384448,0.0,2.295617847653939e-13
64913452814489216,1.0,0.9999999999956435
64921389914137984,0.9995,0.997825585932503
64949427460614016,0.0485,0.011565921723487176
64966916567283456,1.0,0.9999999999956435
64974574492213248,0.9999,0.9995645335738065
64981863053470592,1.0,0.9999999999956435
65007117461151488,0.0398,0.009425579741636892
65012408860856832,1.0,0.9999999999956435
65019246448775424,0.9999,0.9995645335738065
65027664584274560,0.0,2.295617847653939e-13
65069927062402944,0.0,2.295617847653939e-13
65087965925040896,0.0,2.295617847653939e-13
65095490707724288,0.0,2.295617847653939e-13
65161835066111616,0.0,2.295617847653939e-13
65190220507070208,1.0,0.9999999999956435
65212691773969280,0.9999,0.9995645335738065
65229184450247296,0.9999,0.9995645335738065
65241313435901568,1.0,0.9999999999956435
65255400930587648,0.0,2.295617847653939e-13
65289588870240384,0.9998,0.9991293592475643
65298483745290368,0.9999,0.9995645335738065
65330511319201408,0.0,2.295617847653939e-13
65583948747664384,0.0002,4.59194325701782e-05
65636587869116032,0.0,2.295617847653939e-13
65643184938861312,0.9999,0.9995645335738065
65644009572403968,0.0,2.295617847653939e-13
65653286701729152,0.0,2.295617847653939e-13
65677098000371712,0.966,0.8670611478957885
65677579036713600,0.0,2.295617847653939e-13
65678987785972864,0.0,2.295617847653939e-13
65792851661062528,0.0,2.295617847653939e-13
65839379044268160,0.0,2.295617847653939e-13
66001797527735040,0.0,2.295617847653939e-13
66126317220452352,0.0,2.295617847653939e-13
66177203992186112,0.0,2.295617847653939e-13
66285677686070912,0.0,2.295617847653939e-13
66292687072975744,0.0,2.295617847653939e-13
66336873696415360,0.0,2.295617847653939e-13
66338729122256256,0.0,2.295617847653939e-13
66375494042462080,0.0,2.295617847653939e-13
66388825620718592,0.0,2.295617847653939e-13
66430057308319232,0.0,2.295617847653939e-13
66451497784867712,0.9999,0.9995645335738065
66485582645439104,0.9999,0.9995645335738065
66507469798632320,0.9994,0.997391577071988
66512074003566976,1.0,0.9999999999956435
66523103479455232,0.9999,0.9995645335738065
66556672943906688,0.9999,0.9995645335738065
66560727393001216,0.9999,0.9995645335738065
66613607029507200,0.0,2.295617847653939e-13
66637452687640192,0.0,2.295617847653939e-13
66657415696297344,0.9999,0.9995645335738065
66690710282089856,0.0,2.295617847653939e-13
66690710282468992,0.0,2.295617847653939e-13
66709711217367808,0.0,2.295617847653939e-13
66747816167123712,0.9999,0.9995645335738065
66749121837171840,1.0,0.9999999999956435
66755852048103552,0.0,2.295617847653939e-13
66769565879071744,0.0097,0.0022435156672257392
66791483097102464,0.9999,0.9995645335738065
66794545411191552,0.0,2.295617847653939e-13
66820590092840960,0.9999,0.9995645335738065
66864364401034368,0.0,2.295617847653939e-13
66873435368674944,0.0,2.295617847653939e-13
66897933865345920,0.9999,0.9995645335738065
67012248711350656,0.0,2.295617847653939e-13
67144808584290560,0.0,2.295617847653939e-13
67227478114646016,0.0,2.295617847653939e-13
67287538938260736,0.0,2.295617847653939e-13
67300698718051200,0.0,2.295617847653939e-13
67334955377111424,0.0,2.295617847653939e-13
67334989736851456,0.0,2.295617847653939e-13
67394122846328576,0.0,2.295617847653939e-13
67425184049501312,0.0,2.295617847653939e-13
67429856973800960,0.7845,0.45524574605269047
67499538523021824,0.0,2.295617847653939e-13
66809491897360896,1.0,0.9999999999956435
66873675890029952,0.0,2.295617847653939e-13
66876596467931776,0.9999,0.9995645335738065
66902916028014336,0.0,2.295617847653939e-13
66911128004710016,0.0,2.295617847653939e-13
66937859881182208,0.0,2.295617847653939e-13
66939848447027584,0.9999,0.9995645335738065
67069285879013632,0.0,2.295617847653939e-13
67085744193685120,0.0,2.295617847653939e-13
67198959531884416,0.0,2.295617847653939e-13
67368834079044224,0.9999,0.9995645335738065
67373094686549632,0.9999,0.9995645335738065
67402472262801024,0.0,2.295617847653939e-13
67402747140706688,0.0,2.295617847653939e-13
67407110827431296,0.0,2.295617847653939e-13
67438343829201280,0.0,2.295617847653939e-13
67551146850004992,0.0,2.295617847653939e-13
67567055407766016,0.0,2.295617847653939e-13
67646495122796160,0.0,2.295617847653939e-13
67681232818240256,0.0,2.295617847653939e-13
67696690404422016,0.0,2.295617847653939e-13
67700057658801792,0.0,2.295617847653939e-13
67703944605226752,0.0,2.295617847653939e-13
67732257029618048,0.9999,0.9995645335738065
67852550473596672,0.0,2.295617847653939e-13
67857631418679552,0.0,2.295617847653939e-13
67861484005590912,0.0,2.295617847653939e-13
67879243694759552,0.0,2.295617847653939e-13
67972564744503680,0.0,2.295617847653939e-13
67973423737547008,0.0,2.295617847653939e-13
68016377706507008,0.0,2.295617847653939e-13
68046133239891584,0.9999,0.9995645335738065
68141000477293952,0.0,2.295617847653939e-13
68147391388599808,0.9999,0.9995645335738065
68150861722174848,1.0,0.9999999999956435
68183125516472320,0.9978,0.9904867641223563
68232191222851456,0.9999,0.9995645335738065
68280982051857920,0.0,2.295617847653939e-13
68282150282958080,0.0,2.295617847653939e-13
68291324333171072,0.0,2.295617847653939e-13
68352720889175680,0.0,2.295617847653939e-13
68353171862049920,0.3742,0.12069941838319556
68411892654779264,0.0,2.295617847653939e-13
68495249379891840,0.0,2.295617847653939e-13
68521053543431936,0.0,2.295617847653939e-13
68540535515653504,0.9999,0.9995645335738065
68592758021236480,0.0384,0.009083918702504147
68593346433465856,0.9998,0.9991293592475643
68600321460320768,0.9999,0.9995645335738065
68607090328759040,0.9999,0.9995645335738065
68610354503879680,0.0,2.295617847653939e-13
68672717428941184,0.9998,0.9991293592475643
68681066845054080,0.0,2.295617847653939e-13
68689381901729792,0.0,2.295617847653939e-13
68807854278234368,0.0,2.295617847653939e-13
68824656191497984,0.0,2.295617847653939e-13
68839980634816384,0.0,2.295617847653939e-13
68859909283092608,0.0,2.295617847653939e-13
68885472928320640,0.0,2.295617847653939e-13
68920210623754368,0.0,2.295617847653939e-13
68921207056164736,0.0,2.295617847653939e-13
68956803745067520,0.9991,0.9960912931327431
68974872672067072,0.0,2.295617847653939e-13
69027275567598720,0.0,2.295617847653939e-13
69210928370203264,0.0,2.295617847653939e-13
69221506874062720,0.0,2.295617847653939e-13
69232540645552512,0.0,2.295617847653939e-13
69279888365578368,0.0,2.295617847653939e-13
69289474732553216,0.0,2.295617847653939e-13
69305864327760256,0.0,2.295617847653939e-13
69359087562364928,0.0,2.295617847653939e-13
69369739081270784,0.0,2.295617847653939e-13
69414715978649344,0.0,2.295617847653939e-13
69420213536768896,0.9214,0.7290759687487375
69450243948041728,0.0,2.295617847653939e-13
69475292197267584,0.0,2.295617847653939e-13
69530783174997632,0.0,2.295617847653939e-13
69549234354460928,0.0,2.295617847653939e-13
69591462472837888,0.0,2.295617847653939e-13
69670008835097216,0.0,2.295617847653939e-13
69694816566147328,0.0,2.295617847653939e-13
69814388455816960,0.9999,0.9995645335738065
69838131035001856,0.9999,0.9995645335738065
69857235049588736,1.0,0.9999999999956435
69911867033651200,1.0,0.9999999999956435
69918979499308928,0.0,2.295617847653939e-13
69930283853666688,0.4875,0.1792269895084581
69942962597122688,0.0,2.295617847653939e-13
69992371901046400,0.9996,0.9982598857201236
70024154658949120,0.9792,0.9153049286003755
70024356520465664,0.9998,0.9991293592475643
70035012336286336,0.0,2.295617847653939e-13
70036695963457792,0.9948,0.9777366823082543
64758352954660096,0.0,2.295617847653939e-13
64804360644343424,0.9999,0.9995645335738065
64927093630681088,0.0362,0.008548554629306997
64934893291213952,1.0,0.9999999999956435
64936508198907904,1.0,0.9999999999956435
64943792463527680,0.0,2.295617847653939e-13
64946025846426752,0.9999,0.9995645335738065
64981137202021376,1.0,0.9999999999956435
65023232178029440,0.9999,0.9995645335738065
65025431201292288,0.0,2.295617847653939e-13
65125452399528960,0.0,2.295617847653939e-13
65140398885682688,0.0,2.295617847653939e-13
65147133394409088,0.0,2.295617847653939e-13
65161250950264192,0.9997,0.9986944767274725
65167577439502592,1.0,0.9999999999956435
65202383854448384,1.0,0.9999999999956435
65222209423382912,0.9417,0.7875970776138687
65242069352190976,1.0,0.9999999999956435
65275020341243520,1.0,0.9999999999956435
65289279632598016,0.9999,0.9995645335738065
65296357738731008,0.9999,0.9995645335738065
65297216732192896,0.0,2.295617847653939e-13
65298208867376384,1.0,0.9999999999956435
65308418007467648,0.6957,0.344189703702896
65327796899893248,0.0,2.295617847653939e-13
65417613255865088,0.0,2.295617847653939e-13
65549279773826560,0.0,2.295617847653939e-13
65553162424988288,0.0,2.295617847653939e-13
65636072472976384,0.0,2.295617847653939e-13
65681805284515584,0.0,2.295617847653939e-13
65688539793220480,0.9999,0.9995645335738065
65699569269925888,0.9999,0.9995645335738065
65731420746465664,0.0,2.295617847653939e-13
65758324421538560,0.0,2.295617847653939e-13
65776736943479808,0.9994,0.997391577071988
65779971056668032,0.9996,0.9982598857201236
65823676643738368,0.9999,0.9995645335738065
65844361206181376,0.9999,0.9995645335738065
65847831539790592,0.0,2.295617847653939e-13
65988053632486528,0.0,2.295617847653939e-13
65998567712329472,0.0,2.295617847653939e-13
66001793229818624,0.0,2.295617847653939e-13
66143016053281152,0.0,2.295617847653939e-13
66213625314751744,0.0,2.295617847653939e-13
66228125124446720,0.0,2.295617847653939e-13
66322958002421376,0.0,2.295617847653939e-13
66383431141814016,0.0,2.295617847653939e-13
66404390582094848,0.0662,0.016013739041503144
66483761579269888,0.9999,0.9995645335738065
66486613437582464,0.0442,0.010504339020582544
66514410465753344,0.0,2.295617847653939e-13
66525061984664832,0.9999,0.9995645335738065
66534132955565184,0.0,2.295617847653939e-13
66555573432261120,0.9999,0.9995645335738065
66563270013619072,0.0,2.295617847653939e-13
66565365957676416,0.9999,0.9995645335738065
66592441430633472,0.0,2.295617847653939e-13
66681501872591232,0.0,2.295617847653939e-13
66682532665067776,0.0,2.295617847653939e-13
66685517664631680,0.0,2.295617847653939e-13
66712872313875456,0.0,2.295617847653939e-13
66728089380491648,1.0,0.9999999999956435
66733552578791296,0.9997,0.9986944767274725
66734720809017856,0.999,0.9956584450622659
66735446661374976,0.9999,0.9995645335738065
66765751950550144,0.9999,0.9995645335738065
66781832308018176,0.9999,0.9995645335738065
66787119410915072,1.0,0.9999999999956435
66797156751286912,0.9999,0.9995645335738065
66831069813319936,1.0,0.9999999999956435
66832993955739776,0.1791,0.0476958507135798
66891474234404224,0.0,2.295617847653939e-13
66899239535574400,0.9999,0.9995645335738065
66934595706294016,0.04,0.009474450541221023
66945109786641536,0.0,2.295617847653939e-13
66958922400753792,0.0,2.295617847653939e-13
66964935354955008,0.0,2.295617847653939e-13
66972357058399232,0.0,2.295617847653939e-13
66997817623367296,0.9998,0.9991293592475643
67054305033161344,0.9997,0.9986944767274725
67089283246717824,0.0,2.295617847653939e-13
67103405099117568,0.9991,0.9960912931327431
67128006671735808,0.0,2.295617847653939e-13
67135462735510400,0.0,2.295617847653939e-13
67144190109012480,0.0,2.295617847653939e-13
67328770624231936,0.0,2.295617847653939e-13
67403949731537920,0.0,2.295617847653939e-13
67404980523677184,0.0,2.295617847653939e-13
67425287128716032,0.0,2.295617847653939e-13
67490536271615616,0.0,2.295617847653939e-13
67524621132020224,0.0,2.295617847653939e-13
67553036635604992,0.0,2.295617847653939e-13
63720207820725632,0.0,2.295617847653939e-13
63747897473036160,0.0,2.295617847653939e-13
63801812199560576,0.0,2.295617847653939e-13
63849572235829248,0.9999,0.9995645335738065
63866167989404160,0.0,2.295617847653939e-13
63871626890917888,0.0,2.295617847653939e-13
63909804856147072,0.0,2.295617847653939e-13
63919528662020992,0.04,0.009474450541221023
64026765405373824,0.0,2.295617847653939e-13
64028242874117632,0.0,2.295617847653939e-13
64031026012894848,0.0,2.295617847653939e-13
64037588724758400,0.9987,0.9943616365092829
64049889511066112,0.0,2.295617847653939e-13
64072910533384832,0.0,2.295617847653939e-13
64131150292139648,1.0,0.9999999999956435
64346276612274816,0.9999,0.9995645335738065
64407436946479360,0.0,2.295617847653939e-13
64463920060848512,0.0,2.295617847653939e-13
64491476570532608,0.0,2.295617847653939e-13
64530066852601984,0.0,2.295617847653939e-13
64601569468256768,0.0,2.295617847653939e-13
64635821831183616,0.0,2.295617847653939e-13
64689736556724352,0.0,2.295617847653939e-13
64734709159049600,0.9999,0.9995645335738065
64770241424108032,0.9998,0.9991293592475643
64792231656740480,0.0,2.295617847653939e-13
64842225076131328,0.0,2.295617847653939e-13
64848165014099584,0.0,2.295617847653939e-13
64895821971394944,0.0,2.295617847653939e-13
64897406816672512,0.0,2.295617847653939e-13
64925444363253632,0.9997,0.9986944767274725
64950625753906176,0.9999,0.9995645335738065
64963514953278848,0.0,2.295617847653939e-13
64964236507798016,0.0,2.295617847653939e-13
64998321368824576,0.0,2.295617847653939e-13
65008010814357248,1.0,0.9999999999956435
65011824742948224,0.0,2.295617847653939e-13
65016841267755136,0.0,2.295617847653939e-13
65017837699513216,0.0,2.295617847653939e-13
65058760147520000,1.0,0.9999999999956435
65078929312363392,1.0,0.9999999999956435
65079101112567552,0.0,2.295617847653939e-13
65084736109627520,0.0,2.295617847653939e-13
65103668325506560,0.0,2.295617847653939e-13
65117206062341760,1.0,0.9999999999956435
65147438335354624,1.0,0.9999999999956435
65163797868281088,0.0558,0.013384973663176347
65168844452782208,0.9999,0.9995645335738065
65194584193758336,1.0,0.9999999999956435
65211145587780992,1.0,0.9999999999956435
65212107660378880,1.0,0.9999999999956435
65212760495396736,0.9999,0.9995645335738065
65214409762926720,1.0,0.9999999999956435
65214856439472640,1.0,0.9999999999956435
65241313437941504,1.0,0.9999999999956435
65264265743073664,0.0,2.295617847653939e-13
65338688937033344,0.7267,0.3790365873598921
65371708645399296,0.0029,0.0006672199258327296
65394695310341248,0.0,2.295617847653939e-13
65421014869982848,0.0,2.295617847653939e-13
65468843626374912,0.0,2.295617847653939e-13
65590064783414656,0.0,2.295617847653939e-13
65671634801986048,0.9999,0.9995645335738065
65754132533479680,0.0,2.295617847653939e-13
65754132533480064,0.0,2.295617847653939e-13
65761244999294976,0.0,2.295617847653939e-13
65810379422558848,0.0,2.295617847653939e-13
65834259443263872,0.0,2.295617847653939e-13
65869684334050176,0.0,2.295617847653939e-13
65963348980559616,0.9983,0.9926365974965384
66006676611758592,0.0,2.295617847653939e-13
66135731788797568,0.0,2.295617847653939e-13
66225170184663296,0.0,2.295617847653939e-13
66240941306703104,0.0,2.295617847653939e-13
66242281336495232,0.0,2.295617847653939e-13
66324469830902528,0.0,2.295617847653939e-13
66343642564888832,0.0,2.295617847653939e-13
66359241886047616,0.0,2.295617847653939e-13
66383018825477376,0.0,2.295617847653939e-13
66452837814831360,0.0,2.295617847653939e-13
66473178779856768,0.9999,0.9995645335738065
66473728535654784,0.9998,0.9991293592475643
66474450090139008,0.0,2.295617847653939e-13
66554714438812928,0.0,2.295617847653939e-13
66575158482249856,0.0,2.295617847653939e-13
66584538690731904,0.0,2.295617847653939e-13
66642641008348416,0.9999,0.9995645335738065
66665902550940672,0.9999,0.9995645335738065
66697547870378368,0.9993,0.9969578588463505
66762178537698560,0.0,2.295617847653939e-13
66765855029760768,0.9999,0.9995645335738065
66784336272867456,0.0,2.295617847653939e-13
66793583338514816,1.0,0.9999999999956435
66798290622896000,0.0055,0.0012679626942419418
63959179800123520,0.0,2.295617847653939e-13
63985396280619008,0.0,2.295617847653939e-13
63995562466405760,0.9994,0.997391577071988
64073597730589952,0.9984,0.9930674253602977
64084558487123328,0.0,2.295617847653939e-13
64094037476647040,0.9999,0.9995645335738065
64148738180119680,1.0,0.9999999999956435
64186400749634944,0.0,2.295617847653939e-13
64231721244505344,0.0,2.295617847653939e-13
64237768558447232,0.0,2.295617847653939e-13
64243300476315008,0.0,2.295617847653939e-13
64256906932817152,0.0,2.295617847653939e-13
64276315888567424,0.9992,0.996524430963752
64319196843026816,0.0,2.295617847653939e-13
64331123967672448,0.9999,0.9995645335738065
64339610823067136,0.04,0.009474450541221023
64391180493830400,0.0,2.295617847653939e-13
64449729487990912,0.9999,0.9995645335738065
64456296494446848,0.0,2.295617847653939e-13
64490346995125504,0.0,2.295617847653939e-13
64498009216765568,0.0,2.295617847653939e-13
64696642864135424,0.0,2.295617847653939e-13
64746876802129920,0.0,2.295617847653939e-13
64768763955442944,0.9999,0.9995645335738065
64866654848374144,0.0,2.295617847653939e-13
64874317071541632,0.0,2.295617847653939e-13
64906512147359744,0.0,2.295617847653939e-13
64909153549943296,0.9998,0.9991293592475643
64916682629989248,0.0,2.295617847653939e-13
64938569783224960,0.9938,0.9735425465511172
64958051754916608,0.0,2.295617847653939e-13
64971795650143232,0.0,2.295617847653939e-13
64999420879827200,0.0,2.295617847653939e-13
65011481147922560,0.9999,0.9995645335738065
65040686925109760,1.0,0.9999999999956435
65041648997785600,0.0,2.295617847653939e-13
65047043476608128,0.9999,0.9995645335738065
65063707949772544,0.9996,0.9982598857201236
65088275162687104,0.9999,0.9995645335738065
65109921797830912,0.0,2.295617847653939e-13
65113735728782464,0.0,2.295617847653939e-13
65119164567417856,0.9999,0.9995645335738065
65165240977290368,0.0,2.295617847653939e-13
65196370900147968,0.9999,0.9995645335738065
65201249983083392,1.0,0.9999999999956435
65224820763573760,0.0,2.295617847653939e-13
65225198720692736,0.0,2.295617847653939e-13
65244886850717056,0.0,2.295617847653939e-13
65269144826531968,0.0154,0.003577699996098796
65280930216220160,0.0,2.295617847653939e-13
65295430026352512,1.0,0.9999999999956435
65325632236396032,0.0,2.295617847653939e-13
65358445786440448,0.0,2.295617847653939e-13
65375350777782912,0.0,2.295617847653939e-13
65390056745622144,0.2244,0.06228123982496822
65507807569730304,0.9934,0.9718726040156098
65512338757113600,0.0,2.295617847653939e-13
65622466016638464,0.0,2.295617847653939e-13
65631846225167104,0.0,2.295617847653939e-13
65635522717170944,0.9998,0.9991293592475643
65656688315955200,0.0,2.295617847653939e-13
65702867804200448,0.0768,0.01873913310976116
65712488530853120,0.9995,0.997825585932503
65767945148242176,0.0,2.295617847653939e-13
65864427293364992,0.9999,0.9995645335738065
65865320647279104,0.0,2.295617847653939e-13
65928302047518208,0.0,2.295617847653939e-13
65944794722044032,0.0,2.295617847653939e-13
65953109778560128,0.0,2.295617847653939e-13
65986851041643776,0.0,2.295617847653939e-13
66030865867411328,0.0,2.295617847653939e-13
66105563938548608,0.0,2.295617847653939e-13
66152774218293376,0.0,2.295617847653939e-13
66181808197274496,0.0,2.295617847653939e-13
66192734594043648,0.0,2.295617847653939e-13
66342233815621632,0.0,2.295617847653939e-13
66444694556813440,0.0,2.295617847653939e-13
66460255219152128,0.0001,2.2957947244511755e-05
66462939577861248,1.0,0.9999999999956435
66475068565410432,0.0,2.295617847653939e-13
66509634462127360,0.9973,0.9883440810664097
66521213693847808,0.9863,0.9429444309321328
66534991949020160,0.0,2.295617847653939e-13
66562342296619520,0.9875,0.9477407844565313
66576223634093184,0.0,2.295617847653939e-13
66628003759682944,0.0,2.295617847653939e-13
66644462074233088,0.0,2.295617847653939e-13
66692703146816640,0.0,2.295617847653939e-13
66699712533433600,0.9969,0.9866350589105121
66729880383767168,0.9999,0.9995645335738065
66737095928811648,1.0,0.9999999999956435
66737576965143296,0.9999,0.9995645335738065
66745754582838272,1.0,0.9999999999956435
66782931820393216,0.9999,0.9995645335738065
66791659193405952,0.9998,0.9991293592475643
66839591028151552,0.1516,0.03940387776433207
66843542398039552,0.0,2.295617847653939e-13
66863093090703616,0.0,2.295617847653939e-13
66886011036187392,0.9998,0.9991293592475643
66887488504932480,0.0,2.295617847653939e-13
66887625943880832,0.0,2.295617847653939e-13
66888416217848448,0.0,2.295617847653939e-13
66888931613932544,0.0,2.295617847653939e-13
66931640768571264,0.0,2.295617847653939e-13
66978301293078784,0.0,2.295617847653939e-13
66980362877378432,0.9999,0.9995645335738065
66981599827956864,0.9998,0.9991293592475643
67056572775876224,0.0,2.295617847653939e-13
67155082145941248,0.04,0.009474450541221023
67200467063547904,0.0,2.295617847653939e-13
67402472262800640,0.0,2.295617847653939e-13
67428207706369664,0.0,2.295617847653939e-13
67484076640987904,0.0,2.295617847653939e-13
67505242239612416,0.0,2.295617847653939e-13
67512560863864832,0.0001,2.2957947244511755e-05
67537402954680448,0.0,2.295617847653939e-13
67587980488421504,0.0,2.295617847653939e-13
67682641567525632,0.0,2.295617847653939e-13
67724697887107200,0.9998,0.9991293592475643
67737479709843072,0.0,2.295617847653939e-13
67798296446802688,0.0,2.295617847653939e-13
67816816345608832,0.0,2.295617847653939e-13
67880308846887296,0.0,2.295617847653939e-13
67927931443349120,0.0,2.295617847653939e-13
68006447742125824,0.0,2.295617847653939e-13
68012529415816832,0.0,2.295617847653939e-13
68014964661425280,0.9998,0.9991293592475643
68121037469350912,0.0013,0.00029872951862309783
68122029605778816,0.0,2.295617847653939e-13
68136430632094336,0.0399,0.009450013199125012
68152029953273728,0.0,2.295617847653939e-13
68167354396646144,0.0,2.295617847653939e-13
68256243039626112,0.0,2.295617847653939e-13
68364682374473856,0.9941,0.9747978887034829
68433814167849728,0.9999,0.9995645335738065
68471609879998080,0.0,2.295617847653939e-13
68475767408245632,0.9821,0.9264441888836424
68491023132083712,0.0,2.295617847653939e-13
68541394509108352,0.0,2.295617847653939e-13
68584034944338560,0.9999,0.9995645335738065
68603997952291584,0.0,2.295617847653939e-13
68620868583787904,0.9998,0.9991293592475643
68713742956139520,0.0,2.295617847653939e-13
68751985344980608,0.0,2.295617847653939e-13
68893891064194944,0.0,2.295617847653939e-13
68938657507060992,0.0,2.295617847653939e-13
68990094036176768,0.0,2.295617847653939e-13
69102179798400256,0.0,2.295617847653939e-13
69122658202395392,0.0,2.295617847653939e-13
69144820233684864,0.0,2.295617847653939e-13
69145060751857920,0.0,2.295617847653939e-13
69181653873157888,0.0,2.295617847653939e-13
69214776660903552,0.32,0.09749660690603096
69269271206443264,0.0,2.295617847653939e-13
69379943923546368,0.0,2.295617847653939e-13
69400834644329984,0.961,0.8497740110924249
69463060130526208,0.0,2.295617847653939e-13
69474123966166400,0.0,2.295617847653939e-13
69552670328288000,0.0,2.295617847653939e-13
69583456653826048,0.9996,0.9982598857201236
69606031002198400,0.0002,4.59194325701782e-05
69613968101762944,0.0,2.295617847653939e-13
69687291783490432,0.0,2.295617847653939e-13
69691999067614464,0.0,2.295617847653939e-13
69763329884321664,0.9991,0.9960912931327431
69824249700740736,0.9999,0.9995645335738065
69829541100441600,0.9999,0.9995645335738065
69829609819915648,0.9987,0.9943616365092829
69864313154046592,0.9998,0.9991293592475643
69894962042148096,1.0,0.9999999999956435
69898054418583296,0.4796,0.17462047669347627
69902761702736640,0.1197,0.03027009810760916
69927260196225024,0.8691,0.60382812456119
69934334006064768,0.9999,0.9995645335738065
69962719446879232,0.9999,0.9995645335738065
69985637392346496,0.9999,0.9995645335738065
70011785153202048,0.0,2.295617847653939e-13
70043155594129536,0.0,2.295617847653939e-13
70053081261982848,0.0,2.295617847653939e-13
70102971601576448,0.0,2.295617847653939e-13
70138881825295872,0.7974,0.4746566800117932
70154476849825920,0.0,2.295617847653939e-13
70160287942261376,0.9998,0.9991293592475643
70190249631846272,0.8892,0.6481716951742644
70197396459636480,0.0,2.295617847653939e-13
66868521929273216,0.0,2.295617847653939e-13
66930403817997696,0.9999,0.9995645335738065
66933942871061888,0.0,2.295617847653939e-13
67032692757762816,0.0,2.295617847653939e-13
67095845956583168,0.0,2.295617847653939e-13
67097662726030976,0.0,2.295617847653939e-13
67193771211395840,0.0,2.295617847653939e-13
67281869581448448,0.3155,0.095685274373357
67281869581448704,0.353,0.11130684035044854
67318359623488512,0.0,2.295617847653939e-13
67444940898946688,0.0,2.295617847653939e-13
67488783924968064,0.0,2.295617847653939e-13
67491463984546432,0.0,2.295617847653939e-13
67510327480888832,0.0,2.295617847653939e-13
67534413655078784,0.0,2.295617847653939e-13
67557365961576192,0.0,2.295617847653939e-13
67625741840828288,0.0,2.295617847653939e-13
67696763419918464,0.0,2.295617847653939e-13
67702982532556672,0.0,2.295617847653939e-13
67730264164802304,0.0,2.295617847653939e-13
67731913432295424,0.0,2.295617847653939e-13
67732600627001088,0.0001,2.2957947244511755e-05
67737170472199552,0.0,2.295617847653939e-13
67738922818852864,0.0,2.295617847653939e-13
67751979519355264,0.0,2.295617847653939e-13
67784724349960192,0.0,2.295617847653939e-13
67808088972086144,0.0,2.295617847653939e-13
67812280860140032,0.0,2.295617847653939e-13
67855402331916928,0.0,2.295617847653939e-13
67933879974209920,0.0,2.295617847653939e-13
67981223398087168,0.0,2.295617847653939e-13
68001499939741440,0.0,2.295617847653939e-13
68009746277006848,0.0,2.295617847653939e-13
68055577871267712,0.0,2.295617847653939e-13
68098669279758848,0.0,2.295617847653939e-13
68146562459152512,0.0,2.295617847653939e-13
68200099227249920,0.0,2.295617847653939e-13
68208414283866880,0.0,2.295617847653939e-13
68291977168100480,0.9999,0.9995645335738065
68398732874994944,0.9998,0.9991293592475643
68477416675681536,0.0,2.295617847653939e-13
68513356962056704,0.9998,0.9991293592475643
68514559552895488,0.9999,0.9995645335738065
68516380619023744,0.0,2.295617847653939e-13
68577300435634432,0.9138,0.7087577677040088
68589218968288512,0.0362,0.008548554629306997
68591319208849664,0.0,2.295617847653939e-13
68640243180206208,0.0,2.295617847653939e-13
68643369916509824,0.0,2.295617847653939e-13
68654747285880064,0.0,2.295617847653939e-13
68665467524154240,0.0,2.295617847653939e-13
68681204284006912,0.0,2.295617847653939e-13
68728174046309760,0.0,2.295617847653939e-13
68763358418336128,0.0,2.295617847653939e-13
68789982919172608,0.0,2.295617847653939e-13
68828573201672064,0.0,2.295617847653939e-13
68897872497900928,0.0,2.295617847653939e-13
69029199714061056,0.0,2.295617847653939e-13
69067098505413248,0.0,2.295617847653939e-13
69192099233539200,0.0,2.295617847653939e-13
69388117244815488,0.0,2.295617847653939e-13
69428322435090432,0.0,2.295617847653939e-13
69504940355281152,0.0,2.295617847653939e-13
69597269268702208,0.0,2.295617847653939e-13
69643139519228288,0.0,2.295617847653939e-13
69720174053026944,0.0,2.295617847653939e-13
69725602891801600,0.0,2.295617847653939e-13
69733265113300992,0.0,2.295617847653939e-13
69795799837126400,0.0,2.295617847653939e-13
69834759483788928,1.0,0.9999999999956435
69842559145178240,0.0,2.295617847653939e-13
69860293066219136,1.0,0.9999999999956435
69890598355357312,0.0,2.295617847653939e-13
69892385061858944,0.9997,0.9986944767274725
69931550867242880,0.0,2.295617847653939e-13
69951449452730752,0.9999,0.9995645335738065
70026899141106304,0.4529,0.1596890759712522
70108473456817280,0.9864,0.9433427158958255
70121976833945600,0.0,2.295617847653939e-13
70132658415356672,0.9998,0.9991293592475643
70152144684310144,0.9999,0.9995645335738065
70173001045420160,0.0,2.295617847653939e-13
70175474946486784,0.9997,0.9986944767274725
70298345370390784,0.0,2.295617847653939e-13
70311951826739712,0.0,2.295617847653939e-13
70313016978627584,0.9998,0.9991293592475643
70319541033323776,0.0,2.295617847653939e-13
70351946562150144,0.0,2.295617847653939e-13
70373318321652992,0.0,2.295617847653939e-13
70414756166149376,0.0,2.295617847653939e-13
63938048561062784,0.0,2.295617847653939e-13
64043395517986560,0.0,2.295617847653939e-13
64104796372861696,0.0,2.295617847653939e-13
64117848780835328,0.0,2.295617847653939e-13
64137713002140672,0.0,2.295617847653939e-13
64200522602028544,0.0,2.295617847653939e-13
64214300857160448,0.0,2.295617847653939e-13
64232992554986624,0.0,2.295617847653939e-13
64346070453848320,0.9717,0.8874147990758855
64354969626145280,0.0,2.295617847653939e-13
64380636350910464,0.9999,0.9995645335738065
64401389632616960,0.9999,0.9995645335738065
64402386065028992,0.0,2.295617847653939e-13
64441143849872512,0.9999,0.9995645335738065
64448325035109632,0.0399,0.009450013199125012
64488074956419712,0.0,2.295617847653939e-13
64507316409791872,0.0,2.295617847653939e-13
64513368019797376,0.0,2.295617847653939e-13
64562704307907840,0.0,2.295617847653939e-13
64567415888235520,0.0,2.295617847653939e-13
64574352259640192,0.9999,0.9995645335738065
64653555752384128,0.0,2.295617847653939e-13
64695715151281920,0.0,2.295617847653939e-13
64720179284934016,1.0,0.9999999999956435
64735641167204480,0.0003,6.888445679495027e-05
64778242947790976,0.0004,9.185302073703103e-05
64780755504124288,0.0,2.295617847653939e-13
64797523056344064,0.9998,0.9991293592475643
64814045795106944,0.0,2.295617847653939e-13
64837242912474624,0.9999,0.9995645335738065
64882013653930752,0.0,2.295617847653939e-13
64926853112511872,0.0,2.295617847653939e-13
64930426525307648,0.0,2.295617847653939e-13
64956127609659008,0.9999,0.9995645335738065
64960663095015680,1.0,0.9999999999956435
64980278208557696,0.7706,0.43539299971643236
64988322684358144,1.0,0.9999999999956435
65010519075247616,1.0,0.9999999999956435
65010686578036736,0.0,2.295617847653939e-13
65012164045754752,0.0,2.295617847653939e-13
65027595864800000,1.0,0.9999999999956435
65052953351603456,1.0,0.9999999999956435
65074286452776448,0.0,2.295617847653939e-13
65096899456994304,0.9994,0.997391577071988
65098514364769408,1.0,0.9999999999956435
65108714911246720,0.9999,0.9995645335738065
65133423858808704,0.0,2.295617847653939e-13
65162492198224768,1.0,0.9999999999956435
65201005168202368,0.0,2.295617847653939e-13
65208396808627840,1.0,0.9999999999956435
65212691775922048,0.9997,0.9986944767274725
65276772687884544,0.9991,0.9960912931327431
65283232316451328,0.9999,0.9995645335738065
65284469269256704,1.0,0.9999999999956435
65299965511216384,1.0,0.9999999999956435
65320546995112576,0.0,2.295617847653939e-13
65331198513957376,0.0,2.295617847653939e-13
65447196991375360,0.0,2.295617847653939e-13
65457504912876032,0.0,2.295617847653939e-13
65496327120026368,0.0,2.295617847653939e-13
65502206932420224,0.0,2.295617847653939e-13
65587487803029504,0.0,2.295617847653939e-13
65625592752825856,0.0,2.295617847653939e-13
65629784640881792,0.0,2.295617847653939e-13
65678781627546368,0.0,2.295617847653939e-13
65772789871345024,0.9999,0.9995645335738065
65781345446197504,0.9999,0.9995645335738065
65882706674784256,0.0,2.295617847653939e-13
65945722434985472,0.0,2.295617847653939e-13
65957988861399808,0.0,2.295617847653939e-13
65978913942139520,0.0,2.295617847653939e-13
65981490922492672,0.4399,0.15275546544638627
66026192943013376,0.0,2.295617847653939e-13
66177719388296320,0.0,2.295617847653939e-13
66241284904081792,0.0,2.295617847653939e-13
66341576682958080,0.0,2.295617847653939e-13
66425246943283968,0.0,2.295617847653939e-13
66451429065390080,1.0,0.9999999999956435
66454109124956032,0.0,2.295617847653939e-13
66469742806047744,0.9999,0.9995645335738065
66480944080770176,0.9999,0.9995645335738065
66500872725207424,0.0,2.295617847653939e-13
66500872728884992,0.0,2.295617847653939e-13
66507469798631808,1.0,0.9999999999956435
66517468482370304,0.9999,0.9995645335738065
66526127137440128,0.8397,0.5459734209582803
66536331978799616,1.0,0.9999999999956435
66539252556578816,0.9999,0.9995645335738065
66713044112564864,0.9999,0.9995645335738065
66714418501518848,0.9999,0.9995645335738065
66719194505127168,0.9999,0.9995645335738065
66792999222948992,0.9999,0.9995645335738065
66799763794633856,1.0,0.9999999999956435
66868315770847232,0.0,2.295617847653939e-13
66894772769437952,0.9999,0.9995645335738065
66971188827298944,0.0,2.295617847653939e-13
67005479845012992,0.0,2.295617847653939e-13
67033929708341504,0.0,2.295617847653939e-13
67084163645550976,0.0,2.295617847653939e-13
67107390828731392,0.0,2.295617847653939e-13
67155769340705664,0.0,2.295617847653939e-13
67200711879069440,0.0,2.295617847653939e-13
67201536512231680,0.0,2.295617847653939e-13
67227409395153664,0.0,2.295617847653939e-13
67228229732028032,0.0,2.295617847653939e-13
67334165103142272,0.0,2.295617847653939e-13
67385807789707392,0.0,2.295617847653939e-13
67401269671984128,0.0,2.295617847653939e-13
67475108749168768,0.0,2.295617847653939e-13
67523968297135232,0.0,2.295617847653939e-13
67561970166513536,0.0,2.295617847653939e-13
67659169569732352,0.0,2.295617847653939e-13
67683496265013376,0.0,2.295617847653939e-13
67703429209150592,0.0,2.295617847653939e-13
67834992647195520,0.0,2.295617847653939e-13
67900203135124224,0.0,2.295617847653939e-13
67917593458310912,0.0,2.295617847653939e-13
67934837751118464,0.0,2.295617847653939e-13
68042418092083072,0.0,2.295617847653939e-13
68042937784234880,0.0,2.295617847653939e-13
68107259212812672,0.0,2.295617847653939e-13
68183331674900864,0.9999,0.9995645335738065
68185221460637824,0.9999,0.9995645335738065
68203225963356288,0.0,2.295617847653939e-13
68225834671270528,0.9982,0.9922060570788077
68265279651517056,0.9999,0.9995645335738065
68284104491279872,0.9999,0.9995645335738065
68284521104992256,0.0032,0.0007364132662006523
68294416709622912,0.0,2.295617847653939e-13
68295481861500928,0.9999,0.9995645335738065
68298093201624960,0.9999,0.9995645335738065
68301250000967680,0.8711,0.6080533282152698
68345956317106688,0.9975,0.9892002985351789
68355130367218432,0.0,2.295617847653939e-13
68378563708730624,1.0,0.9999999999956435
68382583798146944,0.0,2.295617847653939e-13
68387840838104832,0.0,2.295617847653939e-13
68417355853132160,0.0,2.295617847653939e-13
68452265347345664,0.9999,0.9995645335738065
68459614035224704,0.0,2.295617847653939e-13
68474633536891264,0.0,2.295617847653939e-13
68479478260404224,0.0,2.295617847653939e-13
68486384567412480,0.0,2.295617847653939e-13
68572146474910336,0.0125,0.0028974259051040047
68582213878219264,0.0,2.295617847653939e-13
68604513348376320,0.0,2.295617847653939e-13
68632310376680064,0.9958,0.9819585788508659
68795381694458240,0.0,2.295617847653939e-13
68892138717554688,0.0,2.295617847653939e-13
69014047069433728,0.0,2.295617847653939e-13
69096750959570560,0.0001,2.2957947244511755e-05
69127365486544384,0.0,2.295617847653939e-13
69134198779211392,0.0,2.295617847653939e-13
69218418793157632,0.8167,0.505640911774629
69250716947955072,0.0,2.295617847653939e-13
69304524297965824,0.0,2.295617847653939e-13
69306723321209984,0.0,2.295617847653939e-13
69335619861034752,0.9995,0.997825585932503
69349535555140608,0.9244,0.7373238919381035
69382761422461696,0.0,2.295617847653939e-13
69540369541942016,0.0,2.295617847653939e-13
69614998893557504,0.0,2.295617847653939e-13
69627123585688320,0.0,2.295617847653939e-13
69650251985071488,0.0,2.295617847653939e-13
69659730977217792,0.0,2.295617847653939e-13
69733883588961408,0.0,2.295617847653939e-13
69755255345818624,0.0,2.295617847653939e-13
69765116590824064,0.0,2.295617847653939e-13
69818649063339136,0.0,2.295617847653939e-13
69819027020489088,1.0,0.9999999999956435
69827513875868032,0.0,2.295617847653939e-13
69842700880275328,0.0001,2.2957947244511755e-05
69863454162150656,0.9999,0.9995645335738065
69867538674935936,0.0,2.295617847653939e-13
69875407055301120,0.0,2.295617847653939e-13
69884959061746816,0.0,2.295617847653939e-13
69888261893264512,0.0,2.295617847653939e-13
69907430330835200,0.0,2.295617847653939e-13
69912309413652864,1.0,0.9999999999956435
69947635521777152,0.9999,0.9995645335738065
69964368714687232,0.0,2.295617847653939e-13
70035630811582976,0.0,2.295617847653939e-13
70044628765739776,0.9999,0.9995645335738065
66880066801291904,0.0006,0.00013780077104719236
66905561723623808,0.979,0.9145441701362076
66905561727107200,0.2289,0.06379761250685564
66944422591073024,0.9997,0.9986944767274725
66957612431742080,0.6268,0.2782678335514511
66974693521421696,0.0,2.295617847653939e-13
67047330006295936,0.0,2.295617847653939e-13
67072618773599104,0.0,2.295617847653939e-13
67247131885052288,0.0,2.295617847653939e-13
67276887419394944,0.0,2.295617847653939e-13
67301759571946880,0.0,2.295617847653939e-13
67306058837369728,0.0,2.295617847653939e-13
67368834079847680,0.9998,0.9991293592475643
67517749184352896,0.0,2.295617847653939e-13
67534413657544320,0.0,2.295617847653939e-13
67576332537157888,0.9963,0.9840800236910437
67583578145331712,0.0,2.295617847653939e-13
67586365580734976,0.0,2.295617847653939e-13
67596055027298304,0.0,2.295617847653939e-13
67623950838740864,0.0,2.295617847653939e-13
67629865009431936,0.0,2.295617847653939e-13
67640241650390144,0.0,2.295617847653939e-13
67673398797958272,0.0,2.295617847653939e-13
67736070960579072,0.9994,0.997391577071988
67864885619670144,0.0,2.295617847653939e-13
67883714756349440,0.0,2.295617847653939e-13
67902028496904960,0.0399,0.009450013199125012
68013079171625728,0.0,2.295617847653939e-13
68045652203555584,0.0,2.295617847653939e-13
68067745515302784,0.0,2.295617847653939e-13
68088258279064064,0.0,2.295617847653939e-13
68142374866825216,0.9999,0.9995645335738065
68144367731636480,0.0,2.295617847653939e-13
68162921990400256,0.9999,0.9995645335738065
68203054164668032,0.0,2.295617847653939e-13
68211850257704704,0.0,2.295617847653939e-13
68282837477714816,1.0,0.9999999999956435
68308882159427840,0.9999,0.9995645335738065
68384782821386752,0.0,2.295617847653939e-13
68561220078147584,0.0,2.295617847653939e-13
68603345117276416,0.0,2.295617847653939e-13
68610006610414976,0.943,0.7915727853155957
68640281834136832,0.0,2.295617847653939e-13
68681685319298944,0.0,2.295617847653939e-13
68688351109519360,0.0,2.295617847653939e-13
68699621103767552,0.0,2.295617847653939e-13
68769508811429760,0.0,2.295617847653939e-13
68806028917761280,0.0,2.295617847653939e-13
68933885799608832,0.0,2.295617847653939e-13
68940104912327680,0.0,2.295617847653939e-13
69017311244602112,0.0,2.295617847653939e-13
69153856844862848,0.0,2.295617847653939e-13
69163924248466304,0.0,2.295617847653939e-13
69250235911393408,0.9997,0.9986944767274725
69270714315362816,0.0,2.295617847653939e-13
69331153095051520,0.0,2.295617847653939e-13
69355234975714048,0.0,2.295617847653939e-13
69366887223000320,0.0,2.295617847653939e-13
69390114404976896,0.0,2.295617847653939e-13
69408561289137792,0.0,2.295617847653939e-13
69491991030171008,0.0,2.295617847653939e-13
69509445777174400,0.0,2.295617847653939e-13
69519925497372032,0.0001,2.2957947244511755e-05
69573801567332608,0.0,2.295617847653939e-13
69575313395795584,0.9998,0.9991293592475643
69585140280997888,0.9996,0.9982598857201236
69671211425937408,0.0009,0.00020674896486183613
69709797412147328,0.0,2.295617847653939e-13
69739071909188736,0.0,2.295617847653939e-13
69762677049409408,0.0,2.295617847653939e-13
69824730737081600,0.9999,0.9995645335738065
69840879814047872,0.9999,0.9995645335738065
69866851480364416,0.0,2.295617847653939e-13
69873418486230272,0.998,0.9913458374315024
69874243118711040,0.9999,0.9995645335738065
69911282917833216,1.0,0.9999999999956435
69923618063961216,0.0,2.295617847653939e-13
69974504837007232,0.9999,0.9995645335738065
69995670435926016,0.0,2.295617847653939e-13
70010342044196096,0.0,2.295617847653939e-13
70063462199542656,0.0,2.295617847653939e-13
70063737077436544,0.0,2.295617847653939e-13
70095966512043776,0.0,2.295617847653939e-13
70111321018012416,0.0,2.295617847653939e-13
70124931771547136,0.0,2.295617847653939e-13
70126031283173120,0.0,2.295617847653939e-13
70128157289925504,0.0,2.295617847653939e-13
70239315339960960,0.0,2.295617847653939e-13
70268864714932864,0.0,2.295617847653939e-13
70295493512128896,0.0,2.295617847653939e-13
70332425934502144,0.0001,2.2957947244511755e-05
70483819240065664,0.0,2.295617847653939e-13
70492168657056640,0.0,2.295617847653939e-13
66893501459131776,0.0,2.295617847653939e-13
66907069256612608,0.0,2.295617847653939e-13
66951466337428480,0.9604,0.8477339689015307
66953940238584192,0.0,2.295617847653939e-13
66969676998824576,0.9999,0.9995645335738065
66994450369012608,0.0,2.295617847653939e-13
67001047438765824,0.0,2.295617847653939e-13
67079147123956352,0.0,2.295617847653939e-13
67084301084506752,0.0,2.295617847653939e-13
67088664771417600,0.0,2.295617847653939e-13
67103679977021824,0.0,2.295617847653939e-13
67103679977021952,0.0,2.295617847653939e-13
67149412789299200,0.0,2.295617847653939e-13
67202979621222656,0.0,2.295617847653939e-13
67211844433677568,0.0,2.295617847653939e-13
67278158729741696,0.9996,0.9982598857201236
67295750915602944,0.0,2.295617847653939e-13
67317638066205568,0.0,2.295617847653939e-13
67453977510617088,0.0,2.295617847653939e-13
67457546625979520,0.0,2.295617847653939e-13
67490020875551360,0.0,2.295617847653939e-13
67500466235963776,0.0,2.295617847653939e-13
67580249547310464,0.0,2.295617847653939e-13
67683603640193920,0.0,2.295617847653939e-13
67690544307335680,0.0,2.295617847653939e-13
67694014640908032,0.0,2.295617847653939e-13
67755999608718720,0.0,2.295617847653939e-13
67831758535526016,0.0,2.295617847653939e-13
67876774089132288,0.0,2.295617847653939e-13
67899520235887616,0.9996,0.9982598857201236
67931818389909376,0.0,2.295617847653939e-13
67935460522168832,0.0,2.295617847653939e-13
67986622173105920,0.0,2.295617847653939e-13
67988615037924096,0.9998,0.9991293592475643
68050428207167104,0.0,2.295617847653939e-13
68053314425190912,0.0,2.295617847653939e-13
68093274799489920,0.0,2.295617847653939e-13
68119628720079360,0.0,2.295617847653939e-13
68223017172733056,0.0,2.295617847653939e-13
68245930822314880,0.0,2.295617847653939e-13
68268303308484224,0.9999,0.9995645335738065
68279470223462656,0.0,2.295617847653939e-13
68280982050269696,0.0,2.295617847653939e-13
68310359628169088,0.9999,0.9995645335738065
68319529381881344,0.9999,0.9995645335738065
68323485048225152,0.9999,0.9995645335738065
68356367317952128,0.9999,0.9995645335738065
68356367317952256,0.9999,0.9995645335738065
68363411064150272,1.0,0.9999999999956435
68457247508029568,0.0,2.295617847653939e-13
68461473757131392,0.0,2.295617847653939e-13
68471163203400320,0.0,2.295617847653939e-13
68475904847290240,0.9998,0.9991293592475643
68477004358822784,0.0,2.295617847653939e-13
68486002314139136,0.0,2.295617847653939e-13
68707145886391168,0.0,2.295617847653939e-13
68716594814508288,0.0,2.295617847653939e-13
68732709531801216,0.0,2.295617847653939e-13
68797821234563200,0.0,2.295617847653939e-13
68809018214999040,0.0,2.295617847653939e-13
68843068715951104,0.0,2.295617847653939e-13
68857160504028416,0.0,2.295617847653939e-13
68857813339056640,0.0,2.295617847653939e-13
68958246854087680,0.0,2.295617847653939e-13
68967146025652864,0.0,2.295617847653939e-13
68995454154764544,0.0,2.295617847653939e-13
69026519654467968,0.0,2.295617847653939e-13
69076513073685632,0.0,2.295617847653939e-13
69176598696007680,0.0,2.295617847653939e-13
69179523569295232,0.0,2.295617847653939e-13
69210687852040448,0.0,2.295617847653939e-13
69242779847579392,0.0,2.295617847653939e-13
69268206054473600,0.0,2.295617847653939e-13
69276207577017216,0.0,2.295617847653939e-13
69314454262322944,0.0,2.295617847653939e-13
69351219182301184,0.9998,0.9991293592475643
69387022029552640,0.0,2.295617847653939e-13
69444677670782080,0.0,2.295617847653939e-13
69483882131842560,0.113,0.028414209030118966
69492094109383424,0.0,2.295617847653939e-13
69498553740184448,0.0,2.295617847653939e-13
69544836307954560,0.0,2.295617847653939e-13
69568647606583680,0.0,2.295617847653939e-13
69675643832232064,0.0,2.295617847653939e-13
69677220083875200,0.0,2.295617847653939e-13
69794872124130048,0.0,2.295617847653939e-13
69818889581503232,0.0,2.295617847653939e-13
69819198819177216,0.0,2.295617847653939e-13
69858094042908928,0.9999,0.9995645335738065
69859124835119360,0.9999,0.9995645335738065
69918086146123520,0.9999,0.9995645335738065
69985499953396480,0.9993,0.9969578588463505
66531418536135552,0.9598,0.84570116598111
66532621126978304,0.9999,0.9995645335738065
66540626946092928,0.0,2.295617847653939e-13
66594434295433984,0.0,2.295617847653939e-13
66615496815113728,0.0,2.295617847653939e-13
66640712564777856,0.9999,0.9995645335738065
66665902550940800,0.9999,0.9995645335738065
66714177981308800,1.0,0.9999999999956435
66733556873061120,0.9643,0.8611253903045374
66734725106867968,0.9998,0.9991293592475643
66749327995636608,0.0,2.295617847653939e-13
66753038847347456,0.9999,0.9995645335738065
66759356741758848,0.0,2.295617847653939e-13
66780900298410496,0.0,2.295617847653939e-13
66804406656115328,0.9998,0.9991293592475643
66813786864653952,0.0,2.295617847653939e-13
66818940825520128,0.0,2.295617847653939e-13
66847321969262464,0.9396,0.7812357127223685
66878932929927936,0.2897,0.08561238722701846
66887660303617408,0.9999,0.9995645335738065
66925902692327296,0.0,2.295617847653939e-13
66933118237319168,0.0,2.295617847653939e-13
66945174207083648,0.0,2.295617847653939e-13
66950435545271680,0.9997,0.9986944767274725
67076192186403968,0.0,2.295617847653939e-13
67098319857861504,0.0,2.295617847653939e-13
67115327928350080,0.0,2.295617847653939e-13
67177862652684032,0.0,2.295617847653939e-13
67213424981629696,0.0,2.295617847653939e-13
67316809137374720,0.0,2.295617847653939e-13
67369761791970048,0.0,2.295617847653939e-13
67381787700522240,0.9997,0.9986944767274725
67433052429509504,0.0,2.295617847653939e-13
67488749565227136,0.0,2.295617847653939e-13
67537677832593280,0.0,2.295617847653939e-13
67547573437331328,0.0,2.295617847653939e-13
67578527263921664,0.0,2.295617847653939e-13
67620897117741440,0.0,2.295617847653939e-13
67637389792191232,0.0,2.295617847653939e-13
67665839655539712,0.0,2.295617847653939e-13
67756308846461952,0.0,2.295617847653939e-13
67763867988883328,0.0,2.295617847653939e-13
67872101164806912,0.0,2.295617847653939e-13
67880519300691968,0.0,2.295617847653939e-13
67923881290362624,0.0,2.295617847653939e-13
68046167599629568,0.0,2.295617847653939e-13
68088258279063936,0.0,2.295617847653939e-13
68097020012324352,0.9998,0.9991293592475643
68110828330567424,0.0,2.295617847653939e-13
68120487713491456,0.0,2.295617847653939e-13
68184671704689408,0.0,2.295617847653939e-13
68208929679935104,0.0,2.295617847653939e-13
68266787183070976,0.9996,0.9982598857201236
68297406006861824,0.0,2.295617847653939e-13
68317609532996480,0.9999,0.9995645335738065
68368629448159616,0.0,2.295617847653939e-13
68409590552589184,0.9995,0.997825585932503
68448142178730752,0.9999,0.9995645335738065
68464909730964096,0.0,2.295617847653939e-13
68487209201126784,0.0,2.295617847653939e-13
68521053543432064,0.0,2.295617847653939e-13
68544177646567552,0.0,2.295617847653939e-13
68563041144270208,0.0,2.295617847653939e-13
68581694185489920,0.9999,0.9995645335738065
68603379477010688,0.0414,0.00981698173375828
68606678011905408,0.0,2.295617847653939e-13
68642515218949760,0.0,2.295617847653939e-13
68660554081641472,0.9999,0.9995645335738065
68732297214912768,0.0,2.295617847653939e-13
68753703331888896,0.0,2.295617847653939e-13
68798950811615872,0.0,2.295617847653939e-13
68901686428595840,0.0,2.295617847653939e-13
68925983059793024,0.0004,9.185302073703103e-05
68956872464543360,0.0,2.295617847653939e-13
68979034496030848,0.6297,0.28076844972091647
69134203074475136,0.0,2.295617847653939e-13
69137943989651712,0.0,2.295617847653939e-13
69197734230616704,0.0,2.295617847653939e-13
69234705309466880,0.0,2.295617847653939e-13
69280163243483520,0.0,2.295617847653939e-13
69403617783173888,0.0,2.295617847653939e-13
69421965883495680,0.0,2.295617847653939e-13
69436328253987328,0.077,0.018791010496291734
69485664542022144,0.0,2.295617847653939e-13
69486733990130048,0.9998,0.9991293592475643
69520367878499584,0.0,2.295617847653939e-13
69559267398032128,0.0,2.295617847653939e-13
69586686469197056,0.0,2.295617847653939e-13
69596096741767424,0.0,2.295617847653939e-13
69627265320130816,0.0,2.295617847653939e-13
69628399191484672,0.0,2.295617847653939e-13
69644166015983616,0.04,0.009474450541221023
67601930542250880,0.0,2.295617847653939e-13
67656665605333888,0.7557,0.41524224921158864
67679961507925248,0.0,2.295617847653939e-13
67804687358006272,0.0,2.295617847653939e-13
67807470496792576,0.0,2.295617847653939e-13
67943981737346560,0.0,2.295617847653939e-13
68041872632333824,0.0,2.295617847653939e-13
68204394194457856,0.0,2.295617847653939e-13
68230537659257856,0.0,2.295617847653939e-13
68261053403709312,1.0,0.9999999999956435
68262973252098304,1.0,0.9999999999956435
68300326584600448,0.9995,0.997825585932503
68378185751612416,0.0,2.295617847653939e-13
68381793524163968,1.0,0.9999999999956435
68387114987849856,0.0,2.295617847653939e-13
68409590551634944,0.9995,0.997825585932503
68430545696570240,0.0,2.295617847653939e-13
68457797265137792,0.0,2.295617847653939e-13
68504114192465024,0.0515,0.012310898425884184
68507240928635648,0.0,2.295617847653939e-13
68544177647936768,0.0,2.295617847653939e-13
68547132585409920,0.0,2.295617847653939e-13
68587161680620288,0.9999,0.9995645335738065
68616779774936064,0.9975,0.9892002985351789
68649077929053824,0.0,2.295617847653939e-13
68730338709833344,0.0,2.295617847653939e-13
68804761903048320,0.0,2.295617847653939e-13
68860012362308992,0.9904,0.9594864898461389
68900659932744576,0.0,2.295617847653939e-13
68923161265709568,0.0,2.295617847653939e-13
68928869277908608,0.04,0.009474450541221023
68979511235971712,0.0,2.295617847653939e-13
68991743303014656,0.0,2.295617847653939e-13
69043390285947392,0.0,2.295617847653939e-13
69100874128167936,0.0,2.295617847653939e-13
69136676975622784,0.0,2.295617847653939e-13
69171036713940992,0.0,2.295617847653939e-13
69182031830273792,0.0,2.295617847653939e-13
69311774202738816,0.0,2.295617847653939e-13
69345618544885504,0.0,2.295617847653939e-13
69412276436105856,0.0,2.295617847653939e-13
69474944303499392,0.0,2.295617847653939e-13
69546996675000960,0.0,2.295617847653939e-13
69639222509154688,0.0,2.295617847653939e-13
69656539817188480,0.0,2.295617847653939e-13
69719280700173568,0.0205,0.0047815360893678
69722987255469056,0.0,2.295617847653939e-13
69765597627046784,0.0,2.295617847653939e-13
69800197883613184,0.0,2.295617847653939e-13
69811948914407168,1.0,0.9999999999956435
69835622774091264,0.0,2.295617847653939e-13
69842013685507072,0.0,2.295617847653939e-13
69918154865601408,0.0,2.295617847653939e-13
69945814454871680,0.9999,0.9995645335738065
69990241597280640,0.9999,0.9995645335738065
70021405879905536,0.0,2.295617847653939e-13
70032053102012160,0.0,2.295617847653939e-13
70043804132576768,0.0,2.295617847653939e-13
70049477786093056,0.9999,0.9995645335738065
70060610341280128,0.9998,0.9991293592475643
70082016458236800,0.0,2.295617847653939e-13
70123041985941888,0.0,2.295617847653939e-13
70194029205283840,0.5192,0.1986512789683227
70214335810824576,0.0,2.295617847653939e-13
70247213783713280,0.0,2.295617847653939e-13
70264982064495232,0.0,2.295617847653939e-13
70299410522268032,0.0,2.295617847653939e-13
70312600366210304,0.0,2.295617847653939e-13
70320266883420416,0.0,2.295617847653939e-13
70349434005077248,0.0,2.295617847653939e-13
70383763682603520,0.0,2.295617847653939e-13
70421353235710080,0.0,2.295617847653939e-13
70455506815539072,0.0,2.295617847653939e-13
70503507369972096,0.0,2.295617847653939e-13
70591429642349568,0.0,2.295617847653939e-13
70760105895339264,0.0,2.295617847653939e-13
70843565700990720,0.0,2.295617847653939e-13
70853014629688832,0.0,2.295617847653939e-13
70916202187749504,0.0,2.295617847653939e-13
70941383577307392,0.9998,0.9991293592475643
70944926927310208,0.0,2.295617847653939e-13
70988288917158016,0.0,2.295617847653939e-13
70992648306964096,0.0,2.295617847653939e-13
71012890489673088,0.0,2.295617847653939e-13
71019934236074880,0.0,2.295617847653939e-13
71036358190950528,0.9998,0.9991293592475643
71056252479453056,0.9997,0.9986944767274725
71072332836945152,0.0,2.295617847653939e-13
71132256220779776,0.0,2.295617847653939e-13
71137513260721792,0.0,2.295617847653939e-13
71151841271691904,0.9999,0.9995645335738065
68110626468711808,0.0,2.295617847653939e-13
68153056449032192,0.0,2.295617847653939e-13
68156290560900480,0.9999,0.9995645335738065
68174191984619264,0.0,2.295617847653939e-13
68227277780207872,0.0,2.295617847653939e-13
68250264445159936,0.9935,0.9722896782830845
68251913712593408,0.0,2.295617847653939e-13
68267680536205440,0.9837,0.9326779907931507
68267822270772096,0.0,2.295617847653939e-13
68303659479211776,0.9999,0.9995645335738065
68411377258697984,0.0,2.295617847653939e-13
68530124514310912,0.9998,0.9991293592475643
68609667309114624,0.0,2.295617847653939e-13
68625846449476096,0.9975,0.9892002985351789
68653235457299584,0.0,2.295617847653939e-13
68660244843997312,0.9994,0.997391577071988
68703022717815680,0.0,2.295617847653939e-13
68711956249760768,0.0,2.295617847653939e-13
68717861828564224,0.0,2.295617847653939e-13
68728517643702912,0.0,2.295617847653939e-13
68742433337737728,0.0,2.295617847653939e-13
69011981189721856,0.0,2.295617847653939e-13
69023186759855232,0.0398,0.009425579741636892
69024110176397440,0.0,2.295617847653939e-13
69070328320804352,0.0,2.295617847653939e-13
69127674724198912,0.0,2.295617847653939e-13
69181271620233856,0.0,2.295617847653939e-13
69211478126021376,0.0,2.295617847653939e-13
69225428179721344,0.0,2.295617847653939e-13
69246559419395072,0.0,2.295617847653939e-13
69294319455655808,0.9997,0.9986944767274725
69299748294338816,0.0798,0.019519082544317792
69431346092063488,0.0,2.295617847653939e-13
69470206956077056,0.9733,0.8932565676623481
69598368780197632,0.0,2.295617847653939e-13
69611665998912896,0.0,2.295617847653939e-13
69634309066490240,0.0,2.295617847653939e-13
69704643451409792,0.9998,0.9991293592475643
69733883588579840,0.0,2.295617847653939e-13
69760443666304000,0.0,2.295617847653939e-13
69787587859639296,0.0,2.295617847653939e-13
69805175749940352,0.0,2.295617847653939e-13
69811364798863744,1.0,0.9999999999956435
69811639676769536,1.0,0.9999999999956435
69818885285412992,0.0,2.295617847653939e-13
69838302833692160,0.9998,0.9991293592475643
69841257769938944,0.9996,0.9982598857201236
69846102494276736,0.0,2.295617847653939e-13
69871219462957952,1.0,0.9999999999956435
69904410970171392,0.9999,0.9995645335738065
69916574317650432,0.0,2.295617847653939e-13
69922243674432896,0.4712,0.16981897999337053
69965262067419392,0.0,2.295617847653939e-13
69996632508602496,0.0,2.295617847653939e-13
70004672687247616,0.0,2.295617847653939e-13
70028999382036352,0.0,2.295617847653939e-13
70040612971644928,0.0005,0.00011482512521487586
70059785708097920,0.0,2.295617847653939e-13
70068130827641856,0.0,2.295617847653939e-13
70072086493899520,0.0,2.295617847653939e-13
70078614844717056,0.0,2.295617847653939e-13
70188733509474688,0.8796,0.6264611286452885
70274877669204864,0.0,2.295617847653939e-13
70286319462343808,0.9999,0.9995645335738065
70291920099331200,0.0,2.295617847653939e-13
70300887991010304,0.0,2.295617847653939e-13
70347033119553408,0.6977,0.3463292749595599
70365724817215232,0.0,2.295617847653939e-13
70431798596201856,0.0,2.295617847653939e-13
70438911062625280,0.0,2.295617847653939e-13
70462688000922880,0.9998,0.9991293592475643
70522920622269952,0.0,2.295617847653939e-13
70677883041512448,0.0,2.295617847653939e-13
70685648342506240,0.0,2.295617847653939e-13
70793434842911744,0.0,2.295617847653939e-13
70807865932950912,0.0,2.295617847653939e-13
70829959244674176,0.0,2.295617847653939e-13
70834563449595904,0.0,2.295617847653939e-13
70912869293065216,0.0,2.295617847653939e-13
70938810893886208,0.9998,0.9991293592475643
70946644914222464,0.2368,0.06649079614642507
71026909262931200,0.0,2.295617847653939e-13
71034399685780736,0.0,2.295617847653939e-13
71050376964135808,0.0,2.295617847653939e-13
71121398543609984,0.0,2.295617847653939e-13
71154040294931072,0.0,2.295617847653939e-13
71198295637794048,0.0,2.295617847653939e-13
71319276276513408,0.0,2.295617847653939e-13
71354082691850752,0.0,2.295617847653939e-13
71359953910560000,0.0,2.295617847653939e-13
71448571972098560,0.0,2.295617847653939e-13
71453657213353728,0.0,2.295617847653939e-13
71536395463501184,0.0,2.295617847653939e-13
67053514759182080,0.0,2.295617847653939e-13
67164118757674496,0.0,2.295617847653939e-13
67176282104722432,0.0,2.295617847653939e-13
67178481127971712,0.0,2.295617847653939e-13
67190369597339008,0.0,2.295617847653939e-13
67299530486953600,0.0,2.295617847653939e-13
67331381964358656,0.1997,0.05417933133698927
67369658709673344,0.9999,0.9995645335738065
67372785448912896,0.0,2.295617847653939e-13
67391923823101568,0.0,2.295617847653939e-13
67414738688979328,0.0,2.295617847653939e-13
67456623209945856,0.0,2.295617847653939e-13
67542659994647040,0.0,2.295617847653939e-13
67593959082901248,0.0,2.295617847653939e-13
67596089386669568,0.0,2.295617847653939e-13
67637626014062720,0.0,2.295617847653939e-13
67700165034015488,0.0,2.295617847653939e-13
67700469975617792,0.0,2.295617847653939e-13
67723697158746880,0.0,2.295617847653939e-13
67767784999038720,0.0,2.295617847653939e-13
67791733736658432,0.0,2.295617847653939e-13
67830903838330496,0.0,2.295617847653939e-13
67847121635016192,0.0,2.295617847653939e-13
67874983087365376,0.0,2.295617847653939e-13
67876293052797696,0.0,2.295617847653939e-13
67911271266381184,0.0,2.295617847653939e-13
67933673815780864,0.0,2.295617847653939e-13
68060804848135040,0.0,2.295617847653939e-13
68062557194781824,0.0,2.295617847653939e-13
68117635855255168,1.0,0.9999999999956435
68127050423764224,0.0,2.295617847653939e-13
68136155754192512,0.0,2.295617847653939e-13
68145776480904064,0.9999,0.9995645335738065
68158283425655040,0.0,2.295617847653939e-13
68162028637205888,0.9999,0.9995645335738065
68171340126507648,0.0,2.295617847653939e-13
68192093408157568,0.9998,0.9991293592475643
68202916725712768,0.0,2.295617847653939e-13
68296650092601088,0.9999,0.9995645335738065
68297921403225984,0.8367,0.540484556204682
68353171860245760,0.23,0.06417022503481924
68486796884270208,0.0,2.295617847653939e-13
68543834050536576,0.0,2.295617847653939e-13
68556508497159936,0.9999,0.9995645335738065
68567507910236288,0.0,2.295617847653939e-13
68579533818638336,0.0,2.295617847653939e-13
68629870835252992,0.0,2.295617847653939e-13
68653201097557888,0.9551,0.830023691846653
68691439189554688,0.0,2.295617847653939e-13
68715662805235456,0.0,2.295617847653939e-13
68780366488827136,0.0,2.295617847653939e-13
68862280104972544,0.2842,0.08353136502455438
68927391809176192,0.0,2.295617847653939e-13
68973949254813696,0.0,2.295617847653939e-13
69006006890677376,0.0,2.295617847653939e-13
69113308060660864,0.0,2.295617847653939e-13
69162618578070400,0.0,2.295617847653939e-13
69280163242172672,0.0,2.295617847653939e-13
69321601087879168,0.0,2.295617847653939e-13
69390423643887232,0.0,2.295617847653939e-13
69405782446704128,0.2393,0.06735144194028134
69418426830362368,0.0,2.295617847653939e-13
69431582313855360,0.0,2.295617847653939e-13
69449900350667264,0.04,0.009474450541221023
69485222161645696,0.042,0.009964014579733203
69494391915567744,0.0,2.295617847653939e-13
69512228915307392,0.0,2.295617847653939e-13
69543839875555328,0.0,2.295617847653939e-13
69573694192024832,0.0,2.295617847653939e-13
69581944825344256,0.0,2.295617847653939e-13
69587923419778432,0.0,2.295617847653939e-13
69595035885590144,0.0,2.295617847653939e-13
69607336671879936,0.0,2.295617847653939e-13
69637229644231936,0.0,2.295617847653939e-13
69651759518208000,0.9986,0.9939299445781303
69707907626540928,0.3581,0.11352766942370787
69797689622725760,0.0,2.295617847653939e-13
69810093488518784,0.9999,0.9995645335738065
69810540165143936,0.0,2.295617847653939e-13
69847270725375104,0.0,2.295617847653939e-13
69849229230450944,0.0,2.295617847653939e-13
69877988331531904,0.5788,0.23980773989967322
69887437259965568,0.0,2.295617847653939e-13
69896473870624640,1.0,0.9999999999956435
69904617128601984,0.9999,0.9995645335738065
69905854079181568,0.0,2.295617847653939e-13
69906472554465792,0.9999,0.9995645335738065
69906713072633856,0.9999,0.9995645335738065
69930764889482752,0.9999,0.9995645335738065
69947120125697920,0.0,2.295617847653939e-13
69971064566070656,0.0,2.295617847653939e-13
69990001079112320,0.1179,0.029769430706431045
70011132318164736,0.0,2.295617847653939e-13
70035940049650048,0.0,2.295617847653939e-13
66818322350220416,0.9999,0.9995645335738065
66818769026836480,0.0,2.295617847653939e-13
66852647730267264,0.9999,0.9995645335738065
66853128766601984,0.0,2.295617847653939e-13
66863058730966528,0.9998,0.9991293592475643
66868831166915328,0.0,2.295617847653939e-13
66903328344137344,0.0,2.295617847653939e-13
66908344865917440,0.0,2.295617847653939e-13
66951603776380416,0.0,2.295617847653939e-13
66957616730726144,0.0,2.295617847653939e-13
66957994687842176,0.9999,0.9995645335738065
66982458821495424,0.9999,0.9995645335738065
67006304478724736,0.0,2.295617847653939e-13
67034994860213888,0.8881,0.6456324351780718
67142643921198720,0.0,2.295617847653939e-13
67202979621222528,0.0,2.295617847653939e-13
67240878412705152,0.0,2.295617847653939e-13
67251942248273280,0.0,2.295617847653939e-13
67255962337684352,0.0,2.295617847653939e-13
67271080622509312,0.0,2.295617847653939e-13
67304959325424768,0.9999,0.9995645335738065
67386323185773568,0.0,2.295617847653939e-13
67412333507656064,0.0,2.295617847653939e-13
67449751262428416,0.0,2.295617847653939e-13
67476139541310592,0.0,2.295617847653939e-13
67486481822647808,0.0,2.295617847653939e-13
67493353770299392,0.1599,0.04186432400773609
67506238672049536,0.0,2.295617847653939e-13
67542659994647296,0.0,2.295617847653939e-13
67553826909582592,0.0,2.295617847653939e-13
67625226444845184,0.0,2.295617847653939e-13
67637389792191104,0.0,2.295617847653939e-13
67731496819571200,0.0,2.295617847653939e-13
67812688880954752,0.0001,2.2957947244511755e-05
67944875090546176,0.0,2.295617847653939e-13
67975038644519168,0.0,2.295617847653939e-13
68005210791549952,0.0,2.295617847653939e-13
68009505759140480,0.0,2.295617847653939e-13
68022253221746048,0.0,2.295617847653939e-13
68059189940424960,0.0,2.295617847653939e-13
68120418994061312,1.0,0.9999999999956435
68131414110279040,0.0,2.295617847653939e-13
68164055861758976,0.0,2.295617847653939e-13
68180376737395328,0.0,2.295617847653939e-13
68198278161036928,0.0,2.295617847653939e-13
68212365653772928,0.0,2.295617847653939e-13
68230095278817792,0.0,2.295617847653939e-13
68254765570883712,0.9999,0.9995645335738065
68257651788898560,0.0,2.295617847653939e-13
68265588889169664,1.0,0.9999999999956435
68293729514855040,0.9992,0.996524430963752
68294554148575232,1.0,0.9999999999956435
68296890611072384,0.9999,0.9995645335738065
68311321700887936,0.0,2.295617847653939e-13
68329429282956160,0.0,2.295617847653939e-13
68388528032874112,0.0,2.295617847653939e-13
68409487473090688,0.5777,0.23898644586347842
68449757086421760,0.9998,0.9991293592475643
68478271373162112,0.0,2.295617847653939e-13
68486384567412992,0.0,2.295617847653939e-13
68501842153545728,0.0,2.295617847653939e-13
68506347575444096,0.9998,0.9991293592475643
68508855836353536,0.9935,0.9722896782830845
68573898821551872,0.0,2.295617847653939e-13
68574654735805440,0.0,2.295617847653939e-13
68615852062014336,0.0,2.295617847653939e-13
68618978798306432,0.9996,0.9982598857201236
68624613795266432,0.9998,0.9991293592475643
68648871770628480,0.0,2.295617847653939e-13
68757929579694720,0.0,2.295617847653939e-13
68791430324568192,0.0,2.295617847653939e-13
68795484773673216,0.0,2.295617847653939e-13
68810774857247616,0.0,2.295617847653939e-13
68812316749913344,0.0,2.295617847653939e-13
68857160504028544,0.0,2.295617847653939e-13
68882586710324864,0.0,2.295617847653939e-13
68902721517034368,0.0,2.295617847653939e-13
68917083887574016,0.0,2.295617847653939e-13
68924574310521344,0.0,2.295617847653939e-13
68955807312655104,0.0,2.295617847653939e-13
69081254717583616,0.0,2.295617847653939e-13
69107230679883776,0.0,2.295617847653939e-13
69209004224872832,0.0,2.295617847653939e-13
69260990509512192,0.9896,0.9562242289990864
69348951439583488,0.0,2.295617847653939e-13
69408565585485440,0.0,2.295617847653939e-13
69459040041030656,0.0,2.295617847653939e-13
69498725538868352,0.4719,0.1702153750248558
69527656438786048,0.0,2.295617847653939e-13
69580394340959744,0.0027,0.000621108839026683
69581120191598464,0.0,2.295617847653939e-13
69629047731065856,0.0,2.295617847653939e-13
69689937483616512,0.0,2.295617847653939e-13
67122126859367808,0.0,2.295617847653939e-13
67171128143971328,0.0,2.295617847653939e-13
67179305761748736,0.0,2.295617847653939e-13
67191331669989632,0.0,2.295617847653939e-13
67276853059656960,0.0,2.295617847653939e-13
67296811768896512,0.0,2.295617847653939e-13
67308979414971648,0.0,2.295617847653939e-13
67376942978061312,0.0,2.295617847653939e-13
67446384007944576,0.0,2.295617847653939e-13
67481259142310784,0.0,2.295617847653939e-13
67527885307288192,0.997,0.9870618885605034
67602823895371648,0.0,2.295617847653939e-13
67731913432239488,0.0002,4.59194325701782e-05
67758576589185280,0.0001,2.2957947244511755e-05
67860070960135168,0.0,2.295617847653939e-13
68059293019639552,0.0,2.295617847653939e-13
68189580851547904,0.0,2.295617847653939e-13
68192368286061952,0.0,2.295617847653939e-13
68334235349446528,0.9999,0.9995645335738065
68426010211244928,0.0,2.295617847653939e-13
68431335970781184,0.0,2.295617847653939e-13
68458514523905408,0.9999,0.9995645335738065
68482295758618752,0.0,2.295617847653939e-13
68561220076702976,0.0,2.295617847653939e-13
68589120185613056,0.0,2.295617847653939e-13
68597984998134400,0.0399,0.009450013199125012
68605058807852928,0.9997,0.9986944767274725
68613378161256832,0.0,2.295617847653939e-13
68767515946676608,0.0,2.295617847653939e-13
68827473690046464,0.0,2.295617847653939e-13
68888599664525184,0.0,2.295617847653939e-13
68957662738534144,0.0,2.295617847653939e-13
69092112394903936,0.0,2.295617847653939e-13
69128464998460288,0.0,2.295617847653939e-13
69172136225566720,0.0,2.295617847653939e-13
69209893282561024,0.0,2.295617847653939e-13
69211714348752256,0.0,2.295617847653939e-13
69325311939607296,0.0,2.295617847653939e-13
69380012643025152,0.0,2.295617847653939e-13
69393275501915520,0.0002,4.59194325701782e-05
69549882893081088,0.0,2.295617847653939e-13
69551261579019648,0.0,2.295617847653939e-13
69573251811510912,0.9984,0.9930674253602977
69588679334008320,0.0439,0.010430546783304968
69624065569179136,0.029,0.006809432931471323
69646369334624512,0.0,2.295617847653939e-13
69649736589001600,0.9837,0.9326779907931507
69693854493469568,0.0,2.295617847653939e-13
69787931457021056,0.0,2.295617847653939e-13
69807963184755840,1.0,0.9999999999956435
69876923179646080,0.9999,0.9995645335738065
69881424305230336,0.0,2.295617847653939e-13
69882455097377536,0.0,2.295617847653939e-13
69912588588007424,0.0,2.295617847653939e-13
69916402518956544,0.0,2.295617847653939e-13
69933170071162624,0.0,2.295617847653939e-13
69954713627862528,0.9987,0.9943616365092829
69996976105980800,0.9999,0.9995645335738065
70042743277270016,0.9999,0.9995645335738065
70085933468406784,0.995,0.9785788319573567
70091259227969920,0.9999,0.9995645335738065
70162109008419072,0.0,2.295617847653939e-13
70165407543276928,0.0,2.295617847653939e-13
70169251536714624,0.9999,0.9995645335738065
70182896649961088,0.0,2.295617847653939e-13
70234882933734400,0.9997,0.9986944767274725
70242785673539712,0.9999,0.9995645335738065
70257113684419840,0.0,2.295617847653939e-13
70265841057948800,0.0,2.295617847653939e-13
70281234219495808,0.0,2.295617847653939e-13
70286834858089216,0.023,0.005375169477106092
70302223725019776,0.0,2.295617847653939e-13
70338683703144832,0.0,2.295617847653939e-13
70342257115920128,0.0,2.295617847653939e-13
70362769879699968,0.0,2.295617847653939e-13
70384652737248256,0.0,2.295617847653939e-13
70408502693645568,0.0,2.295617847653939e-13
70433241705178240,0.9997,0.9986944767274725
70445301973314816,0.0,2.295617847653939e-13
70516735867114624,0.0,2.295617847653939e-13
70587993668476928,0.0,2.295617847653939e-13
70695196052381952,0.0,2.295617847653939e-13
70708360129393536,0.0806,0.01972771829055301
70782405365513984,0.0,2.295617847653939e-13
70797798529666688,0.0,2.295617847653939e-13
70863219471302144,0.0,2.295617847653939e-13
70960594967990912,0.0,2.295617847653939e-13
70974304503575552,0.1197,0.03027009810760916
70983822151072896,0.0,2.295617847653939e-13
70988804313158528,0.0,2.295617847653939e-13
71042641727187968,0.9998,0.9991293592475643
71059138697443200,0.1644,0.043213363931144146
71190770855174016,0.0,2.295617847653939e-13
71193176036765824,0.0,2.295617847653939e-13
66546742979468416,0.9999,0.9995645335738065
66550763068859776,0.0,2.295617847653939e-13
66631852050337280,0.0,2.295617847653939e-13
66633157720353920,0.0,2.295617847653939e-13
66648001127514368,0.9999,0.9995645335738065
66671468828544384,0.9999,0.9995645335738065
66690538483398784,0.0,2.295617847653939e-13
66691809793716096,0.0,2.295617847653939e-13
66722355601033600,1.0,0.9999999999956435
66727234683931520,1.0,0.9999999999956435
66740497542906368,0.9999,0.9995645335738065
66757711771718144,0.0,2.295617847653939e-13
66771146429454592,0.9998,0.9991293592475643
66771520089181312,0.0,2.295617847653939e-13
66779564565300224,0.9999,0.9995645335738065
66786505232432512,1.0,0.9999999999956435
66791246876452736,0.0,2.295617847653939e-13
66798526845337344,1.0,0.9999999999956435
66802654309459712,0.9842,0.9346390921943634
66805093850868224,0.0,2.295617847653939e-13
66913979862941056,0.0007,0.0001607799590529407
66942910762588928,0.9988,0.9947936170406224
66955452067066880,0.0,2.295617847653939e-13
66960262430594816,0.9999,0.9995645335738065
66978266933341056,0.0,2.295617847653939e-13
66979881841042304,0.0,2.295617847653939e-13
67074268041022464,0.0,2.295617847653939e-13
67084438523457280,0.0,2.295617847653939e-13
67085641114472320,0.9999,0.9995645335738065
67159651991287168,0.0,2.295617847653939e-13
67182466857622784,0.0,2.295617847653939e-13
67184317985851392,0.0,2.295617847653939e-13
67256374654557056,0.0,2.295617847653939e-13
67285099396832896,0.0,2.295617847653939e-13
67337154400348544,0.0,2.295617847653939e-13
67368353043627648,0.9998,0.9991293592475643
67471191736698880,0.0,2.295617847653939e-13
67478544722974336,0.0,2.295617847653939e-13
67521391316755200,0.0,2.295617847653939e-13
67617358064690688,0.0,2.295617847653939e-13
67623748976014720,0.0,2.295617847653939e-13
67657107985432192,0.0,2.295617847653939e-13
67789667860318848,0.0,2.295617847653939e-13
67800972210003200,0.0,2.295617847653939e-13
67815540739265664,0.0,2.295617847653939e-13
67969369288405376,0.0,2.295617847653939e-13
68000194269687040,0.0,2.295617847653939e-13
68094576174302464,0.0,2.295617847653939e-13
68151136600085632,0.0,2.295617847653939e-13
68170721650939264,0.9999,0.9995645335738065
68176494086976768,0.0,2.295617847653939e-13
68186114813689344,1.0,0.9999999999956435
68206520202661248,0.0,2.295617847653939e-13
68250127006205696,0.0,2.295617847653939e-13
68310561489710336,0.9999,0.9995645335738065
68322145018429952,1.0,0.9999999999956435
68327402058399232,1.0,0.9999999999956435
68550499839750656,0.0,2.295617847653939e-13
68584619060008448,0.0,2.295617847653939e-13
68594823902190720,0.0,2.295617847653939e-13
68730196974868224,0.0,2.295617847653939e-13
68757482903102848,0.0,2.295617847653939e-13
68829122957481472,0.0,2.295617847653939e-13
68830978383350784,0.0,2.295617847653939e-13
68892619753888256,0.0,2.295617847653939e-13
68928697479221248,0.0,2.295617847653939e-13
68946839420964352,0.0,2.295617847653939e-13
68965256241020416,0.0,2.295617847653939e-13
68971372274445312,0.0,2.295617847653939e-13
69025450207195392,0.0,2.295617847653939e-13
69134271793954176,0.0,2.295617847653939e-13
69212749436348416,0.0,2.295617847653939e-13
69252739875534976,0.0,2.295617847653939e-13
69321979044996992,0.0,2.295617847653939e-13
69330843857518336,0.0,2.295617847653939e-13
69333042880761984,0.0,2.295617847653939e-13
69335619861034624,0.9971,0.9874890019477426
69350119669905792,0.0,2.295617847653939e-13
69381833709148160,0.0,2.295617847653939e-13
69467286378338688,0.0,2.295617847653939e-13
69467286378338944,0.0,2.295617847653939e-13
69496045479301504,0.0,2.295617847653939e-13
69513328427610496,0.0,2.295617847653939e-13
69605270791511808,0.0,2.295617847653939e-13
69624065568972544,0.0377,0.008913372841140773
69667908594174208,0.0398,0.009425579741636892
69834866859848192,1.0,0.9999999999956435
69837134602589952,0.9999,0.9995645335738065
69918979499308288,0.0,2.295617847653939e-13
69922346753650176,0.0,2.295617847653939e-13
69948253997063424,0.9999,0.9995645335738065
69984778398887040,0.0,2.295617847653939e-13
70011063598677248,0.0,2.295617847653939e-13
70019103777425024,0.1199,0.030325822261558315
67582998326368896,0.0,2.295617847653939e-13
67625226444844928,0.0,2.295617847653939e-13
67639210858247040,0.0,2.295617847653939e-13
67667935599570432,0.9994,0.997391577071988
67710988351578880,0.0,2.295617847653939e-13
67760157137145088,0.0,2.295617847653939e-13
67827089907565440,0.0,2.295617847653939e-13
67855471051393024,0.0,2.295617847653939e-13
67885982499088000,0.0,2.295617847653939e-13
67935323083216896,0.0,2.295617847653939e-13
67945905882712192,0.0,2.295617847653939e-13
67953499384852096,0.0,2.295617847653939e-13
67995620128529664,0.0,2.295617847653939e-13
68010364752214144,0.0,2.295617847653939e-13
68010777069070464,0.0,2.295617847653939e-13
68038608457207936,0.0,2.295617847653939e-13
68042422388164480,0.0,2.295617847653939e-13
68068398350322432,0.0,2.295617847653939e-13
68091041417951232,0.0,2.295617847653939e-13
68102242692568576,0.0,2.295617847653939e-13
68118907165534976,0.0,2.295617847653939e-13
68129764842889600,1.0,0.9999999999956435
68175806892217216,1.0,0.9999999999956435
68202916725712384,0.0,2.295617847653939e-13
68283421593270400,1.0,0.9999999999956435
68310359628169472,1.0,0.9999999999956435
68325649711754880,0.9997,0.9986944767274725
68341283392666368,0.0,2.295617847653939e-13
68347880462442496,0.0,2.295617847653939e-13
68403092265628032,0.0,2.295617847653939e-13
68457110070378496,0.017,0.003954342138096841
68468203969428736,0.0398,0.009425579741636892
68481127527503488,0.0,2.295617847653939e-13
68513082084154624,0.0,2.295617847653939e-13
68595751615127296,0.9999,0.9995645335738065
68606918530067072,0.9999,0.9995645335738065
68712128048455552,0.0,2.295617847653939e-13
68870590865843328,0.0,2.295617847653939e-13
68883892380373376,0.0,2.295617847653939e-13
68957594019058816,0.0001,2.2957947244511755e-05
69084484532970368,0.0,2.295617847653939e-13
69273737972338560,0.0,2.295617847653939e-13
69294010218010240,0.9998,0.9991293592475643
69370941672125184,0.9994,0.997391577071988
69389117973603584,0.0,2.295617847653939e-13
69419629421291392,0.0,2.295617847653939e-13
69427291642841472,0.0,2.295617847653939e-13
69494739809259136,0.0,2.295617847653939e-13
69556106302117120,0.0,2.295617847653939e-13
69567445015745536,0.0,2.295617847653939e-13
69578611930727808,0.0,2.295617847653939e-13
69611494200223616,0.0,2.295617847653939e-13
69624894498384256,0.0,2.295617847653939e-13
69661728136262656,0.0,2.295617847653939e-13
69665473349684864,0.0,2.295617847653939e-13
69670489871431040,0.0,2.295617847653939e-13
69684852242063488,0.0,2.295617847653939e-13
69693648335044864,0.0,2.295617847653939e-13
69698767936043136,0.0013,0.00029872951862309783
69704540372182912,0.0,2.295617847653939e-13
69763673480011136,0.0,2.295617847653939e-13
69834763780636672,0.9936,0.9727070266146185
69864313155605120,1.0,0.9999999999956435
69876712724339456,1.0,0.9999999999956435
69883417170175488,1.0,0.9999999999956435
69885410034993536,0.0,2.295617847653939e-13
69893484573366784,0.0,2.295617847653939e-13
69894790243450624,0.0,2.295617847653939e-13
69908156181656576,0.9933,0.971455803542324
69911317277570688,0.0268,0.006281964221834622
69940591774706688,0.0,2.295617847653939e-13
69964879813013248,0.9999,0.9995645335738065
69987905135086976,0.0,2.295617847653939e-13
70013022103636992,0.0,2.295617847653939e-13
70112149948809216,0.0037,0.000851806782270415
70135170973556480,0.0,2.295617847653939e-13
70153484713977472,0.9999,0.9995645335738065
70203649931977984,0.0,2.295617847653939e-13
70224643732103680,0.9998,0.9991293592475643
70257109388259584,0.0,2.295617847653939e-13
70274190474468864,0.9999,0.9995645335738065
70420013206107008,0.0,2.295617847653939e-13
70426782074435584,0.9995,0.997825585932503
70444271181166208,0.0,2.295617847653939e-13
70457877637565824,0.9989,0.9952258864616523
70503747888137472,0.0,2.295617847653939e-13
70612530819548672,0.0,2.295617847653939e-13
70681319015350528,0.0,2.295617847653939e-13
70711108906129024,0.0,2.295617847653939e-13
70722104024816640,0.0,2.295617847653939e-13
70859680418561792,0.0001,2.2957947244511755e-05
70976224352039680,0.0,2.295617847653939e-13
70993545957051904,0.0,2.295617847653939e-13
71242447900338176,0.0,2.295617847653939e-13
67521391316754944,0.0,2.295617847653939e-13
67539086581855744,0.0,2.295617847653939e-13
67570628820559488,0.0,2.295617847653939e-13
67657662037739648,0.0,2.295617847653939e-13
67747615832673408,0.9926,0.9685458438718041
67772457923447040,0.0,2.295617847653939e-13
67789706512021376,0.0,2.295617847653939e-13
67823619573830144,0.0,2.295617847653939e-13
67834992647195392,0.0,2.295617847653939e-13
67918761689417856,0.0,2.295617847653939e-13
67920926352940032,0.9952,0.9794220942268541
68052867748594432,0.0,2.295617847653939e-13
68151858154586624,0.0,2.295617847653939e-13
68152648428640640,0.0,2.295617847653939e-13
68206524498415360,0.0,2.295617847653939e-13
68214835259413888,0.0,2.295617847653939e-13
68219649918298240,0.0,2.295617847653939e-13
68236795427794816,0.9999,0.9995645335738065
68240678078166144,0.0,2.295617847653939e-13
68243151979321728,0.0,2.295617847653939e-13
68259438496008832,0.9999,0.9995645335738065
68268165869533568,0.9999,0.9995645335738065
68298299360049152,0.0,2.295617847653939e-13
68303487680516224,1.0,0.9999999999956435
68364544933829376,0.9999,0.9995645335738065
68404711469410432,0.4512,0.15877027315648518
68453296139415296,0.0,2.295617847653939e-13
68460026351628416,0.0,2.295617847653939e-13
68478481827992320,0.0,2.295617847653939e-13
68483665851748992,0.0,2.295617847653939e-13
68498857152411136,0.0,2.295617847653939e-13
68647359942527616,0.0,2.295617847653939e-13
68837231855722240,0.0,2.295617847653939e-13
68859634405187968,0.0,2.295617847653939e-13
68865097603584768,0.0,2.295617847653939e-13
69043592149130624,0.0,2.295617847653939e-13
69077784384004224,0.0,2.295617847653939e-13
69116748327393536,0.0,2.295617847653939e-13
69213505350511104,0.0,2.295617847653939e-13
69266728585724672,0.0,2.295617847653939e-13
69306654601732736,0.0449,0.010676658316408905
69311361885884672,0.0,2.295617847653939e-13
69412379515320832,0.0,2.295617847653939e-13
69454710714126848,0.0,2.295617847653939e-13
69485978075890176,0.9986,0.9939299445781303
69502298951642496,0.9998,0.9991293592475643
69517382876728576,0.0,2.295617847653939e-13
69585140280997760,0.9993,0.9969578588463505
69627299679867392,0.0,2.295617847653939e-13
69629567422587008,0.0,2.295617847653939e-13
69639424371682944,0.0,2.295617847653939e-13
69662209174010880,0.0,2.295617847653939e-13
69774561222654336,0.0,2.295617847653939e-13
69822875311156224,0.1244,0.03158463704188135
69979109041937152,0.0,2.295617847653939e-13
69986702544247424,0.0,2.295617847653939e-13
70007485889162752,0.0,2.295617847653939e-13
70019378655328768,0.9999,0.9995645335738065
70035351636365824,0.9999,0.9995645335738065
70098612211973248,1.0,0.9999999999956435
70115036166829184,0.0005,0.00011482512521487586
70118197262752768,0.9998,0.9991293592475643
70125825124743552,0.0,2.295617847653939e-13
70128161586957440,0.0,2.295617847653939e-13
70134616921543168,0.0367,0.008670064283779989
70146853284493312,0.9998,0.9991293592475643
70201725786644608,0.9998,0.9991293592475643
70292126257763328,0.0,2.295617847653939e-13
70330536148769792,0.0,2.295617847653939e-13
70369676189384832,0.0,2.295617847653939e-13
70371050578911104,0.0112,0.002593470810421813
70407368822413312,0.0,2.295617847653939e-13
70509932641194880,0.0,2.295617847653939e-13
70525875559742592,0.0,2.295617847653939e-13
70562876700870528,0.0399,0.009450013199125012
70610091278121600,0.0,2.295617847653939e-13
70768554094282368,0.9259,0.7414977317695749
70810649071815936,0.0,2.295617847653939e-13
70828447416198144,0.0,2.295617847653939e-13
70835624303339648,0.0,2.295617847653939e-13
70853048988816896,0.0005,0.00011482512521487586
70892253450173696,0.0,2.295617847653939e-13
70934649068656896,0.9998,0.9991293592475643
70954307135798912,0.9859,0.9413538436738341
70996226015169280,0.0,2.295617847653939e-13
71021102467173632,0.0,2.295617847653939e-13
71037354623368960,0.0,2.295617847653939e-13
71044123491801984,0.0,2.295617847653939e-13
71045188643681792,0.1466,0.037938802870151556
71088653712831360,0.0,2.295617847653939e-13
71108479281941376,0.0,2.295617847653939e-13
71122017018744192,0.0,2.295617847653939e-13
71201319294780416,0.0,2.295617847653939e-13
66785852397412224,0.0,2.295617847653939e-13
66789872486779520,0.9994,0.997391577071988
66790383585432832,0.0,2.295617847653939e-13
66800180408292992,0.9999,0.9995645335738065
66807464672814336,1.0,0.9999999999956435
66812305099908736,0.0,2.295617847653939e-13
66816187748666624,0.9999,0.9995645335738065
66833612433684352,0.0,2.295617847653939e-13
66834054814431232,1.0,0.9999999999956435
66841205935844096,0.0,2.295617847653939e-13
66857458093633280,0.0,2.295617847653939e-13
66880307319457408,0.9999,0.9995645335738065
66915560410893440,0.9984,0.9930674253602977
66967340536601088,0.0,2.295617847653939e-13
66974453002505088,0.9998,0.9991293592475643
67055232746087680,0.0217,0.005066189871742531
67062757526760064,0.035,0.008257323995440793
67083957487123328,0.0,2.295617847653939e-13
67294715824940416,0.0,2.295617847653939e-13
67337154400348800,0.0,2.295617847653939e-13
67352066526730240,0.9998,0.9991293592475643
67447758397473664,0.0,2.295617847653939e-13
67466553174824192,0.0,2.295617847653939e-13
67503146295599744,0.0,2.295617847653939e-13
67540495331120128,0.9979,0.990916157627921
67591210303827200,0.0,2.295617847653939e-13
67611723067627776,0.0,2.295617847653939e-13
67618285777617664,0.9998,0.9991293592475643
67680850564641792,0.9375,0.7749484685065899
67724904045533696,0.011,0.002546762991287355
68006241583701888,0.9397,0.7815369437981082
68009333958820480,0.0,2.295617847653939e-13
68026406454368000,0.0,2.295617847653939e-13
68122033901724928,0.0,2.295617847653939e-13
68152820227358720,0.9999,0.9995645335738065
68195598101454336,0.9999,0.9995645335738065
68233531252642432,1.0,0.9999999999956435
68247820608340480,0.0,2.295617847653939e-13
68306099020642432,1.0,0.9999999999956435
68354374452892160,0.9999,0.9995645335738065
68444534406201600,0.0,2.295617847653939e-13
68470957044972032,0.0,2.295617847653939e-13
68547132585410560,0.0,2.295617847653939e-13
68568744860800384,0.0,2.295617847653939e-13
68612897124511744,0.0,2.295617847653939e-13
68694638941631360,0.0,2.295617847653939e-13
68715323504189312,0.0,2.295617847653939e-13
68750714034663296,0.0,2.295617847653939e-13
68786070205478400,0.0,2.295617847653939e-13
68790193373996544,0.0,2.295617847653939e-13
68828916799054464,0.0,2.295617847653939e-13
68897842434107392,0.903,0.6812296429345974
68929659551888384,0.0,2.295617847653939e-13
68937115615092992,0.0,2.295617847653939e-13
68962198224312960,0.0,2.295617847653939e-13
69069778564986112,0.0031,0.0007133452569566822
69135817982160256,0.0,2.295617847653939e-13
69158937790148736,0.0,2.295617847653939e-13
69179523568114560,0.0,2.295617847653939e-13
69292086072674176,0.0,2.295617847653939e-13
69394301997811200,0.0,2.295617847653939e-13
69449900350667776,0.0401,0.009498891768851403
69501916698935936,0.0,2.295617847653939e-13
69510717087492608,0.0,2.295617847653939e-13
69511473001743232,0.0,2.295617847653939e-13
69536933568112256,0.0,2.295617847653939e-13
69558889440914944,0.0,2.295617847653939e-13
69598884176268672,0.0,2.295617847653939e-13
69616270203869824,0.0,2.295617847653939e-13
69687841539296512,0.0,2.295617847653939e-13
69712340032782464,0.0,2.295617847653939e-13
69754155834196224,0.8618,0.5887349639420025
69775179698089728,0.2282,0.06356089442063906
69804144957789568,0.0002,4.59194325701782e-05
69856272976786560,0.9999,0.9995645335738065
69860975965021952,0.0,2.295617847653939e-13
69866855776219776,0.0,2.295617847653939e-13
69873208032004992,0.0,2.295617847653939e-13
69898810332838400,0.9998,0.9991293592475643
69918979499309952,0.9999,0.9995645335738065
69983369649631872,0.9999,0.9995645335738065
70038860626957184,0.0,2.295617847653939e-13
70040544254017408,0.0,2.295617847653939e-13
70074594754810112,0.0,2.295617847653939e-13
70078408685738112,0.0,2.295617847653939e-13
70104178489485696,0.0,2.295617847653939e-13
70123797900185856,0.0,2.295617847653939e-13
70129050643128832,0.9999,0.9995645335738065
70132216036067712,0.0,2.295617847653939e-13
70135239693031808,0.0,2.295617847653939e-13
70138881823528832,0.9997,0.9986944767274725
70215705904150272,0.9999,0.9995645335738065
70257526001276800,0.0,2.295617847653939e-13
70305281741764608,0.0,2.295617847653939e-13
66732457364153216,0.0026,0.0005980586351810503
66742765285619584,1.0,0.9999999999956435
66779358406877568,0.9999,0.9995645335738065
66797981385052288,0.0,2.295617847653939e-13
66799768088857856,1.0,0.9999999999956435
66825263017356800,0.0,2.295617847653939e-13
66832100605159424,0.9999,0.9995645335738065
66846291177113088,0.9999,0.9995645335738065
66898002584817280,0.9999,0.9995645335738065
66900820083367936,0.04,0.009474450541221023
66949301674077952,0.0,2.295617847653939e-13
66958235205998336,0.0,2.295617847653939e-13
66960743466922624,0.9999,0.9995645335738065
67062345211894784,0.0,2.295617847653939e-13
67064990911737472,0.0,2.295617847653939e-13
67083403434167680,0.0,2.295617847653939e-13
67126666641928064,0.0,2.295617847653939e-13
67167245493542912,0.0,2.295617847653939e-13
67182295058770944,0.0,2.295617847653939e-13
67204354010744704,0.0,2.295617847653939e-13
67250121182270720,0.0,2.295617847653939e-13
67251736089841152,0.0,2.295617847653939e-13
67268915959005696,0.0,2.295617847653939e-13
67280563911410688,0.0,2.295617847653939e-13
67301935668617344,0.0,2.295617847653939e-13
67317638068994304,0.0,2.295617847653939e-13
67328530106054912,0.0,2.295617847653939e-13
67350863935910016,0.0,2.295617847653939e-13
67362821124855936,0.0,2.295617847653939e-13
67367631488207744,0.0,2.295617847653939e-13
67576882292965120,0.0,2.295617847653939e-13
67667901239832576,0.04,0.009474450541221023
67682641566125056,0.0,2.295617847653939e-13
67725419441688704,0.0,2.295617847653939e-13
67756789882795008,0.9999,0.9995645335738065
67817671043071616,0.0,2.295617847653939e-13
67832862343424384,0.0,2.295617847653939e-13
67857528339445504,0.0,2.295617847653939e-13
67876155613851264,0.0,2.295617847653939e-13
67902406453910272,0.0,2.295617847653939e-13
67964249687817600,0.0,2.295617847653939e-13
67996139820641664,0.0,2.295617847653939e-13
68025723555633408,0.0,2.295617847653939e-13
68037612024798464,0.0,2.295617847653939e-13
68059842775472384,0.0,2.295617847653939e-13
68067264479299968,0.0,2.295617847653939e-13
68077950357575552,0.0,2.295617847653939e-13
68097397969441024,0.0,2.295617847653939e-13
68120728231661824,0.9999,0.9995645335738065
68129867922105984,0.0,2.295617847653939e-13
68141408498321280,0.9999,0.9995645335738065
68145707761492608,0.9999,0.9995645335738065
68160241930734208,0.0,2.295617847653939e-13
68167835432980480,1.0,0.9999999999956435
68186767648722048,0.0,2.295617847653939e-13
68254245878512384,0.9999,0.9995645335738065
68261946756899456,0.9999,0.9995645335738065
68314414077327744,0.9999,0.9995645335738065
68367190635351936,1.0,0.9999999999956435
68387630383786624,0.0,2.295617847653939e-13
68390830135333504,1.0,0.9999999999956435
68395399980532864,0.9999,0.9995645335738065
68424193441052160,0.0,2.295617847653939e-13
68505110624876032,0.9999,0.9995645335738065
68559738312482048,0.9998,0.9991293592475643
68575440712940288,0.0,2.295617847653939e-13
68591456647799552,0.9999,0.9995645335738065
68592418720528768,0.0395,0.00935230266755951
68592418720528896,0.0399,0.009450013199125012
68595335001686656,0.0,2.295617847653939e-13
68641037750201088,0.1727,0.04572989703489372
68662306428241664,0.0,2.295617847653939e-13
68748751233818112,0.992,0.9660621905122312
68807854279501184,0.0,2.295617847653939e-13
68826198084413056,0.0,2.295617847653939e-13
68918904953706496,0.0,2.295617847653939e-13
69005216616698880,0.0,2.295617847653939e-13
69122520763444352,0.9955,0.9806890786224247
69162201965316096,0.9979,0.990916157627921
69185639602786176,0.0,2.295617847653939e-13
69207114439174272,0.0,2.295617847653939e-13
69223744552590208,0.0,2.295617847653939e-13
69256626822722560,0.0,2.295617847653939e-13
69277448824058880,0.0,2.295617847653939e-13
69337887603759232,0.0,2.295617847653939e-13
69433682554158976,0.0,2.295617847653939e-13
69511919678338048,0.0,2.295617847653939e-13
69565039834080896,0.0,2.295617847653939e-13
69595345123231616,0.0,2.295617847653939e-13
69645815283059584,0.0,2.295617847653939e-13
69719315059583872,0.0,2.295617847653939e-13
69723674450232832,0.0,2.295617847653939e-13
69745016143894656,0.0,2.295617847653939e-13
69786037375794304,0.0,2.295617847653939e-13
50653508557105920,0.0,2.295617847653939e-13
50909351168474368,0.0,2.295617847653939e-13
50973019762965248,0.0,2.295617847653939e-13
51107606859182592,0.0,2.295617847653939e-13
51107709938397056,0.0,2.295617847653939e-13
51117365024846848,0.0,2.295617847653939e-13
51154679700663552,0.0,2.295617847653939e-13
51244908373526528,0.0,2.295617847653939e-13
51249512578510464,0.0,2.295617847653939e-13
51288373442522880,0.0,2.295617847653939e-13
51352042037613440,0.0,2.295617847653939e-13
51497246292150528,0.0,2.295617847653939e-13
51518549330223104,0.0,2.295617847653939e-13
51663169469105536,0.0,2.295617847653939e-13
51694746068624128,0.9983,0.9926365974965384
51701480577320832,0.0,2.295617847653939e-13
51789166629740672,0.0,2.295617847653939e-13
53018454989483904,0.0,2.295617847653939e-13
53051749575866752,0.0,2.295617847653939e-13
53084872364334336,0.0,2.295617847653939e-13
53134316027874304,0.0402,0.009523336882942924
53159295557464960,0.0,2.295617847653939e-13
53280684214611968,0.0,2.295617847653939e-13
53287457380855680,0.0,2.295617847653939e-13
53405964119135104,0.0,2.295617847653939e-13
53556528491214848,0.0,2.295617847653939e-13
53762549484293120,0.0,2.295617847653939e-13
53789109561985664,0.0,2.295617847653939e-13
53806461229762560,0.0,2.295617847653939e-13
53814501408609536,0.0,2.295617847653939e-13
53819792808826880,0.0,2.295617847653939e-13
53826561673603840,0.0,2.295617847653939e-13
53892772892370176,0.0,2.295617847653939e-13
57098158523308544,0.0,2.295617847653939e-13
57115235313337216,0.0,2.295617847653939e-13
57273668067197312,0.0,2.295617847653939e-13
57275557852801408,0.0,2.295617847653939e-13
57331461146856192,0.0,2.295617847653939e-13
58148123408530944,0.0,2.295617847653939e-13
58152624534238208,0.0,2.295617847653939e-13
58164646145700608,0.0,2.295617847653939e-13
58166986904920192,0.0,2.295617847653939e-13
58219969621355008,0.0,2.295617847653939e-13
58227146510507776,0.0,2.295617847653939e-13
58314527621529600,0.0,2.295617847653939e-13
58323736031343616,0.0,2.295617847653939e-13
58447602888136832,0.0,2.295617847653939e-13
58500482525357696,0.0,2.295617847653939e-13
61419170501347072,0.0,2.295617847653939e-13
61498575856590336,0.0,2.295617847653939e-13
61507681187145344,0.0,2.295617847653939e-13
61542625041038080,0.0,2.295617847653939e-13
61562210092157696,0.0,2.295617847653939e-13
61580725694145536,0.0,2.295617847653939e-13
61597394463861376,0.0,2.295617847653939e-13
61607702385357824,0.0,2.295617847653939e-13
61706898950620800,0.0,2.295617847653939e-13
61835778032345344,0.0,2.295617847653939e-13
61900275557796608,0.0,2.295617847653939e-13
61906662172914432,0.0,2.295617847653939e-13
62684330427618816,0.0,2.295617847653939e-13
63086614244157056,0.0,2.295617847653939e-13
63170142768012160,0.0,2.295617847653939e-13
63205395859604480,0.0011,0.0002527321491982956
63216287896675968,0.0,2.295617847653939e-13
63228623042718080,0.0,2.295617847653939e-13
63260646319133696,0.0,2.295617847653939e-13
63293184991017856,0.0,2.295617847653939e-13
63300744133523712,0.0,2.295617847653939e-13
63307100685110144,0.0,2.295617847653939e-13
63354414045004544,0.0,2.295617847653939e-13
63389460978093184,0.0,2.295617847653939e-13
63430967542044800,0.7171,0.3678477241486267
63485255928557696,0.0,2.295617847653939e-13
63549920956072448,0.0,2.295617847653939e-13
63589159777315072,0.0,2.295617847653939e-13
63592630110894208,0.0,2.295617847653939e-13
63616372691532288,0.0,2.295617847653939e-13
63676192995841664,0.0,2.295617847653939e-13
63688253264119296,0.0,2.295617847653939e-13
63735016867881600,0.0,2.295617847653939e-13
63744878112749184,0.0,2.295617847653939e-13
63779134772193920,0.0,2.295617847653939e-13
63834282152243840,0.0,2.295617847653939e-13
63855413388764032,0.0,2.295617847653939e-13
63891216238633728,0.0,2.295617847653939e-13
63934818745667712,0.0,2.295617847653939e-13
64013811784005632,0.0,2.295617847653939e-13
64078373734105600,0.0241,0.005637106328385117
64149425375390592,0.0,2.295617847653939e-13
45025039813978496,0.0,2.295617847653939e-13
50884921394614656,0.0,2.295617847653939e-13
50905056201179520,0.3982,0.13186668475396796
50912477904742272,0.0,2.295617847653939e-13
50970786380070656,0.0,2.295617847653939e-13
50983465123479168,0.0,2.295617847653939e-13
50987622651817472,0.0,2.295617847653939e-13
50997518256452096,0.0,2.295617847653939e-13
51020711079738496,0.4415,0.1535974740939918
51118292737786368,0.0,2.295617847653939e-13
51125370843877248,0.0,2.295617847653939e-13
51212026103928832,0.0,2.295617847653939e-13
51238826699867392,0.0,2.295617847653939e-13
51268341715090304,0.0,2.295617847653939e-13
51345444967909248,0.0,2.295617847653939e-13
51352042037613312,0.0,2.295617847653939e-13
51452750431129600,0.4789,0.17421659039965845
51515113356344320,0.0,2.295617847653939e-13
51516693904300672,0.0,2.295617847653939e-13
51579022469560320,0.0,2.295617847653939e-13
51617367937634944,0.0,2.295617847653939e-13
51699728230673536,0.0,2.295617847653939e-13
51704435514855936,0.0,2.295617847653939e-13
51717492215404416,0.0,2.295617847653939e-13
51717560934879744,0.0,2.295617847653939e-13
51772570875835008,0.0,2.295617847653939e-13
52919670741869312,0.0,2.295617847653939e-13
52978941290458880,0.0,2.295617847653939e-13
53027422881158272,0.0,2.295617847653939e-13
53227396558316416,0.917,0.7172139917572563
53231588446399104,0.0,2.295617847653939e-13
53267563092370816,0.0,2.295617847653939e-13
53271720620685056,0.0,2.295617847653939e-13
53297009388095360,0.0,2.295617847653939e-13
53333361991211904,0.0,2.295617847653939e-13
53351607012687744,0.0004,9.185302073703103e-05
53378712548438528,0.0,2.295617847653939e-13
53574429914763136,0.0,2.295617847653939e-13
53577689793895808,0.0,2.295617847653939e-13
53579343357436416,0.0,2.295617847653939e-13
53778144506751872,0.0,2.295617847653939e-13
53779729353473664,0.0,2.295617847653939e-13
53783852522073856,0.9989,0.9952258864616523
53862501962898944,0.0,2.295617847653939e-13
53876933053131904,0.0,2.295617847653939e-13
53904867519368192,0.0,2.295617847653939e-13
53975919161061760,0.0,2.295617847653939e-13
53986952934336000,0.0,2.295617847653939e-13
54021965507510656,0.0,2.295617847653939e-13
57111696260204800,0.0,2.295617847653939e-13
57132548325524864,0.0,2.295617847653939e-13
57305897501412224,0.0,2.295617847653939e-13
57330322978636800,0.0,2.295617847653939e-13
57331632945549184,0.0,2.295617847653939e-13
57391178371998592,0.0,2.295617847653939e-13
58047994834554880,0.0,2.295617847653939e-13
58250408053515264,0.0,2.295617847653939e-13
58387610784924544,0.0,2.295617847653939e-13
61400856760793856,0.0,2.295617847653939e-13
61401784473737728,0.0,2.295617847653939e-13
61502664665350272,0.0,2.295617847653939e-13
61503832896452736,0.0,2.295617847653939e-13
61549325190289408,0.0,2.295617847653939e-13
61706413617225856,0.0,2.295617847653939e-13
61789877718603136,0.0,2.295617847653939e-13
61856260733026176,0.0,2.295617847653939e-13
61878762065028224,0.0,2.295617847653939e-13
61907388023665152,0.0,2.295617847653939e-13
63124616114739200,0.0,2.295617847653939e-13
63281159082608640,0.0,2.295617847653939e-13
63301671846377856,0.0,2.295617847653939e-13
63309093549923072,0.0,2.295617847653939e-13
63330499666837504,0.0,2.295617847653939e-13
63331461739510400,0.0,2.295617847653939e-13
63346236427350656,0.0,2.295617847653939e-13
63479479196243584,0.04,0.009474450541221023
63501439365324928,0.0,2.295617847653939e-13
63632006372413184,0.0,2.295617847653939e-13
63686088600586752,0.0,2.295617847653939e-13
63738452841778816,0.0,2.295617847653939e-13
63794768451027968,0.04,0.009474450541221023
63934097191144832,0.0,2.295617847653939e-13
63943683558144128,0.0123,0.002850623573472675
63952307852376448,0.0,2.295617847653939e-13
63957766754440832,0.0,2.295617847653939e-13
63998899656059904,0.0,2.295617847653939e-13
64027143362491008,0.9999,0.9995645335738065
64064011363520512,0.9998,0.9991293592475643
64066107307543296,0.9999,0.9995645335738065
64078167575681152,0.9999,0.9995645335738065
64115585330656000,0.0,2.295617847653939e-13
64117784354039040,0.9994,0.997391577071988
64125893252184320,0.0355,0.008378602809888107
64150632263858560,0.0,2.295617847653939e-13
64152522049461632,0.0,2.295617847653939e-13
64162417653982976,0.0,2.295617847653939e-13
64205676562841984,0.0,2.295617847653939e-13
64208356622363648,0.04,0.009474450541221023
64228422709600640,0.0399,0.009450013199125012
64297485783636352,0.7625,0.42429945123161555
64432828793171328,0.0,2.295617847653939e-13
64450283540250240,0.9998,0.9991293592475643
64453887017111808,0.9999,0.9995645335738065
64467085452264448,0.0,2.295617847653939e-13
64509416649857408,0.0,2.295617847653939e-13
64554805864206592,0.0,2.295617847653939e-13
64588753286083328,0.9996,0.9982598857201236
64631771678182784,0.0,2.295617847653939e-13
64640155454422912,0.0,2.295617847653939e-13
64667535869958784,0.9999,0.9995645335738065
64691317104697472,0.0,2.295617847653939e-13
64754367224194176,0.0,2.295617847653939e-13
64781232243777920,0.0,2.295617847653939e-13
64795289673433728,0.9999,0.9995645335738065
64798691287540224,0.9999,0.9995645335738065
64874866827592832,0.0,2.295617847653939e-13
64933037865353600,0.0,2.295617847653939e-13
64943758103791104,1.0,0.9999999999956435
64971933089093760,1.0,0.9999999999956435
64987631192936320,0.0566,0.01358562258517473
64987876007763968,1.0,0.9999999999956435
64997187496822912,1.0,0.9999999999956435
64999558318784768,1.0,0.9999999999956435
65014195567317504,0.9999,0.9995645335738065
65021720349544192,0.0,2.295617847653939e-13
65042439271761280,0.9999,0.9995645335738065
65056526764528128,0.9999,0.9995645335738065
65072435323295872,0.9999,0.9995645335738065
65079788307324672,0.9999,0.9995645335738065
65098823602690688,0.0,2.295617847653939e-13
65134592089910656,0.9999,0.9995645335738065
65151531440914560,0.9999,0.9995645335738065
65156891560085504,0.9999,0.9995645335738065
65161560188203776,0.9075,0.6925146289901241
65163110673516928,0.9999,0.9995645335738065
65163797866480768,0.011,0.002546762991287355
65224511525936896,0.0,2.295617847653939e-13
65239526731561856,0.0,2.295617847653939e-13
65264506261240448,0.9999,0.9995645335738065
65268526350709376,0.0,2.295617847653939e-13
65285633203088768,0.9936,0.9727070266146185
65296907494549120,0.0,2.295617847653939e-13
65307112337418624,0.0,2.295617847653939e-13
65363118710854528,0.0,2.295617847653939e-13
65366829562708480,0.0,2.295617847653939e-13
65467778474649856,0.9998,0.9991293592475643
65588484235454592,0.9999,0.9995645335738065
65653046183560192,0.0,2.295617847653939e-13
65715787065822336,0.0,2.295617847653939e-13
65778768466320512,0.0,2.295617847653939e-13
65806050098142720,0.0149,0.003460191968457501
65832197858988672,0.0,2.295617847653939e-13
65964001815576320,0.0,2.295617847653939e-13
65971389159470848,0.0,2.295617847653939e-13
66009047433698048,0.9701,0.8816300472356489
66013716059132672,0.0,2.295617847653939e-13
66069554932881920,0.0,2.295617847653939e-13
66111886127026944,0.9711,0.8852388804577395
66161020555461120,0.9513,0.8176590820313054
66161604670993024,0.0,2.295617847653939e-13
66238261247107712,0.0,2.295617847653939e-13
66445038154189952,1.0,0.9999999999956435
66452769091505024,1.0,0.9999999999956435
66456823544566272,0.0,2.295617847653939e-13
66460225158376192,1.0,0.9999999999956435
66467058447388416,0.0,2.295617847653939e-13
66474450090138496,0.0,2.295617847653939e-13
66497196236905216,0.0,2.295617847653939e-13
66502281478384000,0.9999,0.9995645335738065
66537156612518528,0.0,2.295617847653939e-13
66566946505629440,0.9999,0.9995645335738065
66570176320196352,0.0001,2.2957947244511755e-05
66570554277316992,0.9999,0.9995645335738065
66609793098388864,0.0,2.295617847653939e-13
66612473157921024,0.9999,0.9995645335738065
66692119031275520,0.0,2.295617847653939e-13
66710879448471040,0.0,2.295617847653939e-13
66729021390315904,0.9925,0.968131224079105
66733763034205696,0.9999,0.9995645335738065
66745170467302656,1.0,0.9999999999956435
66754241438299520,1.0,0.9999999999956435
66800244832257280,0.9999,0.9995645335738065
66801623514684416,1.0,0.9999999999956435
66801623517294848,0.9881,0.9501528922900259
50914195892078080,0.0,2.295617847653939e-13
50930894724423040,0.0,2.295617847653939e-13
50973805740411264,0.0,2.295617847653939e-13
51014698125549824,0.0003,6.888445679495027e-05
51057063683315200,0.0,2.295617847653939e-13
51095134274153856,0.0,2.295617847653939e-13
51123687216700928,0.0,2.295617847653939e-13
51126470355503104,0.0,2.295617847653939e-13
51142134099069696,0.0,2.295617847653939e-13
51302014258721152,0.0,2.295617847653939e-13
51365476695288064,0.7979,0.47542920256418925
51391418298186368,0.9972,0.9879163993552459
51393651681166464,0.6299,0.28094170625455045
51409594599825152,0.0,2.295617847653939e-13
51474495848610432,0.9946,0.9768956430789711
51497864767442176,0.9971,0.9874890019477426
51506763937318272,0.0,2.295617847653939e-13
51524184327235968,0.0,2.295617847653939e-13
51534045572176000,0.0,2.295617847653939e-13
51717870172391424,0.0,2.295617847653939e-13
51764736855531008,0.5999,0.25606266351418905
52978593395712128,0.0,2.295617847653939e-13
53083257456640640,0.0,2.295617847653939e-13
53085696998052480,0.0,2.295617847653939e-13
53142665444242432,0.0,2.295617847653939e-13
53249111912896768,0.0,2.295617847653939e-13
53331850162739328,0.0,2.295617847653939e-13
53806907906380544,0.0,2.295617847653939e-13
57088292981840128,0.0,2.295617847653939e-13
57125642018067968,0.0,2.295617847653939e-13
57127600522268800,0.0,2.295617847653939e-13
57320466030813824,0.0,2.295617847653939e-13
57361010522067584,0.0,2.295617847653939e-13
57365614726673920,0.0,2.295617847653939e-13
58034495753990016,0.0,2.295617847653939e-13
58115344218273024,0.0,2.295617847653939e-13
58163001175305984,0.0,2.295617847653939e-13
58187946345498624,0.0,2.295617847653939e-13
58421317688232192,0.0,2.295617847653939e-13
58444373072725888,0.0,2.295617847653939e-13
61563069085277440,0.0,2.295617847653939e-13
61795718874099840,0.0,2.295617847653939e-13
61807195026645248,0.0,2.295617847653939e-13
61913946436676736,0.0,2.295617847653939e-13
62670998849127552,0.0,2.295617847653939e-13
62748411339551488,0.0,2.295617847653939e-13
63087645036306816,0.0,2.295617847653939e-13
63107951641605248,0.0,2.295617847653939e-13
63195672053676288,0.0,2.295617847653939e-13
63206117414110848,0.0,2.295617847653939e-13
63227901488220928,0.0,2.295617847653939e-13
63346236427350528,0.0,2.295617847653939e-13
63470721759281664,0.0,2.295617847653939e-13
63501916105582592,0.0,2.295617847653939e-13
63511197529751936,0.0,2.295617847653939e-13
63552635375496704,0.0,2.295617847653939e-13
63561019151569408,0.0,2.295617847653939e-13
63717665199974016,0.9998,0.9991293592475643
63780401784570496,0.0,2.295617847653939e-13
63852733331735424,0.0,2.295617847653939e-13
63906712479691008,0.0,2.295617847653939e-13
63907880710793088,0.0,2.295617847653939e-13
64000858161160192,0.0,2.295617847653939e-13
64009276298551424,0.0,2.295617847653939e-13
64025592877824256,0.0,2.295617847653939e-13
64043395520529024,0.0,2.295617847653939e-13
64078854770451200,0.0,2.295617847653939e-13
64125893252184704,0.0356,0.008402870101523406
64129294866302336,0.9998,0.9991293592475643
64176711302345728,0.0,2.295617847653939e-13
64189458766335488,0.0,2.295617847653939e-13
64250477365329536,0.9994,0.997391577071988
64295870876386816,0.0,2.295617847653939e-13
64304220292382592,0.0,2.295617847653939e-13
64480726268407424,0.0,2.295617847653939e-13
64488800806904704,0.0,2.295617847653939e-13
64506319977260416,0.0,2.295617847653939e-13
64555694921236352,0.9966,0.9853562695594776
64609506567812864,0.0,2.295617847653939e-13
64615897479055360,0.0,2.295617847653939e-13
64671903852618624,0.9999,0.9995645335738065
64749110185114752,0.0,2.295617847653939e-13
64796045587678208,0.9995,0.997825585932503
64802986254815232,0.0,2.295617847653939e-13
64808204638390912,0.9999,0.9995645335738065
64809445885616640,0.04,0.009474450541221023
64840541448791424,0.9999,0.9995645335738065
64847958855667968,0.0,2.295617847653939e-13
64888301486039552,0.0,2.295617847653939e-13
64899017426872960,0.9999,0.9995645335738065
64901804863795072,0.0,2.295617847653939e-13
64933621980897536,0.0688,0.01667788104288175
64941142466888064,0.0,2.295617847653939e-13
64336381007661952,0.0,2.295617847653939e-13
64438841747360768,0.9999,0.9995645335738065
64501273392219776,0.0,2.295617847653939e-13
64559203910714496,0.0,2.295617847653939e-13
64594899382992384,0.0,2.295617847653939e-13
64642801154268672,0.9999,0.9995645335738065
64665203703566848,1.0,0.9999999999956435
64747460917686528,0.0,2.295617847653939e-13
64798038452412928,0.9999,0.9995645335738065
64888301484056704,0.0,2.295617847653939e-13
64905618794174720,0.9999,0.9995645335738065
64919878085656960,0.0,2.295617847653939e-13
64928674178659968,1.0,0.9999999999956435
64940906245415808,0.9999,0.9995645335738065
64942555512948352,0.0,2.295617847653939e-13
64959662365552384,1.0,0.9999999999956435
64977190129058432,0.0,2.295617847653939e-13
64990586130069504,0.9999,0.9995645335738065
64998664965568768,0.0,2.295617847653939e-13
65011824745303808,0.0,2.295617847653939e-13
65026805591101056,0.0,2.295617847653939e-13
65048894605947648,0.0,2.295617847653939e-13
65084358152509440,1.0,0.9999999999956435
65092982446813824,0.0,2.295617847653939e-13
65153833543386624,1.0,0.9999999999956435
65216363971331072,0.9999,0.9995645335738065
65232105028172160,1.0,0.9999999999956435
65235914662364416,0.0,2.295617847653939e-13
65237396427689728,0.0,2.295617847653939e-13
65254576296865152,1.0,0.9999999999956435
65282716920396160,1.0,0.9999999999956435
65289691949453696,0.0,2.295617847653939e-13
65292234570088064,0.9972,0.9879163993552459
65297594689312768,0.9998,0.9991293592475643
65304604076598784,0.9998,0.9991293592475643
65328518454384896,0.0,2.295617847653939e-13
65352467192083072,0.0399,0.009450013199125012
65361881757931136,0.0,2.295617847653939e-13
65373598431142656,0.0,2.295617847653939e-13
65410913106911232,0.0,2.295617847653939e-13
65431185353051776,0.9999,0.9995645335738065
65437644983224320,0.9999,0.9995645335738065
65463139909979904,0.0,2.295617847653939e-13
65468877983140224,0.0,2.295617847653939e-13
65576011650237440,0.9996,0.9982598857201236
65613257606770688,0.0,2.295617847653939e-13
65619098762292736,0.0325,0.007652367486191983
65641913628380288,0.9998,0.9991293592475643
65646998869795712,0.0,2.295617847653939e-13
65675414373188864,0.0,2.295617847653939e-13
65680499614460800,0.9999,0.9995645335738065
65743893331493632,0.0,2.295617847653939e-13
65766158441866624,0.0,2.295617847653939e-13
65766330238408320,0.0,2.295617847653939e-13
65768151306811904,0.9998,0.9991293592475643
65796772969196416,0.0,2.295617847653939e-13
65839963159827968,0.0,2.295617847653939e-13
65912526630406656,0.0,2.295617847653939e-13
65944451124663936,0.0,2.295617847653939e-13
65951494870985088,0.0,2.295617847653939e-13
66042067142227328,0.0,2.295617847653939e-13
66045915432931072,0.0,2.295617847653939e-13
66049351406747264,0.0,2.295617847653939e-13
66093125713282304,0.0,2.295617847653939e-13
66155351198746624,0.0,2.295617847653939e-13
66190569930535424,0.0,2.295617847653939e-13
66194727458858112,0.0,2.295617847653939e-13
66225032748043392,0.0,2.295617847653939e-13
66283616101789824,0.0,2.295617847653939e-13
66330242266934272,0.0,2.295617847653939e-13
66366766668700416,0.0,2.295617847653939e-13
66392295954262656,0.0,2.295617847653939e-13
66394941654097920,0.0102,0.002360076796827898
66449195682569600,0.0,2.295617847653939e-13
66452734735432192,0.9999,0.9995645335738065
66463248815323008,0.0,2.295617847653939e-13
66483795939004416,0.9999,0.9995645335738065
66521381194879232,1.0,0.9999999999956435
66532174450470656,0.9999,0.9995645335738065
66545231151140736,0.0,2.295617847653939e-13
66549354319596800,0.0,2.295617847653939e-13
66605940509738752,0.0,2.295617847653939e-13
66675110960970880,0.0,2.295617847653939e-13
66681501872591104,0.0,2.295617847653939e-13
66688648697809024,0.0,2.295617847653939e-13
66715105696289024,1.0,0.9999999999956435
66720294016753280,1.0,0.9999999999956435
66763965244167808,0.9999,0.9995645335738065
66783584654831872,1.0,0.9999999999956435
66837804319078528,0.0,2.295617847653939e-13
66838452861270272,1.0,0.9999999999956435
66895941000532736,0.0,2.295617847653939e-13
66938100399354112,0.0,2.295617847653939e-13
66943971616169344,0.0,2.295617847653939e-13
66808869124393600,0.9999,0.9995645335738065
66812236380428800,0.0,2.295617847653939e-13
66922088761382784,0.0,2.295617847653939e-13
66970982668876544,0.0,2.295617847653939e-13
66990773878094464,0.0,2.295617847653939e-13
67100484521346944,0.0,2.295617847653939e-13
67154223152711936,0.0,2.295617847653939e-13
67156181658120704,0.0,2.295617847653939e-13
67246685208463872,0.0,2.295617847653939e-13
67313617979644032,0.0,2.295617847653939e-13
67314030296498688,0.0,2.295617847653939e-13
67349764424286848,0.9976,0.9896288348614611
67403193817295104,0.0,2.295617847653939e-13
67411989910269696,0.8795,0.6262402191276016
67416765913617536,0.0,2.295617847653939e-13
67425184049865728,0.0,2.295617847653939e-13
67434014502167040,0.0,2.295617847653939e-13
67452259523313536,0.0,2.295617847653939e-13
67463495157740160,0.0,2.295617847653939e-13
67539361459757696,0.0,2.295617847653939e-13
67621000196952064,0.0,2.295617847653939e-13
67634606653311872,0.0,2.295617847653939e-13
67661098011656960,0.0,2.295617847653939e-13
67721704294101760,0.0,2.295617847653939e-13
67748818423514240,0.0,2.295617847653939e-13
67753147750455808,0.0,2.295617847653939e-13
67883744820820224,0.04,0.009474450541221023
68012288897644928,0.0,2.295617847653939e-13
68018331915798528,0.0,2.295617847653939e-13
68042486811957120,0.0,2.295617847653939e-13
68122240060155904,0.0,2.295617847653939e-13
68134472126976640,0.0,2.295617847653939e-13
68153438702622720,0.0,2.295617847653939e-13
68274934737974784,0.0,2.295617847653939e-13
68303728198686080,1.0,0.9999999999956435
68323966084583680,0.9999,0.9995645335738065
68348155340347776,0.9999,0.9995645335738065
68384164346105472,0.0,2.295617847653939e-13
68395606138958592,1.0,0.9999999999956435
68421891338661376,0.0,2.295617847653939e-13
68438345357348736,0.0,2.295617847653939e-13
68440067640226688,0.0,2.295617847653939e-13
68468203969427200,0.9999,0.9995645335738065
68508649677926784,0.0,2.295617847653939e-13
68516140100857856,0.0,2.295617847653939e-13
68536549785807232,0.8837,0.63561024617427
68576372722713344,0.0,2.295617847653939e-13
68583966224862208,0.0,2.295617847653939e-13
68601146094037760,0.0001,2.2957947244511755e-05
68624510716053888,0.0,2.295617847653939e-13
68674160537943680,0.0,2.295617847653939e-13
68681135564530560,0.0,2.295617847653939e-13
68733877762820736,0.0,2.295617847653939e-13
68815069824511872,0.0,2.295617847653939e-13
68924501295605632,0.0,2.295617847653939e-13
68974670809326720,0.0,2.295617847653939e-13
69044794738895232,0.0,2.295617847653939e-13
69104997296944000,0.0,2.295617847653939e-13
69110529214752128,0.0,2.295617847653939e-13
69119668905132416,0.0,2.295617847653939e-13
69241233659353728,0.0,2.295617847653939e-13
69252125697002496,0.0,2.295617847653939e-13
69291055280511488,0.0,2.295617847653939e-13
69311739843000320,0.0,2.295617847653939e-13
69355857746974848,0.0,2.295617847653939e-13
69358572166302848,0.0,2.295617847653939e-13
69409424578948608,0.9998,0.9991293592475643
69469382322460800,0.0,2.295617847653939e-13
69485252225162368,0.0799,0.0195451470251675
69589332169040128,0.0,2.295617847653939e-13
69672517095981312,0.0423,0.01003758369584056
69696568913115904,0.0,2.295617847653939e-13
69713817501538048,0.0,2.295617847653939e-13
69756870253516800,0.0,2.295617847653939e-13
69763329884321152,0.003,0.0006902808104424754
69769789515127296,0.0,2.295617847653939e-13
69823940463098752,0.9998,0.9991293592475643
69834282744302208,1.0,0.9999999999956435
69872044096705664,1.0,0.9999999999956435
69878503727603072,0.9999,0.9995645335738065
69925297395123456,0.0,2.295617847653939e-13
69960486063896832,0.0,2.295617847653939e-13
70004019852230912,0.0,2.295617847653939e-13
70053738393632640,0.0,2.295617847653939e-13
70055830041139328,0.0,2.295617847653939e-13
70090331515034752,0.0,2.295617847653939e-13
70114039734416128,0.9999,0.9995645335738065
70124794332591488,0.0,2.295617847653939e-13
70143314231433600,0.3603,0.1144931324915338
70180216590377600,0.9999,0.9995645335738065
70180731986456448,0.0,2.295617847653939e-13
70257251123371392,0.0306,0.007194196747338911
64952068862923520,0.9997,0.9986944767274725
64953069592851328,0.0,2.295617847653939e-13
64964717544035200,1.0,0.9999999999956435
64967603762044928,0.9999,0.9995645335738065
64977705525131904,1.0,0.9999999999956435
64985127228608128,0.9999,0.9995645335738065
64990349908937984,1.0,0.9999999999956435
64990792288875264,0.9999,0.9995645335738065
65000039355122944,0.0,2.295617847653939e-13
65003612767943040,0.9999,0.9995645335738065
65010549138050944,1.0,0.9999999999956435
65027149188203776,0.0,2.295617847653939e-13
65027595864799104,0.0,2.295617847653939e-13
65030069765947264,0.0,2.295617847653939e-13
65030344643851776,0.9997,0.9986944767274725
65082159129262720,0.0,2.295617847653939e-13
65085079707008256,0.0,2.295617847653939e-13
65087244370534656,0.0,2.295617847653939e-13
65151668879876096,0.0,2.295617847653939e-13
65181527493208192,1.0,0.9999999999956435
65244646332548352,0.9999,0.9995645335738065
65254851174771584,0.9996,0.9982598857201236
65282957440774912,0.0,2.295617847653939e-13
65294364873918080,0.0,2.295617847653939e-13
65309100904545280,0.9947,0.9773160240284443
65310720110389760,0.0,2.295617847653939e-13
65330099002345216,0.9996,0.9982598857201236
65388373118754816,0.0,2.295617847653939e-13
65389816227589504,0.0,2.295617847653939e-13
65398303082852608,0.0,2.295617847653939e-13
65398681039973760,0.0,2.295617847653939e-13
65477639719521152,0.0,2.295617847653939e-13
65501004341589760,0.0,2.295617847653939e-13
65505952143880064,0.0,2.295617847653939e-13
65559622055174784,0.0,2.295617847653939e-13
65593294596412672,0.0,2.295617847653939e-13
65614735075397504,0.0,2.295617847653939e-13
65681702205297280,0.0,2.295617847653939e-13
65800930496992512,0.9999,0.9995645335738065
65819106798566912,0.0,2.295617847653939e-13
65819927135052160,0.0,2.295617847653939e-13
65831437647417088,0.0,2.295617847653939e-13
65858620497587968,0.0,2.295617847653939e-13
65864289854408320,0.0,2.295617847653939e-13
65864289854408448,0.0,2.295617847653939e-13
65934727318563328,0.0,2.295617847653939e-13
65942045942795776,0.0,2.295617847653939e-13
65950601517617280,0.0,2.295617847653939e-13
65965066967451648,0.0,2.295617847653939e-13
66028151448634752,0.0,2.295617847653939e-13
66104223908793728,0.0,2.295617847653939e-13
66108415796706304,0.0,2.295617847653939e-13
66281623236944512,0.0,2.295617847653939e-13
66286704180780672,0.0,2.295617847653939e-13
66346563142482560,0.0,2.295617847653939e-13
66481837433947392,0.9999,0.9995645335738065
66499154741977216,0.9999,0.9995645335738065
66510287297153664,0.0,2.295617847653939e-13
66542551091588352,0.9998,0.9991293592475643
66556672943906432,0.0,2.295617847653939e-13
66628995894842624,0.9998,0.9991293592475643
66702048996405632,0.9999,0.9995645335738065
66711532283494656,1.0,0.9999999999956435
66730120901930240,1.0,0.9999999999956435
66734205413954304,0.0,2.295617847653939e-13
66771764904729984,1.0,0.9999999999956435
66816157686733440,0.0,2.295617847653939e-13
66823201432952832,0.0,2.295617847653939e-13
66837495084120320,0.9992,0.996524430963752
66859931994788096,0.0,2.295617847653939e-13
66867800374681344,0.9999,0.9995645335738065
66943185640494976,0.0,2.295617847653939e-13
66989399488611456,0.0,2.295617847653939e-13
67063788320888832,0.0,2.295617847653939e-13
67068152007656832,0.0,2.295617847653939e-13
67095674158497664,0.2383,0.06700669630963621
67138245874320896,0.0,2.295617847653939e-13
67147729162053632,0.0,2.295617847653939e-13
67155769340705792,0.0,2.295617847653939e-13
67159548912077824,0.0,2.295617847653939e-13
67163981318316032,0.0,2.295617847653939e-13
67166180339412480,0.0,2.295617847653939e-13
67179099603264640,0.0,2.295617847653939e-13
67248884231923712,0.0,2.295617847653939e-13
67276264645358976,0.0,2.295617847653939e-13
67285614792891264,0.9872,0.9465382233940557
67351276252754048,0.0,2.295617847653939e-13
67376633739588352,0.9955,0.9806890786224247
67403193817296384,0.0,2.295617847653939e-13
67466553174348672,0.0,2.295617847653939e-13
67514794246869248,0.0,2.295617847653939e-13
67529358479472256,0.0,2.295617847653939e-13
67535611950978944,0.0,2.295617847653939e-13
67647216675974144,0.0,2.295617847653939e-13
66971291906511744,0.0,2.295617847653939e-13
67011767677005568,0.9998,0.9991293592475643
67030768612422912,0.0337,0.007942448023251303
67069011001097344,0.0,2.295617847653939e-13
67069835634816896,0.9998,0.9991293592475643
67077326057743360,0.0,2.295617847653939e-13
67153054921544960,0.0,2.295617847653939e-13
67173361526850816,0.0,2.295617847653939e-13
67207480747116032,0.0,2.295617847653939e-13
67262353249002496,0.0,2.295617847653939e-13
67321280201257344,0.0,2.295617847653939e-13
67360725180835072,0.0,2.295617847653939e-13
67366428897392640,0.0,2.295617847653939e-13
67374022399524352,0.0,2.295617847653939e-13
67383574406745088,0.0,2.295617847653939e-13
67574575893991296,0.0,2.295617847653939e-13
67704666159733120,0.0,2.295617847653939e-13
67733047303597312,0.0,2.295617847653939e-13
67740434647335040,0.0,2.295617847653939e-13
67832346947351424,0.9999,0.9995645335738065
67908178890040320,0.0,2.295617847653939e-13
67998201404864896,0.9994,0.997391577071988
68015651855899776,0.0378,0.008937724935359097
68032629862744448,0.0,2.295617847653939e-13
68102311412135040,0.0,2.295617847653939e-13
68109385221538048,0.0,2.295617847653939e-13
68135365479156480,0.0,2.295617847653939e-13
68149826634107776,0.0,2.295617847653939e-13
68168419548529920,0.9998,0.9991293592475643
68174191984522368,1.0,0.9999999999956435
68255865082505984,0.0,2.295617847653939e-13
68312386852778752,0.0,2.295617847653939e-13
68322454256073344,0.9999,0.9995645335738065
68331662665938432,0.0,2.295617847653939e-13
68364544935515392,0.9997,0.9986944767274725
68373444108124672,0.0,2.295617847653939e-13
68385057699293056,0.9999,0.9995645335738065
68390417818463872,0.9999,0.9995645335738065
68444878003882240,0.9999,0.9995645335738065
68580530251050496,0.9999,0.9995645335738065
68777445911072384,0.0,2.295617847653939e-13
68815653940325504,0.0,2.295617847653939e-13
68843068715041152,0.0,2.295617847653939e-13
68843103075689344,0.0,2.295617847653939e-13
68932855007459456,0.0,2.295617847653939e-13
68980924281637376,0.0,2.295617847653939e-13
69010198778756736,0.0,2.295617847653939e-13
69096746664382592,0.0,2.295617847653939e-13
69148634164702080,0.0,2.295617847653939e-13
69253843683915008,0.0,2.295617847653939e-13
69388121541190272,0.0,2.295617847653939e-13
69399288456115072,0.0,2.295617847653939e-13
69487833501750912,0.0,2.295617847653939e-13
69508758582409728,0.0,2.295617847653939e-13
69542392470000384,0.0,2.295617847653939e-13
69675643832232320,0.0,2.295617847653939e-13
69710518966656128,0.0,2.295617847653939e-13
69743469955559296,0.0,2.295617847653939e-13
69806039039416832,0.9999,0.9995645335738065
69822664856030592,0.0,2.295617847653939e-13
69847167646166016,0.0,2.295617847653939e-13
69876506565909632,0.9998,0.9991293592475643
69902040148234112,0.0,2.295617847653939e-13
69925507849579136,0.0,2.295617847653939e-13
70028170451469312,0.9999,0.9995645335738065
70037795475083008,0.9999,0.9995645335738065
70092461818752000,0.0,2.295617847653939e-13
70121805035254144,0.9999,0.9995645335738065
70165815563292672,0.0,2.295617847653939e-13
70171351777991936,0.0,2.295617847653939e-13
70174341073269248,0.0,2.295617847653939e-13
70205539717573760,0.0,2.295617847653939e-13
70247218079697280,0.0,2.295617847653939e-13
70271854012150912,0.9998,0.9991293592475643
70374795790900352,0.0,2.295617847653939e-13
70403589251055488,0.9998,0.9991293592475643
70425716922527232,0.0,2.295617847653939e-13
70429840091124480,0.0,2.295617847653939e-13
70471140496517760,0.0,2.295617847653939e-13
70472789763930496,0.9765,0.905114560513589
70589063118434560,0.0,2.295617847653939e-13
70605006037560704,0.0,2.295617847653939e-13
70698670683312640,0.0,2.295617847653939e-13
70785566461422720,0.0,2.295617847653939e-13
70794259476628352,0.0,2.295617847653939e-13
70811301906832128,0.0,2.295617847653939e-13
70878784432702464,0.0,2.295617847653939e-13
70912319537264256,0.0,2.295617847653939e-13
70924895201512576,0.0,2.295617847653939e-13
70940838118447744,0.0,2.295617847653939e-13
71033059654531968,0.0,2.295617847653939e-13
71096895754159104,0.04,0.009474450541221023
71270691606472704,0.0,2.295617847653939e-13
67684428273908224,0.0,2.295617847653939e-13
67698412687357184,0.0,2.295617847653939e-13
67729164653090048,0.0,2.295617847653939e-13
67767784999038848,0.0,2.295617847653939e-13
67777951185252352,0.0,2.295617847653939e-13
67815987415616896,0.0,2.295617847653939e-13
67878663874731136,0.9955,0.9806890786224247
67932333786401664,0.0,2.295617847653939e-13
67952915269296000,0.0,2.295617847653939e-13
67978994311197056,0.0,2.295617847653939e-13
68045583484082048,0.9997,0.9986944767274725
68051390279853824,0.9996,0.9982598857201236
68126053991152000,0.0,2.295617847653939e-13
68200614623252992,0.0,2.295617847653939e-13
68212709251160448,0.0,2.295617847653939e-13
68231091711155712,0.0,2.295617847653939e-13
68232603539842944,0.9999,0.9995645335738065
68246381794729600,0.0,2.295617847653939e-13
68267822272152576,0.0,2.295617847653939e-13
68292419548210688,0.0,2.295617847653939e-13
68310531426918272,0.0,2.295617847653939e-13
68317746971945600,0.9965,0.9849305720358058
68320422734610816,0.0,2.295617847653939e-13
68321423463931904,0.0002,4.59194325701782e-05
68334617603435648,0.9999,0.9995645335738065
68378632428208256,0.0,2.295617847653939e-13
68384228769598592,0.0001,2.2957947244511755e-05
68385603159177344,0.666,0.3140108237927086
68432920814576384,0.0,2.295617847653939e-13
68484907097820544,0.0,2.295617847653939e-13
68518059950640768,0.0,2.295617847653939e-13
68532353601835520,0.0,2.295617847653939e-13
68619391115039744,0.0,2.295617847653939e-13
68635505832335488,0.0,2.295617847653939e-13
68640281835946240,0.0,2.295617847653939e-13
68651105153529600,0.0,2.295617847653939e-13
68667632187679744,0.0,2.295617847653939e-13
68752736962967040,0.0,2.295617847653939e-13
68792426756971776,0.0,2.295617847653939e-13
68828225308044288,0.9991,0.9960912931327431
68868499217720320,0.0,2.295617847653939e-13
68991404001811456,0.0,2.295617847653939e-13
69116748327393664,0.0,2.295617847653939e-13
69128464997142912,0.0,2.295617847653939e-13
69155162514863360,0.0,2.295617847653939e-13
69195049875388800,0.0,2.295617847653939e-13
69228997297025664,0.0,2.295617847653939e-13
69278032939749504,0.0,2.295617847653939e-13
69333283398931200,0.0,2.295617847653939e-13
69384651207611520,0.0,2.295617847653939e-13
69400010010608768,0.9999,0.9995645335738065
69461548300625280,0.0,2.295617847653939e-13
69514939039821952,0.0,2.295617847653939e-13
69539506252083584,0.0,2.295617847653939e-13
69548272281668352,0.0,2.295617847653939e-13
69578508851516160,0.0,2.295617847653939e-13
69600254270122880,0.0,2.295617847653939e-13
69643757994608512,0.9886,0.9521701294235841
69667638013199360,0.0,2.295617847653939e-13
69691170137250816,0.0,2.295617847653939e-13
69705846042250624,0.0,2.295617847653939e-13
69725809050231936,0.0,2.295617847653939e-13
69813903122654208,0.0,2.295617847653939e-13
69837718718147456,0.0,2.295617847653939e-13
69851359534336128,0.0,2.295617847653939e-13
69872009736961024,0.0,2.295617847653939e-13
69942515919994368,0.9999,0.9995645335738065
70012747225889664,0.0,2.295617847653939e-13
70014671368874752,0.0,2.295617847653939e-13
70092186940849280,0.0,2.295617847653939e-13
70097581419826944,1.0,0.9999999999956435
70132800151620992,0.0,2.295617847653939e-13
70169358913144448,0.0,2.295617847653939e-13
70176540098376064,0.0,2.295617847653939e-13
70275221266588288,0.0086,0.0019873993976065826
70277145411847168,0.0,2.295617847653939e-13
70333770260574208,0.0,2.295617847653939e-13
70378300483770752,0.0,2.295617847653939e-13
70385790907155200,0.0,2.295617847653939e-13
70443751487393664,0.0,2.295617847653939e-13
70516735869373184,0.0,2.295617847653939e-13
70518866173143552,0.0,2.295617847653939e-13
70542780550838272,0.0,2.295617847653939e-13
70568241116933632,0.0,2.295617847653939e-13
70664482743682176,0.0,2.295617847653939e-13
70689256115015808,0.0,2.295617847653939e-13
70730998899782784,0.0,2.295617847653939e-13
70817967696048768,0.0,2.295617847653939e-13
70829375129113216,0.0,2.295617847653939e-13
70837277868898688,0.0,2.295617847653939e-13
70950871161966336,0.0384,0.009083918702504147
70990556659704832,0.0,2.295617847653939e-13
71157888585510272,0.0,2.295617847653939e-13
69747794985883520,0.0,2.295617847653939e-13
69763158085629440,0.1115,0.028001583104033535
69763673481701376,0.0,2.295617847653939e-13
69818889579986560,0.0,2.295617847653939e-13
69854348831573504,0.9999,0.9995645335738065
69859262274067584,0.9996,0.9982598857201236
69861048980456192,0.0,2.295617847653939e-13
69889876800977408,1.0,0.9999999999956435
69930283851373184,0.8798,0.6269032646523525
69932276717968512,0.9999,0.9995645335738065
69968113925681408,0.9999,0.9995645335738065
69988489250631680,0.9997,0.9986944767274725
70025700847172736,0.0,2.295617847653939e-13
70035355933666304,0.9997,0.9986944767274725
70036970841363072,0.0,2.295617847653939e-13
70044456967585280,0.9999,0.9995645335738065
70048614496068352,0.0,2.295617847653939e-13
70050336779540992,0.0,2.295617847653939e-13
70056040496082688,0.0,2.295617847653939e-13
70078683563643776,0.0,2.295617847653939e-13
70099093248307840,0.0,2.295617847653939e-13
70103250776647424,0.0,2.295617847653939e-13
70134002742455552,0.0,2.295617847653939e-13
70175784184131200,0.0,2.295617847653939e-13
70200935512668800,0.9999,0.9995645335738065
70230519246962560,0.0,2.295617847653939e-13
70252681278085376,0.9999,0.9995645335738065
70258384994813568,0.0,2.295617847653939e-13
70281165501267968,0.0,2.295617847653939e-13
70304182229272192,0.0,2.295617847653939e-13
70333598461885568,0.0,2.295617847653939e-13
70336622118964224,0.0,2.295617847653939e-13
70345104677737600,0.0,2.295617847653939e-13
70386512461181824,0.0,2.295617847653939e-13
70432657589640192,0.0,2.295617847653939e-13
70458560534779520,0.0,2.295617847653939e-13
70459836143275392,0.9933,0.971455803542324
70475641622392576,0.0,2.295617847653939e-13
70485365428287744,0.0,2.295617847653939e-13
70542711831355904,0.0,2.295617847653939e-13
70546697561180544,0.0,2.295617847653939e-13
70615142159808000,0.0,2.295617847653939e-13
70649673696692864,0.0,2.295617847653939e-13
70664482743682816,0.0,2.295617847653939e-13
70742960385836288,0.0,2.295617847653939e-13
70750725686665856,0.0,2.295617847653939e-13
70760239037365760,0.0,2.295617847653939e-13
70775391682176512,0.0,2.295617847653939e-13
70784638748490624,0.0,2.295617847653939e-13
70851983836942080,0.0,2.295617847653939e-13
70852052557021952,0.0,2.295617847653939e-13
70863356910260864,0.0,2.295617847653939e-13
70870812973441536,0.0,2.295617847653939e-13
70895105308414336,0.0164,0.003812991125013366
70948534699826816,0.9997,0.9986944767274725
70970765450526464,0.0229,0.005351379446689358
70978148497758848,0.0,2.295617847653939e-13
71021446064547840,0.0,2.295617847653939e-13
71161015321732096,0.0,2.295617847653939e-13
71190118020154496,0.0,2.295617847653939e-13
71280587211089920,0.0,2.295617847653939e-13
71282408277201280,0.0,2.295617847653939e-13
71385693651015936,0.0,2.295617847653939e-13
71439874665059712,0.0,2.295617847653939e-13
71479908053547008,0.0,2.295617847653939e-13
71499046427971968,0.0,2.295617847653939e-13
71508800296979712,0.0,2.295617847653939e-13
71525056749856128,0.0,2.295617847653939e-13
71603259514207104,0.0,2.295617847653939e-13
71624386457637376,0.0,2.295617847653939e-13
71625971301187584,0.0,2.295617847653939e-13
71642910651550080,0.0,2.295617847653939e-13
71662049027684096,0.1214,0.03074435727945996
71674418533409920,0.0,2.295617847653939e-13
71720666741109248,0.0,2.295617847653939e-13
71723862196809856,0.9854,0.9393713345680024
71742485175113216,0.0,2.295617847653939e-13
71748154531905024,0.0,2.295617847653939e-13
71771759672001792,0.0,2.295617847653939e-13
71842128416176384,0.0,2.295617847653939e-13
71930295504140928,0.0,2.295617847653939e-13
117686781131238144,0.0,2.295617847653939e-13
117692961588120320,0.0001,2.2957947244511755e-05
117840330505904512,0.0,2.295617847653939e-13
117859060859902720,0.0,2.295617847653939e-13
119462625553632640,0.0,2.295617847653939e-13
119527707193627136,0.0,2.295617847653939e-13
162149553890986112,0.0,2.295617847653939e-13
162220094433712768,0.0,2.295617847653939e-13
162252976703242112,0.0,2.295617847653939e-13
162414501832016640,0.0,2.295617847653939e-13
162462777267578112,0.0,2.295617847653939e-13
162463219645978240,0.0,2.295617847653939e-13
70040612973493504,0.0127,0.0029442428025777114
70077270518065920,0.9999,0.9995645335738065
70083150329630848,0.0,2.295617847653939e-13
70088819686490496,0.9999,0.9995645335738065
70098302974328448,0.0,2.295617847653939e-13
70123003329050880,0.9999,0.9995645335738065
70138499571946752,0.5705,0.23367203773146697
70189837317110016,0.9999,0.9995645335738065
70197774416757376,0.0,2.295617847653939e-13
70241033326866944,0.9999,0.9995645335738065
70320644840577536,0.0,2.295617847653939e-13
70387371454630016,0.0,2.295617847653939e-13
70396614224215040,0.0,2.295617847653939e-13
70400221996724736,0.0,2.295617847653939e-13
70441316243667200,0.0,2.295617847653939e-13
70442690633196928,0.0,2.295617847653939e-13
70504125845263616,0.0,2.295617847653939e-13
70544704696369152,0.0,2.295617847653939e-13
70556112126959488,0.0,2.295617847653939e-13
70570440140165760,0.0,2.295617847653939e-13
70691970534348928,0.0,2.295617847653939e-13
70703309248410880,0.0,2.295617847653939e-13
70772269242684160,0.0,2.295617847653939e-13
70832226987420928,0.0,2.295617847653939e-13
70841194879073664,0.0,2.295617847653939e-13
70843428262033024,0.0,2.295617847653939e-13
70914174963212672,0.0,2.295617847653939e-13
70928777851949696,0.0,2.295617847653939e-13
70965027374129280,0.0,2.295617847653939e-13
70976159929505664,0.0,2.295617847653939e-13
71044329650226432,0.0,2.295617847653939e-13
71075665731810304,0.0,2.295617847653939e-13
71078483230315520,0.9997,0.9986944767274725
71079479662718720,0.0,2.295617847653939e-13
71137959937315072,0.0,2.295617847653939e-13
71155723922105344,0.0,2.295617847653939e-13
71161771235981312,0.9998,0.9991293592475643
71166306721437568,0.0,2.295617847653939e-13
71167578031741184,0.0,2.295617847653939e-13
71168570168601600,0.0,2.295617847653939e-13
71190770855173376,0.0,2.295617847653939e-13
71242447901815424,0.0,2.295617847653939e-13
71281686722705664,0.0,2.295617847653939e-13
71403144101322752,0.0,2.295617847653939e-13
71420259547748096,0.0,2.295617847653939e-13
71454962881723776,0.0,2.295617847653939e-13
71498153074761216,0.0,2.295617847653939e-13
71522617208328960,0.0,2.295617847653939e-13
71536635981666304,0.0,2.295617847653939e-13
71551926065251968,0.0,2.295617847653939e-13
71564776607343872,0.0,2.295617847653939e-13
71589824856444544,0.0,2.295617847653939e-13
71674109295770368,0.0,2.295617847653939e-13
71716165615390208,0.0,2.295617847653939e-13
71858174414036352,0.0,2.295617847653939e-13
71873223979311232,0.0,2.295617847653939e-13
71873911174064000,0.0,2.295617847653939e-13
117667127360916096,0.0,2.295617847653939e-13
117710489350700416,0.0,2.295617847653939e-13
117738561256946048,0.0,2.295617847653939e-13
117838754254555008,0.0,2.295617847653939e-13
117910634827045248,0.0,2.295617847653939e-13
117923451009444864,0.0,2.295617847653939e-13
119409234815924352,0.0,2.295617847653939e-13
119426930081226112,0.0,2.295617847653939e-13
119496538614509696,0.0,2.295617847653939e-13
119539664381475584,0.0,2.295617847653939e-13
162220850347953920,0.0,2.295617847653939e-13
162422232776344320,0.0,2.295617847653939e-13
162429036004486656,0.0,2.295617847653939e-13
162467587630802304,0.0,2.295617847653939e-13
162491124051651328,0.0,2.295617847653939e-13
162512152211298048,0.0,2.295617847653939e-13
162535345034688768,0.0,2.295617847653939e-13
162541942104406784,0.0,2.295617847653939e-13
163256762101059072,0.0,2.295617847653939e-13
163322664078988672,0.0,2.295617847653939e-13
163337507486021888,0.0,2.295617847653939e-13
163358673084702976,0.0,2.295617847653939e-13
163378086336932736,0.0,2.295617847653939e-13
163404916994372480,0.0,2.295617847653939e-13
163469414522089088,0.0,2.295617847653939e-13
163471991502476160,0.0,2.295617847653939e-13
163472571319901440,0.0,2.295617847653939e-13
163472575614914176,0.0,2.295617847653939e-13
163554729751941504,0.0,2.295617847653939e-13
163562941729217536,0.0,2.295617847653939e-13
163656262778497408,0.0,2.295617847653939e-13
166653733337343488,0.0,2.295617847653939e-13
166735268995943936,0.0,2.295617847653939e-13
166776711138226688,0.0,2.295617847653939e-13
166846049090152960,0.0,2.295617847653939e-13
166928100145569664,0.0,2.295617847653939e-13
70530548484035456,0.0,2.295617847653939e-13
70540890765248768,0.0,2.295617847653939e-13
70586176900451584,0.0,2.295617847653939e-13
70828756653838720,0.0,2.295617847653939e-13
70887855403669376,0.0,2.295617847653939e-13
70896445338096384,0.0,2.295617847653939e-13
70935649797958144,0.0,2.295617847653939e-13
70941800191119616,0.0,2.295617847653939e-13
71022957893163648,0.0,2.295617847653939e-13
71062368512848640,0.0,2.295617847653939e-13
71105485687865856,0.0,2.295617847653939e-13
71144861948971520,0.0,2.295617847653939e-13
71204888411497856,0.0,2.295617847653939e-13
71244372046907264,0.0,2.295617847653939e-13
71248834516590464,0.0,2.295617847653939e-13
71267461791064960,0.0,2.295617847653939e-13
71383803865400704,0.0,2.295617847653939e-13
71400807639117440,0.0,2.295617847653939e-13
71468294461982592,0.9979,0.990916157627921
71476708302572928,0.0,2.295617847653939e-13
71494854539892096,0.0,2.295617847653939e-13
71532581532622720,0.0,2.295617847653939e-13
71618652677465344,0.0,2.295617847653939e-13
71620027066781952,0.0,2.295617847653939e-13
71707884918470912,0.0,2.295617847653939e-13
71731386979492224,0.0,2.295617847653939e-13
71765128242513408,0.0,2.295617847653939e-13
71841269422700672,0.0,2.295617847653939e-13
117300989988926976,0.0,2.295617847653939e-13
117671044371092992,0.0,2.295617847653939e-13
117672075163287680,0.9515,0.818303089003655
117685990857253376,0.0,2.295617847653939e-13
117708771363736704,0.0,2.295617847653939e-13
117738389458258304,0.0,2.295617847653939e-13
117845763641163008,0.0,2.295617847653939e-13
117858094490806528,0.0,2.295617847653939e-13
117876275088751232,0.0,2.295617847653939e-13
119354151858778624,0.0,2.295617847653939e-13
119526195365144320,0.0,2.295617847653939e-13
162420033753094528,0.0,2.295617847653939e-13
162447349745085952,0.0,2.295617847653939e-13
162535413750345856,0.0,2.295617847653939e-13
162537131741028352,0.0,2.295617847653939e-13
163335475963745920,0.0,2.295617847653939e-13
163358673084703488,0.0,2.295617847653939e-13
163498757738445184,0.0,2.295617847653939e-13
163630252456494464,0.0,2.295617847653939e-13
163653548359156096,0.0,2.295617847653939e-13
163668181311073536,0.0,2.295617847653939e-13
166668477962272128,0.0,2.295617847653939e-13
166686619904004224,0.0,2.295617847653939e-13
166735204574470912,0.0,2.295617847653939e-13
166773275163881728,0.0,2.295617847653939e-13
166922740026416000,0.0,2.295617847653939e-13
166931325663932544,0.0,2.295617847653939e-13
71546806464187904,0.0,2.295617847653939e-13
71571373677085696,0.0,2.295617847653939e-13
71635523309707648,0.0,2.295617847653939e-13
71649198485529600,0.0014,0.00032173352479497776
71761348671289472,0.0,2.295617847653939e-13
71769663727950848,0.0,2.295617847653939e-13
71793646825397248,0.0,2.295617847653939e-13
117277762805805824,0.0,2.295617847653939e-13
117279618231674496,0.0,2.295617847653939e-13
117690801219527168,0.0,2.295617847653939e-13
117704197222924928,0.0,2.295617847653939e-13
117720346300094464,0.0,2.295617847653939e-13
117801473938486656,0.0,2.295617847653939e-13
117815149114238848,0.0002,4.59194325701782e-05
117827346820184320,0.0,2.295617847653939e-13
117827346821305088,0.0,2.295617847653939e-13
117873182712331776,0.0,2.295617847653939e-13
117878886428834688,0.0,2.295617847653939e-13
117911596899703808,0.0,2.295617847653939e-13
119360645849381376,0.0,2.295617847653939e-13
119423837704690560,0.0,2.295617847653939e-13
119533685788069248,0.0,2.295617847653939e-13
162200578102345216,0.0,2.295617847653939e-13
162234731682966528,0.0,2.295617847653939e-13
162502389746844672,0.0,2.295617847653939e-13
163306824239756160,0.0,2.295617847653939e-13
163331150934308864,0.0,2.295617847653939e-13
163544078233035904,0.0,2.295617847653939e-13
163555691824619392,0.0,2.295617847653939e-13
163601940029859328,0.0,2.295617847653939e-13
163635200258805760,0.0,2.295617847653939e-13
163702300530824448,0.0,2.295617847653939e-13
163749618189309440,0.0,2.295617847653939e-13
166754269930728064,0.0,2.295617847653939e-13
166796742865612672,0.0,2.295617847653939e-13
167023654577838080,0.0,2.295617847653939e-13
70045938733035648,0.0,2.295617847653939e-13
70069814453956096,0.0,2.295617847653939e-13
70097993736685952,0.0,2.295617847653939e-13
70134689937223808,0.0,2.295617847653939e-13
70150357977789056,0.9999,0.9995645335738065
70248180152474368,0.9999,0.9995645335738065
70294183545534976,0.0,2.295617847653939e-13
70334594894282624,0.0216,0.00504244827975496
70371016219173120,0.0058,0.001337434734451119
70374795790398208,0.0,2.295617847653939e-13
70444026365141504,0.0,2.295617847653939e-13
70461725928247936,0.0,2.295617847653939e-13
70513196816327936,0.0,2.295617847653939e-13
70564495905638144,0.0,2.295617847653939e-13
70741070600210048,0.0,2.295617847653939e-13
70813844527285632,0.0,2.295617847653939e-13
70924654683342976,0.0,2.295617847653939e-13
70952073752893056,0.0,2.295617847653939e-13
70954444574748672,0.0,2.295617847653939e-13
70956643598361984,0.0,2.295617847653939e-13
70963064572481024,0.0,2.295617847653939e-13
71111709097340928,0.0,2.295617847653939e-13
71124903236859264,0.1021,0.02543936281306229
71211661575991296,0.0,2.295617847653939e-13
71216093982249984,0.9997,0.9986944767274725
71377000637253504,0.9945,0.9764755391856693
71377790911222784,0.0,2.295617847653939e-13
71378409386511360,0.0,2.295617847653939e-13
71393939988323840,0.0,2.295617847653939e-13
71424107838412672,0.0,2.295617847653939e-13
71452179744615040,0.0,2.295617847653939e-13
71475132049891584,0.0,2.295617847653939e-13
71482308938895360,0.0,2.295617847653939e-13
71521586416304768,0.0072,0.0016620645804058792
71586732479992320,0.0,2.295617847653939e-13
71595528573096960,0.0,2.295617847653939e-13
71612571003277312,0.0,2.295617847653939e-13
71624459472771968,0.0,2.295617847653939e-13
71806737885709312,0.0,2.295617847653939e-13
71860167278734848,0.0,2.295617847653939e-13
71877862543976192,0.0,2.295617847653939e-13
117249411725287168,0.0,2.295617847653939e-13
117692965884142464,0.0047,0.001082861494418921
117854216136800768,0.0,2.295617847653939e-13
117919430920030464,0.0,2.295617847653939e-13
119351540518524160,0.0,2.295617847653939e-13
119387863058778240,0.0,2.295617847653939e-13
119453971195290112,0.0,2.295617847653939e-13
119526191069866752,0.0,2.295617847653939e-13
119543169075869568,0.0,2.295617847653939e-13
162212260413314176,0.0,2.295617847653939e-13
162218032849430400,0.0,2.295617847653939e-13
162259951730099968,0.0,2.295617847653939e-13
162480197654711040,0.0,2.295617847653939e-13
162497137005654784,0.0,2.295617847653939e-13
163260988348768768,0.0,2.295617847653939e-13
163364617319556096,0.0,2.295617847653939e-13
163421929363675136,0.0,2.295617847653939e-13
163422341680529024,0.0,2.295617847653939e-13
163567850875138944,0.0,2.295617847653939e-13
163703198182019968,0.0,2.295617847653939e-13
163704297693629824,0.0,2.295617847653939e-13
163750030505128448,0.0,2.295617847653939e-13
166763551357961856,0.0,2.295617847653939e-13
166793203812564736,0.0,2.295617847653939e-13
166936896238635008,0.0,2.295617847653939e-13
70403589251055232,0.9998,0.9991293592475643
70455506815538304,0.0,2.295617847653939e-13
70457671479120000,0.9999,0.9995645335738065
70472583605507712,0.0,2.295617847653939e-13
70490588108501760,0.0,2.295617847653939e-13
70506874624338176,0.9089,0.6960787548908071
70516907668067840,0.0,2.295617847653939e-13
70521614952201344,0.0,2.295617847653939e-13
70581022939719296,0.0,2.295617847653939e-13
70635139527498752,0.0,2.295617847653939e-13
70636376478069504,0.0,2.295617847653939e-13
70664310944993536,0.0,2.295617847653939e-13
70782542804365184,0.0,2.295617847653939e-13
70823156016339840,0.0,2.295617847653939e-13
70869507303405312,0.0,2.295617847653939e-13
71037453406308480,0.0,2.295617847653939e-13
71042439864623104,0.9998,0.9991293592475643
71115656170419840,0.0,2.295617847653939e-13
71248907532417920,0.0,2.295617847653939e-13
71308075001729152,0.0,2.295617847653939e-13
71373427222999552,0.0,2.295617847653939e-13
71436717862478720,0.0,2.295617847653939e-13
71452282823829632,0.9987,0.9943616365092829
71529798393607808,0.0,2.295617847653939e-13
71554571765081728,0.0,2.295617847653939e-13
71639680836135680,0.0,2.295617847653939e-13
71649954399782144,0.0,2.295617847653939e-13
71673181582839296,0.0,2.295617847653939e-13
71713829153195520,0.0,2.295617847653939e-13
71812024988048640,0.0,2.295617847653939e-13
71826666533904768,0.0,2.295617847653939e-13
117744127534453888,0.0,2.295617847653939e-13
117808036648485760,0.0,2.295617847653939e-13
117824288804728576,0.0,2.295617847653939e-13
117834734165171328,0.0,2.295617847653939e-13
117857755189714048,0.9971,0.9874890019477426
117859640679747584,0.0,2.295617847653939e-13
117902903885943296,0.0,2.295617847653939e-13
119382159342221184,0.0,2.295617847653939e-13
119406795274511872,0.0,2.295617847653939e-13
119423837703192704,0.0,2.295617847653939e-13
119534750939965568,0.0,2.295617847653939e-13
119535231976296192,0.0,2.295617847653939e-13
119540759598038528,0.0,2.295617847653939e-13
162258405542768896,0.0,2.295617847653939e-13
162418689424337792,0.0,2.295617847653939e-13
162470645647519232,0.0,2.295617847653939e-13
162474528297910784,0.0,2.295617847653939e-13
162527133057349504,0.0,2.295617847653939e-13
163264218164140032,0.0,2.295617847653939e-13
163393960535967872,0.0,2.295617847653939e-13
163490683199935872,0.0,2.295617847653939e-13
163498753440957824,0.0,2.295617847653939e-13
163602799025763968,0.0,2.295617847653939e-13
163614343897815040,0.0,2.295617847653939e-13
163682513619565312,0.0,2.295617847653939e-13
166675521708493696,0.0,2.295617847653939e-13
166700260720081920,0.0,2.295617847653939e-13
166726064883513088,0.0,2.295617847653939e-13
166727954669105408,0.0,2.295617847653939e-13
166738331310034944,0.0,2.295617847653939e-13
166771832054878720,0.0,2.295617847653939e-13
166929577614311680,0.0,2.295617847653939e-13
167760396088272000,0.0,2.295617847653939e-13
167831658185522560,0.0,2.295617847653939e-13
70068650520031104,0.0,2.295617847653939e-13
70079473837613696,0.0,2.295617847653939e-13
70125000491024128,0.9999,0.9995645335738065
70176265220466048,0.9999,0.9995645335738065
70199629842616064,0.0,2.295617847653939e-13
70245637532128256,0.0,2.295617847653939e-13
70426507196531456,0.999,0.9956584450622659
70451624165119616,0.0,2.295617847653939e-13
70457465320690816,0.0,2.295617847653939e-13
70500140115640064,0.04,0.009474450541221023
70546560122222720,0.0,2.295617847653939e-13
70604250122622208,0.0,2.295617847653939e-13
70649776775907840,0.0,2.295617847653939e-13
70679978985541248,0.0,2.295617847653939e-13
70743338342950528,0.0,2.295617847653939e-13
70768073056989696,0.0,2.295617847653939e-13
70768077355219072,0.0,2.295617847653939e-13
70840988720652032,0.0,2.295617847653939e-13
70892253450174720,0.0,2.295617847653939e-13
70951214759346816,0.0,2.295617847653939e-13
70996221720634880,0.0,2.295617847653939e-13
71021927100882560,0.9998,0.9991293592475643
71033265814518400,0.0,2.295617847653939e-13
71071302044794496,0.0,2.295617847653939e-13
71071576922703744,0.0,2.295617847653939e-13
71098098344920320,0.0,2.295617847653939e-13
71168608823890944,0.0,2.295617847653939e-13
71184787964000000,0.0,2.295617847653939e-13
71321853256875264,0.2126,0.05836468933516912
71339651601215872,0.0,2.295617847653939e-13
71498634111090432,0.0011,0.0002527321491982956
71566112340707328,0.0,2.295617847653939e-13
71606966070152704,0.0393,0.00930347069090852
71643597848199040,0.0,2.295617847653939e-13
71684692095138816,0.0,2.295617847653939e-13
71697748795704960,0.0,2.295617847653939e-13
71729531553625984,0.0109,0.0025234145252570543
71762001506318080,0.0,2.295617847653939e-13
71794162221531392,0.0,2.295617847653939e-13
71804435783259392,0.0,2.295617847653939e-13
71842330277792256,0.0,2.295617847653939e-13
71856490786739840,0.0,2.295617847653939e-13
71859961120311808,0.0,2.295617847653939e-13
71877106629710208,0.0,2.295617847653939e-13
71895519153144448,0.0,2.295617847653939e-13
71919747064542080,0.0,2.295617847653939e-13
117244708737528192,0.0,2.295617847653939e-13
117903144404107264,0.0,2.295617847653939e-13
119350101706291712,0.0,2.295617847653939e-13
119376146388040192,0.0,2.295617847653939e-13
119389168728738432,0.0,2.295617847653939e-13
119491560748906624,0.0,2.295617847653939e-13
119533754507545088,0.0,2.295617847653939e-13
162159896172204160,0.0,2.295617847653939e-13
162163396567898880,0.0,2.295617847653939e-13
162236621467958528,0.0,2.295617847653939e-13
162475662169261696,0.0,2.295617847653939e-13
162537887655282304,0.0,2.295617847653939e-13
163328367795672448,0.0,2.295617847653939e-13
163379976122475520,0.0,2.295617847653939e-13
163416878482353792,0.0,2.295617847653939e-13
163560433468349440,0.0,2.295617847653939e-13
163638326994994432,0.0,2.295617847653939e-13
163709657812806144,0.0,2.295617847653939e-13
166727164394985600,0.0,2.295617847653939e-13
166746783806285440,0.0,2.295617847653939e-13
166778394765349760,0.0,2.295617847653939e-13
166780731227531392,0.0,2.295617847653939e-13
166995479592471552,0.0,2.295617847653939e-13
166998949926023680,0.0,2.295617847653939e-13
166928267647058304,0.0,2.295617847653939e-13
166961326012643456,0.0,2.295617847653939e-13
166985446549336704,0.0,2.295617847653939e-13
167001011510303104,0.0,2.295617847653939e-13
70431794301541504,0.0,2.295617847653939e-13
70464612146557824,0.0,2.295617847653939e-13
70466944314312704,0.0,2.295617847653939e-13
70545185732697984,0.0,2.295617847653939e-13
70562537400570112,0.0,2.295617847653939e-13
70582637847379200,0.0,2.295617847653939e-13
70671217252289024,0.0,2.295617847653939e-13
70726639510112768,0.0,2.295617847653939e-13
70745743524621952,0.0,2.295617847653939e-13
70750725686665984,0.0,2.295617847653939e-13
70774296467173376,0.0,2.295617847653939e-13
70782371005778816,0.0,2.295617847653939e-13
70794465635051904,0.0,2.295617847653939e-13
70800134991859968,0.0,2.295617847653939e-13
70818036415516672,0.0,2.295617847653939e-13
70865727732219520,0.0,2.295617847653939e-13
70882735802950144,0.0,2.295617847653939e-13
70928159376652032,0.0,2.295617847653939e-13
70935477999268736,0.0,2.295617847653939e-13
70945236164956288,0.0,2.295617847653939e-13
70964340179364096,0.0,2.295617847653939e-13
71045188642038656,0.0453,0.010775212953256967
71059482294850688,0.0,2.295617847653939e-13
71091879232277888,0.0,2.295617847653939e-13
71121089305913216,0.0,2.295617847653939e-13
71124108666295808,0.0,2.295617847653939e-13
71153795480162176,0.0,2.295617847653939e-13
71154280813100416,0.0,2.295617847653939e-13
71163626661830528,0.0,2.295617847653939e-13
71215647305658496,0.0,2.295617847653939e-13
71229867941022592,0.0,2.295617847653939e-13
71340098277808384,0.0,2.295617847653939e-13
71363325461459200,0.0,2.295617847653939e-13
71377103716467328,0.0,2.295617847653939e-13
71382979231683840,0.0,2.295617847653939e-13
71444689321661568,0.0,2.295617847653939e-13
71445479595647232,0.0,2.295617847653939e-13
71543885886441216,0.0,2.295617847653939e-13
71670604602499456,0.0,2.295617847653939e-13
71737984049242496,0.0,2.295617847653939e-13
71828311504731008,0.0,2.295617847653939e-13
71848313169031936,0.0,2.295617847653939e-13
71869513127463296,0.0,2.295617847653939e-13
71874082972768256,0.0,2.295617847653939e-13
71903902929287680,0.0,2.295617847653939e-13
117264770528457344,0.0,2.295617847653939e-13
117684474732765056,0.0,2.295617847653939e-13
117709729140216320,0.3614,0.11497756494115444
117803398083715968,0.0,2.295617847653939e-13
117833256696422912,0.0,2.295617847653939e-13
119392291169073280,0.0,2.295617847653939e-13
119412086674204928,0.0569,0.013660932621902783
119494343887706496,0.0,2.295617847653939e-13
119513134368205056,0.0686,0.016626693461336595
119917346627376128,0.0,2.295617847653939e-13
119917449706594048,0.0,2.295617847653939e-13
162428623687537664,0.0,2.295617847653939e-13
162437969536411136,0.0,2.295617847653939e-13
162483358750624512,0.0,2.295617847653939e-13
162490574295850240,0.0,2.295617847653939e-13
163273151696150784,0.0,2.295617847653939e-13
163284730928475520,0.0,2.295617847653939e-13
163356955097793152,0.0,2.295617847653939e-13
163595549120869888,0.0,2.295617847653939e-13
163623655386858624,0.0,2.295617847653939e-13
163753741356874112,0.0,2.295617847653939e-13
166692976455572224,0.0,2.295617847653939e-13
166692976455572352,0.0,2.295617847653939e-13
166746989964078848,0.0,2.295617847653939e-13
166930848924588928,0.0,2.295617847653939e-13
167010666596622336,0.0,2.295617847653939e-13
167763381086935680,0.0,2.295617847653939e-13
70010135885771904,0.0,2.295617847653939e-13
70044255105867648,0.0,2.295617847653939e-13
70065042747491712,0.0,2.295617847653939e-13
70072773688658432,0.9999,0.9995645335738065
70103250776646784,0.0,2.295617847653939e-13
70162104711148032,0.0,2.295617847653939e-13
70225777603426176,0.0,2.295617847653939e-13
70291164185099136,0.0,2.295617847653939e-13
70308515852902784,0.0,2.295617847653939e-13
70310027681371648,0.9037,0.6829681658257035
70401179771585408,0.0,2.295617847653939e-13
70405513396547968,0.0,2.295617847653939e-13
70408880650765440,0.0,2.295617847653939e-13
70412866380545024,0.0,2.295617847653939e-13
70523229860347392,0.0,2.295617847653939e-13
70534396774712704,0.0,2.295617847653939e-13
70534740372093568,0.0,2.295617847653939e-13
70572226846742656,0.0,2.295617847653939e-13
70622323345078400,0.0,2.295617847653939e-13
70638163184358400,0.0,2.295617847653939e-13
70647268515739008,0.0,2.295617847653939e-13
70656030247947904,0.0,2.295617847653939e-13
70717087503048960,0.0,2.295617847653939e-13
70741689075505024,0.0,2.295617847653939e-13
70757425835778688,0.0,2.295617847653939e-13
70862119959679232,0.0,2.295617847653939e-13
70885587660785152,0.0,2.295617847653939e-13
70939669887348736,0.0,2.295617847653939e-13
70954066617633536,0.0,2.295617847653939e-13
71027012342144896,0.0,2.295617847653939e-13
71062437230647040,0.0,2.295617847653939e-13
71184792260738944,0.0,2.295617847653939e-13
71198673594915456,0.0,2.295617847653939e-13
71231280986615040,0.0,2.295617847653939e-13
71238943208149504,0.0,2.295617847653939e-13
71291582327323392,0.0,2.295617847653939e-13
71308590397793280,0.0,2.295617847653939e-13
71374801613988992,0.0,2.295617847653939e-13
71404385348752768,0.9996,0.9982598857201236
71436408624832768,0.0,2.295617847653939e-13
71448743769136640,0.0,2.295617847653939e-13
71541789942386944,0.0,2.295617847653939e-13
71590683849904128,0.0415,0.009841477456315258
71619546030196096,0.0,2.295617847653939e-13
71642910653428224,0.0,2.295617847653939e-13
71671669754387328,0.0,2.295617847653939e-13
71685070052269824,0.0,2.295617847653939e-13
71689502458716160,0.0,2.295617847653939e-13
71840101191595136,0.0,2.295617847653939e-13
71865699196639616,0.0,2.295617847653939e-13
117690801220621312,0.0,2.295617847653939e-13
117837276785814912,0.0,2.295617847653939e-13
117862496833722496,0.0,2.295617847653939e-13
119494206448755072,0.0,2.295617847653939e-13
119521625520197248,0.0,2.295617847653939e-13
162206762855224832,0.0,2.295617847653939e-13
162257099871807744,0.0,2.295617847653939e-13
162259814291151616,0.0,2.295617847653939e-13
162472947749971200,0.0,2.295617847653939e-13
162490574295850368,0.0,2.295617847653939e-13
162548745332588672,0.0,2.295617847653939e-13
163266004870656768,0.0,2.295617847653939e-13
163326581089285376,0.0,2.295617847653939e-13
163327543161964544,0.0,2.295617847653939e-13
163328088620499840,0.0,2.295617847653939e-13
163347849767339264,0.0,2.295617847653939e-13
163544353110937472,0.0,2.295617847653939e-13
163597507625936128,0.0,2.295617847653939e-13
163656846894056064,0.0,2.295617847653939e-13
163704916168908544,0.0,2.295617847653939e-13
166701222792729088,0.0,2.295617847653939e-13
166708472697480320,0.0,2.295617847653939e-13
166713141324212736,0.0,2.295617847653939e-13
166754892704026112,0.0,2.295617847653939e-13
166918475121503104,0.0,2.295617847653939e-13
167002317180345472,0.0,2.295617847653939e-13
167002385899645440,0.0,2.295617847653939e-13
167010735316092416,0.0,2.295617847653939e-13
167012625101696640,0.0,2.295617847653939e-13
69691930348139904,0.0,2.295617847653939e-13
69698802295780992,0.0002,4.59194325701782e-05
69720895605979264,0.0,2.295617847653939e-13
69754121474458112,0.367,0.11746151539009704
69819404977607168,1.0,0.9999999999956435
69899978563939712,0.0,2.295617847653939e-13
69917635172718720,0.9999,0.9995645335738065
69935162935991168,1.0,0.9999999999956435
70010303387697024,0.9999,0.9995645335738065
70036210630225536,0.0,2.295617847653939e-13
70036970839372544,0.0,2.295617847653939e-13
70040166296896000,0.0,2.295617847653939e-13
70077240454635776,0.0,2.295617847653939e-13
70084490359416320,0.0182,0.0042374417877303755
70127955428529536,0.9999,0.9995645335738065
70231240801459328,0.0,2.295617847653939e-13
70303946007737344,0.0,2.295617847653939e-13
70421765552648192,0.0,2.295617847653939e-13
70480623784271488,0.0,2.295617847653939e-13
70493783564055552,0.04,0.009474450541221023
70510310598316800,0.0,2.295617847653939e-13
70556112129434112,0.0,2.295617847653939e-13
70591154764427520,0.0,2.295617847653939e-13
70627030629192192,0.0,2.295617847653939e-13
70738940296444032,0.0399,0.009450013199125012
70788452679355392,0.0,2.295617847653939e-13
70830886957642880,0.0,2.295617847653939e-13
70847512772943488,0.9808,0.9214255367084321
70881223974191232,0.0,2.295617847653939e-13
70908608682738944,0.0,2.295617847653939e-13
70974231487562752,0.0,2.295617847653939e-13
71004094396681856,0.0,2.295617847653939e-13
71066251163264768,0.0,2.295617847653939e-13
71165207210210816,0.0,2.295617847653939e-13
71259318533042944,0.0045,0.0010366219707580848
71259967072044672,0.0,2.295617847653939e-13
71282958033017600,0.0,2.295617847653939e-13
71310617622344320,0.0,2.295617847653939e-13
71392909196300288,0.0,2.295617847653939e-13
71399334467230848,0.0,2.295617847653939e-13
71407993121193344,0.0,2.295617847653939e-13
71541789942386688,0.0,2.295617847653939e-13
71563470935868160,0.0,2.295617847653939e-13
71592191382521600,0.0,2.295617847653939e-13
71686788039156864,0.0,2.295617847653939e-13
71691357884397696,0.0,2.295617847653939e-13
71721487078126720,0.0,2.295617847653939e-13
71792165059252608,0.0,2.295617847653939e-13
71953969363978240,0.0,2.295617847653939e-13
117280133627745280,0.0,2.295617847653939e-13
117815149112769792,0.0,2.295617847653939e-13
117856994979157504,0.0,2.295617847653939e-13
117877580758807168,0.0,2.295617847653939e-13
119350651462100992,0.0,2.295617847653939e-13
119362574291268480,0.0,2.295617847653939e-13
119378482850134272,0.0,2.295617847653939e-13
119434042546990080,0.0,2.295617847653939e-13
119539767461788672,0.0,2.295617847653939e-13
119558901539748480,0.0747,0.018195444729375652
162150859561044352,0.0,2.295617847653939e-13
162451438553941504,0.0,2.295617847653939e-13
162480953568960256,0.0,2.295617847653939e-13
162496862127748224,0.0,2.295617847653939e-13
163378189416146176,0.0,2.295617847653939e-13
163468555528651392,0.0,2.295617847653939e-13
163544284389257600,0.0,2.295617847653939e-13
163619497858535808,0.0,2.295617847653939e-13
163651211896967808,0.0,2.295617847653939e-13
163656812534320896,0.0,2.295617847653939e-13
166679816675738240,0.0,2.295617847653939e-13
166693457492389248,0.0,2.295617847653939e-13
166755957855748352,0.0,2.295617847653939e-13
166915971157989504,0.0,2.295617847653939e-13
166974829389607808,0.0,2.295617847653939e-13
167038944661257728,0.0,2.295617847653939e-13
71262410909499264,0.9998,0.9991293592475643
71271997276523136,0.0,2.295617847653939e-13
71279796937102592,0.0,2.295617847653939e-13
71309655549854080,0.9987,0.9943616365092829
71315840302574976,0.0,2.295617847653939e-13
71321166062111232,0.0,2.295617847653939e-13
71371262561007232,0.9989,0.9952258864616523
71385968529067520,0.0,2.295617847653939e-13
71406481292780928,0.0,2.295617847653939e-13
71475475647268736,0.0,2.295617847653939e-13
71576115320945664,0.0,2.295617847653939e-13
71624425113031680,0.0,2.295617847653939e-13
71637859771910144,0.0,2.295617847653939e-13
71797662617360256,0.0,2.295617847653939e-13
71836111165260416,0.0,2.295617847653939e-13
71877862543976576,0.0,2.295617847653939e-13
71878309220567936,0.0,2.295617847653939e-13
71901021007598848,0.0,2.295617847653939e-13
71988874561360896,0.0,2.295617847653939e-13
117718220292100224,0.0,2.295617847653939e-13
117719697760550784,0.0,2.295617847653939e-13
117771473590917376,0.0,2.295617847653939e-13
117826350389021952,0.0,2.295617847653939e-13
117844080013965696,0.0,2.295617847653939e-13
117872392438350720,0.0,2.295617847653939e-13
117912902569762048,0.0,2.295617847653939e-13
119400851039785600,0.9977,0.9900576566287582
119513619700921600,0.0,2.295617847653939e-13
119522067900684160,0.0,2.295617847653939e-13
162235143999051136,0.0,2.295617847653939e-13
162261257400154752,0.0,2.295617847653939e-13
162423675885354112,0.0,2.295617847653939e-13
162513251722946304,0.0,2.295617847653939e-13
162535413754166528,0.0,2.295617847653939e-13
163277481023182464,0.0,2.295617847653939e-13
163330910416319232,0.0,2.295617847653939e-13
163475427476288128,0.0,2.295617847653939e-13
163540126863166464,0.0,2.295617847653939e-13
163621353284415488,0.0,2.295617847653939e-13
163623724106328576,0.0,2.295617847653939e-13
163683922368822912,0.0,2.295617847653939e-13
166684867557787520,0.0,2.295617847653939e-13
166919956887676160,0.0,2.295617847653939e-13
166946620044538496,0.0,2.295617847653939e-13
71209943589088640,0.0002,4.59194325701782e-05
71289585166142848,0.0,2.295617847653939e-13
71317283411559424,0.0,2.295617847653939e-13
71348447694203904,0.0,2.295617847653939e-13
71348550773855104,0.0,2.295617847653939e-13
71376279082746752,0.0,2.295617847653939e-13
71409985986006016,0.9997,0.9986944767274725
71498771550046720,0.0,2.295617847653939e-13
71505918375609728,0.0,2.295617847653939e-13
71538319608833536,0.0,2.295617847653939e-13
71624803070152960,0.0,2.295617847653939e-13
71667615305281664,0.0,2.295617847653939e-13
71682012035723776,0.0,2.295617847653939e-13
71724583751316736,0.0,2.295617847653939e-13
71737984049242624,0.0,2.295617847653939e-13
71755816753519104,0.0,2.295617847653939e-13
71767877021566336,0.0,2.295617847653939e-13
71856490786739712,0.0,2.295617847653939e-13
71924454348627840,0.0,2.295617847653939e-13
71924694866810752,0.0,2.295617847653939e-13
117657781512111872,0.0,2.295617847653939e-13
117669120225730048,0.992,0.9660621905122312
117729799523694720,0.0,2.295617847653939e-13
117810991585985536,0.0,2.295617847653939e-13
117815183473976832,0.0,2.295617847653939e-13
117876172008032896,0.0,2.295617847653939e-13
119351510455559296,0.0,2.295617847653939e-13
119418718103868416,0.0674,0.0163199173859679
119423459747572480,0.0,2.295617847653939e-13
162260226605718784,0.0,2.295617847653939e-13
162421201984198144,0.0,2.295617847653939e-13
162524590436562432,0.0,2.295617847653939e-13
163265592553798656,0.0,2.295617847653939e-13
163285452482413696,0.0,2.295617847653939e-13
163317235240499968,0.0,2.295617847653939e-13
163370144939939584,0.0,2.295617847653939e-13
163475324397066240,0.0,2.295617847653939e-13
163481264333982208,0.0,2.295617847653939e-13
163577304099976192,0.0,2.295617847653939e-13
163585412998203904,0.0,2.295617847653939e-13
163619459201753344,0.0,2.295617847653939e-13
163656262775729024,0.0,2.295617847653939e-13
163773566925874176,0.0,2.295617847653939e-13
166685000699565824,0.0,2.295617847653939e-13
166685039355959808,0.0,2.295617847653939e-13
166730394210509056,0.0,2.295617847653939e-13
166745168897959936,0.0,2.295617847653939e-13
166974898109093504,0.0,2.295617847653939e-13
167003004374994176,0.0,2.295617847653939e-13
71154109014410496,0.0,2.295617847653939e-13
71207710206088192,0.9997,0.9986944767274725
71208569199541248,0.0,2.295617847653939e-13
71221999560593152,0.0,2.295617847653939e-13
71279281541032960,0.0,2.295617847653939e-13
71304810826584704,0.0002,4.59194325701782e-05
71340098277808640,0.0,2.295617847653939e-13
71411635253456128,0.0,2.295617847653939e-13
71460357362451456,0.0,2.295617847653939e-13
71510453861065728,0.0,2.295617847653939e-13
71528664522686336,0.0,2.295617847653939e-13
71571373677086848,0.0,2.295617847653939e-13
71580753885618432,0.0,2.295617847653939e-13
71650194917937536,0.0,2.295617847653939e-13
71659094090208768,0.0,2.295617847653939e-13
71895763967600128,0.0,2.295617847653939e-13
71923320477614080,0.0,2.295617847653939e-13
117725057879719424,0.0,2.295617847653939e-13
117770825051232640,0.0,2.295617847653939e-13
117801508298224896,0.0,2.295617847653939e-13
117888266637442816,0.0,2.295617847653939e-13
119910710900699776,0.0,2.295617847653939e-13
162216070047317888,0.0,2.295617847653939e-13
162423435367188352,0.0,2.295617847653939e-13
162472054396783872,0.0,2.295617847653939e-13
162525380710507264,0.0,2.295617847653939e-13
162641276107387136,0.0,2.295617847653939e-13
163263771487670272,0.0,2.295617847653939e-13
163282634983879808,0.0,2.295617847653939e-13
163283150380096896,0.0,2.295617847653939e-13
163295348087198336,0.0,2.295617847653939e-13
163328367795671680,0.0,2.295617847653939e-13
163355546348513152,0.9274,0.7457053621643985
163664814056652032,0.0,2.295617847653939e-13
163750064864872192,0.0,2.295617847653939e-13
166654974585040000,0.0,2.295617847653939e-13
166657959584273920,0.0,2.295617847653939e-13
166660265984723072,0.0,2.295617847653939e-13
166691395907623936,0.0,2.295617847653939e-13
166734208141434752,0.0,2.295617847653939e-13
166735032775177984,0.0,2.295617847653939e-13
166774409035697536,0.0,2.295617847653939e-13
166939335780029696,0.0,2.295617847653939e-13
71240832993857280,0.0,2.295617847653939e-13
71261792434211968,0.0,2.295617847653939e-13
71352055466729216,0.0,2.295617847653939e-13
71364974728895744,0.0,2.295617847653939e-13
71404694586394880,0.0,2.295617847653939e-13
71469119095691648,0.0,2.295617847653939e-13
71563470937286528,0.0,2.295617847653939e-13
71568693617489792,0.0,2.295617847653939e-13
71616350574485632,0.0,2.295617847653939e-13
71727573048527872,0.0,2.295617847653939e-13
71739083560858880,0.0,2.295617847653939e-13
71749803799341056,0.0,2.295617847653939e-13
71821680074298880,0.0,2.295617847653939e-13
71831614336258176,0.0,2.295617847653939e-13
71880164646420736,0.0,2.295617847653939e-13
71883841138418432,0.0,2.295617847653939e-13
71888239184924544,0.0,2.295617847653939e-13
71895317291004800,0.0,2.295617847653939e-13
117678427418571392,0.0,2.295617847653939e-13
117803462507442304,0.0,2.295617847653939e-13
117810544908052096,0.0,2.295617847653939e-13
117840781479108736,0.0,2.295617847653939e-13
117841842335287296,0.0,2.295617847653939e-13
117916235464382080,0.0,2.295617847653939e-13
119493794131889792,0.0,2.295617847653939e-13
162132270942595840,0.0,2.295617847653939e-13
162260226608005120,0.0,2.295617847653939e-13
162416907016845696,0.0,2.295617847653939e-13
162426459024050432,0.0,2.295617847653939e-13
163276381511536640,0.0,2.295617847653939e-13
163292595009633536,0.0,2.295617847653939e-13
163293217783408768,0.0,2.295617847653939e-13
163300055371320576,0.0,2.295617847653939e-13
163331563251795328,0.0,2.295617847653939e-13
163333006360338944,0.0,2.295617847653939e-13
163335995657556608,0.0,2.295617847653939e-13
163358947962607360,0.0,2.295617847653939e-13
163373928809212032,0.0,2.295617847653939e-13
163400626323590912,0.0,2.295617847653939e-13
163569504439225344,0.0,2.295617847653939e-13
163581908304878080,0.0,2.295617847653939e-13
163637880318532096,0.0,2.295617847653939e-13
163647015711395584,0.0467,0.011120650396373239
166675487348757376,0.0,2.295617847653939e-13
166717165711245952,0.0,2.295617847653939e-13
166737609755526656,0.0,2.295617847653939e-13
166750082340914688,0.0,2.295617847653939e-13
166797670578540672,0.0,2.295617847653939e-13
166945520532916736,0.0,2.295617847653939e-13
166948819068205696,0.0,2.295617847653939e-13
167017538544271744,0.0,2.295617847653939e-13
70334384440377472,0.9999,0.9995645335738065
70374039876155648,0.0,2.295617847653939e-13
70377132252578048,0.0,2.295617847653939e-13
70404894921335936,0.9998,0.9991293592475643
70411045314255872,0.0,2.295617847653939e-13
70428019025004416,0.0,2.295617847653939e-13
70456846845414016,0.0,2.295617847653939e-13
70486293141205504,0.0,2.295617847653939e-13
70571814530382464,0.0,2.295617847653939e-13
70584866936345344,0.0,2.295617847653939e-13
70588685161319552,0.0,2.295617847653939e-13
70736088438281856,0.0,2.295617847653939e-13
70775460401660544,0.0,2.295617847653939e-13
70887752324456320,0.0,2.295617847653939e-13
70901732439600000,0.0,2.295617847653939e-13
70914724719014656,0.0,2.295617847653939e-13
70918263772030976,0.0,2.295617847653939e-13
70947297749245184,0.0,2.295617847653939e-13
70989697666249984,0.0001,2.2957947244511755e-05
71002032812256384,0.04,0.009474450541221023
71079441007018880,0.9998,0.9991293592475643
71091913592016128,0.0,2.295617847653939e-13
71106933093633536,0.0,2.295617847653939e-13
71208569199540864,0.0,2.295617847653939e-13
71226092666088704,0.0,2.295617847653939e-13
71257737985174528,0.0,2.295617847653939e-13
71280862088990464,0.0,2.295617847653939e-13
71295568056930304,0.0,2.295617847653939e-13
71435304816782208,0.0,2.295617847653939e-13
71480801406650496,0.0,2.295617847653939e-13
71487329756936320,0.0,2.295617847653939e-13
71515813980155520,0.0,2.295617847653939e-13
71554228167701120,0.0,2.295617847653939e-13
71566838191624960,0.0,2.295617847653939e-13
71706338730460032,0.0,2.295617847653939e-13
71731966798312064,0.0,2.295617847653939e-13
71761967146582016,0.0,2.295617847653939e-13
71763685133505280,0.0,2.295617847653939e-13
71764063090636416,0.0,2.295617847653939e-13
71783854300010240,0.0,2.295617847653939e-13
71816560473291392,0.0,2.295617847653939e-13
71828174065756160,0.0,2.295617847653939e-13
71857792159734784,0.0,2.295617847653939e-13
71870956236598784,0.0,2.295617847653939e-13
117694924389297536,0.0,2.295617847653939e-13
117708767068242176,0.0,2.295617847653939e-13
117812434694991360,0.0,2.295617847653939e-13
119377520777467136,0.0,2.295617847653939e-13
119413564141513472,0.0,2.295617847653939e-13
119426689562958720,0.0,2.295617847653939e-13
119498329617389312,0.0,2.295617847653939e-13
119516849516307072,0.0,2.295617847653939e-13
119535335055516544,0.0,2.295617847653939e-13
150120724883546240,0.0,2.295617847653939e-13
162163022908395776,0.0,2.295617847653939e-13
162226519704750592,0.0,2.295617847653939e-13
162494040331165312,0.0,2.295617847653939e-13
163566235966858496,0.0,2.295617847653939e-13
163662207013265024,0.0,2.295617847653939e-13
163668494845358720,0.0,2.295617847653939e-13
166676105824052352,0.0,2.295617847653939e-13
166715344645285248,0.0,2.295617847653939e-13
166758225598529664,0.0,2.295617847653939e-13
166769633031640192,0.0,2.295617847653939e-13
166958474154170624,0.0,2.295617847653939e-13
166962352506662144,0.0,2.295617847653939e-13
70050401202515584,0.0,2.295617847653939e-13
70085929172184704,0.997,0.9870618885605034
70123248144369152,0.0,2.295617847653939e-13
70156851968318208,0.0,2.295617847653939e-13
70158977974956672,0.9999,0.9995645335738065
70165476262750976,0.9999,0.9995645335738065
70282986567389440,0.0,2.295617847653939e-13
70298895126197504,0.0,2.295617847653939e-13
70356580830628864,0.9999,0.9995645335738065
70388848923371008,0.0,2.295617847653939e-13
70427709787366272,0.0,2.295617847653939e-13
70484987471166720,0.0,2.295617847653939e-13
70493268167993984,0.9998,0.9991293592475643
70521236995068544,0.0,2.295617847653939e-13
70528177662115840,0.0,2.295617847653939e-13
70570130902519040,0.0,2.295617847653939e-13
70595935066060416,0.0,2.295617847653939e-13
70596587901096576,0.0,2.295617847653939e-13
70612255941645312,0.04,0.009474450541221023
70618784292038912,0.0,2.295617847653939e-13
70640121689435904,0.0,2.295617847653939e-13
70776083173559424,0.0,2.295617847653939e-13
70826901227980800,0.0,2.295617847653939e-13
70973823467245824,0.1534,0.03993443824055611
70994095712857984,0.0,2.295617847653939e-13
71033059656088064,0.0,2.295617847653939e-13
71042783462021888,0.0,2.295617847653939e-13
71079376583507968,0.0,2.295617847653939e-13
71141327191666816,0.0,2.295617847653939e-13
71151738192481152,0.0,2.295617847653939e-13
71202831123254272,0.9998,0.9991293592475643
71251656311415552,0.0,2.295617847653939e-13
71321818897010944,0.0,2.295617847653939e-13
71351883668034048,0.9992,0.996524430963752
71352051171267712,0.0,2.295617847653939e-13
71517600686552704,0.0,2.295617847653939e-13
71525056750190080,0.0,2.295617847653939e-13
71595597292477952,0.0,2.295617847653939e-13
71619030634127744,0.0,2.295617847653939e-13
71635660748662144,0.0,2.295617847653939e-13
71761967146581632,0.0,2.295617847653939e-13
71779078296374656,0.0,2.295617847653939e-13
71815602698178816,0.0,2.295617847653939e-13
71821508275997952,0.0,2.295617847653939e-13
71848484967727744,0.0,2.295617847653939e-13
71917685480203136,0.9674,0.8719952608188146
117856999275469056,0.0,2.295617847653939e-13
117874110425255424,0.924,0.7362165229480965
117916235464382336,0.0,2.295617847653939e-13
119367831331551232,0.0,2.295617847653939e-13
119386037696180608,0.0,2.295617847653939e-13
119417000116772736,0.0,2.295617847653939e-13
119418133988235776,0.0,2.295617847653939e-13
119540763894197248,0.0,2.295617847653939e-13
162260879443033600,0.0,2.295617847653939e-13
162454462210753920,0.0,2.295617847653939e-13
162478170430194944,0.0,2.295617847653939e-13
162482568476646912,0.0,2.295617847653939e-13
162482946433767040,0.0,2.295617847653939e-13
162539330764308864,0.0,2.295617847653939e-13
162641791503457920,0.0,2.295617847653939e-13
163279199010089984,0.0,2.295617847653939e-13
163570844469002496,0.0,2.295617847653939e-13
163598916375371648,0.0,2.295617847653939e-13
163599874149859200,0.0,2.295617847653939e-13
163754080655977728,0.0,2.295617847653939e-13
163765767265307136,0.0,2.295617847653939e-13
163766179582156800,0.0,2.295617847653939e-13
163773188968744704,0.0,2.295617847653939e-13
166684901917012096,0.0,2.295617847653939e-13
166710637360979840,0.0,2.295617847653939e-13
166737163078935936,0.0,2.295617847653939e-13
166922911825098112,0.0,2.295617847653939e-13
166924561092537216,0.0,2.295617847653939e-13
166944489740727808,0.0,2.295617847653939e-13
166955308760097664,0.0,2.295617847653939e-13
166959298788086912,0.0,2.295617847653939e-13
167007436781233920,0.0,2.295617847653939e-13
167038944661257856,0.0,2.295617847653939e-13
162475456010830848,0.0,2.295617847653939e-13
162504730507880960,0.0,2.295617847653939e-13
162516790776166272,0.0,2.295617847653939e-13
162525380706636928,0.0,2.295617847653939e-13
163273770171432064,0.0,2.295617847653939e-13
163366988141760768,0.0,2.295617847653939e-13
163560811425460992,0.0,2.295617847653939e-13
163569126482116352,0.0,2.295617847653939e-13
163569848036603264,0.0,2.295617847653939e-13
163678390450958848,0.0,2.295617847653939e-13
166752831119581568,0.0,2.295617847653939e-13
166762417486611072,0.0,2.295617847653939e-13
166768774038168320,0.0,2.295617847653939e-13
167009979401844352,0.0,2.295617847653939e-13
69791607949064448,0.0,2.295617847653939e-13
69797685327119488,0.1196,0.03024224312405641
69803702577163136,0.0,2.295617847653939e-13
69812945346809344,1.0,0.9999999999956435
69812945346809600,0.9999,0.9995645335738065
69837821797360384,0.0,2.295617847653939e-13
69847610026687104,1.0,0.9999999999956435
69877163697813248,1.0,0.9999999999956435
69881870981832576,0.0,2.295617847653939e-13
69898294936767488,1.0,0.9999999999956435
69904101732529408,0.9999,0.9995645335738065
69906571336964608,1.0,0.9999999999956435
69915646604877952,0.0,2.295617847653939e-13
69919116938278144,0.0,2.295617847653939e-13
69982441936691968,0.0,2.295617847653939e-13
70012128750557312,0.1195,0.03021439286784642
70129913933603328,0.9994,0.997391577071988
70137095118985984,0.0,2.295617847653939e-13
70174341075209984,0.0,2.295617847653939e-13
70197087221967872,0.0,2.295617847653939e-13
70198079357194880,0.0,2.295617847653939e-13
70200626275025536,0.0,2.295617847653939e-13
70313047042779008,0.0,2.295617847653939e-13
70382251853684096,0.0,2.295617847653939e-13
70456194010310272,0.0,2.295617847653939e-13
70456194010486144,0.0,2.295617847653939e-13
70484884392571904,0.0,2.295617847653939e-13
70490588108501248,0.0,2.295617847653939e-13
70499968316951936,0.0,2.295617847653939e-13
70643385864666880,0.0,2.295617847653939e-13
70657095399830784,0.0,2.295617847653939e-13
70669945941975680,0.0,2.295617847653939e-13
70670285241742080,0.0,2.295617847653939e-13
70678913833654144,0.0559,0.013410040643244492
70685682702247936,0.0,2.295617847653939e-13
70733339659204352,0.0,2.295617847653939e-13
70802299655353344,0.0,2.295617847653939e-13
70902149054782720,0.0,2.295617847653939e-13
70965267892286720,0.0,2.295617847653939e-13
70967432556206848,0.0,2.295617847653939e-13
71075459573380992,0.0,2.295617847653939e-13
71100404743364992,0.9999,0.9995645335738065
71103428400426368,0.9999,0.9995645335738065
71108440625265280,0.9999,0.9995645335738065
71122596837792000,0.0,2.295617847653939e-13
71123868148150144,0.0,2.295617847653939e-13
71191458049967744,0.0,2.295617847653939e-13
71215441147228160,0.0,2.295617847653939e-13
71296667568555904,0.9997,0.9986944767274725
71348378974718464,0.0,2.295617847653939e-13
71351918027773696,0.0,2.295617847653939e-13
71370334848193792,0.0,2.295617847653939e-13
71406343853825536,0.0,2.295617847653939e-13
71556014873953792,0.0,2.295617847653939e-13
71570445964149504,0.0,2.295617847653939e-13
71570686482323968,0.0,2.295617847653939e-13
71692457396022016,0.0001,2.2957947244511755e-05
71780242229853440,0.0,2.295617847653939e-13
71854257403758720,0.0,2.295617847653939e-13
71927855962792960,0.0,2.295617847653939e-13
117271509333686400,0.0,2.295617847653939e-13
117672178242440448,0.0,2.295617847653939e-13
117907405011656320,0.0,2.295617847653939e-13
119382537299340672,0.0,2.295617847653939e-13
119384908121279488,0.0,2.295617847653939e-13
119401087261224320,0.0,2.295617847653939e-13
119413564142952320,0.0,2.295617847653939e-13
119499665350704384,0.9982,0.9922060570788077
119512829426938752,0.0,2.295617847653939e-13
119540660814984576,0.0,2.295617847653939e-13
162414501835142272,0.0,2.295617847653939e-13
162475215492671616,0.0,2.295617847653939e-13
162626982456443264,0.0,2.295617847653939e-13
163283322178660864,0.0,2.295617847653939e-13
163298577902585856,0.0,2.295617847653939e-13
163307030398663168,0.0,2.295617847653939e-13
163391727153057408,0.0,2.295617847653939e-13
163553802038962560,0.0,2.295617847653939e-13
163641247572743296,0.0,2.295617847653939e-13
163676500664347392,0.0,2.295617847653939e-13
166963353237008000,0.0,2.295617847653939e-13
166963662471916032,0.0,2.295617847653939e-13
166990188192576768,0.0,2.295617847653939e-13
166991390783418624,0.0,2.295617847653939e-13
167020218604251392,0.0,2.295617847653939e-13
167785616136081792,0.0,2.295617847653939e-13
70266287734544512,0.0,2.295617847653939e-13
70304873720657408,0.0,2.295617847653939e-13
70341153307814272,0.0,2.295617847653939e-13
70461554129560448,0.9999,0.9995645335738065
70495707709395584,0.9998,0.9991293592475643
70527627906300032,0.0,2.295617847653939e-13
70593632963623936,0.0001,2.2957947244511755e-05
70678879473917696,0.0546,0.013084484408267451
70778140461243520,0.0,2.295617847653939e-13
70799550876314112,0.0,2.295617847653939e-13
70803605325398144,0.0,2.295617847653939e-13
70825492479201792,0.0,2.295617847653939e-13
70860401972786432,0.0,2.295617847653939e-13
70896136100561024,0.0,2.295617847653939e-13
70896582777185280,0.0,2.295617847653939e-13
70923314653969408,0.0,2.295617847653939e-13
70972861394578048,0.0,2.295617847653939e-13
70992682666702848,0.0,2.295617847653939e-13
71019139666465024,0.0,2.295617847653939e-13
71115660467160320,0.0,2.295617847653939e-13
71159396118442624,0.0,2.295617847653939e-13
71178916745490048,0.0,2.295617847653939e-13
71185342016542592,0.0978,0.024280662746083467
71286737604206080,0.0,2.295617847653939e-13
71292510040243840,0.0,2.295617847653939e-13
71304978328888832,0.0,2.295617847653939e-13
71370472287030784,0.0,2.295617847653939e-13
71374629815287936,0.0,2.295617847653939e-13
71377790909748224,0.0,2.295617847653939e-13
71422522993688448,0.0,2.295617847653939e-13
71435339176520192,0.0,2.295617847653939e-13
71504509626338048,0.0,2.295617847653939e-13
71553953289666560,0.0,2.295617847653939e-13
71666893750764288,0.0,2.295617847653939e-13
71747845294266496,0.0,2.295617847653939e-13
71863087856476160,0.0,2.295617847653939e-13
71873842454589568,0.9083,0.6945481363515115
71886379462561280,0.0,2.295617847653939e-13
71941217604233600,0.0,2.295617847653939e-13
117140426931586176,0.0,2.295617847653939e-13
117280477225127168,0.0,2.295617847653939e-13
117658709225040896,0.0,2.295617847653939e-13
117694924389297408,0.0,2.295617847653939e-13
117726844586100352,0.0,2.295617847653939e-13
117849302694194944,0.0,2.295617847653939e-13
119407718691628032,0.0,2.295617847653939e-13
119422596457806464,0.0,2.295617847653939e-13
119540935692963328,0.0,2.295617847653939e-13
119910474679735424,0.0,2.295617847653939e-13
162149244653348992,0.0,2.295617847653939e-13
162220025714235264,0.0,2.295617847653939e-13
162228993606662272,0.0,2.295617847653939e-13
162254041855927936,0.0,2.295617847653939e-13
162483358750624896,0.0,2.295617847653939e-13
162501294534038272,0.0,2.295617847653939e-13
163259579599587712,0.0,2.295617847653939e-13
163277034346676352,0.0,2.295617847653939e-13
163560811425461120,0.0,2.295617847653939e-13
163610564326589312,0.0,2.295617847653939e-13
163650833939859584,0.0,2.295617847653939e-13
163766866776928128,0.0,2.295617847653939e-13
166659991106826112,0.0,2.295617847653939e-13
166753621393562752,0.0,2.295617847653939e-13
166974898109092224,0.0002,4.59194325701782e-05
167002076662189312,0.0,2.295617847653939e-13
167003451051584512,0.0,2.295617847653939e-13
167003549832840832,0.0,2.295617847653939e-13
71280862088991104,0.0,2.295617847653939e-13
71339651601216128,0.0,2.295617847653939e-13
71351540070657792,0.0,2.295617847653939e-13
71357930982539136,0.0,2.295617847653939e-13
71363531619888256,0.0,2.295617847653939e-13
71369200976710912,0.0,2.295617847653939e-13
71390229136585216,0.0,2.295617847653939e-13
71392565598781184,0.0,2.295617847653939e-13
71410432662595072,0.0,2.295617847653939e-13
71442146701039744,0.0,2.295617847653939e-13
71517428887979776,0.0,2.295617847653939e-13
71610200181344256,0.0,2.295617847653939e-13
71682046395462912,0.0,2.295617847653939e-13
71693556907673088,0.0555,0.013309796933258584
71760936354432256,0.0,2.295617847653939e-13
71780723266206592,0.0338,0.007966646260001873
71873017820878464,0.0,2.295617847653939e-13
71878614161504640,0.0,2.295617847653939e-13
71919124292723712,0.0,2.295617847653939e-13
71923767153880192,0.0006,0.00013780077104719236
117244090262233472,0.0,2.295617847653939e-13
117770240935685760,0.0,2.295617847653939e-13
117846450835917568,0.9993,0.9969578588463505
117880466976933632,0.0,2.295617847653939e-13
117931010151859840,0.0,2.295617847653939e-13
119515818724165888,0.0,2.295617847653939e-13
119520079331712896,0.9809,0.9218101257757083
119528463107858688,0.0,2.295617847653939e-13
119917548488860032,0.0,2.295617847653939e-13
162472569792848768,0.0,2.295617847653939e-13
163328986271469952,0.0,2.295617847653939e-13
163366988141513856,0.0,2.295617847653939e-13
163400901204051712,0.0,2.295617847653939e-13
163554557953257856,0.0,2.295617847653939e-13
163614103379644800,0.0,2.295617847653939e-13
163751026937804928,0.0,2.295617847653939e-13
163767279093780352,0.0,2.295617847653939e-13
166641952244193792,0.0,2.295617847653939e-13
166672841648941184,0.0,2.295617847653939e-13
166743210392891136,0.0,2.295617847653939e-13
166749120268018432,0.0,2.295617847653939e-13
166927275511819648,0.0,2.295617847653939e-13
166936793159428736,0.0,2.295617847653939e-13
166942909192776704,0.0,2.295617847653939e-13
166945280014688640,0.0,2.295617847653939e-13
166963662474638848,0.0,2.295617847653939e-13
167003279252892288,0.0,2.295617847653939e-13
71160121968494976,0.0,2.295617847653939e-13
71165344648761344,0.0,2.295617847653939e-13
71206645054201472,0.0,2.295617847653939e-13
71238943208149760,0.0,2.295617847653939e-13
71272714535042304,0.0,2.295617847653939e-13
71338105412996864,0.0,2.295617847653939e-13
71383803865400576,0.0,2.295617847653939e-13
71415105586998400,0.0,2.295617847653939e-13
71457196266409856,0.0,2.295617847653939e-13
71551990488466048,0.0,2.295617847653939e-13
71675140088385792,0.0,2.295617847653939e-13
117288620483136896,0.0,2.295617847653939e-13
117693515640026880,0.0,2.295617847653939e-13
117911249006237696,0.0,2.295617847653939e-13
119354259234675712,0.0,2.295617847653939e-13
119389168728738560,0.0,2.295617847653939e-13
119433802028826624,0.0,2.295617847653939e-13
162136424173289216,0.0,2.295617847653939e-13
162206934653921152,0.0,2.295617847653939e-13
162219166721512320,0.0,2.295617847653939e-13
162253182861672960,0.0,2.295617847653939e-13
162424260000818176,0.0,2.295617847653939e-13
162501294530375936,0.0,2.295617847653939e-13
162512152207496064,0.0,2.295617847653939e-13
163284730928045056,0.0,2.295617847653939e-13
163329707825457920,0.0,2.295617847653939e-13
163372588778802816,0.0,2.295617847653939e-13
163615920148182016,0.0,2.295617847653939e-13
163664887072738176,0.0,2.295617847653939e-13
163748621756160896,0.0,2.295617847653939e-13
166634977217345280,0.0,2.295617847653939e-13
166635904930268160,0.0,2.295617847653939e-13
166684558319606912,0.0,2.295617847653939e-13
166734345580425600,0.0,2.295617847653939e-13
166924114416017152,0.0,2.295617847653939e-13
166953148394930944,0.0,2.295617847653939e-13
166957958758105856,0.0,2.295617847653939e-13
167016645191076736,0.0,2.295617847653939e-13
167042208836402560,0.0,2.295617847653939e-13
167042346275351808,0.0,2.295617847653939e-13
